Processing 100 pocket directories...
MaxMin selection:   0%|          | 0/100 [00:00<?, ?it/s][11:41:52] Can't kekulize mol.  Unkekulized atoms: 6 9 12 19 20
[11:41:52] ERROR: Could not sanitize molecule ending on line 50
[11:41:52] ERROR: Can't kekulize mol.  Unkekulized atoms: 6 9 12 19 20
[11:41:53] Can't kekulize mol.  Unkekulized atoms: 0 1 3 4 6 16 17 18 19 20 21
[11:41:53] ERROR: Could not sanitize molecule ending on line 53
[11:41:53] ERROR: Can't kekulize mol.  Unkekulized atoms: 0 1 3 4 6 16 17 18 19 20 21
[11:41:53] Can't kekulize mol.  Unkekulized atoms: 4 7 11 12 13 18 24
[11:41:53] ERROR: Could not sanitize molecule ending on line 65
[11:41:53] ERROR: Can't kekulize mol.  Unkekulized atoms: 4 7 11 12 13 18 24
[11:41:53] Can't kekulize mol.  Unkekulized atoms: 0 2 4 5 8 9 10 12 13 16 18
[11:41:53] ERROR: Could not sanitize molecule ending on line 48
[11:41:53] ERROR: Can't kekulize mol.  Unkekulized atoms: 0 2 4 5 8 9 10 12 13 16 18
[11:41:53] DEPRECATION WARNING: please use MorganGenerator
[11:41:53] DEPRECATION WARNING: please use MorganGenerator
[11:41:53] DEPRECATION WARNING: please use MorganGenerator
[11:41:53] DEPRECATION WARNING: please use MorganGenerator
[11:41:53] DEPRECATION WARNING: please use MorganGenerator
[11:41:53] DEPRECATION WARNING: please use MorganGenerator
[11:41:53] DEPRECATION WARNING: please use MorganGenerator
[11:41:53] DEPRECATION WARNING: please use MorganGenerator
[11:41:53] DEPRECATION WARNING: please use MorganGenerator
[11:41:53] DEPRECATION WARNING: please use MorganGenerator
[11:41:53] DEPRECATION WARNING: please use MorganGenerator
[11:41:53] DEPRECATION WARNING: please use MorganGenerator
[11:41:53] DEPRECATION WARNING: please use MorganGenerator
[11:41:53] DEPRECATION WARNING: please use MorganGenerator
[11:41:53] DEPRECATION WARNING: please use MorganGenerator
[11:41:53] DEPRECATION WARNING: please use MorganGenerator
[11:41:53] DEPRECATION WARNING: please use MorganGenerator
[11:41:53] DEPRECATION WARNING: please use MorganGenerator
[11:41:53] DEPRECATION WARNING: please use MorganGenerator
[11:41:53] DEPRECATION WARNING: please use MorganGenerator
[11:41:53] DEPRECATION WARNING: please use MorganGenerator
[11:41:53] DEPRECATION WARNING: please use MorganGenerator
[11:41:53] DEPRECATION WARNING: please use MorganGenerator
[11:41:53] DEPRECATION WARNING: please use MorganGenerator
[11:41:53] DEPRECATION WARNING: please use MorganGenerator
[11:41:53] DEPRECATION WARNING: please use MorganGenerator
[11:41:53] DEPRECATION WARNING: please use MorganGenerator
[11:41:53] DEPRECATION WARNING: please use MorganGenerator
[11:41:53] DEPRECATION WARNING: please use MorganGenerator
[11:41:53] DEPRECATION WARNING: please use MorganGenerator
[11:41:53] DEPRECATION WARNING: please use MorganGenerator
[11:41:53] DEPRECATION WARNING: please use MorganGenerator
[11:41:53] DEPRECATION WARNING: please use MorganGenerator
[11:41:53] DEPRECATION WARNING: please use MorganGenerator
[11:41:53] DEPRECATION WARNING: please use MorganGenerator
[11:41:53] DEPRECATION WARNING: please use MorganGenerator
[11:41:53] DEPRECATION WARNING: please use MorganGenerator
[11:41:53] DEPRECATION WARNING: please use MorganGenerator
[11:41:53] DEPRECATION WARNING: please use MorganGenerator
[11:41:53] DEPRECATION WARNING: please use MorganGenerator
[11:41:53] DEPRECATION WARNING: please use MorganGenerator
[11:41:53] DEPRECATION WARNING: please use MorganGenerator
[11:41:53] DEPRECATION WARNING: please use MorganGenerator
[11:41:53] DEPRECATION WARNING: please use MorganGenerator
[11:41:53] DEPRECATION WARNING: please use MorganGenerator
[11:41:53] DEPRECATION WARNING: please use MorganGenerator
[11:41:53] DEPRECATION WARNING: please use MorganGenerator
[11:41:53] DEPRECATION WARNING: please use MorganGenerator
[11:41:53] DEPRECATION WARNING: please use MorganGenerator
[11:41:53] DEPRECATION WARNING: please use MorganGenerator
[11:41:53] DEPRECATION WARNING: please use MorganGenerator
[11:41:53] DEPRECATION WARNING: please use MorganGenerator
[11:41:53] DEPRECATION WARNING: please use MorganGenerator
[11:41:53] DEPRECATION WARNING: please use MorganGenerator
[11:41:53] DEPRECATION WARNING: please use MorganGenerator
[11:41:53] DEPRECATION WARNING: please use MorganGenerator
[11:41:53] DEPRECATION WARNING: please use MorganGenerator
[11:41:53] DEPRECATION WARNING: please use MorganGenerator
[11:41:53] DEPRECATION WARNING: please use MorganGenerator
[11:41:53] DEPRECATION WARNING: please use MorganGenerator
[11:41:53] DEPRECATION WARNING: please use MorganGenerator
[11:41:53] DEPRECATION WARNING: please use MorganGenerator
[11:41:53] DEPRECATION WARNING: please use MorganGenerator
[11:41:53] DEPRECATION WARNING: please use MorganGenerator
[11:41:53] DEPRECATION WARNING: please use MorganGenerator
[11:41:53] DEPRECATION WARNING: please use MorganGenerator
[11:41:53] DEPRECATION WARNING: please use MorganGenerator
[11:41:53] DEPRECATION WARNING: please use MorganGenerator
[11:41:53] DEPRECATION WARNING: please use MorganGenerator
[11:41:53] DEPRECATION WARNING: please use MorganGenerator
[11:41:53] DEPRECATION WARNING: please use MorganGenerator
[11:41:53] DEPRECATION WARNING: please use MorganGenerator
[11:41:53] DEPRECATION WARNING: please use MorganGenerator
[11:41:53] DEPRECATION WARNING: please use MorganGenerator
[11:41:53] DEPRECATION WARNING: please use MorganGenerator
[11:41:53] DEPRECATION WARNING: please use MorganGenerator
[11:41:53] DEPRECATION WARNING: please use MorganGenerator
[11:41:53] DEPRECATION WARNING: please use MorganGenerator
[11:41:53] DEPRECATION WARNING: please use MorganGenerator
[11:41:53] DEPRECATION WARNING: please use MorganGenerator
[11:41:53] DEPRECATION WARNING: please use MorganGenerator
[11:41:53] DEPRECATION WARNING: please use MorganGenerator
[11:41:53] DEPRECATION WARNING: please use MorganGenerator
[11:41:53] DEPRECATION WARNING: please use MorganGenerator
[11:41:53] DEPRECATION WARNING: please use MorganGenerator
[11:41:53] DEPRECATION WARNING: please use MorganGenerator
[11:41:53] DEPRECATION WARNING: please use MorganGenerator
[11:41:53] DEPRECATION WARNING: please use MorganGenerator
[11:41:53] DEPRECATION WARNING: please use MorganGenerator
[11:41:53] DEPRECATION WARNING: please use MorganGenerator
[11:41:53] DEPRECATION WARNING: please use MorganGenerator
[11:41:53] DEPRECATION WARNING: please use MorganGenerator
[11:41:53] DEPRECATION WARNING: please use MorganGenerator
[11:41:53] DEPRECATION WARNING: please use MorganGenerator
[11:41:53] DEPRECATION WARNING: please use MorganGenerator
[11:41:53] DEPRECATION WARNING: please use MorganGenerator
[11:41:53] DEPRECATION WARNING: please use MorganGenerator
[11:41:53] DEPRECATION WARNING: please use MorganGenerator
[11:41:53] DEPRECATION WARNING: please use MorganGenerator
[11:41:53] DEPRECATION WARNING: please use MorganGenerator
[11:41:53] DEPRECATION WARNING: please use MorganGenerator
[11:41:53] DEPRECATION WARNING: please use MorganGenerator
[11:41:53] Can't kekulize mol.  Unkekulized atoms: 9 13 15 18 21 26 33
[11:41:53] ERROR: Could not sanitize molecule ending on line 78
[11:41:53] ERROR: Can't kekulize mol.  Unkekulized atoms: 9 13 15 18 21 26 33
[11:41:53] Can't kekulize mol.  Unkekulized atoms: 0 2 3 7 8 12 13 14 17 18 21 22 23
[11:41:53] ERROR: Could not sanitize molecule ending on line 57
[11:41:53] ERROR: Can't kekulize mol.  Unkekulized atoms: 0 2 3 7 8 12 13 14 17 18 21 22 23
[11:41:53] Can't kekulize mol.  Unkekulized atoms: 0 1 4 9 13 15 16 17 18 20 23
[11:41:53] ERROR: Could not sanitize molecule ending on line 65
[11:41:53] ERROR: Can't kekulize mol.  Unkekulized atoms: 0 1 4 9 13 15 16 17 18 20 23
[11:41:53] Can't kekulize mol.  Unkekulized atoms: 1 2 3 4 5 6 7 8 9 11 12 14 15
[11:41:53] ERROR: Could not sanitize molecule ending on line 39
[11:41:53] ERROR: Can't kekulize mol.  Unkekulized atoms: 1 2 3 4 5 6 7 8 9 11 12 14 15
[11:41:53] Can't kekulize mol.  Unkekulized atoms: 1 3 4 7 9 11 12 13 14 16 17 19 20 22 23
[11:41:53] ERROR: Could not sanitize molecule ending on line 60
[11:41:53] ERROR: Can't kekulize mol.  Unkekulized atoms: 1 3 4 7 9 11 12 13 14 16 17 19 20 22 23
[11:41:53] Explicit valence for atom # 11 C, 5, is greater than permitted
[11:41:53] ERROR: Could not sanitize molecule ending on line 79
[11:41:53] ERROR: Explicit valence for atom # 11 C, 5, is greater than permitted
[11:41:53] Can't kekulize mol.  Unkekulized atoms: 3 5 14 20 21 23 24
[11:41:53] ERROR: Could not sanitize molecule ending on line 61
[11:41:53] ERROR: Can't kekulize mol.  Unkekulized atoms: 3 5 14 20 21 23 24
[11:41:53] DEPRECATION WARNING: please use MorganGenerator
[11:41:53] DEPRECATION WARNING: please use MorganGenerator
[11:41:53] DEPRECATION WARNING: please use MorganGenerator
[11:41:53] DEPRECATION WARNING: please use MorganGenerator
[11:41:53] DEPRECATION WARNING: please use MorganGenerator
[11:41:53] DEPRECATION WARNING: please use MorganGenerator
[11:41:53] DEPRECATION WARNING: please use MorganGenerator
[11:41:53] DEPRECATION WARNING: please use MorganGenerator
[11:41:53] DEPRECATION WARNING: please use MorganGenerator
[11:41:53] DEPRECATION WARNING: please use MorganGenerator
[11:41:53] DEPRECATION WARNING: please use MorganGenerator
[11:41:53] DEPRECATION WARNING: please use MorganGenerator
[11:41:53] DEPRECATION WARNING: please use MorganGenerator
[11:41:53] DEPRECATION WARNING: please use MorganGenerator
[11:41:53] DEPRECATION WARNING: please use MorganGenerator
[11:41:53] DEPRECATION WARNING: please use MorganGenerator
[11:41:53] DEPRECATION WARNING: please use MorganGenerator
[11:41:53] DEPRECATION WARNING: please use MorganGenerator
[11:41:53] DEPRECATION WARNING: please use MorganGenerator
[11:41:53] DEPRECATION WARNING: please use MorganGenerator
[11:41:53] DEPRECATION WARNING: please use MorganGenerator
[11:41:53] DEPRECATION WARNING: please use MorganGenerator
[11:41:53] DEPRECATION WARNING: please use MorganGenerator
[11:41:53] DEPRECATION WARNING: please use MorganGenerator
[11:41:53] DEPRECATION WARNING: please use MorganGenerator
[11:41:53] DEPRECATION WARNING: please use MorganGenerator
[11:41:53] DEPRECATION WARNING: please use MorganGenerator
[11:41:53] DEPRECATION WARNING: please use MorganGenerator
[11:41:53] DEPRECATION WARNING: please use MorganGenerator
[11:41:53] DEPRECATION WARNING: please use MorganGenerator
[11:41:53] DEPRECATION WARNING: please use MorganGenerator
[11:41:53] DEPRECATION WARNING: please use MorganGenerator
[11:41:53] DEPRECATION WARNING: please use MorganGenerator
[11:41:53] DEPRECATION WARNING: please use MorganGenerator
[11:41:53] DEPRECATION WARNING: please use MorganGenerator
[11:41:53] DEPRECATION WARNING: please use MorganGenerator
[11:41:53] DEPRECATION WARNING: please use MorganGenerator
[11:41:53] DEPRECATION WARNING: please use MorganGenerator
[11:41:53] DEPRECATION WARNING: please use MorganGenerator
[11:41:53] DEPRECATION WARNING: please use MorganGenerator
[11:41:53] DEPRECATION WARNING: please use MorganGenerator
[11:41:53] DEPRECATION WARNING: please use MorganGenerator
[11:41:53] DEPRECATION WARNING: please use MorganGenerator
[11:41:53] DEPRECATION WARNING: please use MorganGenerator
[11:41:53] DEPRECATION WARNING: please use MorganGenerator
[11:41:53] DEPRECATION WARNING: please use MorganGenerator
[11:41:53] DEPRECATION WARNING: please use MorganGenerator
[11:41:53] DEPRECATION WARNING: please use MorganGenerator
[11:41:53] DEPRECATION WARNING: please use MorganGenerator
[11:41:53] DEPRECATION WARNING: please use MorganGenerator
[11:41:53] DEPRECATION WARNING: please use MorganGenerator
[11:41:53] DEPRECATION WARNING: please use MorganGenerator
[11:41:53] DEPRECATION WARNING: please use MorganGenerator
[11:41:53] DEPRECATION WARNING: please use MorganGenerator
[11:41:53] DEPRECATION WARNING: please use MorganGenerator
[11:41:53] DEPRECATION WARNING: please use MorganGenerator
[11:41:53] DEPRECATION WARNING: please use MorganGenerator
[11:41:53] DEPRECATION WARNING: please use MorganGenerator
[11:41:53] DEPRECATION WARNING: please use MorganGenerator
[11:41:53] DEPRECATION WARNING: please use MorganGenerator
[11:41:53] DEPRECATION WARNING: please use MorganGenerator
[11:41:53] DEPRECATION WARNING: please use MorganGenerator
[11:41:53] DEPRECATION WARNING: please use MorganGenerator
[11:41:53] DEPRECATION WARNING: please use MorganGenerator
[11:41:53] DEPRECATION WARNING: please use MorganGenerator
[11:41:53] DEPRECATION WARNING: please use MorganGenerator
[11:41:53] DEPRECATION WARNING: please use MorganGenerator
[11:41:53] DEPRECATION WARNING: please use MorganGenerator
[11:41:53] DEPRECATION WARNING: please use MorganGenerator
[11:41:53] DEPRECATION WARNING: please use MorganGenerator
[11:41:53] DEPRECATION WARNING: please use MorganGenerator
[11:41:53] DEPRECATION WARNING: please use MorganGenerator
[11:41:53] DEPRECATION WARNING: please use MorganGenerator
[11:41:53] DEPRECATION WARNING: please use MorganGenerator
[11:41:53] DEPRECATION WARNING: please use MorganGenerator
[11:41:53] DEPRECATION WARNING: please use MorganGenerator
[11:41:53] DEPRECATION WARNING: please use MorganGenerator
[11:41:53] DEPRECATION WARNING: please use MorganGenerator
[11:41:53] DEPRECATION WARNING: please use MorganGenerator
[11:41:53] DEPRECATION WARNING: please use MorganGenerator
[11:41:53] DEPRECATION WARNING: please use MorganGenerator
[11:41:53] DEPRECATION WARNING: please use MorganGenerator
[11:41:53] DEPRECATION WARNING: please use MorganGenerator
[11:41:53] DEPRECATION WARNING: please use MorganGenerator
[11:41:53] DEPRECATION WARNING: please use MorganGenerator
[11:41:53] DEPRECATION WARNING: please use MorganGenerator
[11:41:53] DEPRECATION WARNING: please use MorganGenerator
[11:41:53] DEPRECATION WARNING: please use MorganGenerator
[11:41:53] DEPRECATION WARNING: please use MorganGenerator
[11:41:53] DEPRECATION WARNING: please use MorganGenerator
[11:41:53] DEPRECATION WARNING: please use MorganGenerator
[11:41:53] DEPRECATION WARNING: please use MorganGenerator
[11:41:53] DEPRECATION WARNING: please use MorganGenerator
[11:41:53] DEPRECATION WARNING: please use MorganGenerator
[11:41:53] DEPRECATION WARNING: please use MorganGenerator
[11:41:53] DEPRECATION WARNING: please use MorganGenerator
[11:41:53] Explicit valence for atom # 11 C, 5, is greater than permitted
[11:41:53] ERROR: Could not sanitize molecule ending on line 73
[11:41:53] ERROR: Explicit valence for atom # 11 C, 5, is greater than permitted
[11:41:53] Can't kekulize mol.  Unkekulized atoms: 17 26 33
[11:41:53] ERROR: Could not sanitize molecule ending on line 91
[11:41:53] ERROR: Can't kekulize mol.  Unkekulized atoms: 17 26 33
[11:41:53] Can't kekulize mol.  Unkekulized atoms: 1 2 5 9 15 16 21 22 24
[11:41:53] ERROR: Could not sanitize molecule ending on line 59
[11:41:53] ERROR: Can't kekulize mol.  Unkekulized atoms: 1 2 5 9 15 16 21 22 24
[11:41:53] Explicit valence for atom # 4 C, 5, is greater than permitted
[11:41:53] ERROR: Could not sanitize molecule ending on line 38
[11:41:53] ERROR: Explicit valence for atom # 4 C, 5, is greater than permitted
[11:41:53] Can't kekulize mol.  Unkekulized atoms: 10 14 15
[11:41:53] ERROR: Could not sanitize molecule ending on line 66
[11:41:53] ERROR: Can't kekulize mol.  Unkekulized atoms: 10 14 15
[11:41:53] Can't kekulize mol.  Unkekulized atoms: 0 2 3 8 19
[11:41:53] ERROR: Could not sanitize molecule ending on line 46
[11:41:53] ERROR: Can't kekulize mol.  Unkekulized atoms: 0 2 3 8 19
[11:41:53] Explicit valence for atom # 4 C, 5, is greater than permitted
[11:41:53] ERROR: Could not sanitize molecule ending on line 53
[11:41:53] ERROR: Explicit valence for atom # 4 C, 5, is greater than permitted
[11:41:53] Explicit valence for atom # 13 C, 5, is greater than permitted
[11:41:53] ERROR: Could not sanitize molecule ending on line 65
[11:41:53] ERROR: Explicit valence for atom # 13 C, 5, is greater than permitted
[11:41:53] Explicit valence for atom # 20 C, 5, is greater than permitted
[11:41:53] ERROR: Could not sanitize molecule ending on line 61
[11:41:53] ERROR: Explicit valence for atom # 20 C, 5, is greater than permitted
[11:41:53] DEPRECATION WARNING: please use MorganGenerator
[11:41:53] DEPRECATION WARNING: please use MorganGenerator
[11:41:53] DEPRECATION WARNING: please use MorganGenerator
[11:41:53] DEPRECATION WARNING: please use MorganGenerator
[11:41:53] DEPRECATION WARNING: please use MorganGenerator
[11:41:53] DEPRECATION WARNING: please use MorganGenerator
[11:41:53] DEPRECATION WARNING: please use MorganGenerator
[11:41:53] DEPRECATION WARNING: please use MorganGenerator
[11:41:53] DEPRECATION WARNING: please use MorganGenerator
[11:41:53] DEPRECATION WARNING: please use MorganGenerator
[11:41:53] DEPRECATION WARNING: please use MorganGenerator
[11:41:53] DEPRECATION WARNING: please use MorganGenerator
[11:41:53] DEPRECATION WARNING: please use MorganGenerator
[11:41:53] DEPRECATION WARNING: please use MorganGenerator
[11:41:53] DEPRECATION WARNING: please use MorganGenerator
[11:41:53] DEPRECATION WARNING: please use MorganGenerator
[11:41:53] DEPRECATION WARNING: please use MorganGenerator
[11:41:53] DEPRECATION WARNING: please use MorganGenerator
[11:41:53] DEPRECATION WARNING: please use MorganGenerator
[11:41:53] DEPRECATION WARNING: please use MorganGenerator
[11:41:53] DEPRECATION WARNING: please use MorganGenerator
[11:41:53] DEPRECATION WARNING: please use MorganGenerator
[11:41:53] DEPRECATION WARNING: please use MorganGenerator
[11:41:53] DEPRECATION WARNING: please use MorganGenerator
[11:41:53] DEPRECATION WARNING: please use MorganGenerator
[11:41:53] DEPRECATION WARNING: please use MorganGenerator
[11:41:53] DEPRECATION WARNING: please use MorganGenerator
[11:41:53] DEPRECATION WARNING: please use MorganGenerator
[11:41:53] DEPRECATION WARNING: please use MorganGenerator
[11:41:53] DEPRECATION WARNING: please use MorganGenerator
[11:41:53] DEPRECATION WARNING: please use MorganGenerator
[11:41:53] DEPRECATION WARNING: please use MorganGenerator
[11:41:53] DEPRECATION WARNING: please use MorganGenerator
[11:41:53] DEPRECATION WARNING: please use MorganGenerator
[11:41:53] DEPRECATION WARNING: please use MorganGenerator
[11:41:53] DEPRECATION WARNING: please use MorganGenerator
[11:41:53] DEPRECATION WARNING: please use MorganGenerator
[11:41:53] DEPRECATION WARNING: please use MorganGenerator
[11:41:53] DEPRECATION WARNING: please use MorganGenerator
[11:41:53] DEPRECATION WARNING: please use MorganGenerator
[11:41:53] DEPRECATION WARNING: please use MorganGenerator
[11:41:53] DEPRECATION WARNING: please use MorganGenerator
[11:41:53] DEPRECATION WARNING: please use MorganGenerator
[11:41:53] DEPRECATION WARNING: please use MorganGenerator
[11:41:53] DEPRECATION WARNING: please use MorganGenerator
[11:41:53] DEPRECATION WARNING: please use MorganGenerator
[11:41:53] DEPRECATION WARNING: please use MorganGenerator
[11:41:53] DEPRECATION WARNING: please use MorganGenerator
[11:41:53] DEPRECATION WARNING: please use MorganGenerator
[11:41:53] DEPRECATION WARNING: please use MorganGenerator
[11:41:53] DEPRECATION WARNING: please use MorganGenerator
[11:41:53] DEPRECATION WARNING: please use MorganGenerator
[11:41:53] DEPRECATION WARNING: please use MorganGenerator
[11:41:53] DEPRECATION WARNING: please use MorganGenerator
[11:41:53] DEPRECATION WARNING: please use MorganGenerator
[11:41:53] DEPRECATION WARNING: please use MorganGenerator
[11:41:53] DEPRECATION WARNING: please use MorganGenerator
[11:41:53] DEPRECATION WARNING: please use MorganGenerator
[11:41:53] DEPRECATION WARNING: please use MorganGenerator
[11:41:53] DEPRECATION WARNING: please use MorganGenerator
[11:41:53] DEPRECATION WARNING: please use MorganGenerator
[11:41:53] DEPRECATION WARNING: please use MorganGenerator
[11:41:53] DEPRECATION WARNING: please use MorganGenerator
[11:41:53] DEPRECATION WARNING: please use MorganGenerator
[11:41:53] DEPRECATION WARNING: please use MorganGenerator
[11:41:53] DEPRECATION WARNING: please use MorganGenerator
[11:41:53] DEPRECATION WARNING: please use MorganGenerator
[11:41:53] DEPRECATION WARNING: please use MorganGenerator
[11:41:53] DEPRECATION WARNING: please use MorganGenerator
[11:41:53] DEPRECATION WARNING: please use MorganGenerator
[11:41:53] DEPRECATION WARNING: please use MorganGenerator
[11:41:53] DEPRECATION WARNING: please use MorganGenerator
[11:41:53] DEPRECATION WARNING: please use MorganGenerator
[11:41:53] DEPRECATION WARNING: please use MorganGenerator
[11:41:53] DEPRECATION WARNING: please use MorganGenerator
[11:41:53] DEPRECATION WARNING: please use MorganGenerator
[11:41:53] DEPRECATION WARNING: please use MorganGenerator
[11:41:53] DEPRECATION WARNING: please use MorganGenerator
[11:41:53] DEPRECATION WARNING: please use MorganGenerator
[11:41:53] DEPRECATION WARNING: please use MorganGenerator
[11:41:53] DEPRECATION WARNING: please use MorganGenerator
[11:41:53] DEPRECATION WARNING: please use MorganGenerator
[11:41:53] DEPRECATION WARNING: please use MorganGenerator
[11:41:53] DEPRECATION WARNING: please use MorganGenerator
[11:41:53] DEPRECATION WARNING: please use MorganGenerator
[11:41:53] DEPRECATION WARNING: please use MorganGenerator
[11:41:53] DEPRECATION WARNING: please use MorganGenerator
[11:41:53] DEPRECATION WARNING: please use MorganGenerator
[11:41:53] DEPRECATION WARNING: please use MorganGenerator
[11:41:53] DEPRECATION WARNING: please use MorganGenerator
[11:41:53] DEPRECATION WARNING: please use MorganGenerator
[11:41:53] DEPRECATION WARNING: please use MorganGenerator
[11:41:53] Explicit valence for atom # 14 C, 5, is greater than permitted
[11:41:53] ERROR: Could not sanitize molecule ending on line 69
[11:41:53] ERROR: Explicit valence for atom # 14 C, 5, is greater than permitted
[11:41:53] Can't kekulize mol.  Unkekulized atoms: 4 5 9 17 21
[11:41:53] ERROR: Could not sanitize molecule ending on line 58
[11:41:53] ERROR: Can't kekulize mol.  Unkekulized atoms: 4 5 9 17 21
[11:41:53] Explicit valence for atom # 16 Cl, 2, is greater than permitted
[11:41:53] ERROR: Could not sanitize molecule ending on line 64
[11:41:53] ERROR: Explicit valence for atom # 16 Cl, 2, is greater than permitted
[11:41:53] Can't kekulize mol.  Unkekulized atoms: 3 23 25 26 27
[11:41:53] ERROR: Could not sanitize molecule ending on line 66
[11:41:53] ERROR: Can't kekulize mol.  Unkekulized atoms: 3 23 25 26 27
[11:41:53] Explicit valence for atom # 16 C, 5, is greater than permitted
[11:41:53] ERROR: Could not sanitize molecule ending on line 85
[11:41:53] ERROR: Explicit valence for atom # 16 C, 5, is greater than permitted
[11:41:53] DEPRECATION WARNING: please use MorganGenerator
[11:41:53] DEPRECATION WARNING: please use MorganGenerator
[11:41:53] DEPRECATION WARNING: please use MorganGenerator
[11:41:53] DEPRECATION WARNING: please use MorganGenerator
[11:41:53] DEPRECATION WARNING: please use MorganGenerator
[11:41:53] DEPRECATION WARNING: please use MorganGenerator
[11:41:53] DEPRECATION WARNING: please use MorganGenerator
[11:41:53] DEPRECATION WARNING: please use MorganGenerator
[11:41:53] DEPRECATION WARNING: please use MorganGenerator
[11:41:53] DEPRECATION WARNING: please use MorganGenerator
[11:41:53] DEPRECATION WARNING: please use MorganGenerator
[11:41:53] DEPRECATION WARNING: please use MorganGenerator
[11:41:53] DEPRECATION WARNING: please use MorganGenerator
[11:41:53] DEPRECATION WARNING: please use MorganGenerator
[11:41:53] DEPRECATION WARNING: please use MorganGenerator
[11:41:53] DEPRECATION WARNING: please use MorganGenerator
[11:41:53] DEPRECATION WARNING: please use MorganGenerator
[11:41:53] DEPRECATION WARNING: please use MorganGenerator
[11:41:53] DEPRECATION WARNING: please use MorganGenerator
[11:41:53] DEPRECATION WARNING: please use MorganGenerator
[11:41:53] DEPRECATION WARNING: please use MorganGenerator
[11:41:53] DEPRECATION WARNING: please use MorganGenerator
[11:41:53] DEPRECATION WARNING: please use MorganGenerator
[11:41:53] DEPRECATION WARNING: please use MorganGenerator
[11:41:53] DEPRECATION WARNING: please use MorganGenerator
[11:41:53] DEPRECATION WARNING: please use MorganGenerator
[11:41:53] DEPRECATION WARNING: please use MorganGenerator
[11:41:53] DEPRECATION WARNING: please use MorganGenerator
[11:41:53] DEPRECATION WARNING: please use MorganGenerator
[11:41:53] DEPRECATION WARNING: please use MorganGenerator
[11:41:53] DEPRECATION WARNING: please use MorganGenerator
[11:41:53] DEPRECATION WARNING: please use MorganGenerator
[11:41:53] DEPRECATION WARNING: please use MorganGenerator
[11:41:53] DEPRECATION WARNING: please use MorganGenerator
[11:41:53] DEPRECATION WARNING: please use MorganGenerator
[11:41:53] DEPRECATION WARNING: please use MorganGenerator
[11:41:53] DEPRECATION WARNING: please use MorganGenerator
[11:41:53] DEPRECATION WARNING: please use MorganGenerator
[11:41:53] DEPRECATION WARNING: please use MorganGenerator
[11:41:53] DEPRECATION WARNING: please use MorganGenerator
[11:41:53] DEPRECATION WARNING: please use MorganGenerator
[11:41:53] DEPRECATION WARNING: please use MorganGenerator
[11:41:53] DEPRECATION WARNING: please use MorganGenerator
[11:41:53] DEPRECATION WARNING: please use MorganGenerator
[11:41:53] DEPRECATION WARNING: please use MorganGenerator
[11:41:53] DEPRECATION WARNING: please use MorganGenerator
[11:41:53] DEPRECATION WARNING: please use MorganGenerator
[11:41:53] DEPRECATION WARNING: please use MorganGenerator
[11:41:53] DEPRECATION WARNING: please use MorganGenerator
[11:41:53] DEPRECATION WARNING: please use MorganGenerator
[11:41:53] DEPRECATION WARNING: please use MorganGenerator
[11:41:53] DEPRECATION WARNING: please use MorganGenerator
[11:41:53] DEPRECATION WARNING: please use MorganGenerator
[11:41:53] DEPRECATION WARNING: please use MorganGenerator
[11:41:53] DEPRECATION WARNING: please use MorganGenerator
[11:41:53] DEPRECATION WARNING: please use MorganGenerator
[11:41:53] DEPRECATION WARNING: please use MorganGenerator
[11:41:53] DEPRECATION WARNING: please use MorganGenerator
[11:41:53] DEPRECATION WARNING: please use MorganGenerator
[11:41:53] DEPRECATION WARNING: please use MorganGenerator
[11:41:53] DEPRECATION WARNING: please use MorganGenerator
[11:41:53] DEPRECATION WARNING: please use MorganGenerator
[11:41:53] DEPRECATION WARNING: please use MorganGenerator
[11:41:53] DEPRECATION WARNING: please use MorganGenerator
[11:41:53] DEPRECATION WARNING: please use MorganGenerator
[11:41:53] DEPRECATION WARNING: please use MorganGenerator
[11:41:53] DEPRECATION WARNING: please use MorganGenerator
[11:41:53] DEPRECATION WARNING: please use MorganGenerator
[11:41:53] DEPRECATION WARNING: please use MorganGenerator
[11:41:53] DEPRECATION WARNING: please use MorganGenerator
[11:41:53] DEPRECATION WARNING: please use MorganGenerator
[11:41:53] DEPRECATION WARNING: please use MorganGenerator
[11:41:53] DEPRECATION WARNING: please use MorganGenerator
[11:41:53] DEPRECATION WARNING: please use MorganGenerator
[11:41:53] DEPRECATION WARNING: please use MorganGenerator
[11:41:53] DEPRECATION WARNING: please use MorganGenerator
[11:41:53] DEPRECATION WARNING: please use MorganGenerator
[11:41:53] DEPRECATION WARNING: please use MorganGenerator
[11:41:53] DEPRECATION WARNING: please use MorganGenerator
[11:41:53] DEPRECATION WARNING: please use MorganGenerator
[11:41:53] DEPRECATION WARNING: please use MorganGenerator
[11:41:53] DEPRECATION WARNING: please use MorganGenerator
[11:41:53] DEPRECATION WARNING: please use MorganGenerator
[11:41:53] DEPRECATION WARNING: please use MorganGenerator
[11:41:53] DEPRECATION WARNING: please use MorganGenerator
[11:41:53] DEPRECATION WARNING: please use MorganGenerator
[11:41:53] DEPRECATION WARNING: please use MorganGenerator
[11:41:53] DEPRECATION WARNING: please use MorganGenerator
[11:41:53] DEPRECATION WARNING: please use MorganGenerator
[11:41:53] DEPRECATION WARNING: please use MorganGenerator
[11:41:53] DEPRECATION WARNING: please use MorganGenerator
[11:41:53] DEPRECATION WARNING: please use MorganGenerator
[11:41:53] DEPRECATION WARNING: please use MorganGenerator
[11:41:53] DEPRECATION WARNING: please use MorganGenerator
[11:41:53] DEPRECATION WARNING: please use MorganGenerator
[11:41:53] DEPRECATION WARNING: please use MorganGenerator
[11:41:53] DEPRECATION WARNING: please use MorganGenerator
[11:41:53] DEPRECATION WARNING: please use MorganGenerator
[11:41:53] DEPRECATION WARNING: please use MorganGenerator
[11:41:53] DEPRECATION WARNING: please use MorganGenerator
MaxMin selection:   4%|▍         | 4/100 [00:00<00:02, 33.42it/s][11:41:53] Explicit valence for atom # 12 C, 5, is greater than permitted
[11:41:53] ERROR: Could not sanitize molecule ending on line 69
[11:41:53] ERROR: Explicit valence for atom # 12 C, 5, is greater than permitted
[11:41:53] Explicit valence for atom # 15 C, 5, is greater than permitted
[11:41:53] ERROR: Could not sanitize molecule ending on line 61
[11:41:53] ERROR: Explicit valence for atom # 15 C, 5, is greater than permitted
[11:41:53] Explicit valence for atom # 5 C, 5, is greater than permitted
[11:41:53] ERROR: Could not sanitize molecule ending on line 67
[11:41:53] ERROR: Explicit valence for atom # 5 C, 5, is greater than permitted
[11:41:53] Explicit valence for atom # 14 C, 5, is greater than permitted
[11:41:53] ERROR: Could not sanitize molecule ending on line 49
[11:41:53] ERROR: Explicit valence for atom # 14 C, 5, is greater than permitted
[11:41:53] Explicit valence for atom # 20 C, 5, is greater than permitted
[11:41:53] ERROR: Could not sanitize molecule ending on line 60
[11:41:53] ERROR: Explicit valence for atom # 20 C, 5, is greater than permitted
[11:41:53] Explicit valence for atom # 4 C, 5, is greater than permitted
[11:41:53] ERROR: Could not sanitize molecule ending on line 63
[11:41:53] ERROR: Explicit valence for atom # 4 C, 5, is greater than permitted
[11:41:53] Explicit valence for atom # 10 C, 5, is greater than permitted
[11:41:53] ERROR: Could not sanitize molecule ending on line 49
[11:41:53] ERROR: Explicit valence for atom # 10 C, 5, is greater than permitted
[11:41:53] DEPRECATION WARNING: please use MorganGenerator
[11:41:53] DEPRECATION WARNING: please use MorganGenerator
[11:41:53] DEPRECATION WARNING: please use MorganGenerator
[11:41:53] DEPRECATION WARNING: please use MorganGenerator
[11:41:53] DEPRECATION WARNING: please use MorganGenerator
[11:41:53] DEPRECATION WARNING: please use MorganGenerator
[11:41:53] DEPRECATION WARNING: please use MorganGenerator
[11:41:53] DEPRECATION WARNING: please use MorganGenerator
[11:41:53] DEPRECATION WARNING: please use MorganGenerator
[11:41:53] DEPRECATION WARNING: please use MorganGenerator
[11:41:53] DEPRECATION WARNING: please use MorganGenerator
[11:41:53] DEPRECATION WARNING: please use MorganGenerator
[11:41:53] DEPRECATION WARNING: please use MorganGenerator
[11:41:53] DEPRECATION WARNING: please use MorganGenerator
[11:41:53] DEPRECATION WARNING: please use MorganGenerator
[11:41:53] DEPRECATION WARNING: please use MorganGenerator
[11:41:53] DEPRECATION WARNING: please use MorganGenerator
[11:41:53] DEPRECATION WARNING: please use MorganGenerator
[11:41:53] DEPRECATION WARNING: please use MorganGenerator
[11:41:53] DEPRECATION WARNING: please use MorganGenerator
[11:41:53] DEPRECATION WARNING: please use MorganGenerator
[11:41:53] DEPRECATION WARNING: please use MorganGenerator
[11:41:53] DEPRECATION WARNING: please use MorganGenerator
[11:41:53] DEPRECATION WARNING: please use MorganGenerator
[11:41:53] DEPRECATION WARNING: please use MorganGenerator
[11:41:53] DEPRECATION WARNING: please use MorganGenerator
[11:41:53] DEPRECATION WARNING: please use MorganGenerator
[11:41:53] DEPRECATION WARNING: please use MorganGenerator
[11:41:53] DEPRECATION WARNING: please use MorganGenerator
[11:41:53] DEPRECATION WARNING: please use MorganGenerator
[11:41:53] DEPRECATION WARNING: please use MorganGenerator
[11:41:53] DEPRECATION WARNING: please use MorganGenerator
[11:41:53] DEPRECATION WARNING: please use MorganGenerator
[11:41:53] DEPRECATION WARNING: please use MorganGenerator
[11:41:53] DEPRECATION WARNING: please use MorganGenerator
[11:41:53] DEPRECATION WARNING: please use MorganGenerator
[11:41:53] DEPRECATION WARNING: please use MorganGenerator
[11:41:53] DEPRECATION WARNING: please use MorganGenerator
[11:41:53] DEPRECATION WARNING: please use MorganGenerator
[11:41:53] DEPRECATION WARNING: please use MorganGenerator
[11:41:53] DEPRECATION WARNING: please use MorganGenerator
[11:41:53] DEPRECATION WARNING: please use MorganGenerator
[11:41:53] DEPRECATION WARNING: please use MorganGenerator
[11:41:53] DEPRECATION WARNING: please use MorganGenerator
[11:41:53] DEPRECATION WARNING: please use MorganGenerator
[11:41:53] DEPRECATION WARNING: please use MorganGenerator
[11:41:53] DEPRECATION WARNING: please use MorganGenerator
[11:41:53] DEPRECATION WARNING: please use MorganGenerator
[11:41:53] DEPRECATION WARNING: please use MorganGenerator
[11:41:53] DEPRECATION WARNING: please use MorganGenerator
[11:41:53] DEPRECATION WARNING: please use MorganGenerator
[11:41:53] DEPRECATION WARNING: please use MorganGenerator
[11:41:53] DEPRECATION WARNING: please use MorganGenerator
[11:41:53] DEPRECATION WARNING: please use MorganGenerator
[11:41:53] DEPRECATION WARNING: please use MorganGenerator
[11:41:53] DEPRECATION WARNING: please use MorganGenerator
[11:41:53] DEPRECATION WARNING: please use MorganGenerator
[11:41:53] DEPRECATION WARNING: please use MorganGenerator
[11:41:53] DEPRECATION WARNING: please use MorganGenerator
[11:41:53] DEPRECATION WARNING: please use MorganGenerator
[11:41:53] DEPRECATION WARNING: please use MorganGenerator
[11:41:53] DEPRECATION WARNING: please use MorganGenerator
[11:41:53] DEPRECATION WARNING: please use MorganGenerator
[11:41:53] DEPRECATION WARNING: please use MorganGenerator
[11:41:53] DEPRECATION WARNING: please use MorganGenerator
[11:41:53] DEPRECATION WARNING: please use MorganGenerator
[11:41:53] DEPRECATION WARNING: please use MorganGenerator
[11:41:53] DEPRECATION WARNING: please use MorganGenerator
[11:41:53] DEPRECATION WARNING: please use MorganGenerator
[11:41:53] DEPRECATION WARNING: please use MorganGenerator
[11:41:53] DEPRECATION WARNING: please use MorganGenerator
[11:41:53] DEPRECATION WARNING: please use MorganGenerator
[11:41:53] DEPRECATION WARNING: please use MorganGenerator
[11:41:53] DEPRECATION WARNING: please use MorganGenerator
[11:41:53] DEPRECATION WARNING: please use MorganGenerator
[11:41:53] DEPRECATION WARNING: please use MorganGenerator
[11:41:53] DEPRECATION WARNING: please use MorganGenerator
[11:41:53] DEPRECATION WARNING: please use MorganGenerator
[11:41:53] DEPRECATION WARNING: please use MorganGenerator
[11:41:53] DEPRECATION WARNING: please use MorganGenerator
[11:41:53] DEPRECATION WARNING: please use MorganGenerator
[11:41:53] DEPRECATION WARNING: please use MorganGenerator
[11:41:53] DEPRECATION WARNING: please use MorganGenerator
[11:41:53] DEPRECATION WARNING: please use MorganGenerator
[11:41:53] DEPRECATION WARNING: please use MorganGenerator
[11:41:53] DEPRECATION WARNING: please use MorganGenerator
[11:41:53] DEPRECATION WARNING: please use MorganGenerator
[11:41:53] DEPRECATION WARNING: please use MorganGenerator
[11:41:53] DEPRECATION WARNING: please use MorganGenerator
[11:41:53] DEPRECATION WARNING: please use MorganGenerator
[11:41:53] DEPRECATION WARNING: please use MorganGenerator
[11:41:53] DEPRECATION WARNING: please use MorganGenerator
[11:41:53] DEPRECATION WARNING: please use MorganGenerator
[11:41:53] DEPRECATION WARNING: please use MorganGenerator
[11:41:53] DEPRECATION WARNING: please use MorganGenerator
[11:41:53] DEPRECATION WARNING: please use MorganGenerator
[11:41:53] Explicit valence for atom # 7 Cl, 2, is greater than permitted
[11:41:53] ERROR: Could not sanitize molecule ending on line 56
[11:41:53] ERROR: Explicit valence for atom # 7 Cl, 2, is greater than permitted
[11:41:53] Explicit valence for atom # 21 N, 4, is greater than permitted
[11:41:53] ERROR: Could not sanitize molecule ending on line 76
[11:41:53] ERROR: Explicit valence for atom # 21 N, 4, is greater than permitted
[11:41:53] Explicit valence for atom # 9 Cl, 2, is greater than permitted
[11:41:53] ERROR: Could not sanitize molecule ending on line 94
[11:41:53] ERROR: Explicit valence for atom # 9 Cl, 2, is greater than permitted
[11:41:53] DEPRECATION WARNING: please use MorganGenerator
[11:41:53] DEPRECATION WARNING: please use MorganGenerator
[11:41:53] DEPRECATION WARNING: please use MorganGenerator
[11:41:53] DEPRECATION WARNING: please use MorganGenerator
[11:41:53] DEPRECATION WARNING: please use MorganGenerator
[11:41:53] DEPRECATION WARNING: please use MorganGenerator
[11:41:53] DEPRECATION WARNING: please use MorganGenerator
[11:41:53] DEPRECATION WARNING: please use MorganGenerator
[11:41:53] DEPRECATION WARNING: please use MorganGenerator
[11:41:53] DEPRECATION WARNING: please use MorganGenerator
[11:41:53] DEPRECATION WARNING: please use MorganGenerator
[11:41:53] DEPRECATION WARNING: please use MorganGenerator
[11:41:53] DEPRECATION WARNING: please use MorganGenerator
[11:41:53] DEPRECATION WARNING: please use MorganGenerator
[11:41:53] DEPRECATION WARNING: please use MorganGenerator
[11:41:53] DEPRECATION WARNING: please use MorganGenerator
[11:41:53] DEPRECATION WARNING: please use MorganGenerator
[11:41:53] DEPRECATION WARNING: please use MorganGenerator
[11:41:53] DEPRECATION WARNING: please use MorganGenerator
[11:41:53] DEPRECATION WARNING: please use MorganGenerator
[11:41:53] DEPRECATION WARNING: please use MorganGenerator
[11:41:53] DEPRECATION WARNING: please use MorganGenerator
[11:41:53] DEPRECATION WARNING: please use MorganGenerator
[11:41:53] DEPRECATION WARNING: please use MorganGenerator
[11:41:53] DEPRECATION WARNING: please use MorganGenerator
[11:41:53] DEPRECATION WARNING: please use MorganGenerator
[11:41:53] DEPRECATION WARNING: please use MorganGenerator
[11:41:53] DEPRECATION WARNING: please use MorganGenerator
[11:41:53] DEPRECATION WARNING: please use MorganGenerator
[11:41:53] DEPRECATION WARNING: please use MorganGenerator
[11:41:53] DEPRECATION WARNING: please use MorganGenerator
[11:41:53] DEPRECATION WARNING: please use MorganGenerator
[11:41:53] DEPRECATION WARNING: please use MorganGenerator
[11:41:53] DEPRECATION WARNING: please use MorganGenerator
[11:41:53] DEPRECATION WARNING: please use MorganGenerator
[11:41:53] DEPRECATION WARNING: please use MorganGenerator
[11:41:53] DEPRECATION WARNING: please use MorganGenerator
[11:41:53] DEPRECATION WARNING: please use MorganGenerator
[11:41:53] DEPRECATION WARNING: please use MorganGenerator
[11:41:53] DEPRECATION WARNING: please use MorganGenerator
[11:41:53] DEPRECATION WARNING: please use MorganGenerator
[11:41:53] DEPRECATION WARNING: please use MorganGenerator
[11:41:53] DEPRECATION WARNING: please use MorganGenerator
[11:41:53] DEPRECATION WARNING: please use MorganGenerator
[11:41:53] DEPRECATION WARNING: please use MorganGenerator
[11:41:53] DEPRECATION WARNING: please use MorganGenerator
[11:41:53] DEPRECATION WARNING: please use MorganGenerator
[11:41:53] DEPRECATION WARNING: please use MorganGenerator
[11:41:53] DEPRECATION WARNING: please use MorganGenerator
[11:41:53] DEPRECATION WARNING: please use MorganGenerator
[11:41:53] DEPRECATION WARNING: please use MorganGenerator
[11:41:53] DEPRECATION WARNING: please use MorganGenerator
[11:41:53] DEPRECATION WARNING: please use MorganGenerator
[11:41:53] DEPRECATION WARNING: please use MorganGenerator
[11:41:53] DEPRECATION WARNING: please use MorganGenerator
[11:41:53] DEPRECATION WARNING: please use MorganGenerator
[11:41:53] DEPRECATION WARNING: please use MorganGenerator
[11:41:53] DEPRECATION WARNING: please use MorganGenerator
[11:41:53] DEPRECATION WARNING: please use MorganGenerator
[11:41:53] DEPRECATION WARNING: please use MorganGenerator
[11:41:53] DEPRECATION WARNING: please use MorganGenerator
[11:41:53] DEPRECATION WARNING: please use MorganGenerator
[11:41:53] DEPRECATION WARNING: please use MorganGenerator
[11:41:53] DEPRECATION WARNING: please use MorganGenerator
[11:41:53] DEPRECATION WARNING: please use MorganGenerator
[11:41:53] DEPRECATION WARNING: please use MorganGenerator
[11:41:53] DEPRECATION WARNING: please use MorganGenerator
[11:41:53] DEPRECATION WARNING: please use MorganGenerator
[11:41:53] DEPRECATION WARNING: please use MorganGenerator
[11:41:53] DEPRECATION WARNING: please use MorganGenerator
[11:41:53] DEPRECATION WARNING: please use MorganGenerator
[11:41:53] DEPRECATION WARNING: please use MorganGenerator
[11:41:53] DEPRECATION WARNING: please use MorganGenerator
[11:41:53] DEPRECATION WARNING: please use MorganGenerator
[11:41:53] DEPRECATION WARNING: please use MorganGenerator
[11:41:53] DEPRECATION WARNING: please use MorganGenerator
[11:41:53] DEPRECATION WARNING: please use MorganGenerator
[11:41:53] DEPRECATION WARNING: please use MorganGenerator
[11:41:53] DEPRECATION WARNING: please use MorganGenerator
[11:41:53] DEPRECATION WARNING: please use MorganGenerator
[11:41:53] DEPRECATION WARNING: please use MorganGenerator
[11:41:53] DEPRECATION WARNING: please use MorganGenerator
[11:41:53] DEPRECATION WARNING: please use MorganGenerator
[11:41:53] DEPRECATION WARNING: please use MorganGenerator
[11:41:53] DEPRECATION WARNING: please use MorganGenerator
[11:41:53] DEPRECATION WARNING: please use MorganGenerator
[11:41:53] DEPRECATION WARNING: please use MorganGenerator
[11:41:53] DEPRECATION WARNING: please use MorganGenerator
[11:41:53] DEPRECATION WARNING: please use MorganGenerator
[11:41:53] DEPRECATION WARNING: please use MorganGenerator
[11:41:53] DEPRECATION WARNING: please use MorganGenerator
[11:41:53] DEPRECATION WARNING: please use MorganGenerator
[11:41:53] DEPRECATION WARNING: please use MorganGenerator
[11:41:53] DEPRECATION WARNING: please use MorganGenerator
[11:41:53] DEPRECATION WARNING: please use MorganGenerator
[11:41:53] DEPRECATION WARNING: please use MorganGenerator
[11:41:53] DEPRECATION WARNING: please use MorganGenerator
[11:41:53] DEPRECATION WARNING: please use MorganGenerator
[11:41:53] DEPRECATION WARNING: please use MorganGenerator
[11:41:53] DEPRECATION WARNING: please use MorganGenerator
[11:41:53] DEPRECATION WARNING: please use MorganGenerator
[11:41:53] DEPRECATION WARNING: please use MorganGenerator
[11:41:53] DEPRECATION WARNING: please use MorganGenerator
[11:41:53] DEPRECATION WARNING: please use MorganGenerator
[11:41:53] Can't kekulize mol.  Unkekulized atoms: 0 1 2 4 7 8 9 12 13 15 17 22 23 24 25 26 28 30 31
[11:41:53] ERROR: Could not sanitize molecule ending on line 75
[11:41:53] ERROR: Can't kekulize mol.  Unkekulized atoms: 0 1 2 4 7 8 9 12 13 15 17 22 23 24 25 26 28 30 31
[11:41:53] Can't kekulize mol.  Unkekulized atoms: 2 4 5 7 8 11 13 19 22
[11:41:53] ERROR: Could not sanitize molecule ending on line 53
[11:41:53] ERROR: Can't kekulize mol.  Unkekulized atoms: 2 4 5 7 8 11 13 19 22
[11:41:53] DEPRECATION WARNING: please use MorganGenerator
[11:41:53] DEPRECATION WARNING: please use MorganGenerator
[11:41:53] DEPRECATION WARNING: please use MorganGenerator
[11:41:53] DEPRECATION WARNING: please use MorganGenerator
[11:41:53] DEPRECATION WARNING: please use MorganGenerator
[11:41:53] DEPRECATION WARNING: please use MorganGenerator
[11:41:53] DEPRECATION WARNING: please use MorganGenerator
[11:41:53] DEPRECATION WARNING: please use MorganGenerator
[11:41:53] DEPRECATION WARNING: please use MorganGenerator
[11:41:53] DEPRECATION WARNING: please use MorganGenerator
[11:41:53] DEPRECATION WARNING: please use MorganGenerator
[11:41:53] DEPRECATION WARNING: please use MorganGenerator
[11:41:53] DEPRECATION WARNING: please use MorganGenerator
[11:41:53] DEPRECATION WARNING: please use MorganGenerator
[11:41:53] DEPRECATION WARNING: please use MorganGenerator
[11:41:53] DEPRECATION WARNING: please use MorganGenerator
[11:41:53] DEPRECATION WARNING: please use MorganGenerator
[11:41:53] DEPRECATION WARNING: please use MorganGenerator
[11:41:53] DEPRECATION WARNING: please use MorganGenerator
[11:41:53] DEPRECATION WARNING: please use MorganGenerator
[11:41:53] DEPRECATION WARNING: please use MorganGenerator
[11:41:53] DEPRECATION WARNING: please use MorganGenerator
[11:41:53] DEPRECATION WARNING: please use MorganGenerator
[11:41:53] DEPRECATION WARNING: please use MorganGenerator
[11:41:53] DEPRECATION WARNING: please use MorganGenerator
[11:41:53] DEPRECATION WARNING: please use MorganGenerator
[11:41:53] DEPRECATION WARNING: please use MorganGenerator
[11:41:53] DEPRECATION WARNING: please use MorganGenerator
[11:41:53] DEPRECATION WARNING: please use MorganGenerator
[11:41:53] DEPRECATION WARNING: please use MorganGenerator
[11:41:53] DEPRECATION WARNING: please use MorganGenerator
[11:41:53] DEPRECATION WARNING: please use MorganGenerator
[11:41:53] DEPRECATION WARNING: please use MorganGenerator
[11:41:53] DEPRECATION WARNING: please use MorganGenerator
[11:41:53] DEPRECATION WARNING: please use MorganGenerator
[11:41:53] DEPRECATION WARNING: please use MorganGenerator
[11:41:53] DEPRECATION WARNING: please use MorganGenerator
[11:41:53] DEPRECATION WARNING: please use MorganGenerator
[11:41:53] DEPRECATION WARNING: please use MorganGenerator
[11:41:53] DEPRECATION WARNING: please use MorganGenerator
[11:41:53] DEPRECATION WARNING: please use MorganGenerator
[11:41:53] DEPRECATION WARNING: please use MorganGenerator
[11:41:53] DEPRECATION WARNING: please use MorganGenerator
[11:41:53] DEPRECATION WARNING: please use MorganGenerator
[11:41:53] DEPRECATION WARNING: please use MorganGenerator
[11:41:53] DEPRECATION WARNING: please use MorganGenerator
[11:41:53] DEPRECATION WARNING: please use MorganGenerator
[11:41:53] DEPRECATION WARNING: please use MorganGenerator
[11:41:53] DEPRECATION WARNING: please use MorganGenerator
[11:41:53] DEPRECATION WARNING: please use MorganGenerator
[11:41:53] DEPRECATION WARNING: please use MorganGenerator
[11:41:53] DEPRECATION WARNING: please use MorganGenerator
[11:41:53] DEPRECATION WARNING: please use MorganGenerator
[11:41:53] DEPRECATION WARNING: please use MorganGenerator
[11:41:53] DEPRECATION WARNING: please use MorganGenerator
[11:41:53] DEPRECATION WARNING: please use MorganGenerator
[11:41:53] DEPRECATION WARNING: please use MorganGenerator
[11:41:53] DEPRECATION WARNING: please use MorganGenerator
[11:41:53] DEPRECATION WARNING: please use MorganGenerator
[11:41:53] DEPRECATION WARNING: please use MorganGenerator
[11:41:53] DEPRECATION WARNING: please use MorganGenerator
[11:41:53] DEPRECATION WARNING: please use MorganGenerator
[11:41:53] DEPRECATION WARNING: please use MorganGenerator
[11:41:53] DEPRECATION WARNING: please use MorganGenerator
[11:41:53] DEPRECATION WARNING: please use MorganGenerator
[11:41:53] DEPRECATION WARNING: please use MorganGenerator
[11:41:53] DEPRECATION WARNING: please use MorganGenerator
[11:41:53] DEPRECATION WARNING: please use MorganGenerator
[11:41:53] DEPRECATION WARNING: please use MorganGenerator
[11:41:53] DEPRECATION WARNING: please use MorganGenerator
[11:41:53] DEPRECATION WARNING: please use MorganGenerator
[11:41:53] DEPRECATION WARNING: please use MorganGenerator
[11:41:53] DEPRECATION WARNING: please use MorganGenerator
[11:41:53] DEPRECATION WARNING: please use MorganGenerator
[11:41:53] DEPRECATION WARNING: please use MorganGenerator
[11:41:53] DEPRECATION WARNING: please use MorganGenerator
[11:41:53] DEPRECATION WARNING: please use MorganGenerator
[11:41:53] DEPRECATION WARNING: please use MorganGenerator
[11:41:53] DEPRECATION WARNING: please use MorganGenerator
[11:41:53] DEPRECATION WARNING: please use MorganGenerator
[11:41:53] DEPRECATION WARNING: please use MorganGenerator
[11:41:53] DEPRECATION WARNING: please use MorganGenerator
[11:41:53] DEPRECATION WARNING: please use MorganGenerator
[11:41:53] DEPRECATION WARNING: please use MorganGenerator
[11:41:53] DEPRECATION WARNING: please use MorganGenerator
[11:41:53] DEPRECATION WARNING: please use MorganGenerator
[11:41:53] DEPRECATION WARNING: please use MorganGenerator
[11:41:53] DEPRECATION WARNING: please use MorganGenerator
[11:41:53] DEPRECATION WARNING: please use MorganGenerator
[11:41:53] DEPRECATION WARNING: please use MorganGenerator
[11:41:53] DEPRECATION WARNING: please use MorganGenerator
[11:41:53] DEPRECATION WARNING: please use MorganGenerator
[11:41:53] DEPRECATION WARNING: please use MorganGenerator
[11:41:53] DEPRECATION WARNING: please use MorganGenerator
[11:41:53] DEPRECATION WARNING: please use MorganGenerator
[11:41:53] DEPRECATION WARNING: please use MorganGenerator
[11:41:53] DEPRECATION WARNING: please use MorganGenerator
[11:41:53] DEPRECATION WARNING: please use MorganGenerator
[11:41:53] DEPRECATION WARNING: please use MorganGenerator
[11:41:53] DEPRECATION WARNING: please use MorganGenerator
[11:41:53] DEPRECATION WARNING: please use MorganGenerator
[11:41:53] DEPRECATION WARNING: please use MorganGenerator
[11:41:53] DEPRECATION WARNING: please use MorganGenerator
[11:41:53] DEPRECATION WARNING: please use MorganGenerator
[11:41:53] DEPRECATION WARNING: please use MorganGenerator
[11:41:53] DEPRECATION WARNING: please use MorganGenerator
[11:41:53] Can't kekulize mol.  Unkekulized atoms: 0 3 5 12 19
[11:41:53] ERROR: Could not sanitize molecule ending on line 54
[11:41:53] ERROR: Can't kekulize mol.  Unkekulized atoms: 0 3 5 12 19
[11:41:53] Explicit valence for atom # 15 C, 5, is greater than permitted
[11:41:53] ERROR: Could not sanitize molecule ending on line 46
[11:41:53] ERROR: Explicit valence for atom # 15 C, 5, is greater than permitted
[11:41:53] Can't kekulize mol.  Unkekulized atoms: 0 1 2 4 5 6 8 9 11 12 14 16 17
[11:41:53] ERROR: Could not sanitize molecule ending on line 46
[11:41:53] ERROR: Can't kekulize mol.  Unkekulized atoms: 0 1 2 4 5 6 8 9 11 12 14 16 17
[11:41:53] Can't kekulize mol.  Unkekulized atoms: 1 2 8 13 14
[11:41:53] ERROR: Could not sanitize molecule ending on line 54
[11:41:53] ERROR: Can't kekulize mol.  Unkekulized atoms: 1 2 8 13 14
[11:41:53] Explicit valence for atom # 2 C, 5, is greater than permitted
[11:41:53] ERROR: Could not sanitize molecule ending on line 38
[11:41:53] ERROR: Explicit valence for atom # 2 C, 5, is greater than permitted
[11:41:53] Can't kekulize mol.  Unkekulized atoms: 0 1 3 7 11 12 13 14 15
[11:41:53] ERROR: Could not sanitize molecule ending on line 45
[11:41:53] ERROR: Can't kekulize mol.  Unkekulized atoms: 0 1 3 7 11 12 13 14 15
[11:41:53] Explicit valence for atom # 24 O, 3, is greater than permitted
[11:41:53] ERROR: Could not sanitize molecule ending on line 62
[11:41:53] ERROR: Explicit valence for atom # 24 O, 3, is greater than permitted
[11:41:53] Can't kekulize mol.  Unkekulized atoms: 0 1 2 3 4 5 7 10 11 12 16 17
[11:41:53] ERROR: Could not sanitize molecule ending on line 44
[11:41:53] ERROR: Can't kekulize mol.  Unkekulized atoms: 0 1 2 3 4 5 7 10 11 12 16 17
[11:41:53] Can't kekulize mol.  Unkekulized atoms: 4 5 11 13 19
[11:41:53] ERROR: Could not sanitize molecule ending on line 47
[11:41:53] ERROR: Can't kekulize mol.  Unkekulized atoms: 4 5 11 13 19
[11:41:53] Can't kekulize mol.  Unkekulized atoms: 3 10 12 15 16
[11:41:53] ERROR: Could not sanitize molecule ending on line 41
[11:41:53] ERROR: Can't kekulize mol.  Unkekulized atoms: 3 10 12 15 16
[11:41:53] DEPRECATION WARNING: please use MorganGenerator
[11:41:53] DEPRECATION WARNING: please use MorganGenerator
[11:41:53] DEPRECATION WARNING: please use MorganGenerator
[11:41:53] DEPRECATION WARNING: please use MorganGenerator
[11:41:53] DEPRECATION WARNING: please use MorganGenerator
[11:41:53] DEPRECATION WARNING: please use MorganGenerator
[11:41:53] DEPRECATION WARNING: please use MorganGenerator
[11:41:53] DEPRECATION WARNING: please use MorganGenerator
[11:41:53] DEPRECATION WARNING: please use MorganGenerator
[11:41:53] DEPRECATION WARNING: please use MorganGenerator
[11:41:53] DEPRECATION WARNING: please use MorganGenerator
[11:41:53] DEPRECATION WARNING: please use MorganGenerator
[11:41:53] DEPRECATION WARNING: please use MorganGenerator
[11:41:53] DEPRECATION WARNING: please use MorganGenerator
[11:41:53] DEPRECATION WARNING: please use MorganGenerator
[11:41:53] DEPRECATION WARNING: please use MorganGenerator
[11:41:53] DEPRECATION WARNING: please use MorganGenerator
[11:41:53] DEPRECATION WARNING: please use MorganGenerator
[11:41:53] DEPRECATION WARNING: please use MorganGenerator
[11:41:53] DEPRECATION WARNING: please use MorganGenerator
[11:41:53] DEPRECATION WARNING: please use MorganGenerator
[11:41:53] DEPRECATION WARNING: please use MorganGenerator
[11:41:53] DEPRECATION WARNING: please use MorganGenerator
[11:41:53] DEPRECATION WARNING: please use MorganGenerator
[11:41:53] DEPRECATION WARNING: please use MorganGenerator
[11:41:53] DEPRECATION WARNING: please use MorganGenerator
[11:41:53] DEPRECATION WARNING: please use MorganGenerator
[11:41:53] DEPRECATION WARNING: please use MorganGenerator
[11:41:53] DEPRECATION WARNING: please use MorganGenerator
[11:41:53] DEPRECATION WARNING: please use MorganGenerator
[11:41:53] DEPRECATION WARNING: please use MorganGenerator
[11:41:53] DEPRECATION WARNING: please use MorganGenerator
[11:41:53] DEPRECATION WARNING: please use MorganGenerator
[11:41:53] DEPRECATION WARNING: please use MorganGenerator
[11:41:53] DEPRECATION WARNING: please use MorganGenerator
[11:41:53] DEPRECATION WARNING: please use MorganGenerator
[11:41:53] DEPRECATION WARNING: please use MorganGenerator
[11:41:53] DEPRECATION WARNING: please use MorganGenerator
[11:41:53] DEPRECATION WARNING: please use MorganGenerator
[11:41:53] DEPRECATION WARNING: please use MorganGenerator
[11:41:53] DEPRECATION WARNING: please use MorganGenerator
[11:41:53] DEPRECATION WARNING: please use MorganGenerator
[11:41:53] DEPRECATION WARNING: please use MorganGenerator
[11:41:53] DEPRECATION WARNING: please use MorganGenerator
[11:41:53] DEPRECATION WARNING: please use MorganGenerator
[11:41:53] DEPRECATION WARNING: please use MorganGenerator
[11:41:53] DEPRECATION WARNING: please use MorganGenerator
[11:41:53] DEPRECATION WARNING: please use MorganGenerator
[11:41:53] DEPRECATION WARNING: please use MorganGenerator
[11:41:53] DEPRECATION WARNING: please use MorganGenerator
[11:41:53] DEPRECATION WARNING: please use MorganGenerator
[11:41:53] DEPRECATION WARNING: please use MorganGenerator
[11:41:53] DEPRECATION WARNING: please use MorganGenerator
[11:41:53] DEPRECATION WARNING: please use MorganGenerator
[11:41:53] DEPRECATION WARNING: please use MorganGenerator
[11:41:53] DEPRECATION WARNING: please use MorganGenerator
[11:41:53] DEPRECATION WARNING: please use MorganGenerator
[11:41:53] DEPRECATION WARNING: please use MorganGenerator
[11:41:53] DEPRECATION WARNING: please use MorganGenerator
[11:41:53] DEPRECATION WARNING: please use MorganGenerator
[11:41:53] DEPRECATION WARNING: please use MorganGenerator
[11:41:53] DEPRECATION WARNING: please use MorganGenerator
[11:41:53] DEPRECATION WARNING: please use MorganGenerator
[11:41:53] DEPRECATION WARNING: please use MorganGenerator
[11:41:53] DEPRECATION WARNING: please use MorganGenerator
[11:41:53] DEPRECATION WARNING: please use MorganGenerator
[11:41:53] DEPRECATION WARNING: please use MorganGenerator
[11:41:53] DEPRECATION WARNING: please use MorganGenerator
[11:41:53] DEPRECATION WARNING: please use MorganGenerator
[11:41:53] DEPRECATION WARNING: please use MorganGenerator
[11:41:53] DEPRECATION WARNING: please use MorganGenerator
[11:41:53] DEPRECATION WARNING: please use MorganGenerator
[11:41:53] DEPRECATION WARNING: please use MorganGenerator
[11:41:53] DEPRECATION WARNING: please use MorganGenerator
[11:41:53] DEPRECATION WARNING: please use MorganGenerator
[11:41:53] DEPRECATION WARNING: please use MorganGenerator
[11:41:53] DEPRECATION WARNING: please use MorganGenerator
[11:41:53] DEPRECATION WARNING: please use MorganGenerator
[11:41:53] DEPRECATION WARNING: please use MorganGenerator
[11:41:53] DEPRECATION WARNING: please use MorganGenerator
[11:41:53] DEPRECATION WARNING: please use MorganGenerator
[11:41:53] DEPRECATION WARNING: please use MorganGenerator
[11:41:53] DEPRECATION WARNING: please use MorganGenerator
[11:41:53] DEPRECATION WARNING: please use MorganGenerator
[11:41:53] DEPRECATION WARNING: please use MorganGenerator
[11:41:53] DEPRECATION WARNING: please use MorganGenerator
[11:41:53] DEPRECATION WARNING: please use MorganGenerator
[11:41:53] DEPRECATION WARNING: please use MorganGenerator
[11:41:53] DEPRECATION WARNING: please use MorganGenerator
[11:41:53] DEPRECATION WARNING: please use MorganGenerator
MaxMin selection:   8%|▊         | 8/100 [00:00<00:02, 32.83it/s][11:41:53] Can't kekulize mol.  Unkekulized atoms: 4 15 20
[11:41:53] ERROR: Could not sanitize molecule ending on line 59
[11:41:53] ERROR: Can't kekulize mol.  Unkekulized atoms: 4 15 20
[11:41:53] Explicit valence for atom # 5 O, 3, is greater than permitted
[11:41:53] ERROR: Could not sanitize molecule ending on line 75
[11:41:53] ERROR: Explicit valence for atom # 5 O, 3, is greater than permitted
[11:41:53] Explicit valence for atom # 4 O, 3, is greater than permitted
[11:41:53] ERROR: Could not sanitize molecule ending on line 61
[11:41:53] ERROR: Explicit valence for atom # 4 O, 3, is greater than permitted
[11:41:53] Explicit valence for atom # 5 C, 5, is greater than permitted
[11:41:53] ERROR: Could not sanitize molecule ending on line 87
[11:41:53] ERROR: Explicit valence for atom # 5 C, 5, is greater than permitted
[11:41:53] Explicit valence for atom # 12 C, 6, is greater than permitted
[11:41:53] ERROR: Could not sanitize molecule ending on line 84
[11:41:53] ERROR: Explicit valence for atom # 12 C, 6, is greater than permitted
[11:41:53] Can't kekulize mol.  Unkekulized atoms: 1 3 5 11 18
[11:41:53] ERROR: Could not sanitize molecule ending on line 52
[11:41:53] ERROR: Can't kekulize mol.  Unkekulized atoms: 1 3 5 11 18
[11:41:53] Can't kekulize mol.  Unkekulized atoms: 0 5 9 10 13 16 28
[11:41:53] ERROR: Could not sanitize molecule ending on line 65
[11:41:53] ERROR: Can't kekulize mol.  Unkekulized atoms: 0 5 9 10 13 16 28
[11:41:53] Explicit valence for atom # 10 P, 6, is greater than permitted
[11:41:53] ERROR: Could not sanitize molecule ending on line 71
[11:41:53] ERROR: Explicit valence for atom # 10 P, 6, is greater than permitted
[11:41:53] Can't kekulize mol.  Unkekulized atoms: 2 3 8 12 16 20 31 37 40
[11:41:53] ERROR: Could not sanitize molecule ending on line 91
[11:41:53] ERROR: Can't kekulize mol.  Unkekulized atoms: 2 3 8 12 16 20 31 37 40
[11:41:53] Explicit valence for atom # 21 O, 3, is greater than permitted
[11:41:53] ERROR: Could not sanitize molecule ending on line 70
[11:41:53] ERROR: Explicit valence for atom # 21 O, 3, is greater than permitted
[11:41:53] Explicit valence for atom # 5 O, 3, is greater than permitted
[11:41:53] ERROR: Could not sanitize molecule ending on line 85
[11:41:53] ERROR: Explicit valence for atom # 5 O, 3, is greater than permitted
[11:41:53] Can't kekulize mol.  Unkekulized atoms: 7 10 11 15 16 18 23
[11:41:53] ERROR: Could not sanitize molecule ending on line 56
[11:41:53] ERROR: Can't kekulize mol.  Unkekulized atoms: 7 10 11 15 16 18 23
[11:41:53] Can't kekulize mol.  Unkekulized atoms: 2 4 9 10 11 16 17
[11:41:53] ERROR: Could not sanitize molecule ending on line 58
[11:41:53] ERROR: Can't kekulize mol.  Unkekulized atoms: 2 4 9 10 11 16 17
[11:41:53] Can't kekulize mol.  Unkekulized atoms: 2 3 8 14 16 18 20
[11:41:53] ERROR: Could not sanitize molecule ending on line 65
[11:41:53] ERROR: Can't kekulize mol.  Unkekulized atoms: 2 3 8 14 16 18 20
[11:41:53] Can't kekulize mol.  Unkekulized atoms: 22 23 27
[11:41:53] ERROR: Could not sanitize molecule ending on line 62
[11:41:53] ERROR: Can't kekulize mol.  Unkekulized atoms: 22 23 27
[11:41:53] Explicit valence for atom # 3 O, 3, is greater than permitted
[11:41:53] ERROR: Could not sanitize molecule ending on line 63
[11:41:53] ERROR: Explicit valence for atom # 3 O, 3, is greater than permitted
[11:41:53] DEPRECATION WARNING: please use MorganGenerator
[11:41:53] DEPRECATION WARNING: please use MorganGenerator
[11:41:53] DEPRECATION WARNING: please use MorganGenerator
[11:41:53] DEPRECATION WARNING: please use MorganGenerator
[11:41:53] DEPRECATION WARNING: please use MorganGenerator
[11:41:53] DEPRECATION WARNING: please use MorganGenerator
[11:41:53] DEPRECATION WARNING: please use MorganGenerator
[11:41:53] DEPRECATION WARNING: please use MorganGenerator
[11:41:53] DEPRECATION WARNING: please use MorganGenerator
[11:41:53] DEPRECATION WARNING: please use MorganGenerator
[11:41:53] DEPRECATION WARNING: please use MorganGenerator
[11:41:53] DEPRECATION WARNING: please use MorganGenerator
[11:41:53] DEPRECATION WARNING: please use MorganGenerator
[11:41:53] DEPRECATION WARNING: please use MorganGenerator
[11:41:53] DEPRECATION WARNING: please use MorganGenerator
[11:41:53] DEPRECATION WARNING: please use MorganGenerator
[11:41:53] DEPRECATION WARNING: please use MorganGenerator
[11:41:53] DEPRECATION WARNING: please use MorganGenerator
[11:41:53] DEPRECATION WARNING: please use MorganGenerator
[11:41:53] DEPRECATION WARNING: please use MorganGenerator
[11:41:53] DEPRECATION WARNING: please use MorganGenerator
[11:41:53] DEPRECATION WARNING: please use MorganGenerator
[11:41:53] DEPRECATION WARNING: please use MorganGenerator
[11:41:53] DEPRECATION WARNING: please use MorganGenerator
[11:41:53] DEPRECATION WARNING: please use MorganGenerator
[11:41:53] DEPRECATION WARNING: please use MorganGenerator
[11:41:53] DEPRECATION WARNING: please use MorganGenerator
[11:41:53] DEPRECATION WARNING: please use MorganGenerator
[11:41:53] DEPRECATION WARNING: please use MorganGenerator
[11:41:53] DEPRECATION WARNING: please use MorganGenerator
[11:41:53] DEPRECATION WARNING: please use MorganGenerator
[11:41:53] DEPRECATION WARNING: please use MorganGenerator
[11:41:53] DEPRECATION WARNING: please use MorganGenerator
[11:41:53] DEPRECATION WARNING: please use MorganGenerator
[11:41:53] DEPRECATION WARNING: please use MorganGenerator
[11:41:53] DEPRECATION WARNING: please use MorganGenerator
[11:41:53] DEPRECATION WARNING: please use MorganGenerator
[11:41:53] DEPRECATION WARNING: please use MorganGenerator
[11:41:53] DEPRECATION WARNING: please use MorganGenerator
[11:41:53] DEPRECATION WARNING: please use MorganGenerator
[11:41:53] DEPRECATION WARNING: please use MorganGenerator
[11:41:53] DEPRECATION WARNING: please use MorganGenerator
[11:41:53] DEPRECATION WARNING: please use MorganGenerator
[11:41:53] DEPRECATION WARNING: please use MorganGenerator
[11:41:53] DEPRECATION WARNING: please use MorganGenerator
[11:41:53] DEPRECATION WARNING: please use MorganGenerator
[11:41:53] DEPRECATION WARNING: please use MorganGenerator
[11:41:53] DEPRECATION WARNING: please use MorganGenerator
[11:41:53] DEPRECATION WARNING: please use MorganGenerator
[11:41:53] DEPRECATION WARNING: please use MorganGenerator
[11:41:53] DEPRECATION WARNING: please use MorganGenerator
[11:41:53] DEPRECATION WARNING: please use MorganGenerator
[11:41:53] DEPRECATION WARNING: please use MorganGenerator
[11:41:53] DEPRECATION WARNING: please use MorganGenerator
[11:41:53] DEPRECATION WARNING: please use MorganGenerator
[11:41:53] DEPRECATION WARNING: please use MorganGenerator
[11:41:53] DEPRECATION WARNING: please use MorganGenerator
[11:41:53] DEPRECATION WARNING: please use MorganGenerator
[11:41:53] DEPRECATION WARNING: please use MorganGenerator
[11:41:53] DEPRECATION WARNING: please use MorganGenerator
[11:41:53] DEPRECATION WARNING: please use MorganGenerator
[11:41:53] DEPRECATION WARNING: please use MorganGenerator
[11:41:53] DEPRECATION WARNING: please use MorganGenerator
[11:41:53] DEPRECATION WARNING: please use MorganGenerator
[11:41:53] DEPRECATION WARNING: please use MorganGenerator
[11:41:53] DEPRECATION WARNING: please use MorganGenerator
[11:41:53] DEPRECATION WARNING: please use MorganGenerator
[11:41:53] DEPRECATION WARNING: please use MorganGenerator
[11:41:53] DEPRECATION WARNING: please use MorganGenerator
[11:41:53] DEPRECATION WARNING: please use MorganGenerator
[11:41:53] DEPRECATION WARNING: please use MorganGenerator
[11:41:53] DEPRECATION WARNING: please use MorganGenerator
[11:41:53] DEPRECATION WARNING: please use MorganGenerator
[11:41:53] DEPRECATION WARNING: please use MorganGenerator
[11:41:53] DEPRECATION WARNING: please use MorganGenerator
[11:41:53] DEPRECATION WARNING: please use MorganGenerator
[11:41:53] DEPRECATION WARNING: please use MorganGenerator
[11:41:53] DEPRECATION WARNING: please use MorganGenerator
[11:41:53] DEPRECATION WARNING: please use MorganGenerator
[11:41:53] DEPRECATION WARNING: please use MorganGenerator
[11:41:53] DEPRECATION WARNING: please use MorganGenerator
[11:41:53] DEPRECATION WARNING: please use MorganGenerator
[11:41:53] DEPRECATION WARNING: please use MorganGenerator
[11:41:53] DEPRECATION WARNING: please use MorganGenerator
[11:41:53] DEPRECATION WARNING: please use MorganGenerator
[11:41:53] DEPRECATION WARNING: please use MorganGenerator
[11:41:53] DEPRECATION WARNING: please use MorganGenerator
[11:41:53] DEPRECATION WARNING: please use MorganGenerator
[11:41:53] DEPRECATION WARNING: please use MorganGenerator
[11:41:53] DEPRECATION WARNING: please use MorganGenerator
[11:41:53] DEPRECATION WARNING: please use MorganGenerator
[11:41:53] DEPRECATION WARNING: please use MorganGenerator
[11:41:53] DEPRECATION WARNING: please use MorganGenerator
[11:41:53] DEPRECATION WARNING: please use MorganGenerator
[11:41:53] DEPRECATION WARNING: please use MorganGenerator
[11:41:53] DEPRECATION WARNING: please use MorganGenerator
[11:41:53] DEPRECATION WARNING: please use MorganGenerator
[11:41:53] DEPRECATION WARNING: please use MorganGenerator
[11:41:53] DEPRECATION WARNING: please use MorganGenerator
[11:41:53] DEPRECATION WARNING: please use MorganGenerator
[11:41:53] DEPRECATION WARNING: please use MorganGenerator
[11:41:53] DEPRECATION WARNING: please use MorganGenerator
[11:41:53] DEPRECATION WARNING: please use MorganGenerator
[11:41:53] DEPRECATION WARNING: please use MorganGenerator
[11:41:53] DEPRECATION WARNING: please use MorganGenerator
[11:41:53] DEPRECATION WARNING: please use MorganGenerator
[11:41:53] DEPRECATION WARNING: please use MorganGenerator
[11:41:53] DEPRECATION WARNING: please use MorganGenerator
[11:41:53] DEPRECATION WARNING: please use MorganGenerator
[11:41:53] DEPRECATION WARNING: please use MorganGenerator
[11:41:53] DEPRECATION WARNING: please use MorganGenerator
[11:41:53] DEPRECATION WARNING: please use MorganGenerator
[11:41:53] DEPRECATION WARNING: please use MorganGenerator
[11:41:53] DEPRECATION WARNING: please use MorganGenerator
[11:41:53] DEPRECATION WARNING: please use MorganGenerator
[11:41:53] DEPRECATION WARNING: please use MorganGenerator
[11:41:53] DEPRECATION WARNING: please use MorganGenerator
[11:41:53] DEPRECATION WARNING: please use MorganGenerator
[11:41:53] DEPRECATION WARNING: please use MorganGenerator
[11:41:53] DEPRECATION WARNING: please use MorganGenerator
[11:41:53] DEPRECATION WARNING: please use MorganGenerator
[11:41:53] DEPRECATION WARNING: please use MorganGenerator
[11:41:53] DEPRECATION WARNING: please use MorganGenerator
[11:41:53] DEPRECATION WARNING: please use MorganGenerator
[11:41:53] DEPRECATION WARNING: please use MorganGenerator
[11:41:53] DEPRECATION WARNING: please use MorganGenerator
[11:41:53] DEPRECATION WARNING: please use MorganGenerator
[11:41:53] DEPRECATION WARNING: please use MorganGenerator
[11:41:53] DEPRECATION WARNING: please use MorganGenerator
[11:41:53] DEPRECATION WARNING: please use MorganGenerator
[11:41:53] DEPRECATION WARNING: please use MorganGenerator
[11:41:53] DEPRECATION WARNING: please use MorganGenerator
[11:41:53] DEPRECATION WARNING: please use MorganGenerator
[11:41:53] DEPRECATION WARNING: please use MorganGenerator
[11:41:53] DEPRECATION WARNING: please use MorganGenerator
[11:41:53] DEPRECATION WARNING: please use MorganGenerator
[11:41:53] DEPRECATION WARNING: please use MorganGenerator
[11:41:53] DEPRECATION WARNING: please use MorganGenerator
[11:41:53] DEPRECATION WARNING: please use MorganGenerator
[11:41:53] DEPRECATION WARNING: please use MorganGenerator
[11:41:53] DEPRECATION WARNING: please use MorganGenerator
[11:41:53] DEPRECATION WARNING: please use MorganGenerator
[11:41:53] DEPRECATION WARNING: please use MorganGenerator
[11:41:53] DEPRECATION WARNING: please use MorganGenerator
[11:41:53] DEPRECATION WARNING: please use MorganGenerator
[11:41:53] DEPRECATION WARNING: please use MorganGenerator
[11:41:53] DEPRECATION WARNING: please use MorganGenerator
[11:41:53] DEPRECATION WARNING: please use MorganGenerator
[11:41:53] DEPRECATION WARNING: please use MorganGenerator
[11:41:53] DEPRECATION WARNING: please use MorganGenerator
[11:41:53] DEPRECATION WARNING: please use MorganGenerator
[11:41:53] DEPRECATION WARNING: please use MorganGenerator
[11:41:53] DEPRECATION WARNING: please use MorganGenerator
[11:41:53] DEPRECATION WARNING: please use MorganGenerator
[11:41:53] DEPRECATION WARNING: please use MorganGenerator
[11:41:53] DEPRECATION WARNING: please use MorganGenerator
[11:41:53] DEPRECATION WARNING: please use MorganGenerator
[11:41:53] DEPRECATION WARNING: please use MorganGenerator
[11:41:53] DEPRECATION WARNING: please use MorganGenerator
[11:41:53] DEPRECATION WARNING: please use MorganGenerator
[11:41:53] DEPRECATION WARNING: please use MorganGenerator
[11:41:53] DEPRECATION WARNING: please use MorganGenerator
[11:41:53] DEPRECATION WARNING: please use MorganGenerator
[11:41:53] DEPRECATION WARNING: please use MorganGenerator
[11:41:53] DEPRECATION WARNING: please use MorganGenerator
[11:41:53] DEPRECATION WARNING: please use MorganGenerator
[11:41:53] DEPRECATION WARNING: please use MorganGenerator
[11:41:53] DEPRECATION WARNING: please use MorganGenerator
[11:41:53] DEPRECATION WARNING: please use MorganGenerator
[11:41:53] DEPRECATION WARNING: please use MorganGenerator
[11:41:53] DEPRECATION WARNING: please use MorganGenerator
[11:41:53] DEPRECATION WARNING: please use MorganGenerator
[11:41:53] DEPRECATION WARNING: please use MorganGenerator
[11:41:53] DEPRECATION WARNING: please use MorganGenerator
[11:41:53] DEPRECATION WARNING: please use MorganGenerator
[11:41:53] DEPRECATION WARNING: please use MorganGenerator
[11:41:53] DEPRECATION WARNING: please use MorganGenerator
[11:41:53] DEPRECATION WARNING: please use MorganGenerator
[11:41:53] DEPRECATION WARNING: please use MorganGenerator
[11:41:53] DEPRECATION WARNING: please use MorganGenerator
[11:41:53] DEPRECATION WARNING: please use MorganGenerator
[11:41:53] DEPRECATION WARNING: please use MorganGenerator
[11:41:53] DEPRECATION WARNING: please use MorganGenerator
[11:41:53] DEPRECATION WARNING: please use MorganGenerator
[11:41:53] DEPRECATION WARNING: please use MorganGenerator
[11:41:53] DEPRECATION WARNING: please use MorganGenerator
[11:41:53] DEPRECATION WARNING: please use MorganGenerator
[11:41:53] DEPRECATION WARNING: please use MorganGenerator
[11:41:53] Can't kekulize mol.  Unkekulized atoms: 1 2 5 6 7 8 9 11 12 15 16 17 19 20 22
[11:41:53] ERROR: Could not sanitize molecule ending on line 56
[11:41:53] ERROR: Can't kekulize mol.  Unkekulized atoms: 1 2 5 6 7 8 9 11 12 15 16 17 19 20 22
[11:41:53] Can't kekulize mol.  Unkekulized atoms: 1 3 6 10 11
[11:41:53] ERROR: Could not sanitize molecule ending on line 43
[11:41:53] ERROR: Can't kekulize mol.  Unkekulized atoms: 1 3 6 10 11
[11:41:53] Can't kekulize mol.  Unkekulized atoms: 4 8 21 23 25
[11:41:53] ERROR: Could not sanitize molecule ending on line 61
[11:41:53] ERROR: Can't kekulize mol.  Unkekulized atoms: 4 8 21 23 25
[11:41:53] Can't kekulize mol.  Unkekulized atoms: 2 5 7 17 19 29 32
[11:41:53] ERROR: Could not sanitize molecule ending on line 88
[11:41:53] ERROR: Can't kekulize mol.  Unkekulized atoms: 2 5 7 17 19 29 32
[11:41:53] Explicit valence for atom # 21 N, 4, is greater than permitted
[11:41:53] ERROR: Could not sanitize molecule ending on line 70
[11:41:53] ERROR: Explicit valence for atom # 21 N, 4, is greater than permitted
[11:41:53] Can't kekulize mol.  Unkekulized atoms: 0 1 4 5 8 9 10 13 14 15 17 18
[11:41:53] ERROR: Could not sanitize molecule ending on line 45
[11:41:53] ERROR: Can't kekulize mol.  Unkekulized atoms: 0 1 4 5 8 9 10 13 14 15 17 18
[11:41:53] Can't kekulize mol.  Unkekulized atoms: 0 1 2 6 9 10 12 14 15 16
[11:41:53] ERROR: Could not sanitize molecule ending on line 46
[11:41:53] ERROR: Can't kekulize mol.  Unkekulized atoms: 0 1 2 6 9 10 12 14 15 16
[11:41:53] Can't kekulize mol.  Unkekulized atoms: 0 1 2 3 4 5 8 10 12 13 16 19
[11:41:53] ERROR: Could not sanitize molecule ending on line 48
[11:41:53] ERROR: Can't kekulize mol.  Unkekulized atoms: 0 1 2 3 4 5 8 10 12 13 16 19
[11:41:53] Can't kekulize mol.  Unkekulized atoms: 0 2 3 4 6 7 9 11 13 14 15 16
[11:41:53] ERROR: Could not sanitize molecule ending on line 48
[11:41:53] ERROR: Can't kekulize mol.  Unkekulized atoms: 0 2 3 4 6 7 9 11 13 14 15 16
[11:41:53] Can't kekulize mol.  Unkekulized atoms: 2 11 13 18 20
[11:41:53] ERROR: Could not sanitize molecule ending on line 50
[11:41:53] ERROR: Can't kekulize mol.  Unkekulized atoms: 2 11 13 18 20
[11:41:53] DEPRECATION WARNING: please use MorganGenerator
[11:41:53] DEPRECATION WARNING: please use MorganGenerator
[11:41:53] DEPRECATION WARNING: please use MorganGenerator
[11:41:53] DEPRECATION WARNING: please use MorganGenerator
[11:41:53] DEPRECATION WARNING: please use MorganGenerator
[11:41:53] DEPRECATION WARNING: please use MorganGenerator
[11:41:53] DEPRECATION WARNING: please use MorganGenerator
[11:41:53] DEPRECATION WARNING: please use MorganGenerator
[11:41:53] DEPRECATION WARNING: please use MorganGenerator
[11:41:53] DEPRECATION WARNING: please use MorganGenerator
[11:41:53] DEPRECATION WARNING: please use MorganGenerator
[11:41:53] DEPRECATION WARNING: please use MorganGenerator
[11:41:53] DEPRECATION WARNING: please use MorganGenerator
[11:41:53] DEPRECATION WARNING: please use MorganGenerator
[11:41:53] DEPRECATION WARNING: please use MorganGenerator
[11:41:53] DEPRECATION WARNING: please use MorganGenerator
[11:41:53] DEPRECATION WARNING: please use MorganGenerator
[11:41:53] DEPRECATION WARNING: please use MorganGenerator
[11:41:53] DEPRECATION WARNING: please use MorganGenerator
[11:41:53] DEPRECATION WARNING: please use MorganGenerator
[11:41:53] DEPRECATION WARNING: please use MorganGenerator
[11:41:53] DEPRECATION WARNING: please use MorganGenerator
[11:41:53] DEPRECATION WARNING: please use MorganGenerator
[11:41:53] DEPRECATION WARNING: please use MorganGenerator
[11:41:53] DEPRECATION WARNING: please use MorganGenerator
[11:41:53] DEPRECATION WARNING: please use MorganGenerator
[11:41:53] DEPRECATION WARNING: please use MorganGenerator
[11:41:53] DEPRECATION WARNING: please use MorganGenerator
[11:41:53] DEPRECATION WARNING: please use MorganGenerator
[11:41:53] DEPRECATION WARNING: please use MorganGenerator
[11:41:53] DEPRECATION WARNING: please use MorganGenerator
[11:41:53] DEPRECATION WARNING: please use MorganGenerator
[11:41:53] DEPRECATION WARNING: please use MorganGenerator
[11:41:53] DEPRECATION WARNING: please use MorganGenerator
[11:41:53] DEPRECATION WARNING: please use MorganGenerator
[11:41:53] DEPRECATION WARNING: please use MorganGenerator
[11:41:53] DEPRECATION WARNING: please use MorganGenerator
[11:41:53] DEPRECATION WARNING: please use MorganGenerator
[11:41:53] DEPRECATION WARNING: please use MorganGenerator
[11:41:53] DEPRECATION WARNING: please use MorganGenerator
[11:41:53] DEPRECATION WARNING: please use MorganGenerator
[11:41:53] DEPRECATION WARNING: please use MorganGenerator
[11:41:53] DEPRECATION WARNING: please use MorganGenerator
[11:41:53] DEPRECATION WARNING: please use MorganGenerator
[11:41:53] DEPRECATION WARNING: please use MorganGenerator
[11:41:53] DEPRECATION WARNING: please use MorganGenerator
[11:41:53] DEPRECATION WARNING: please use MorganGenerator
[11:41:53] DEPRECATION WARNING: please use MorganGenerator
[11:41:53] DEPRECATION WARNING: please use MorganGenerator
[11:41:53] DEPRECATION WARNING: please use MorganGenerator
[11:41:53] DEPRECATION WARNING: please use MorganGenerator
[11:41:53] DEPRECATION WARNING: please use MorganGenerator
[11:41:53] DEPRECATION WARNING: please use MorganGenerator
[11:41:53] DEPRECATION WARNING: please use MorganGenerator
[11:41:53] DEPRECATION WARNING: please use MorganGenerator
[11:41:53] DEPRECATION WARNING: please use MorganGenerator
[11:41:53] DEPRECATION WARNING: please use MorganGenerator
[11:41:53] DEPRECATION WARNING: please use MorganGenerator
[11:41:53] DEPRECATION WARNING: please use MorganGenerator
[11:41:53] DEPRECATION WARNING: please use MorganGenerator
[11:41:53] DEPRECATION WARNING: please use MorganGenerator
[11:41:53] DEPRECATION WARNING: please use MorganGenerator
[11:41:53] DEPRECATION WARNING: please use MorganGenerator
[11:41:53] DEPRECATION WARNING: please use MorganGenerator
[11:41:53] DEPRECATION WARNING: please use MorganGenerator
[11:41:53] DEPRECATION WARNING: please use MorganGenerator
[11:41:53] DEPRECATION WARNING: please use MorganGenerator
[11:41:53] DEPRECATION WARNING: please use MorganGenerator
[11:41:53] DEPRECATION WARNING: please use MorganGenerator
[11:41:53] DEPRECATION WARNING: please use MorganGenerator
[11:41:53] DEPRECATION WARNING: please use MorganGenerator
[11:41:53] DEPRECATION WARNING: please use MorganGenerator
[11:41:53] DEPRECATION WARNING: please use MorganGenerator
[11:41:53] DEPRECATION WARNING: please use MorganGenerator
[11:41:53] DEPRECATION WARNING: please use MorganGenerator
[11:41:53] DEPRECATION WARNING: please use MorganGenerator
[11:41:53] DEPRECATION WARNING: please use MorganGenerator
[11:41:53] DEPRECATION WARNING: please use MorganGenerator
[11:41:53] DEPRECATION WARNING: please use MorganGenerator
[11:41:53] DEPRECATION WARNING: please use MorganGenerator
[11:41:53] DEPRECATION WARNING: please use MorganGenerator
[11:41:53] DEPRECATION WARNING: please use MorganGenerator
[11:41:53] DEPRECATION WARNING: please use MorganGenerator
[11:41:53] DEPRECATION WARNING: please use MorganGenerator
[11:41:53] DEPRECATION WARNING: please use MorganGenerator
[11:41:53] DEPRECATION WARNING: please use MorganGenerator
[11:41:53] DEPRECATION WARNING: please use MorganGenerator
[11:41:53] DEPRECATION WARNING: please use MorganGenerator
[11:41:53] DEPRECATION WARNING: please use MorganGenerator
[11:41:53] DEPRECATION WARNING: please use MorganGenerator
[11:41:53] Explicit valence for atom # 0 O, 3, is greater than permitted
[11:41:53] ERROR: Could not sanitize molecule ending on line 132
[11:41:53] ERROR: Explicit valence for atom # 0 O, 3, is greater than permitted
[11:41:53] Can't kekulize mol.  Unkekulized atoms: 7 10 14 21 24 25 36
[11:41:53] ERROR: Could not sanitize molecule ending on line 84
[11:41:53] ERROR: Can't kekulize mol.  Unkekulized atoms: 7 10 14 21 24 25 36
[11:41:53] Can't kekulize mol.  Unkekulized atoms: 1 2 4 7 10 12 13 25 29 30 32
[11:41:53] ERROR: Could not sanitize molecule ending on line 91
[11:41:53] ERROR: Can't kekulize mol.  Unkekulized atoms: 1 2 4 7 10 12 13 25 29 30 32
[11:41:53] Can't kekulize mol.  Unkekulized atoms: 7 15 31
[11:41:53] ERROR: Could not sanitize molecule ending on line 83
[11:41:53] ERROR: Can't kekulize mol.  Unkekulized atoms: 7 15 31
[11:41:53] Can't kekulize mol.  Unkekulized atoms: 4 11 15 17 40
[11:41:53] ERROR: Could not sanitize molecule ending on line 89
[11:41:53] ERROR: Can't kekulize mol.  Unkekulized atoms: 4 11 15 17 40
[11:41:53] Can't kekulize mol.  Unkekulized atoms: 4 8 22 29 31
[11:41:53] ERROR: Could not sanitize molecule ending on line 81
[11:41:53] ERROR: Can't kekulize mol.  Unkekulized atoms: 4 8 22 29 31
[11:41:53] Can't kekulize mol.  Unkekulized atoms: 6 11 26 30 31
[11:41:53] ERROR: Could not sanitize molecule ending on line 72
[11:41:53] ERROR: Can't kekulize mol.  Unkekulized atoms: 6 11 26 30 31
[11:41:53] Can't kekulize mol.  Unkekulized atoms: 3 9 18 28 29
[11:41:53] ERROR: Could not sanitize molecule ending on line 81
[11:41:53] ERROR: Can't kekulize mol.  Unkekulized atoms: 3 9 18 28 29
[11:41:53] Can't kekulize mol.  Unkekulized atoms: 10 13 17 28 33
[11:41:53] ERROR: Could not sanitize molecule ending on line 78
[11:41:53] ERROR: Can't kekulize mol.  Unkekulized atoms: 10 13 17 28 33
[11:41:53] DEPRECATION WARNING: please use MorganGenerator
[11:41:53] DEPRECATION WARNING: please use MorganGenerator
[11:41:53] DEPRECATION WARNING: please use MorganGenerator
[11:41:53] DEPRECATION WARNING: please use MorganGenerator
[11:41:53] DEPRECATION WARNING: please use MorganGenerator
[11:41:53] DEPRECATION WARNING: please use MorganGenerator
[11:41:53] DEPRECATION WARNING: please use MorganGenerator
[11:41:53] DEPRECATION WARNING: please use MorganGenerator
[11:41:53] DEPRECATION WARNING: please use MorganGenerator
[11:41:53] DEPRECATION WARNING: please use MorganGenerator
[11:41:53] DEPRECATION WARNING: please use MorganGenerator
[11:41:53] DEPRECATION WARNING: please use MorganGenerator
[11:41:53] DEPRECATION WARNING: please use MorganGenerator
[11:41:53] DEPRECATION WARNING: please use MorganGenerator
[11:41:53] DEPRECATION WARNING: please use MorganGenerator
[11:41:53] DEPRECATION WARNING: please use MorganGenerator
[11:41:53] DEPRECATION WARNING: please use MorganGenerator
[11:41:53] DEPRECATION WARNING: please use MorganGenerator
[11:41:53] DEPRECATION WARNING: please use MorganGenerator
[11:41:53] DEPRECATION WARNING: please use MorganGenerator
[11:41:53] DEPRECATION WARNING: please use MorganGenerator
[11:41:53] DEPRECATION WARNING: please use MorganGenerator
[11:41:53] DEPRECATION WARNING: please use MorganGenerator
[11:41:53] DEPRECATION WARNING: please use MorganGenerator
[11:41:53] DEPRECATION WARNING: please use MorganGenerator
[11:41:53] DEPRECATION WARNING: please use MorganGenerator
[11:41:53] DEPRECATION WARNING: please use MorganGenerator
[11:41:53] DEPRECATION WARNING: please use MorganGenerator
[11:41:53] DEPRECATION WARNING: please use MorganGenerator
[11:41:53] DEPRECATION WARNING: please use MorganGenerator
[11:41:53] DEPRECATION WARNING: please use MorganGenerator
[11:41:53] DEPRECATION WARNING: please use MorganGenerator
[11:41:53] DEPRECATION WARNING: please use MorganGenerator
[11:41:53] DEPRECATION WARNING: please use MorganGenerator
[11:41:53] DEPRECATION WARNING: please use MorganGenerator
[11:41:53] DEPRECATION WARNING: please use MorganGenerator
[11:41:53] DEPRECATION WARNING: please use MorganGenerator
[11:41:53] DEPRECATION WARNING: please use MorganGenerator
[11:41:53] DEPRECATION WARNING: please use MorganGenerator
[11:41:53] DEPRECATION WARNING: please use MorganGenerator
[11:41:53] DEPRECATION WARNING: please use MorganGenerator
[11:41:53] DEPRECATION WARNING: please use MorganGenerator
[11:41:53] DEPRECATION WARNING: please use MorganGenerator
[11:41:53] DEPRECATION WARNING: please use MorganGenerator
[11:41:53] DEPRECATION WARNING: please use MorganGenerator
[11:41:53] DEPRECATION WARNING: please use MorganGenerator
[11:41:53] DEPRECATION WARNING: please use MorganGenerator
[11:41:53] DEPRECATION WARNING: please use MorganGenerator
[11:41:53] DEPRECATION WARNING: please use MorganGenerator
[11:41:53] DEPRECATION WARNING: please use MorganGenerator
[11:41:53] DEPRECATION WARNING: please use MorganGenerator
[11:41:53] DEPRECATION WARNING: please use MorganGenerator
[11:41:53] DEPRECATION WARNING: please use MorganGenerator
[11:41:53] DEPRECATION WARNING: please use MorganGenerator
[11:41:53] DEPRECATION WARNING: please use MorganGenerator
[11:41:53] DEPRECATION WARNING: please use MorganGenerator
[11:41:53] DEPRECATION WARNING: please use MorganGenerator
[11:41:53] DEPRECATION WARNING: please use MorganGenerator
[11:41:53] DEPRECATION WARNING: please use MorganGenerator
[11:41:53] DEPRECATION WARNING: please use MorganGenerator
[11:41:53] DEPRECATION WARNING: please use MorganGenerator
[11:41:53] DEPRECATION WARNING: please use MorganGenerator
[11:41:53] DEPRECATION WARNING: please use MorganGenerator
[11:41:53] DEPRECATION WARNING: please use MorganGenerator
[11:41:53] DEPRECATION WARNING: please use MorganGenerator
[11:41:53] DEPRECATION WARNING: please use MorganGenerator
[11:41:53] DEPRECATION WARNING: please use MorganGenerator
[11:41:53] DEPRECATION WARNING: please use MorganGenerator
[11:41:53] DEPRECATION WARNING: please use MorganGenerator
[11:41:53] DEPRECATION WARNING: please use MorganGenerator
[11:41:53] DEPRECATION WARNING: please use MorganGenerator
[11:41:53] DEPRECATION WARNING: please use MorganGenerator
[11:41:53] DEPRECATION WARNING: please use MorganGenerator
[11:41:53] DEPRECATION WARNING: please use MorganGenerator
[11:41:53] DEPRECATION WARNING: please use MorganGenerator
[11:41:53] DEPRECATION WARNING: please use MorganGenerator
[11:41:53] DEPRECATION WARNING: please use MorganGenerator
[11:41:53] DEPRECATION WARNING: please use MorganGenerator
[11:41:53] DEPRECATION WARNING: please use MorganGenerator
[11:41:53] DEPRECATION WARNING: please use MorganGenerator
[11:41:53] DEPRECATION WARNING: please use MorganGenerator
[11:41:53] DEPRECATION WARNING: please use MorganGenerator
[11:41:53] DEPRECATION WARNING: please use MorganGenerator
[11:41:53] DEPRECATION WARNING: please use MorganGenerator
[11:41:53] DEPRECATION WARNING: please use MorganGenerator
[11:41:53] DEPRECATION WARNING: please use MorganGenerator
[11:41:53] DEPRECATION WARNING: please use MorganGenerator
[11:41:53] DEPRECATION WARNING: please use MorganGenerator
[11:41:53] DEPRECATION WARNING: please use MorganGenerator
[11:41:53] DEPRECATION WARNING: please use MorganGenerator
[11:41:53] DEPRECATION WARNING: please use MorganGenerator
[11:41:53] DEPRECATION WARNING: please use MorganGenerator
MaxMin selection:  12%|█▏        | 12/100 [00:00<00:02, 29.90it/s][11:41:53] Can't kekulize mol.  Unkekulized atoms: 3 9 18 22 30
[11:41:53] ERROR: Could not sanitize molecule ending on line 80
[11:41:53] ERROR: Can't kekulize mol.  Unkekulized atoms: 3 9 18 22 30
[11:41:53] Can't kekulize mol.  Unkekulized atoms: 0 8 15 18 24
[11:41:53] ERROR: Could not sanitize molecule ending on line 75
[11:41:53] ERROR: Can't kekulize mol.  Unkekulized atoms: 0 8 15 18 24
[11:41:53] Can't kekulize mol.  Unkekulized atoms: 1 4 8 12 13 14 21 25 33
[11:41:53] ERROR: Could not sanitize molecule ending on line 78
[11:41:53] ERROR: Can't kekulize mol.  Unkekulized atoms: 1 4 8 12 13 14 21 25 33
[11:41:53] Explicit valence for atom # 7 C, 5, is greater than permitted
[11:41:53] ERROR: Could not sanitize molecule ending on line 104
[11:41:53] ERROR: Explicit valence for atom # 7 C, 5, is greater than permitted
[11:41:53] Explicit valence for atom # 1 N, 4, is greater than permitted
[11:41:53] ERROR: Could not sanitize molecule ending on line 88
[11:41:53] ERROR: Explicit valence for atom # 1 N, 4, is greater than permitted
[11:41:53] Can't kekulize mol.  Unkekulized atoms: 1 6 8 13 18
[11:41:53] ERROR: Could not sanitize molecule ending on line 78
[11:41:53] ERROR: Can't kekulize mol.  Unkekulized atoms: 1 6 8 13 18
[11:41:53] Can't kekulize mol.  Unkekulized atoms: 5 7 14 16 18 22 25 38 39
[11:41:53] ERROR: Could not sanitize molecule ending on line 95
[11:41:53] ERROR: Can't kekulize mol.  Unkekulized atoms: 5 7 14 16 18 22 25 38 39
[11:41:53] DEPRECATION WARNING: please use MorganGenerator
[11:41:53] DEPRECATION WARNING: please use MorganGenerator
[11:41:53] DEPRECATION WARNING: please use MorganGenerator
[11:41:53] DEPRECATION WARNING: please use MorganGenerator
[11:41:53] DEPRECATION WARNING: please use MorganGenerator
[11:41:53] DEPRECATION WARNING: please use MorganGenerator
[11:41:53] DEPRECATION WARNING: please use MorganGenerator
[11:41:53] DEPRECATION WARNING: please use MorganGenerator
[11:41:53] DEPRECATION WARNING: please use MorganGenerator
[11:41:53] DEPRECATION WARNING: please use MorganGenerator
[11:41:53] DEPRECATION WARNING: please use MorganGenerator
[11:41:53] DEPRECATION WARNING: please use MorganGenerator
[11:41:53] DEPRECATION WARNING: please use MorganGenerator
[11:41:53] DEPRECATION WARNING: please use MorganGenerator
[11:41:53] DEPRECATION WARNING: please use MorganGenerator
[11:41:53] DEPRECATION WARNING: please use MorganGenerator
[11:41:53] DEPRECATION WARNING: please use MorganGenerator
[11:41:53] DEPRECATION WARNING: please use MorganGenerator
[11:41:53] DEPRECATION WARNING: please use MorganGenerator
[11:41:53] DEPRECATION WARNING: please use MorganGenerator
[11:41:53] DEPRECATION WARNING: please use MorganGenerator
[11:41:53] DEPRECATION WARNING: please use MorganGenerator
[11:41:53] DEPRECATION WARNING: please use MorganGenerator
[11:41:53] DEPRECATION WARNING: please use MorganGenerator
[11:41:53] DEPRECATION WARNING: please use MorganGenerator
[11:41:53] DEPRECATION WARNING: please use MorganGenerator
[11:41:53] DEPRECATION WARNING: please use MorganGenerator
[11:41:53] DEPRECATION WARNING: please use MorganGenerator
[11:41:53] DEPRECATION WARNING: please use MorganGenerator
[11:41:53] DEPRECATION WARNING: please use MorganGenerator
[11:41:53] DEPRECATION WARNING: please use MorganGenerator
[11:41:53] DEPRECATION WARNING: please use MorganGenerator
[11:41:53] DEPRECATION WARNING: please use MorganGenerator
[11:41:53] DEPRECATION WARNING: please use MorganGenerator
[11:41:53] DEPRECATION WARNING: please use MorganGenerator
[11:41:53] DEPRECATION WARNING: please use MorganGenerator
[11:41:53] DEPRECATION WARNING: please use MorganGenerator
[11:41:53] DEPRECATION WARNING: please use MorganGenerator
[11:41:53] DEPRECATION WARNING: please use MorganGenerator
[11:41:53] DEPRECATION WARNING: please use MorganGenerator
[11:41:53] DEPRECATION WARNING: please use MorganGenerator
[11:41:53] DEPRECATION WARNING: please use MorganGenerator
[11:41:53] DEPRECATION WARNING: please use MorganGenerator
[11:41:53] DEPRECATION WARNING: please use MorganGenerator
[11:41:53] DEPRECATION WARNING: please use MorganGenerator
[11:41:53] DEPRECATION WARNING: please use MorganGenerator
[11:41:53] DEPRECATION WARNING: please use MorganGenerator
[11:41:53] DEPRECATION WARNING: please use MorganGenerator
[11:41:53] DEPRECATION WARNING: please use MorganGenerator
[11:41:53] DEPRECATION WARNING: please use MorganGenerator
[11:41:53] DEPRECATION WARNING: please use MorganGenerator
[11:41:53] DEPRECATION WARNING: please use MorganGenerator
[11:41:53] DEPRECATION WARNING: please use MorganGenerator
[11:41:53] DEPRECATION WARNING: please use MorganGenerator
[11:41:53] DEPRECATION WARNING: please use MorganGenerator
[11:41:53] DEPRECATION WARNING: please use MorganGenerator
[11:41:53] DEPRECATION WARNING: please use MorganGenerator
[11:41:53] DEPRECATION WARNING: please use MorganGenerator
[11:41:53] DEPRECATION WARNING: please use MorganGenerator
[11:41:53] DEPRECATION WARNING: please use MorganGenerator
[11:41:53] DEPRECATION WARNING: please use MorganGenerator
[11:41:53] DEPRECATION WARNING: please use MorganGenerator
[11:41:53] DEPRECATION WARNING: please use MorganGenerator
[11:41:53] DEPRECATION WARNING: please use MorganGenerator
[11:41:53] DEPRECATION WARNING: please use MorganGenerator
[11:41:53] DEPRECATION WARNING: please use MorganGenerator
[11:41:53] DEPRECATION WARNING: please use MorganGenerator
[11:41:53] DEPRECATION WARNING: please use MorganGenerator
[11:41:53] DEPRECATION WARNING: please use MorganGenerator
[11:41:53] DEPRECATION WARNING: please use MorganGenerator
[11:41:53] DEPRECATION WARNING: please use MorganGenerator
[11:41:53] DEPRECATION WARNING: please use MorganGenerator
[11:41:53] DEPRECATION WARNING: please use MorganGenerator
[11:41:53] DEPRECATION WARNING: please use MorganGenerator
[11:41:53] DEPRECATION WARNING: please use MorganGenerator
[11:41:53] DEPRECATION WARNING: please use MorganGenerator
[11:41:53] DEPRECATION WARNING: please use MorganGenerator
[11:41:53] DEPRECATION WARNING: please use MorganGenerator
[11:41:53] DEPRECATION WARNING: please use MorganGenerator
[11:41:53] DEPRECATION WARNING: please use MorganGenerator
[11:41:53] DEPRECATION WARNING: please use MorganGenerator
[11:41:53] DEPRECATION WARNING: please use MorganGenerator
[11:41:53] DEPRECATION WARNING: please use MorganGenerator
[11:41:53] DEPRECATION WARNING: please use MorganGenerator
[11:41:53] DEPRECATION WARNING: please use MorganGenerator
[11:41:53] DEPRECATION WARNING: please use MorganGenerator
[11:41:53] DEPRECATION WARNING: please use MorganGenerator
[11:41:53] DEPRECATION WARNING: please use MorganGenerator
[11:41:53] DEPRECATION WARNING: please use MorganGenerator
[11:41:53] DEPRECATION WARNING: please use MorganGenerator
[11:41:53] DEPRECATION WARNING: please use MorganGenerator
[11:41:53] DEPRECATION WARNING: please use MorganGenerator
[11:41:53] DEPRECATION WARNING: please use MorganGenerator
[11:41:53] DEPRECATION WARNING: please use MorganGenerator
[11:41:53] DEPRECATION WARNING: please use MorganGenerator
[11:41:53] DEPRECATION WARNING: please use MorganGenerator
[11:41:53] Can't kekulize mol.  Unkekulized atoms: 0 8 15 20 22
[11:41:53] ERROR: Could not sanitize molecule ending on line 58
[11:41:53] ERROR: Can't kekulize mol.  Unkekulized atoms: 0 8 15 20 22
[11:41:53] Can't kekulize mol.  Unkekulized atoms: 7 14 15 18 19 22 23
[11:41:53] ERROR: Could not sanitize molecule ending on line 54
[11:41:53] ERROR: Can't kekulize mol.  Unkekulized atoms: 7 14 15 18 19 22 23
[11:41:53] Explicit valence for atom # 6 C, 5, is greater than permitted
[11:41:53] ERROR: Could not sanitize molecule ending on line 27
[11:41:53] ERROR: Explicit valence for atom # 6 C, 5, is greater than permitted
[11:41:53] DEPRECATION WARNING: please use MorganGenerator
[11:41:53] DEPRECATION WARNING: please use MorganGenerator
[11:41:53] DEPRECATION WARNING: please use MorganGenerator
[11:41:53] DEPRECATION WARNING: please use MorganGenerator
[11:41:53] DEPRECATION WARNING: please use MorganGenerator
[11:41:53] DEPRECATION WARNING: please use MorganGenerator
[11:41:53] DEPRECATION WARNING: please use MorganGenerator
[11:41:53] DEPRECATION WARNING: please use MorganGenerator
[11:41:53] DEPRECATION WARNING: please use MorganGenerator
[11:41:53] DEPRECATION WARNING: please use MorganGenerator
[11:41:53] DEPRECATION WARNING: please use MorganGenerator
[11:41:53] DEPRECATION WARNING: please use MorganGenerator
[11:41:53] DEPRECATION WARNING: please use MorganGenerator
[11:41:53] DEPRECATION WARNING: please use MorganGenerator
[11:41:53] DEPRECATION WARNING: please use MorganGenerator
[11:41:53] DEPRECATION WARNING: please use MorganGenerator
[11:41:53] DEPRECATION WARNING: please use MorganGenerator
[11:41:53] DEPRECATION WARNING: please use MorganGenerator
[11:41:53] DEPRECATION WARNING: please use MorganGenerator
[11:41:53] DEPRECATION WARNING: please use MorganGenerator
[11:41:53] DEPRECATION WARNING: please use MorganGenerator
[11:41:53] DEPRECATION WARNING: please use MorganGenerator
[11:41:53] DEPRECATION WARNING: please use MorganGenerator
[11:41:53] DEPRECATION WARNING: please use MorganGenerator
[11:41:53] DEPRECATION WARNING: please use MorganGenerator
[11:41:53] DEPRECATION WARNING: please use MorganGenerator
[11:41:53] DEPRECATION WARNING: please use MorganGenerator
[11:41:53] DEPRECATION WARNING: please use MorganGenerator
[11:41:53] DEPRECATION WARNING: please use MorganGenerator
[11:41:53] DEPRECATION WARNING: please use MorganGenerator
[11:41:53] DEPRECATION WARNING: please use MorganGenerator
[11:41:53] DEPRECATION WARNING: please use MorganGenerator
[11:41:53] DEPRECATION WARNING: please use MorganGenerator
[11:41:53] DEPRECATION WARNING: please use MorganGenerator
[11:41:53] DEPRECATION WARNING: please use MorganGenerator
[11:41:53] DEPRECATION WARNING: please use MorganGenerator
[11:41:53] DEPRECATION WARNING: please use MorganGenerator
[11:41:53] DEPRECATION WARNING: please use MorganGenerator
[11:41:53] DEPRECATION WARNING: please use MorganGenerator
[11:41:53] DEPRECATION WARNING: please use MorganGenerator
[11:41:53] DEPRECATION WARNING: please use MorganGenerator
[11:41:53] DEPRECATION WARNING: please use MorganGenerator
[11:41:53] DEPRECATION WARNING: please use MorganGenerator
[11:41:53] DEPRECATION WARNING: please use MorganGenerator
[11:41:53] DEPRECATION WARNING: please use MorganGenerator
[11:41:53] DEPRECATION WARNING: please use MorganGenerator
[11:41:53] DEPRECATION WARNING: please use MorganGenerator
[11:41:53] DEPRECATION WARNING: please use MorganGenerator
[11:41:53] DEPRECATION WARNING: please use MorganGenerator
[11:41:53] DEPRECATION WARNING: please use MorganGenerator
[11:41:53] DEPRECATION WARNING: please use MorganGenerator
[11:41:53] DEPRECATION WARNING: please use MorganGenerator
[11:41:53] DEPRECATION WARNING: please use MorganGenerator
[11:41:53] DEPRECATION WARNING: please use MorganGenerator
[11:41:53] DEPRECATION WARNING: please use MorganGenerator
[11:41:53] DEPRECATION WARNING: please use MorganGenerator
[11:41:53] DEPRECATION WARNING: please use MorganGenerator
[11:41:53] DEPRECATION WARNING: please use MorganGenerator
[11:41:53] DEPRECATION WARNING: please use MorganGenerator
[11:41:53] DEPRECATION WARNING: please use MorganGenerator
[11:41:53] DEPRECATION WARNING: please use MorganGenerator
[11:41:53] DEPRECATION WARNING: please use MorganGenerator
[11:41:53] DEPRECATION WARNING: please use MorganGenerator
[11:41:53] DEPRECATION WARNING: please use MorganGenerator
[11:41:53] DEPRECATION WARNING: please use MorganGenerator
[11:41:53] DEPRECATION WARNING: please use MorganGenerator
[11:41:53] DEPRECATION WARNING: please use MorganGenerator
[11:41:53] DEPRECATION WARNING: please use MorganGenerator
[11:41:53] DEPRECATION WARNING: please use MorganGenerator
[11:41:53] DEPRECATION WARNING: please use MorganGenerator
[11:41:53] DEPRECATION WARNING: please use MorganGenerator
[11:41:53] DEPRECATION WARNING: please use MorganGenerator
[11:41:53] DEPRECATION WARNING: please use MorganGenerator
[11:41:53] DEPRECATION WARNING: please use MorganGenerator
[11:41:53] DEPRECATION WARNING: please use MorganGenerator
[11:41:53] DEPRECATION WARNING: please use MorganGenerator
[11:41:53] DEPRECATION WARNING: please use MorganGenerator
[11:41:53] DEPRECATION WARNING: please use MorganGenerator
[11:41:53] DEPRECATION WARNING: please use MorganGenerator
[11:41:53] DEPRECATION WARNING: please use MorganGenerator
[11:41:53] DEPRECATION WARNING: please use MorganGenerator
[11:41:53] DEPRECATION WARNING: please use MorganGenerator
[11:41:53] DEPRECATION WARNING: please use MorganGenerator
[11:41:53] DEPRECATION WARNING: please use MorganGenerator
[11:41:53] DEPRECATION WARNING: please use MorganGenerator
[11:41:53] DEPRECATION WARNING: please use MorganGenerator
[11:41:53] DEPRECATION WARNING: please use MorganGenerator
[11:41:53] DEPRECATION WARNING: please use MorganGenerator
[11:41:53] DEPRECATION WARNING: please use MorganGenerator
[11:41:53] DEPRECATION WARNING: please use MorganGenerator
[11:41:53] DEPRECATION WARNING: please use MorganGenerator
[11:41:53] DEPRECATION WARNING: please use MorganGenerator
[11:41:53] DEPRECATION WARNING: please use MorganGenerator
[11:41:53] DEPRECATION WARNING: please use MorganGenerator
[11:41:53] DEPRECATION WARNING: please use MorganGenerator
[11:41:53] DEPRECATION WARNING: please use MorganGenerator
[11:41:53] DEPRECATION WARNING: please use MorganGenerator
[11:41:53] DEPRECATION WARNING: please use MorganGenerator
[11:41:53] DEPRECATION WARNING: please use MorganGenerator
[11:41:53] DEPRECATION WARNING: please use MorganGenerator
[11:41:53] DEPRECATION WARNING: please use MorganGenerator
[11:41:53] DEPRECATION WARNING: please use MorganGenerator
[11:41:53] DEPRECATION WARNING: please use MorganGenerator
[11:41:53] DEPRECATION WARNING: please use MorganGenerator
[11:41:53] Explicit valence for atom # 9 C, 5, is greater than permitted
[11:41:53] ERROR: Could not sanitize molecule ending on line 42
[11:41:53] ERROR: Explicit valence for atom # 9 C, 5, is greater than permitted
[11:41:53] DEPRECATION WARNING: please use MorganGenerator
[11:41:53] DEPRECATION WARNING: please use MorganGenerator
[11:41:53] DEPRECATION WARNING: please use MorganGenerator
[11:41:53] DEPRECATION WARNING: please use MorganGenerator
[11:41:53] DEPRECATION WARNING: please use MorganGenerator
[11:41:53] DEPRECATION WARNING: please use MorganGenerator
[11:41:53] DEPRECATION WARNING: please use MorganGenerator
[11:41:53] DEPRECATION WARNING: please use MorganGenerator
[11:41:53] DEPRECATION WARNING: please use MorganGenerator
[11:41:53] DEPRECATION WARNING: please use MorganGenerator
[11:41:53] DEPRECATION WARNING: please use MorganGenerator
[11:41:53] DEPRECATION WARNING: please use MorganGenerator
[11:41:53] DEPRECATION WARNING: please use MorganGenerator
[11:41:53] DEPRECATION WARNING: please use MorganGenerator
[11:41:53] DEPRECATION WARNING: please use MorganGenerator
[11:41:53] DEPRECATION WARNING: please use MorganGenerator
[11:41:53] DEPRECATION WARNING: please use MorganGenerator
[11:41:53] DEPRECATION WARNING: please use MorganGenerator
[11:41:53] DEPRECATION WARNING: please use MorganGenerator
[11:41:53] DEPRECATION WARNING: please use MorganGenerator
[11:41:53] DEPRECATION WARNING: please use MorganGenerator
[11:41:53] DEPRECATION WARNING: please use MorganGenerator
[11:41:53] DEPRECATION WARNING: please use MorganGenerator
[11:41:53] DEPRECATION WARNING: please use MorganGenerator
[11:41:53] DEPRECATION WARNING: please use MorganGenerator
[11:41:53] DEPRECATION WARNING: please use MorganGenerator
[11:41:53] DEPRECATION WARNING: please use MorganGenerator
[11:41:53] DEPRECATION WARNING: please use MorganGenerator
[11:41:53] DEPRECATION WARNING: please use MorganGenerator
[11:41:53] DEPRECATION WARNING: please use MorganGenerator
[11:41:53] DEPRECATION WARNING: please use MorganGenerator
[11:41:53] DEPRECATION WARNING: please use MorganGenerator
[11:41:53] DEPRECATION WARNING: please use MorganGenerator
[11:41:53] DEPRECATION WARNING: please use MorganGenerator
[11:41:53] DEPRECATION WARNING: please use MorganGenerator
[11:41:53] DEPRECATION WARNING: please use MorganGenerator
[11:41:53] DEPRECATION WARNING: please use MorganGenerator
[11:41:53] DEPRECATION WARNING: please use MorganGenerator
[11:41:53] DEPRECATION WARNING: please use MorganGenerator
[11:41:53] DEPRECATION WARNING: please use MorganGenerator
[11:41:53] DEPRECATION WARNING: please use MorganGenerator
[11:41:53] DEPRECATION WARNING: please use MorganGenerator
[11:41:53] DEPRECATION WARNING: please use MorganGenerator
[11:41:53] DEPRECATION WARNING: please use MorganGenerator
[11:41:53] DEPRECATION WARNING: please use MorganGenerator
[11:41:53] DEPRECATION WARNING: please use MorganGenerator
[11:41:53] DEPRECATION WARNING: please use MorganGenerator
[11:41:53] DEPRECATION WARNING: please use MorganGenerator
[11:41:53] DEPRECATION WARNING: please use MorganGenerator
[11:41:53] DEPRECATION WARNING: please use MorganGenerator
[11:41:53] DEPRECATION WARNING: please use MorganGenerator
[11:41:53] DEPRECATION WARNING: please use MorganGenerator
[11:41:53] DEPRECATION WARNING: please use MorganGenerator
[11:41:53] DEPRECATION WARNING: please use MorganGenerator
[11:41:53] DEPRECATION WARNING: please use MorganGenerator
[11:41:53] DEPRECATION WARNING: please use MorganGenerator
[11:41:53] DEPRECATION WARNING: please use MorganGenerator
[11:41:53] DEPRECATION WARNING: please use MorganGenerator
[11:41:53] DEPRECATION WARNING: please use MorganGenerator
[11:41:53] DEPRECATION WARNING: please use MorganGenerator
[11:41:53] DEPRECATION WARNING: please use MorganGenerator
[11:41:53] DEPRECATION WARNING: please use MorganGenerator
[11:41:53] DEPRECATION WARNING: please use MorganGenerator
[11:41:53] DEPRECATION WARNING: please use MorganGenerator
[11:41:53] DEPRECATION WARNING: please use MorganGenerator
[11:41:53] DEPRECATION WARNING: please use MorganGenerator
[11:41:53] DEPRECATION WARNING: please use MorganGenerator
[11:41:53] DEPRECATION WARNING: please use MorganGenerator
[11:41:53] DEPRECATION WARNING: please use MorganGenerator
[11:41:53] DEPRECATION WARNING: please use MorganGenerator
[11:41:53] DEPRECATION WARNING: please use MorganGenerator
[11:41:53] DEPRECATION WARNING: please use MorganGenerator
[11:41:53] DEPRECATION WARNING: please use MorganGenerator
[11:41:53] DEPRECATION WARNING: please use MorganGenerator
[11:41:53] DEPRECATION WARNING: please use MorganGenerator
[11:41:53] DEPRECATION WARNING: please use MorganGenerator
[11:41:53] DEPRECATION WARNING: please use MorganGenerator
[11:41:53] DEPRECATION WARNING: please use MorganGenerator
[11:41:53] DEPRECATION WARNING: please use MorganGenerator
[11:41:53] DEPRECATION WARNING: please use MorganGenerator
[11:41:53] DEPRECATION WARNING: please use MorganGenerator
[11:41:53] DEPRECATION WARNING: please use MorganGenerator
[11:41:53] DEPRECATION WARNING: please use MorganGenerator
[11:41:53] DEPRECATION WARNING: please use MorganGenerator
[11:41:53] DEPRECATION WARNING: please use MorganGenerator
[11:41:53] DEPRECATION WARNING: please use MorganGenerator
[11:41:53] DEPRECATION WARNING: please use MorganGenerator
[11:41:53] DEPRECATION WARNING: please use MorganGenerator
[11:41:53] DEPRECATION WARNING: please use MorganGenerator
[11:41:53] DEPRECATION WARNING: please use MorganGenerator
[11:41:53] DEPRECATION WARNING: please use MorganGenerator
[11:41:53] DEPRECATION WARNING: please use MorganGenerator
[11:41:53] DEPRECATION WARNING: please use MorganGenerator
[11:41:53] DEPRECATION WARNING: please use MorganGenerator
[11:41:53] DEPRECATION WARNING: please use MorganGenerator
[11:41:53] DEPRECATION WARNING: please use MorganGenerator
[11:41:53] DEPRECATION WARNING: please use MorganGenerator
[11:41:53] DEPRECATION WARNING: please use MorganGenerator
[11:41:53] DEPRECATION WARNING: please use MorganGenerator
[11:41:53] DEPRECATION WARNING: please use MorganGenerator
[11:41:53] DEPRECATION WARNING: please use MorganGenerator
[11:41:53] DEPRECATION WARNING: please use MorganGenerator
[11:41:53] DEPRECATION WARNING: please use MorganGenerator
[11:41:53] DEPRECATION WARNING: please use MorganGenerator
[11:41:53] DEPRECATION WARNING: please use MorganGenerator
[11:41:53] DEPRECATION WARNING: please use MorganGenerator
[11:41:53] DEPRECATION WARNING: please use MorganGenerator
[11:41:53] DEPRECATION WARNING: please use MorganGenerator
[11:41:53] Explicit valence for atom # 24 O, 3, is greater than permitted
[11:41:53] ERROR: Could not sanitize molecule ending on line 84
[11:41:53] ERROR: Explicit valence for atom # 24 O, 3, is greater than permitted
[11:41:53] Explicit valence for atom # 36 N, 4, is greater than permitted
[11:41:53] ERROR: Could not sanitize molecule ending on line 93
[11:41:53] ERROR: Explicit valence for atom # 36 N, 4, is greater than permitted
[11:41:53] Can't kekulize mol.  Unkekulized atoms: 3 7 9 14 16 17 19 20 21
[11:41:53] ERROR: Could not sanitize molecule ending on line 56
[11:41:53] ERROR: Can't kekulize mol.  Unkekulized atoms: 3 7 9 14 16 17 19 20 21
[11:41:53] Explicit valence for atom # 21 C, 5, is greater than permitted
[11:41:53] ERROR: Could not sanitize molecule ending on line 76
[11:41:53] ERROR: Explicit valence for atom # 21 C, 5, is greater than permitted
[11:41:53] Explicit valence for atom # 14 N, 4, is greater than permitted
[11:41:53] ERROR: Could not sanitize molecule ending on line 65
[11:41:53] ERROR: Explicit valence for atom # 14 N, 4, is greater than permitted
[11:41:53] Can't kekulize mol.  Unkekulized atoms: 5 8 10 11 12 14 16 17 18 22 24
[11:41:53] ERROR: Could not sanitize molecule ending on line 60
[11:41:53] ERROR: Can't kekulize mol.  Unkekulized atoms: 5 8 10 11 12 14 16 17 18 22 24
[11:41:53] Can't kekulize mol.  Unkekulized atoms: 2 7 8 10 11 12 13 14 15 18 19
[11:41:53] ERROR: Could not sanitize molecule ending on line 50
[11:41:53] ERROR: Can't kekulize mol.  Unkekulized atoms: 2 7 8 10 11 12 13 14 15 18 19
[11:41:53] Explicit valence for atom # 5 N, 4, is greater than permitted
[11:41:53] ERROR: Could not sanitize molecule ending on line 55
[11:41:53] ERROR: Explicit valence for atom # 5 N, 4, is greater than permitted
[11:41:53] Can't kekulize mol.  Unkekulized atoms: 2 4 6 7 8 11 12 13 14 15 18
[11:41:53] ERROR: Could not sanitize molecule ending on line 48
[11:41:53] ERROR: Can't kekulize mol.  Unkekulized atoms: 2 4 6 7 8 11 12 13 14 15 18
[11:41:53] DEPRECATION WARNING: please use MorganGenerator
[11:41:53] DEPRECATION WARNING: please use MorganGenerator
[11:41:53] DEPRECATION WARNING: please use MorganGenerator
[11:41:53] DEPRECATION WARNING: please use MorganGenerator
[11:41:53] DEPRECATION WARNING: please use MorganGenerator
[11:41:53] DEPRECATION WARNING: please use MorganGenerator
[11:41:53] DEPRECATION WARNING: please use MorganGenerator
[11:41:53] DEPRECATION WARNING: please use MorganGenerator
[11:41:53] DEPRECATION WARNING: please use MorganGenerator
[11:41:53] DEPRECATION WARNING: please use MorganGenerator
[11:41:53] DEPRECATION WARNING: please use MorganGenerator
[11:41:53] DEPRECATION WARNING: please use MorganGenerator
[11:41:53] DEPRECATION WARNING: please use MorganGenerator
[11:41:53] DEPRECATION WARNING: please use MorganGenerator
[11:41:53] DEPRECATION WARNING: please use MorganGenerator
[11:41:53] DEPRECATION WARNING: please use MorganGenerator
[11:41:53] DEPRECATION WARNING: please use MorganGenerator
[11:41:53] DEPRECATION WARNING: please use MorganGenerator
[11:41:53] DEPRECATION WARNING: please use MorganGenerator
[11:41:53] DEPRECATION WARNING: please use MorganGenerator
[11:41:53] DEPRECATION WARNING: please use MorganGenerator
[11:41:53] DEPRECATION WARNING: please use MorganGenerator
[11:41:53] DEPRECATION WARNING: please use MorganGenerator
[11:41:53] DEPRECATION WARNING: please use MorganGenerator
[11:41:53] DEPRECATION WARNING: please use MorganGenerator
[11:41:53] DEPRECATION WARNING: please use MorganGenerator
[11:41:53] DEPRECATION WARNING: please use MorganGenerator
[11:41:53] DEPRECATION WARNING: please use MorganGenerator
[11:41:53] DEPRECATION WARNING: please use MorganGenerator
[11:41:53] DEPRECATION WARNING: please use MorganGenerator
[11:41:53] DEPRECATION WARNING: please use MorganGenerator
[11:41:53] DEPRECATION WARNING: please use MorganGenerator
[11:41:53] DEPRECATION WARNING: please use MorganGenerator
[11:41:53] DEPRECATION WARNING: please use MorganGenerator
[11:41:53] DEPRECATION WARNING: please use MorganGenerator
[11:41:53] DEPRECATION WARNING: please use MorganGenerator
[11:41:53] DEPRECATION WARNING: please use MorganGenerator
[11:41:53] DEPRECATION WARNING: please use MorganGenerator
[11:41:53] DEPRECATION WARNING: please use MorganGenerator
[11:41:53] DEPRECATION WARNING: please use MorganGenerator
[11:41:53] DEPRECATION WARNING: please use MorganGenerator
[11:41:53] DEPRECATION WARNING: please use MorganGenerator
[11:41:53] DEPRECATION WARNING: please use MorganGenerator
[11:41:53] DEPRECATION WARNING: please use MorganGenerator
[11:41:53] DEPRECATION WARNING: please use MorganGenerator
[11:41:53] DEPRECATION WARNING: please use MorganGenerator
[11:41:53] DEPRECATION WARNING: please use MorganGenerator
[11:41:53] DEPRECATION WARNING: please use MorganGenerator
[11:41:53] DEPRECATION WARNING: please use MorganGenerator
[11:41:53] DEPRECATION WARNING: please use MorganGenerator
[11:41:53] DEPRECATION WARNING: please use MorganGenerator
[11:41:53] DEPRECATION WARNING: please use MorganGenerator
[11:41:53] DEPRECATION WARNING: please use MorganGenerator
[11:41:53] DEPRECATION WARNING: please use MorganGenerator
[11:41:53] DEPRECATION WARNING: please use MorganGenerator
[11:41:53] DEPRECATION WARNING: please use MorganGenerator
[11:41:53] DEPRECATION WARNING: please use MorganGenerator
[11:41:53] DEPRECATION WARNING: please use MorganGenerator
[11:41:53] DEPRECATION WARNING: please use MorganGenerator
[11:41:53] DEPRECATION WARNING: please use MorganGenerator
[11:41:53] DEPRECATION WARNING: please use MorganGenerator
[11:41:53] DEPRECATION WARNING: please use MorganGenerator
[11:41:53] DEPRECATION WARNING: please use MorganGenerator
[11:41:53] DEPRECATION WARNING: please use MorganGenerator
[11:41:53] DEPRECATION WARNING: please use MorganGenerator
[11:41:53] DEPRECATION WARNING: please use MorganGenerator
[11:41:53] DEPRECATION WARNING: please use MorganGenerator
[11:41:53] DEPRECATION WARNING: please use MorganGenerator
[11:41:53] DEPRECATION WARNING: please use MorganGenerator
[11:41:53] DEPRECATION WARNING: please use MorganGenerator
[11:41:53] DEPRECATION WARNING: please use MorganGenerator
[11:41:53] DEPRECATION WARNING: please use MorganGenerator
[11:41:53] DEPRECATION WARNING: please use MorganGenerator
[11:41:53] DEPRECATION WARNING: please use MorganGenerator
[11:41:53] DEPRECATION WARNING: please use MorganGenerator
[11:41:53] DEPRECATION WARNING: please use MorganGenerator
[11:41:53] DEPRECATION WARNING: please use MorganGenerator
[11:41:53] DEPRECATION WARNING: please use MorganGenerator
[11:41:53] DEPRECATION WARNING: please use MorganGenerator
[11:41:53] DEPRECATION WARNING: please use MorganGenerator
[11:41:53] DEPRECATION WARNING: please use MorganGenerator
[11:41:53] DEPRECATION WARNING: please use MorganGenerator
[11:41:53] DEPRECATION WARNING: please use MorganGenerator
[11:41:53] DEPRECATION WARNING: please use MorganGenerator
[11:41:53] DEPRECATION WARNING: please use MorganGenerator
[11:41:53] DEPRECATION WARNING: please use MorganGenerator
[11:41:53] DEPRECATION WARNING: please use MorganGenerator
[11:41:53] DEPRECATION WARNING: please use MorganGenerator
[11:41:53] DEPRECATION WARNING: please use MorganGenerator
[11:41:53] DEPRECATION WARNING: please use MorganGenerator
[11:41:53] DEPRECATION WARNING: please use MorganGenerator
[11:41:53] DEPRECATION WARNING: please use MorganGenerator
MaxMin selection:  16%|█▌        | 16/100 [00:00<00:02, 30.05it/s][11:41:53] Explicit valence for atom # 10 O, 3, is greater than permitted
[11:41:53] ERROR: Could not sanitize molecule ending on line 80
[11:41:53] ERROR: Explicit valence for atom # 10 O, 3, is greater than permitted
[11:41:53] Explicit valence for atom # 4 O, 3, is greater than permitted
[11:41:53] ERROR: Could not sanitize molecule ending on line 65
[11:41:53] ERROR: Explicit valence for atom # 4 O, 3, is greater than permitted
[11:41:53] Can't kekulize mol.  Unkekulized atoms: 6 9 13 14 22 24 27
[11:41:53] ERROR: Could not sanitize molecule ending on line 67
[11:41:53] ERROR: Can't kekulize mol.  Unkekulized atoms: 6 9 13 14 22 24 27
[11:41:53] Can't kekulize mol.  Unkekulized atoms: 5 10 20 26 28
[11:41:53] ERROR: Could not sanitize molecule ending on line 69
[11:41:53] ERROR: Can't kekulize mol.  Unkekulized atoms: 5 10 20 26 28
[11:41:53] Can't kekulize mol.  Unkekulized atoms: 1 3 6 7 10 12 16 20 24
[11:41:53] ERROR: Could not sanitize molecule ending on line 68
[11:41:53] ERROR: Can't kekulize mol.  Unkekulized atoms: 1 3 6 7 10 12 16 20 24
[11:41:53] Explicit valence for atom # 8 O, 3, is greater than permitted
[11:41:53] ERROR: Could not sanitize molecule ending on line 64
[11:41:53] ERROR: Explicit valence for atom # 8 O, 3, is greater than permitted
[11:41:53] Explicit valence for atom # 9 O, 3, is greater than permitted
[11:41:53] ERROR: Could not sanitize molecule ending on line 68
[11:41:53] ERROR: Explicit valence for atom # 9 O, 3, is greater than permitted
[11:41:53] Can't kekulize mol.  Unkekulized atoms: 10 15 16 18 19
[11:41:53] ERROR: Could not sanitize molecule ending on line 46
[11:41:53] ERROR: Can't kekulize mol.  Unkekulized atoms: 10 15 16 18 19
[11:41:53] Can't kekulize mol.  Unkekulized atoms: 0 13 14 18 20
[11:41:53] ERROR: Could not sanitize molecule ending on line 59
[11:41:53] ERROR: Can't kekulize mol.  Unkekulized atoms: 0 13 14 18 20
[11:41:53] Can't kekulize mol.  Unkekulized atoms: 3 4 8 10 11 12 27
[11:41:53] ERROR: Could not sanitize molecule ending on line 67
[11:41:53] ERROR: Can't kekulize mol.  Unkekulized atoms: 3 4 8 10 11 12 27
[11:41:53] Can't kekulize mol.  Unkekulized atoms: 7 11 12 13 15 21 23
[11:41:53] ERROR: Could not sanitize molecule ending on line 61
[11:41:53] ERROR: Can't kekulize mol.  Unkekulized atoms: 7 11 12 13 15 21 23
[11:41:53] Can't kekulize mol.  Unkekulized atoms: 9 13 15 24 25 26 28
[11:41:53] ERROR: Could not sanitize molecule ending on line 65
[11:41:53] ERROR: Can't kekulize mol.  Unkekulized atoms: 9 13 15 24 25 26 28
[11:41:53] DEPRECATION WARNING: please use MorganGenerator
[11:41:53] DEPRECATION WARNING: please use MorganGenerator
[11:41:53] DEPRECATION WARNING: please use MorganGenerator
[11:41:53] DEPRECATION WARNING: please use MorganGenerator
[11:41:53] DEPRECATION WARNING: please use MorganGenerator
[11:41:53] DEPRECATION WARNING: please use MorganGenerator
[11:41:53] DEPRECATION WARNING: please use MorganGenerator
[11:41:53] DEPRECATION WARNING: please use MorganGenerator
[11:41:53] DEPRECATION WARNING: please use MorganGenerator
[11:41:53] DEPRECATION WARNING: please use MorganGenerator
[11:41:53] DEPRECATION WARNING: please use MorganGenerator
[11:41:53] DEPRECATION WARNING: please use MorganGenerator
[11:41:53] DEPRECATION WARNING: please use MorganGenerator
[11:41:53] DEPRECATION WARNING: please use MorganGenerator
[11:41:53] DEPRECATION WARNING: please use MorganGenerator
[11:41:53] DEPRECATION WARNING: please use MorganGenerator
[11:41:53] DEPRECATION WARNING: please use MorganGenerator
[11:41:53] DEPRECATION WARNING: please use MorganGenerator
[11:41:53] DEPRECATION WARNING: please use MorganGenerator
[11:41:53] DEPRECATION WARNING: please use MorganGenerator
[11:41:53] DEPRECATION WARNING: please use MorganGenerator
[11:41:53] DEPRECATION WARNING: please use MorganGenerator
[11:41:53] DEPRECATION WARNING: please use MorganGenerator
[11:41:53] DEPRECATION WARNING: please use MorganGenerator
[11:41:53] DEPRECATION WARNING: please use MorganGenerator
[11:41:53] DEPRECATION WARNING: please use MorganGenerator
[11:41:53] DEPRECATION WARNING: please use MorganGenerator
[11:41:53] DEPRECATION WARNING: please use MorganGenerator
[11:41:53] DEPRECATION WARNING: please use MorganGenerator
[11:41:53] DEPRECATION WARNING: please use MorganGenerator
[11:41:53] DEPRECATION WARNING: please use MorganGenerator
[11:41:53] DEPRECATION WARNING: please use MorganGenerator
[11:41:53] DEPRECATION WARNING: please use MorganGenerator
[11:41:53] DEPRECATION WARNING: please use MorganGenerator
[11:41:53] DEPRECATION WARNING: please use MorganGenerator
[11:41:53] DEPRECATION WARNING: please use MorganGenerator
[11:41:53] DEPRECATION WARNING: please use MorganGenerator
[11:41:53] DEPRECATION WARNING: please use MorganGenerator
[11:41:53] DEPRECATION WARNING: please use MorganGenerator
[11:41:53] DEPRECATION WARNING: please use MorganGenerator
[11:41:53] DEPRECATION WARNING: please use MorganGenerator
[11:41:53] DEPRECATION WARNING: please use MorganGenerator
[11:41:53] DEPRECATION WARNING: please use MorganGenerator
[11:41:53] DEPRECATION WARNING: please use MorganGenerator
[11:41:53] DEPRECATION WARNING: please use MorganGenerator
[11:41:53] DEPRECATION WARNING: please use MorganGenerator
[11:41:53] DEPRECATION WARNING: please use MorganGenerator
[11:41:53] DEPRECATION WARNING: please use MorganGenerator
[11:41:53] DEPRECATION WARNING: please use MorganGenerator
[11:41:53] DEPRECATION WARNING: please use MorganGenerator
[11:41:53] DEPRECATION WARNING: please use MorganGenerator
[11:41:53] DEPRECATION WARNING: please use MorganGenerator
[11:41:53] DEPRECATION WARNING: please use MorganGenerator
[11:41:53] DEPRECATION WARNING: please use MorganGenerator
[11:41:53] DEPRECATION WARNING: please use MorganGenerator
[11:41:53] DEPRECATION WARNING: please use MorganGenerator
[11:41:53] DEPRECATION WARNING: please use MorganGenerator
[11:41:53] DEPRECATION WARNING: please use MorganGenerator
[11:41:53] DEPRECATION WARNING: please use MorganGenerator
[11:41:53] DEPRECATION WARNING: please use MorganGenerator
[11:41:53] DEPRECATION WARNING: please use MorganGenerator
[11:41:53] DEPRECATION WARNING: please use MorganGenerator
[11:41:53] DEPRECATION WARNING: please use MorganGenerator
[11:41:53] DEPRECATION WARNING: please use MorganGenerator
[11:41:53] DEPRECATION WARNING: please use MorganGenerator
[11:41:53] DEPRECATION WARNING: please use MorganGenerator
[11:41:53] DEPRECATION WARNING: please use MorganGenerator
[11:41:53] DEPRECATION WARNING: please use MorganGenerator
[11:41:53] DEPRECATION WARNING: please use MorganGenerator
[11:41:53] DEPRECATION WARNING: please use MorganGenerator
[11:41:53] DEPRECATION WARNING: please use MorganGenerator
[11:41:53] DEPRECATION WARNING: please use MorganGenerator
[11:41:53] DEPRECATION WARNING: please use MorganGenerator
[11:41:53] DEPRECATION WARNING: please use MorganGenerator
[11:41:53] DEPRECATION WARNING: please use MorganGenerator
[11:41:53] DEPRECATION WARNING: please use MorganGenerator
[11:41:53] DEPRECATION WARNING: please use MorganGenerator
[11:41:53] DEPRECATION WARNING: please use MorganGenerator
[11:41:53] DEPRECATION WARNING: please use MorganGenerator
[11:41:53] DEPRECATION WARNING: please use MorganGenerator
[11:41:53] DEPRECATION WARNING: please use MorganGenerator
[11:41:53] DEPRECATION WARNING: please use MorganGenerator
[11:41:53] DEPRECATION WARNING: please use MorganGenerator
[11:41:53] DEPRECATION WARNING: please use MorganGenerator
[11:41:53] DEPRECATION WARNING: please use MorganGenerator
[11:41:53] DEPRECATION WARNING: please use MorganGenerator
[11:41:53] Explicit valence for atom # 17 O, 2, is greater than permitted
[11:41:53] ERROR: Could not sanitize molecule ending on line 68
[11:41:53] ERROR: Explicit valence for atom # 17 O, 2, is greater than permitted
[11:41:53] Explicit valence for atom # 15 O, 3, is greater than permitted
[11:41:53] ERROR: Could not sanitize molecule ending on line 56
[11:41:53] ERROR: Explicit valence for atom # 15 O, 3, is greater than permitted
[11:41:53] DEPRECATION WARNING: please use MorganGenerator
[11:41:53] DEPRECATION WARNING: please use MorganGenerator
[11:41:53] DEPRECATION WARNING: please use MorganGenerator
[11:41:53] DEPRECATION WARNING: please use MorganGenerator
[11:41:53] DEPRECATION WARNING: please use MorganGenerator
[11:41:53] DEPRECATION WARNING: please use MorganGenerator
[11:41:53] DEPRECATION WARNING: please use MorganGenerator
[11:41:53] DEPRECATION WARNING: please use MorganGenerator
[11:41:53] DEPRECATION WARNING: please use MorganGenerator
[11:41:53] DEPRECATION WARNING: please use MorganGenerator
[11:41:53] DEPRECATION WARNING: please use MorganGenerator
[11:41:53] DEPRECATION WARNING: please use MorganGenerator
[11:41:53] DEPRECATION WARNING: please use MorganGenerator
[11:41:53] DEPRECATION WARNING: please use MorganGenerator
[11:41:53] DEPRECATION WARNING: please use MorganGenerator
[11:41:53] DEPRECATION WARNING: please use MorganGenerator
[11:41:53] DEPRECATION WARNING: please use MorganGenerator
[11:41:53] DEPRECATION WARNING: please use MorganGenerator
[11:41:53] DEPRECATION WARNING: please use MorganGenerator
[11:41:53] DEPRECATION WARNING: please use MorganGenerator
[11:41:53] DEPRECATION WARNING: please use MorganGenerator
[11:41:53] DEPRECATION WARNING: please use MorganGenerator
[11:41:53] DEPRECATION WARNING: please use MorganGenerator
[11:41:53] DEPRECATION WARNING: please use MorganGenerator
[11:41:53] DEPRECATION WARNING: please use MorganGenerator
[11:41:53] DEPRECATION WARNING: please use MorganGenerator
[11:41:53] DEPRECATION WARNING: please use MorganGenerator
[11:41:53] DEPRECATION WARNING: please use MorganGenerator
[11:41:53] DEPRECATION WARNING: please use MorganGenerator
[11:41:53] DEPRECATION WARNING: please use MorganGenerator
[11:41:53] DEPRECATION WARNING: please use MorganGenerator
[11:41:53] DEPRECATION WARNING: please use MorganGenerator
[11:41:53] DEPRECATION WARNING: please use MorganGenerator
[11:41:53] DEPRECATION WARNING: please use MorganGenerator
[11:41:53] DEPRECATION WARNING: please use MorganGenerator
[11:41:53] DEPRECATION WARNING: please use MorganGenerator
[11:41:53] DEPRECATION WARNING: please use MorganGenerator
[11:41:53] DEPRECATION WARNING: please use MorganGenerator
[11:41:53] DEPRECATION WARNING: please use MorganGenerator
[11:41:53] DEPRECATION WARNING: please use MorganGenerator
[11:41:53] DEPRECATION WARNING: please use MorganGenerator
[11:41:53] DEPRECATION WARNING: please use MorganGenerator
[11:41:53] DEPRECATION WARNING: please use MorganGenerator
[11:41:53] DEPRECATION WARNING: please use MorganGenerator
[11:41:53] DEPRECATION WARNING: please use MorganGenerator
[11:41:53] DEPRECATION WARNING: please use MorganGenerator
[11:41:53] DEPRECATION WARNING: please use MorganGenerator
[11:41:53] DEPRECATION WARNING: please use MorganGenerator
[11:41:53] DEPRECATION WARNING: please use MorganGenerator
[11:41:53] DEPRECATION WARNING: please use MorganGenerator
[11:41:53] DEPRECATION WARNING: please use MorganGenerator
[11:41:53] DEPRECATION WARNING: please use MorganGenerator
[11:41:53] DEPRECATION WARNING: please use MorganGenerator
[11:41:53] DEPRECATION WARNING: please use MorganGenerator
[11:41:53] DEPRECATION WARNING: please use MorganGenerator
[11:41:53] DEPRECATION WARNING: please use MorganGenerator
[11:41:53] DEPRECATION WARNING: please use MorganGenerator
[11:41:53] DEPRECATION WARNING: please use MorganGenerator
[11:41:53] DEPRECATION WARNING: please use MorganGenerator
[11:41:53] DEPRECATION WARNING: please use MorganGenerator
[11:41:53] DEPRECATION WARNING: please use MorganGenerator
[11:41:53] DEPRECATION WARNING: please use MorganGenerator
[11:41:53] DEPRECATION WARNING: please use MorganGenerator
[11:41:53] DEPRECATION WARNING: please use MorganGenerator
[11:41:53] DEPRECATION WARNING: please use MorganGenerator
[11:41:53] DEPRECATION WARNING: please use MorganGenerator
[11:41:53] DEPRECATION WARNING: please use MorganGenerator
[11:41:53] DEPRECATION WARNING: please use MorganGenerator
[11:41:53] DEPRECATION WARNING: please use MorganGenerator
[11:41:53] DEPRECATION WARNING: please use MorganGenerator
[11:41:53] DEPRECATION WARNING: please use MorganGenerator
[11:41:53] DEPRECATION WARNING: please use MorganGenerator
[11:41:53] DEPRECATION WARNING: please use MorganGenerator
[11:41:53] DEPRECATION WARNING: please use MorganGenerator
[11:41:53] DEPRECATION WARNING: please use MorganGenerator
[11:41:53] DEPRECATION WARNING: please use MorganGenerator
[11:41:53] DEPRECATION WARNING: please use MorganGenerator
[11:41:53] DEPRECATION WARNING: please use MorganGenerator
[11:41:53] DEPRECATION WARNING: please use MorganGenerator
[11:41:53] DEPRECATION WARNING: please use MorganGenerator
[11:41:53] DEPRECATION WARNING: please use MorganGenerator
[11:41:53] DEPRECATION WARNING: please use MorganGenerator
[11:41:53] DEPRECATION WARNING: please use MorganGenerator
[11:41:53] DEPRECATION WARNING: please use MorganGenerator
[11:41:53] DEPRECATION WARNING: please use MorganGenerator
[11:41:53] DEPRECATION WARNING: please use MorganGenerator
[11:41:53] DEPRECATION WARNING: please use MorganGenerator
[11:41:53] DEPRECATION WARNING: please use MorganGenerator
[11:41:53] DEPRECATION WARNING: please use MorganGenerator
[11:41:53] DEPRECATION WARNING: please use MorganGenerator
[11:41:53] DEPRECATION WARNING: please use MorganGenerator
[11:41:53] DEPRECATION WARNING: please use MorganGenerator
[11:41:53] DEPRECATION WARNING: please use MorganGenerator
[11:41:53] DEPRECATION WARNING: please use MorganGenerator
[11:41:53] DEPRECATION WARNING: please use MorganGenerator
[11:41:53] DEPRECATION WARNING: please use MorganGenerator
[11:41:53] DEPRECATION WARNING: please use MorganGenerator
[11:41:53] DEPRECATION WARNING: please use MorganGenerator
[11:41:53] DEPRECATION WARNING: please use MorganGenerator
[11:41:53] DEPRECATION WARNING: please use MorganGenerator
[11:41:53] DEPRECATION WARNING: please use MorganGenerator
[11:41:53] DEPRECATION WARNING: please use MorganGenerator
[11:41:53] DEPRECATION WARNING: please use MorganGenerator
[11:41:53] DEPRECATION WARNING: please use MorganGenerator
[11:41:53] DEPRECATION WARNING: please use MorganGenerator
[11:41:53] DEPRECATION WARNING: please use MorganGenerator
[11:41:53] Can't kekulize mol.  Unkekulized atoms: 1 2 10 15 16
[11:41:53] ERROR: Could not sanitize molecule ending on line 60
[11:41:53] ERROR: Can't kekulize mol.  Unkekulized atoms: 1 2 10 15 16
[11:41:53] DEPRECATION WARNING: please use MorganGenerator
[11:41:53] DEPRECATION WARNING: please use MorganGenerator
[11:41:53] DEPRECATION WARNING: please use MorganGenerator
[11:41:53] DEPRECATION WARNING: please use MorganGenerator
[11:41:53] DEPRECATION WARNING: please use MorganGenerator
[11:41:53] DEPRECATION WARNING: please use MorganGenerator
[11:41:53] DEPRECATION WARNING: please use MorganGenerator
[11:41:53] DEPRECATION WARNING: please use MorganGenerator
[11:41:53] DEPRECATION WARNING: please use MorganGenerator
[11:41:53] DEPRECATION WARNING: please use MorganGenerator
[11:41:53] DEPRECATION WARNING: please use MorganGenerator
[11:41:53] DEPRECATION WARNING: please use MorganGenerator
[11:41:53] DEPRECATION WARNING: please use MorganGenerator
[11:41:53] DEPRECATION WARNING: please use MorganGenerator
[11:41:53] DEPRECATION WARNING: please use MorganGenerator
[11:41:53] DEPRECATION WARNING: please use MorganGenerator
[11:41:53] DEPRECATION WARNING: please use MorganGenerator
[11:41:53] DEPRECATION WARNING: please use MorganGenerator
[11:41:53] DEPRECATION WARNING: please use MorganGenerator
[11:41:53] DEPRECATION WARNING: please use MorganGenerator
[11:41:53] DEPRECATION WARNING: please use MorganGenerator
[11:41:53] DEPRECATION WARNING: please use MorganGenerator
[11:41:53] DEPRECATION WARNING: please use MorganGenerator
[11:41:53] DEPRECATION WARNING: please use MorganGenerator
[11:41:53] DEPRECATION WARNING: please use MorganGenerator
[11:41:53] DEPRECATION WARNING: please use MorganGenerator
[11:41:53] DEPRECATION WARNING: please use MorganGenerator
[11:41:53] DEPRECATION WARNING: please use MorganGenerator
[11:41:53] DEPRECATION WARNING: please use MorganGenerator
[11:41:53] DEPRECATION WARNING: please use MorganGenerator
[11:41:53] DEPRECATION WARNING: please use MorganGenerator
[11:41:53] DEPRECATION WARNING: please use MorganGenerator
[11:41:53] DEPRECATION WARNING: please use MorganGenerator
[11:41:53] DEPRECATION WARNING: please use MorganGenerator
[11:41:53] DEPRECATION WARNING: please use MorganGenerator
[11:41:53] DEPRECATION WARNING: please use MorganGenerator
[11:41:53] DEPRECATION WARNING: please use MorganGenerator
[11:41:53] DEPRECATION WARNING: please use MorganGenerator
[11:41:53] DEPRECATION WARNING: please use MorganGenerator
[11:41:53] DEPRECATION WARNING: please use MorganGenerator
[11:41:53] DEPRECATION WARNING: please use MorganGenerator
[11:41:53] DEPRECATION WARNING: please use MorganGenerator
[11:41:53] DEPRECATION WARNING: please use MorganGenerator
[11:41:53] DEPRECATION WARNING: please use MorganGenerator
[11:41:53] DEPRECATION WARNING: please use MorganGenerator
[11:41:53] DEPRECATION WARNING: please use MorganGenerator
[11:41:53] DEPRECATION WARNING: please use MorganGenerator
[11:41:53] DEPRECATION WARNING: please use MorganGenerator
[11:41:53] DEPRECATION WARNING: please use MorganGenerator
[11:41:53] DEPRECATION WARNING: please use MorganGenerator
[11:41:53] DEPRECATION WARNING: please use MorganGenerator
[11:41:53] DEPRECATION WARNING: please use MorganGenerator
[11:41:53] DEPRECATION WARNING: please use MorganGenerator
[11:41:53] DEPRECATION WARNING: please use MorganGenerator
[11:41:53] DEPRECATION WARNING: please use MorganGenerator
[11:41:53] DEPRECATION WARNING: please use MorganGenerator
[11:41:53] DEPRECATION WARNING: please use MorganGenerator
[11:41:53] DEPRECATION WARNING: please use MorganGenerator
[11:41:53] DEPRECATION WARNING: please use MorganGenerator
[11:41:53] DEPRECATION WARNING: please use MorganGenerator
[11:41:53] DEPRECATION WARNING: please use MorganGenerator
[11:41:53] DEPRECATION WARNING: please use MorganGenerator
[11:41:53] DEPRECATION WARNING: please use MorganGenerator
[11:41:53] DEPRECATION WARNING: please use MorganGenerator
[11:41:53] DEPRECATION WARNING: please use MorganGenerator
[11:41:53] DEPRECATION WARNING: please use MorganGenerator
[11:41:53] DEPRECATION WARNING: please use MorganGenerator
[11:41:53] DEPRECATION WARNING: please use MorganGenerator
[11:41:53] DEPRECATION WARNING: please use MorganGenerator
[11:41:53] DEPRECATION WARNING: please use MorganGenerator
[11:41:53] DEPRECATION WARNING: please use MorganGenerator
[11:41:53] DEPRECATION WARNING: please use MorganGenerator
[11:41:53] DEPRECATION WARNING: please use MorganGenerator
[11:41:53] DEPRECATION WARNING: please use MorganGenerator
[11:41:53] DEPRECATION WARNING: please use MorganGenerator
[11:41:53] DEPRECATION WARNING: please use MorganGenerator
[11:41:53] DEPRECATION WARNING: please use MorganGenerator
[11:41:53] DEPRECATION WARNING: please use MorganGenerator
[11:41:53] DEPRECATION WARNING: please use MorganGenerator
[11:41:53] DEPRECATION WARNING: please use MorganGenerator
[11:41:53] DEPRECATION WARNING: please use MorganGenerator
[11:41:53] DEPRECATION WARNING: please use MorganGenerator
[11:41:53] DEPRECATION WARNING: please use MorganGenerator
[11:41:53] DEPRECATION WARNING: please use MorganGenerator
[11:41:53] DEPRECATION WARNING: please use MorganGenerator
[11:41:53] DEPRECATION WARNING: please use MorganGenerator
[11:41:53] DEPRECATION WARNING: please use MorganGenerator
[11:41:53] DEPRECATION WARNING: please use MorganGenerator
[11:41:53] DEPRECATION WARNING: please use MorganGenerator
[11:41:53] DEPRECATION WARNING: please use MorganGenerator
[11:41:53] DEPRECATION WARNING: please use MorganGenerator
[11:41:53] DEPRECATION WARNING: please use MorganGenerator
[11:41:53] DEPRECATION WARNING: please use MorganGenerator
[11:41:53] DEPRECATION WARNING: please use MorganGenerator
[11:41:53] DEPRECATION WARNING: please use MorganGenerator
[11:41:53] DEPRECATION WARNING: please use MorganGenerator
[11:41:53] DEPRECATION WARNING: please use MorganGenerator
[11:41:53] DEPRECATION WARNING: please use MorganGenerator
[11:41:53] DEPRECATION WARNING: please use MorganGenerator
[11:41:53] DEPRECATION WARNING: please use MorganGenerator
[11:41:53] DEPRECATION WARNING: please use MorganGenerator
[11:41:53] DEPRECATION WARNING: please use MorganGenerator
[11:41:53] DEPRECATION WARNING: please use MorganGenerator
[11:41:53] DEPRECATION WARNING: please use MorganGenerator
[11:41:53] DEPRECATION WARNING: please use MorganGenerator
[11:41:53] DEPRECATION WARNING: please use MorganGenerator
[11:41:53] DEPRECATION WARNING: please use MorganGenerator
[11:41:53] DEPRECATION WARNING: please use MorganGenerator
[11:41:53] Explicit valence for atom # 5 O, 4, is greater than permitted
[11:41:53] ERROR: Could not sanitize molecule ending on line 69
[11:41:53] ERROR: Explicit valence for atom # 5 O, 4, is greater than permitted
[11:41:53] Explicit valence for atom # 16 O, 3, is greater than permitted
[11:41:53] ERROR: Could not sanitize molecule ending on line 69
[11:41:53] ERROR: Explicit valence for atom # 16 O, 3, is greater than permitted
[11:41:53] Can't kekulize mol.  Unkekulized atoms: 4 11 13 15 17
[11:41:53] ERROR: Could not sanitize molecule ending on line 55
[11:41:53] ERROR: Can't kekulize mol.  Unkekulized atoms: 4 11 13 15 17
[11:41:53] Explicit valence for atom # 5 P, 6, is greater than permitted
[11:41:53] ERROR: Could not sanitize molecule ending on line 76
[11:41:53] ERROR: Explicit valence for atom # 5 P, 6, is greater than permitted
[11:41:53] Explicit valence for atom # 5 O, 3, is greater than permitted
[11:41:53] ERROR: Could not sanitize molecule ending on line 72
[11:41:53] ERROR: Explicit valence for atom # 5 O, 3, is greater than permitted
[11:41:53] Can't kekulize mol.  Unkekulized atoms: 3 11 15 21 24 25 36 40 42
[11:41:53] ERROR: Could not sanitize molecule ending on line 101
[11:41:53] ERROR: Can't kekulize mol.  Unkekulized atoms: 3 11 15 21 24 25 36 40 42
[11:41:53] Explicit valence for atom # 6 O, 3, is greater than permitted
[11:41:53] ERROR: Could not sanitize molecule ending on line 72
[11:41:53] ERROR: Explicit valence for atom # 6 O, 3, is greater than permitted
[11:41:53] Explicit valence for atom # 11 C, 5, is greater than permitted
[11:41:53] ERROR: Could not sanitize molecule ending on line 82
[11:41:53] ERROR: Explicit valence for atom # 11 C, 5, is greater than permitted
[11:41:53] DEPRECATION WARNING: please use MorganGenerator
[11:41:53] DEPRECATION WARNING: please use MorganGenerator
[11:41:53] DEPRECATION WARNING: please use MorganGenerator
[11:41:53] DEPRECATION WARNING: please use MorganGenerator
[11:41:53] DEPRECATION WARNING: please use MorganGenerator
[11:41:53] DEPRECATION WARNING: please use MorganGenerator
[11:41:53] DEPRECATION WARNING: please use MorganGenerator
[11:41:53] DEPRECATION WARNING: please use MorganGenerator
[11:41:53] DEPRECATION WARNING: please use MorganGenerator
[11:41:53] DEPRECATION WARNING: please use MorganGenerator
[11:41:53] DEPRECATION WARNING: please use MorganGenerator
[11:41:53] DEPRECATION WARNING: please use MorganGenerator
[11:41:53] DEPRECATION WARNING: please use MorganGenerator
[11:41:53] DEPRECATION WARNING: please use MorganGenerator
[11:41:53] DEPRECATION WARNING: please use MorganGenerator
[11:41:53] DEPRECATION WARNING: please use MorganGenerator
[11:41:53] DEPRECATION WARNING: please use MorganGenerator
[11:41:53] DEPRECATION WARNING: please use MorganGenerator
[11:41:53] DEPRECATION WARNING: please use MorganGenerator
[11:41:53] DEPRECATION WARNING: please use MorganGenerator
[11:41:53] DEPRECATION WARNING: please use MorganGenerator
[11:41:53] DEPRECATION WARNING: please use MorganGenerator
[11:41:53] DEPRECATION WARNING: please use MorganGenerator
[11:41:53] DEPRECATION WARNING: please use MorganGenerator
[11:41:53] DEPRECATION WARNING: please use MorganGenerator
[11:41:53] DEPRECATION WARNING: please use MorganGenerator
[11:41:53] DEPRECATION WARNING: please use MorganGenerator
[11:41:53] DEPRECATION WARNING: please use MorganGenerator
[11:41:53] DEPRECATION WARNING: please use MorganGenerator
[11:41:53] DEPRECATION WARNING: please use MorganGenerator
[11:41:53] DEPRECATION WARNING: please use MorganGenerator
[11:41:53] DEPRECATION WARNING: please use MorganGenerator
[11:41:53] DEPRECATION WARNING: please use MorganGenerator
[11:41:53] DEPRECATION WARNING: please use MorganGenerator
[11:41:53] DEPRECATION WARNING: please use MorganGenerator
[11:41:53] DEPRECATION WARNING: please use MorganGenerator
[11:41:53] DEPRECATION WARNING: please use MorganGenerator
[11:41:53] DEPRECATION WARNING: please use MorganGenerator
[11:41:53] DEPRECATION WARNING: please use MorganGenerator
[11:41:53] DEPRECATION WARNING: please use MorganGenerator
[11:41:53] DEPRECATION WARNING: please use MorganGenerator
[11:41:53] DEPRECATION WARNING: please use MorganGenerator
[11:41:53] DEPRECATION WARNING: please use MorganGenerator
[11:41:53] DEPRECATION WARNING: please use MorganGenerator
[11:41:53] DEPRECATION WARNING: please use MorganGenerator
[11:41:53] DEPRECATION WARNING: please use MorganGenerator
[11:41:53] DEPRECATION WARNING: please use MorganGenerator
[11:41:53] DEPRECATION WARNING: please use MorganGenerator
[11:41:53] DEPRECATION WARNING: please use MorganGenerator
[11:41:53] DEPRECATION WARNING: please use MorganGenerator
[11:41:53] DEPRECATION WARNING: please use MorganGenerator
[11:41:53] DEPRECATION WARNING: please use MorganGenerator
[11:41:53] DEPRECATION WARNING: please use MorganGenerator
[11:41:53] DEPRECATION WARNING: please use MorganGenerator
[11:41:53] DEPRECATION WARNING: please use MorganGenerator
[11:41:53] DEPRECATION WARNING: please use MorganGenerator
[11:41:53] DEPRECATION WARNING: please use MorganGenerator
[11:41:53] DEPRECATION WARNING: please use MorganGenerator
[11:41:53] DEPRECATION WARNING: please use MorganGenerator
[11:41:53] DEPRECATION WARNING: please use MorganGenerator
[11:41:53] DEPRECATION WARNING: please use MorganGenerator
[11:41:53] DEPRECATION WARNING: please use MorganGenerator
[11:41:53] DEPRECATION WARNING: please use MorganGenerator
[11:41:53] DEPRECATION WARNING: please use MorganGenerator
[11:41:53] DEPRECATION WARNING: please use MorganGenerator
[11:41:53] DEPRECATION WARNING: please use MorganGenerator
[11:41:53] DEPRECATION WARNING: please use MorganGenerator
[11:41:53] DEPRECATION WARNING: please use MorganGenerator
[11:41:53] DEPRECATION WARNING: please use MorganGenerator
[11:41:53] DEPRECATION WARNING: please use MorganGenerator
[11:41:53] DEPRECATION WARNING: please use MorganGenerator
[11:41:53] DEPRECATION WARNING: please use MorganGenerator
[11:41:53] DEPRECATION WARNING: please use MorganGenerator
[11:41:53] DEPRECATION WARNING: please use MorganGenerator
[11:41:53] DEPRECATION WARNING: please use MorganGenerator
[11:41:53] DEPRECATION WARNING: please use MorganGenerator
[11:41:53] DEPRECATION WARNING: please use MorganGenerator
[11:41:53] DEPRECATION WARNING: please use MorganGenerator
[11:41:53] DEPRECATION WARNING: please use MorganGenerator
[11:41:53] DEPRECATION WARNING: please use MorganGenerator
[11:41:53] DEPRECATION WARNING: please use MorganGenerator
[11:41:53] DEPRECATION WARNING: please use MorganGenerator
[11:41:53] DEPRECATION WARNING: please use MorganGenerator
[11:41:53] DEPRECATION WARNING: please use MorganGenerator
[11:41:53] DEPRECATION WARNING: please use MorganGenerator
[11:41:53] DEPRECATION WARNING: please use MorganGenerator
[11:41:53] DEPRECATION WARNING: please use MorganGenerator
[11:41:53] DEPRECATION WARNING: please use MorganGenerator
[11:41:53] DEPRECATION WARNING: please use MorganGenerator
[11:41:53] DEPRECATION WARNING: please use MorganGenerator
[11:41:53] DEPRECATION WARNING: please use MorganGenerator
[11:41:53] DEPRECATION WARNING: please use MorganGenerator
[11:41:53] DEPRECATION WARNING: please use MorganGenerator
[11:41:53] DEPRECATION WARNING: please use MorganGenerator
MaxMin selection:  20%|██        | 20/100 [00:00<00:02, 29.22it/s][11:41:53] Can't kekulize mol.  Unkekulized atoms: 3 9 13 15 16
[11:41:53] ERROR: Could not sanitize molecule ending on line 47
[11:41:53] ERROR: Can't kekulize mol.  Unkekulized atoms: 3 9 13 15 16
[11:41:53] Explicit valence for atom # 11 O, 3, is greater than permitted
[11:41:53] ERROR: Could not sanitize molecule ending on line 70
[11:41:53] ERROR: Explicit valence for atom # 11 O, 3, is greater than permitted
[11:41:53] Can't kekulize mol.  Unkekulized atoms: 2 7 10 13 19
[11:41:53] ERROR: Could not sanitize molecule ending on line 46
[11:41:53] ERROR: Can't kekulize mol.  Unkekulized atoms: 2 7 10 13 19
[11:41:53] Can't kekulize mol.  Unkekulized atoms: 7 8 19
[11:41:53] ERROR: Could not sanitize molecule ending on line 81
[11:41:53] ERROR: Can't kekulize mol.  Unkekulized atoms: 7 8 19
[11:41:53] DEPRECATION WARNING: please use MorganGenerator
[11:41:53] DEPRECATION WARNING: please use MorganGenerator
[11:41:53] DEPRECATION WARNING: please use MorganGenerator
[11:41:53] DEPRECATION WARNING: please use MorganGenerator
[11:41:53] DEPRECATION WARNING: please use MorganGenerator
[11:41:53] DEPRECATION WARNING: please use MorganGenerator
[11:41:53] DEPRECATION WARNING: please use MorganGenerator
[11:41:53] DEPRECATION WARNING: please use MorganGenerator
[11:41:53] DEPRECATION WARNING: please use MorganGenerator
[11:41:53] DEPRECATION WARNING: please use MorganGenerator
[11:41:53] DEPRECATION WARNING: please use MorganGenerator
[11:41:53] DEPRECATION WARNING: please use MorganGenerator
[11:41:53] DEPRECATION WARNING: please use MorganGenerator
[11:41:53] DEPRECATION WARNING: please use MorganGenerator
[11:41:53] DEPRECATION WARNING: please use MorganGenerator
[11:41:53] DEPRECATION WARNING: please use MorganGenerator
[11:41:53] DEPRECATION WARNING: please use MorganGenerator
[11:41:53] DEPRECATION WARNING: please use MorganGenerator
[11:41:53] DEPRECATION WARNING: please use MorganGenerator
[11:41:53] DEPRECATION WARNING: please use MorganGenerator
[11:41:53] DEPRECATION WARNING: please use MorganGenerator
[11:41:53] DEPRECATION WARNING: please use MorganGenerator
[11:41:53] DEPRECATION WARNING: please use MorganGenerator
[11:41:53] DEPRECATION WARNING: please use MorganGenerator
[11:41:53] DEPRECATION WARNING: please use MorganGenerator
[11:41:53] DEPRECATION WARNING: please use MorganGenerator
[11:41:53] DEPRECATION WARNING: please use MorganGenerator
[11:41:53] DEPRECATION WARNING: please use MorganGenerator
[11:41:53] DEPRECATION WARNING: please use MorganGenerator
[11:41:53] DEPRECATION WARNING: please use MorganGenerator
[11:41:53] DEPRECATION WARNING: please use MorganGenerator
[11:41:53] DEPRECATION WARNING: please use MorganGenerator
[11:41:53] DEPRECATION WARNING: please use MorganGenerator
[11:41:53] DEPRECATION WARNING: please use MorganGenerator
[11:41:53] DEPRECATION WARNING: please use MorganGenerator
[11:41:53] DEPRECATION WARNING: please use MorganGenerator
[11:41:53] DEPRECATION WARNING: please use MorganGenerator
[11:41:53] DEPRECATION WARNING: please use MorganGenerator
[11:41:53] DEPRECATION WARNING: please use MorganGenerator
[11:41:53] DEPRECATION WARNING: please use MorganGenerator
[11:41:53] DEPRECATION WARNING: please use MorganGenerator
[11:41:53] DEPRECATION WARNING: please use MorganGenerator
[11:41:53] DEPRECATION WARNING: please use MorganGenerator
[11:41:53] DEPRECATION WARNING: please use MorganGenerator
[11:41:53] DEPRECATION WARNING: please use MorganGenerator
[11:41:53] DEPRECATION WARNING: please use MorganGenerator
[11:41:53] DEPRECATION WARNING: please use MorganGenerator
[11:41:53] DEPRECATION WARNING: please use MorganGenerator
[11:41:53] DEPRECATION WARNING: please use MorganGenerator
[11:41:53] DEPRECATION WARNING: please use MorganGenerator
[11:41:53] DEPRECATION WARNING: please use MorganGenerator
[11:41:53] DEPRECATION WARNING: please use MorganGenerator
[11:41:53] DEPRECATION WARNING: please use MorganGenerator
[11:41:53] DEPRECATION WARNING: please use MorganGenerator
[11:41:53] DEPRECATION WARNING: please use MorganGenerator
[11:41:53] DEPRECATION WARNING: please use MorganGenerator
[11:41:53] DEPRECATION WARNING: please use MorganGenerator
[11:41:53] DEPRECATION WARNING: please use MorganGenerator
[11:41:53] DEPRECATION WARNING: please use MorganGenerator
[11:41:53] DEPRECATION WARNING: please use MorganGenerator
[11:41:53] DEPRECATION WARNING: please use MorganGenerator
[11:41:53] DEPRECATION WARNING: please use MorganGenerator
[11:41:53] DEPRECATION WARNING: please use MorganGenerator
[11:41:53] DEPRECATION WARNING: please use MorganGenerator
[11:41:53] DEPRECATION WARNING: please use MorganGenerator
[11:41:53] DEPRECATION WARNING: please use MorganGenerator
[11:41:53] DEPRECATION WARNING: please use MorganGenerator
[11:41:53] DEPRECATION WARNING: please use MorganGenerator
[11:41:53] DEPRECATION WARNING: please use MorganGenerator
[11:41:53] DEPRECATION WARNING: please use MorganGenerator
[11:41:53] DEPRECATION WARNING: please use MorganGenerator
[11:41:53] DEPRECATION WARNING: please use MorganGenerator
[11:41:53] DEPRECATION WARNING: please use MorganGenerator
[11:41:53] DEPRECATION WARNING: please use MorganGenerator
[11:41:53] DEPRECATION WARNING: please use MorganGenerator
[11:41:53] DEPRECATION WARNING: please use MorganGenerator
[11:41:53] DEPRECATION WARNING: please use MorganGenerator
[11:41:53] DEPRECATION WARNING: please use MorganGenerator
[11:41:53] DEPRECATION WARNING: please use MorganGenerator
[11:41:53] DEPRECATION WARNING: please use MorganGenerator
[11:41:53] DEPRECATION WARNING: please use MorganGenerator
[11:41:53] DEPRECATION WARNING: please use MorganGenerator
[11:41:53] DEPRECATION WARNING: please use MorganGenerator
[11:41:53] DEPRECATION WARNING: please use MorganGenerator
[11:41:53] DEPRECATION WARNING: please use MorganGenerator
[11:41:53] DEPRECATION WARNING: please use MorganGenerator
[11:41:53] DEPRECATION WARNING: please use MorganGenerator
[11:41:53] DEPRECATION WARNING: please use MorganGenerator
[11:41:53] DEPRECATION WARNING: please use MorganGenerator
[11:41:53] DEPRECATION WARNING: please use MorganGenerator
[11:41:53] DEPRECATION WARNING: please use MorganGenerator
[11:41:53] DEPRECATION WARNING: please use MorganGenerator
[11:41:53] DEPRECATION WARNING: please use MorganGenerator
[11:41:53] DEPRECATION WARNING: please use MorganGenerator
[11:41:53] DEPRECATION WARNING: please use MorganGenerator
[11:41:53] DEPRECATION WARNING: please use MorganGenerator
[11:41:53] DEPRECATION WARNING: please use MorganGenerator
[11:41:53] DEPRECATION WARNING: please use MorganGenerator
[11:41:53] DEPRECATION WARNING: please use MorganGenerator
[11:41:53] DEPRECATION WARNING: please use MorganGenerator
[11:41:53] DEPRECATION WARNING: please use MorganGenerator
[11:41:53] DEPRECATION WARNING: please use MorganGenerator
[11:41:53] Explicit valence for atom # 5 C, 5, is greater than permitted
[11:41:53] ERROR: Could not sanitize molecule ending on line 50
[11:41:53] ERROR: Explicit valence for atom # 5 C, 5, is greater than permitted
[11:41:53] Can't kekulize mol.  Unkekulized atoms: 2 3 4 5 6 12 13 14 15
[11:41:53] ERROR: Could not sanitize molecule ending on line 47
[11:41:53] ERROR: Can't kekulize mol.  Unkekulized atoms: 2 3 4 5 6 12 13 14 15
[11:41:53] Explicit valence for atom # 2 O, 3, is greater than permitted
[11:41:53] ERROR: Could not sanitize molecule ending on line 85
[11:41:53] ERROR: Explicit valence for atom # 2 O, 3, is greater than permitted
[11:41:53] Explicit valence for atom # 9 C, 5, is greater than permitted
[11:41:53] ERROR: Could not sanitize molecule ending on line 64
[11:41:53] ERROR: Explicit valence for atom # 9 C, 5, is greater than permitted
[11:41:53] Explicit valence for atom # 12 C, 5, is greater than permitted
[11:41:53] ERROR: Could not sanitize molecule ending on line 87
[11:41:53] ERROR: Explicit valence for atom # 12 C, 5, is greater than permitted
[11:41:53] Explicit valence for atom # 22 C, 5, is greater than permitted
[11:41:53] ERROR: Could not sanitize molecule ending on line 77
[11:41:53] ERROR: Explicit valence for atom # 22 C, 5, is greater than permitted
[11:41:53] Explicit valence for atom # 5 C, 5, is greater than permitted
[11:41:53] ERROR: Could not sanitize molecule ending on line 47
[11:41:53] ERROR: Explicit valence for atom # 5 C, 5, is greater than permitted
[11:41:53] Explicit valence for atom # 7 C, 5, is greater than permitted
[11:41:53] ERROR: Could not sanitize molecule ending on line 60
[11:41:53] ERROR: Explicit valence for atom # 7 C, 5, is greater than permitted
[11:41:53] Explicit valence for atom # 5 C, 5, is greater than permitted
[11:41:53] ERROR: Could not sanitize molecule ending on line 76
[11:41:53] ERROR: Explicit valence for atom # 5 C, 5, is greater than permitted
[11:41:53] Explicit valence for atom # 9 C, 5, is greater than permitted
[11:41:53] ERROR: Could not sanitize molecule ending on line 96
[11:41:53] ERROR: Explicit valence for atom # 9 C, 5, is greater than permitted
[11:41:53] Can't kekulize mol.  Unkekulized atoms: 1 2 4 5 6 9 10 12 13 15 16
[11:41:53] ERROR: Could not sanitize molecule ending on line 43
[11:41:53] ERROR: Can't kekulize mol.  Unkekulized atoms: 1 2 4 5 6 9 10 12 13 15 16
[11:41:53] Explicit valence for atom # 25 N, 4, is greater than permitted
[11:41:53] ERROR: Could not sanitize molecule ending on line 65
[11:41:53] ERROR: Explicit valence for atom # 25 N, 4, is greater than permitted
[11:41:53] DEPRECATION WARNING: please use MorganGenerator
[11:41:53] DEPRECATION WARNING: please use MorganGenerator
[11:41:53] DEPRECATION WARNING: please use MorganGenerator
[11:41:53] DEPRECATION WARNING: please use MorganGenerator
[11:41:53] DEPRECATION WARNING: please use MorganGenerator
[11:41:53] DEPRECATION WARNING: please use MorganGenerator
[11:41:53] DEPRECATION WARNING: please use MorganGenerator
[11:41:53] DEPRECATION WARNING: please use MorganGenerator
[11:41:53] DEPRECATION WARNING: please use MorganGenerator
[11:41:53] DEPRECATION WARNING: please use MorganGenerator
[11:41:53] DEPRECATION WARNING: please use MorganGenerator
[11:41:53] DEPRECATION WARNING: please use MorganGenerator
[11:41:53] DEPRECATION WARNING: please use MorganGenerator
[11:41:53] DEPRECATION WARNING: please use MorganGenerator
[11:41:53] DEPRECATION WARNING: please use MorganGenerator
[11:41:53] DEPRECATION WARNING: please use MorganGenerator
[11:41:53] DEPRECATION WARNING: please use MorganGenerator
[11:41:53] DEPRECATION WARNING: please use MorganGenerator
[11:41:53] DEPRECATION WARNING: please use MorganGenerator
[11:41:53] DEPRECATION WARNING: please use MorganGenerator
[11:41:53] DEPRECATION WARNING: please use MorganGenerator
[11:41:53] DEPRECATION WARNING: please use MorganGenerator
[11:41:53] DEPRECATION WARNING: please use MorganGenerator
[11:41:53] DEPRECATION WARNING: please use MorganGenerator
[11:41:53] DEPRECATION WARNING: please use MorganGenerator
[11:41:53] DEPRECATION WARNING: please use MorganGenerator
[11:41:53] DEPRECATION WARNING: please use MorganGenerator
[11:41:53] DEPRECATION WARNING: please use MorganGenerator
[11:41:53] DEPRECATION WARNING: please use MorganGenerator
[11:41:53] DEPRECATION WARNING: please use MorganGenerator
[11:41:53] DEPRECATION WARNING: please use MorganGenerator
[11:41:53] DEPRECATION WARNING: please use MorganGenerator
[11:41:53] DEPRECATION WARNING: please use MorganGenerator
[11:41:53] DEPRECATION WARNING: please use MorganGenerator
[11:41:53] DEPRECATION WARNING: please use MorganGenerator
[11:41:53] DEPRECATION WARNING: please use MorganGenerator
[11:41:53] DEPRECATION WARNING: please use MorganGenerator
[11:41:53] DEPRECATION WARNING: please use MorganGenerator
[11:41:53] DEPRECATION WARNING: please use MorganGenerator
[11:41:53] DEPRECATION WARNING: please use MorganGenerator
[11:41:53] DEPRECATION WARNING: please use MorganGenerator
[11:41:53] DEPRECATION WARNING: please use MorganGenerator
[11:41:53] DEPRECATION WARNING: please use MorganGenerator
[11:41:53] DEPRECATION WARNING: please use MorganGenerator
[11:41:53] DEPRECATION WARNING: please use MorganGenerator
[11:41:53] DEPRECATION WARNING: please use MorganGenerator
[11:41:53] DEPRECATION WARNING: please use MorganGenerator
[11:41:53] DEPRECATION WARNING: please use MorganGenerator
[11:41:53] DEPRECATION WARNING: please use MorganGenerator
[11:41:53] DEPRECATION WARNING: please use MorganGenerator
[11:41:53] DEPRECATION WARNING: please use MorganGenerator
[11:41:53] DEPRECATION WARNING: please use MorganGenerator
[11:41:53] DEPRECATION WARNING: please use MorganGenerator
[11:41:53] DEPRECATION WARNING: please use MorganGenerator
[11:41:53] DEPRECATION WARNING: please use MorganGenerator
[11:41:53] DEPRECATION WARNING: please use MorganGenerator
[11:41:53] DEPRECATION WARNING: please use MorganGenerator
[11:41:53] DEPRECATION WARNING: please use MorganGenerator
[11:41:53] DEPRECATION WARNING: please use MorganGenerator
[11:41:53] DEPRECATION WARNING: please use MorganGenerator
[11:41:53] DEPRECATION WARNING: please use MorganGenerator
[11:41:53] DEPRECATION WARNING: please use MorganGenerator
[11:41:53] DEPRECATION WARNING: please use MorganGenerator
[11:41:53] DEPRECATION WARNING: please use MorganGenerator
[11:41:53] DEPRECATION WARNING: please use MorganGenerator
[11:41:53] DEPRECATION WARNING: please use MorganGenerator
[11:41:53] DEPRECATION WARNING: please use MorganGenerator
[11:41:53] DEPRECATION WARNING: please use MorganGenerator
[11:41:53] DEPRECATION WARNING: please use MorganGenerator
[11:41:53] DEPRECATION WARNING: please use MorganGenerator
[11:41:53] DEPRECATION WARNING: please use MorganGenerator
[11:41:53] DEPRECATION WARNING: please use MorganGenerator
[11:41:53] DEPRECATION WARNING: please use MorganGenerator
[11:41:53] DEPRECATION WARNING: please use MorganGenerator
[11:41:53] DEPRECATION WARNING: please use MorganGenerator
[11:41:53] DEPRECATION WARNING: please use MorganGenerator
[11:41:53] DEPRECATION WARNING: please use MorganGenerator
[11:41:53] DEPRECATION WARNING: please use MorganGenerator
[11:41:53] DEPRECATION WARNING: please use MorganGenerator
[11:41:53] DEPRECATION WARNING: please use MorganGenerator
[11:41:53] DEPRECATION WARNING: please use MorganGenerator
[11:41:53] DEPRECATION WARNING: please use MorganGenerator
[11:41:53] DEPRECATION WARNING: please use MorganGenerator
[11:41:53] DEPRECATION WARNING: please use MorganGenerator
[11:41:53] DEPRECATION WARNING: please use MorganGenerator
[11:41:53] DEPRECATION WARNING: please use MorganGenerator
[11:41:53] DEPRECATION WARNING: please use MorganGenerator
[11:41:53] DEPRECATION WARNING: please use MorganGenerator
[11:41:53] DEPRECATION WARNING: please use MorganGenerator
[11:41:53] DEPRECATION WARNING: please use MorganGenerator
[11:41:53] DEPRECATION WARNING: please use MorganGenerator
[11:41:53] DEPRECATION WARNING: please use MorganGenerator
[11:41:53] DEPRECATION WARNING: please use MorganGenerator
[11:41:53] DEPRECATION WARNING: please use MorganGenerator
[11:41:53] DEPRECATION WARNING: please use MorganGenerator
[11:41:53] DEPRECATION WARNING: please use MorganGenerator
[11:41:53] DEPRECATION WARNING: please use MorganGenerator
[11:41:53] DEPRECATION WARNING: please use MorganGenerator
[11:41:53] DEPRECATION WARNING: please use MorganGenerator
[11:41:53] DEPRECATION WARNING: please use MorganGenerator
[11:41:53] DEPRECATION WARNING: please use MorganGenerator
[11:41:53] DEPRECATION WARNING: please use MorganGenerator
[11:41:53] DEPRECATION WARNING: please use MorganGenerator
[11:41:53] DEPRECATION WARNING: please use MorganGenerator
[11:41:53] DEPRECATION WARNING: please use MorganGenerator
[11:41:53] DEPRECATION WARNING: please use MorganGenerator
[11:41:53] DEPRECATION WARNING: please use MorganGenerator
[11:41:53] DEPRECATION WARNING: please use MorganGenerator
[11:41:53] DEPRECATION WARNING: please use MorganGenerator
[11:41:53] DEPRECATION WARNING: please use MorganGenerator
[11:41:53] DEPRECATION WARNING: please use MorganGenerator
[11:41:53] DEPRECATION WARNING: please use MorganGenerator
[11:41:53] DEPRECATION WARNING: please use MorganGenerator
[11:41:53] DEPRECATION WARNING: please use MorganGenerator
[11:41:53] DEPRECATION WARNING: please use MorganGenerator
[11:41:53] DEPRECATION WARNING: please use MorganGenerator
[11:41:53] DEPRECATION WARNING: please use MorganGenerator
[11:41:53] DEPRECATION WARNING: please use MorganGenerator
[11:41:53] DEPRECATION WARNING: please use MorganGenerator
[11:41:53] DEPRECATION WARNING: please use MorganGenerator
[11:41:53] DEPRECATION WARNING: please use MorganGenerator
[11:41:53] DEPRECATION WARNING: please use MorganGenerator
[11:41:53] DEPRECATION WARNING: please use MorganGenerator
[11:41:53] DEPRECATION WARNING: please use MorganGenerator
[11:41:53] DEPRECATION WARNING: please use MorganGenerator
[11:41:53] DEPRECATION WARNING: please use MorganGenerator
[11:41:53] DEPRECATION WARNING: please use MorganGenerator
[11:41:53] DEPRECATION WARNING: please use MorganGenerator
[11:41:53] DEPRECATION WARNING: please use MorganGenerator
[11:41:53] DEPRECATION WARNING: please use MorganGenerator
[11:41:53] DEPRECATION WARNING: please use MorganGenerator
[11:41:53] DEPRECATION WARNING: please use MorganGenerator
[11:41:53] DEPRECATION WARNING: please use MorganGenerator
[11:41:53] DEPRECATION WARNING: please use MorganGenerator
[11:41:53] DEPRECATION WARNING: please use MorganGenerator
[11:41:53] DEPRECATION WARNING: please use MorganGenerator
[11:41:53] DEPRECATION WARNING: please use MorganGenerator
[11:41:53] DEPRECATION WARNING: please use MorganGenerator
[11:41:53] DEPRECATION WARNING: please use MorganGenerator
[11:41:53] DEPRECATION WARNING: please use MorganGenerator
[11:41:53] DEPRECATION WARNING: please use MorganGenerator
[11:41:53] DEPRECATION WARNING: please use MorganGenerator
[11:41:53] DEPRECATION WARNING: please use MorganGenerator
[11:41:53] DEPRECATION WARNING: please use MorganGenerator
[11:41:53] DEPRECATION WARNING: please use MorganGenerator
[11:41:53] DEPRECATION WARNING: please use MorganGenerator
[11:41:53] DEPRECATION WARNING: please use MorganGenerator
[11:41:53] DEPRECATION WARNING: please use MorganGenerator
[11:41:53] DEPRECATION WARNING: please use MorganGenerator
[11:41:53] DEPRECATION WARNING: please use MorganGenerator
[11:41:53] DEPRECATION WARNING: please use MorganGenerator
[11:41:53] DEPRECATION WARNING: please use MorganGenerator
[11:41:53] DEPRECATION WARNING: please use MorganGenerator
[11:41:53] DEPRECATION WARNING: please use MorganGenerator
[11:41:53] DEPRECATION WARNING: please use MorganGenerator
[11:41:53] DEPRECATION WARNING: please use MorganGenerator
[11:41:53] DEPRECATION WARNING: please use MorganGenerator
[11:41:53] DEPRECATION WARNING: please use MorganGenerator
[11:41:53] DEPRECATION WARNING: please use MorganGenerator
[11:41:53] DEPRECATION WARNING: please use MorganGenerator
[11:41:53] DEPRECATION WARNING: please use MorganGenerator
[11:41:53] DEPRECATION WARNING: please use MorganGenerator
[11:41:53] DEPRECATION WARNING: please use MorganGenerator
[11:41:53] DEPRECATION WARNING: please use MorganGenerator
[11:41:53] DEPRECATION WARNING: please use MorganGenerator
[11:41:53] DEPRECATION WARNING: please use MorganGenerator
[11:41:53] DEPRECATION WARNING: please use MorganGenerator
[11:41:53] DEPRECATION WARNING: please use MorganGenerator
[11:41:53] DEPRECATION WARNING: please use MorganGenerator
[11:41:53] DEPRECATION WARNING: please use MorganGenerator
[11:41:53] DEPRECATION WARNING: please use MorganGenerator
[11:41:53] DEPRECATION WARNING: please use MorganGenerator
[11:41:53] DEPRECATION WARNING: please use MorganGenerator
[11:41:53] DEPRECATION WARNING: please use MorganGenerator
[11:41:53] DEPRECATION WARNING: please use MorganGenerator
[11:41:53] DEPRECATION WARNING: please use MorganGenerator
[11:41:53] DEPRECATION WARNING: please use MorganGenerator
[11:41:53] DEPRECATION WARNING: please use MorganGenerator
[11:41:53] DEPRECATION WARNING: please use MorganGenerator
[11:41:53] DEPRECATION WARNING: please use MorganGenerator
[11:41:53] DEPRECATION WARNING: please use MorganGenerator
[11:41:53] DEPRECATION WARNING: please use MorganGenerator
[11:41:53] DEPRECATION WARNING: please use MorganGenerator
[11:41:53] DEPRECATION WARNING: please use MorganGenerator
[11:41:53] DEPRECATION WARNING: please use MorganGenerator
[11:41:53] DEPRECATION WARNING: please use MorganGenerator
[11:41:53] DEPRECATION WARNING: please use MorganGenerator
[11:41:53] DEPRECATION WARNING: please use MorganGenerator
[11:41:53] DEPRECATION WARNING: please use MorganGenerator
[11:41:53] DEPRECATION WARNING: please use MorganGenerator
[11:41:53] DEPRECATION WARNING: please use MorganGenerator
[11:41:53] DEPRECATION WARNING: please use MorganGenerator
[11:41:53] DEPRECATION WARNING: please use MorganGenerator
[11:41:53] DEPRECATION WARNING: please use MorganGenerator
[11:41:53] DEPRECATION WARNING: please use MorganGenerator
[11:41:53] DEPRECATION WARNING: please use MorganGenerator
[11:41:53] Explicit valence for atom # 11 C, 5, is greater than permitted
[11:41:53] ERROR: Could not sanitize molecule ending on line 40
[11:41:53] ERROR: Explicit valence for atom # 11 C, 5, is greater than permitted
[11:41:53] Explicit valence for atom # 7 C, 5, is greater than permitted
[11:41:53] ERROR: Could not sanitize molecule ending on line 61
[11:41:53] ERROR: Explicit valence for atom # 7 C, 5, is greater than permitted
[11:41:53] Explicit valence for atom # 4 O, 3, is greater than permitted
[11:41:53] ERROR: Could not sanitize molecule ending on line 45
[11:41:53] ERROR: Explicit valence for atom # 4 O, 3, is greater than permitted
[11:41:53] Explicit valence for atom # 7 C, 5, is greater than permitted
[11:41:53] ERROR: Could not sanitize molecule ending on line 51
[11:41:53] ERROR: Explicit valence for atom # 7 C, 5, is greater than permitted
[11:41:53] Explicit valence for atom # 0 C, 5, is greater than permitted
[11:41:53] ERROR: Could not sanitize molecule ending on line 27
[11:41:53] ERROR: Explicit valence for atom # 0 C, 5, is greater than permitted
[11:41:53] Explicit valence for atom # 25 C, 5, is greater than permitted
[11:41:53] ERROR: Could not sanitize molecule ending on line 63
[11:41:53] ERROR: Explicit valence for atom # 25 C, 5, is greater than permitted
[11:41:53] DEPRECATION WARNING: please use MorganGenerator
[11:41:53] DEPRECATION WARNING: please use MorganGenerator
[11:41:53] DEPRECATION WARNING: please use MorganGenerator
[11:41:53] DEPRECATION WARNING: please use MorganGenerator
[11:41:53] DEPRECATION WARNING: please use MorganGenerator
[11:41:53] DEPRECATION WARNING: please use MorganGenerator
[11:41:53] DEPRECATION WARNING: please use MorganGenerator
[11:41:53] DEPRECATION WARNING: please use MorganGenerator
[11:41:53] DEPRECATION WARNING: please use MorganGenerator
[11:41:53] DEPRECATION WARNING: please use MorganGenerator
[11:41:53] DEPRECATION WARNING: please use MorganGenerator
[11:41:53] DEPRECATION WARNING: please use MorganGenerator
[11:41:53] DEPRECATION WARNING: please use MorganGenerator
[11:41:53] DEPRECATION WARNING: please use MorganGenerator
[11:41:53] DEPRECATION WARNING: please use MorganGenerator
[11:41:53] DEPRECATION WARNING: please use MorganGenerator
[11:41:53] DEPRECATION WARNING: please use MorganGenerator
[11:41:53] DEPRECATION WARNING: please use MorganGenerator
[11:41:53] DEPRECATION WARNING: please use MorganGenerator
[11:41:53] DEPRECATION WARNING: please use MorganGenerator
[11:41:53] DEPRECATION WARNING: please use MorganGenerator
[11:41:53] DEPRECATION WARNING: please use MorganGenerator
[11:41:53] DEPRECATION WARNING: please use MorganGenerator
[11:41:53] DEPRECATION WARNING: please use MorganGenerator
[11:41:53] DEPRECATION WARNING: please use MorganGenerator
[11:41:53] DEPRECATION WARNING: please use MorganGenerator
[11:41:53] DEPRECATION WARNING: please use MorganGenerator
[11:41:53] DEPRECATION WARNING: please use MorganGenerator
[11:41:53] DEPRECATION WARNING: please use MorganGenerator
[11:41:53] DEPRECATION WARNING: please use MorganGenerator
[11:41:53] DEPRECATION WARNING: please use MorganGenerator
[11:41:53] DEPRECATION WARNING: please use MorganGenerator
[11:41:53] DEPRECATION WARNING: please use MorganGenerator
[11:41:53] DEPRECATION WARNING: please use MorganGenerator
[11:41:53] DEPRECATION WARNING: please use MorganGenerator
[11:41:53] DEPRECATION WARNING: please use MorganGenerator
[11:41:53] DEPRECATION WARNING: please use MorganGenerator
[11:41:53] DEPRECATION WARNING: please use MorganGenerator
[11:41:53] DEPRECATION WARNING: please use MorganGenerator
[11:41:53] DEPRECATION WARNING: please use MorganGenerator
[11:41:53] DEPRECATION WARNING: please use MorganGenerator
[11:41:53] DEPRECATION WARNING: please use MorganGenerator
[11:41:53] DEPRECATION WARNING: please use MorganGenerator
[11:41:53] DEPRECATION WARNING: please use MorganGenerator
[11:41:53] DEPRECATION WARNING: please use MorganGenerator
[11:41:53] DEPRECATION WARNING: please use MorganGenerator
[11:41:53] DEPRECATION WARNING: please use MorganGenerator
[11:41:53] DEPRECATION WARNING: please use MorganGenerator
[11:41:53] DEPRECATION WARNING: please use MorganGenerator
[11:41:53] DEPRECATION WARNING: please use MorganGenerator
[11:41:53] DEPRECATION WARNING: please use MorganGenerator
[11:41:53] DEPRECATION WARNING: please use MorganGenerator
[11:41:53] DEPRECATION WARNING: please use MorganGenerator
[11:41:53] DEPRECATION WARNING: please use MorganGenerator
[11:41:53] DEPRECATION WARNING: please use MorganGenerator
[11:41:53] DEPRECATION WARNING: please use MorganGenerator
[11:41:53] DEPRECATION WARNING: please use MorganGenerator
[11:41:53] DEPRECATION WARNING: please use MorganGenerator
[11:41:53] DEPRECATION WARNING: please use MorganGenerator
[11:41:53] DEPRECATION WARNING: please use MorganGenerator
[11:41:53] DEPRECATION WARNING: please use MorganGenerator
[11:41:53] DEPRECATION WARNING: please use MorganGenerator
[11:41:53] DEPRECATION WARNING: please use MorganGenerator
[11:41:53] DEPRECATION WARNING: please use MorganGenerator
[11:41:53] DEPRECATION WARNING: please use MorganGenerator
[11:41:53] DEPRECATION WARNING: please use MorganGenerator
[11:41:53] DEPRECATION WARNING: please use MorganGenerator
[11:41:53] DEPRECATION WARNING: please use MorganGenerator
[11:41:53] DEPRECATION WARNING: please use MorganGenerator
[11:41:53] DEPRECATION WARNING: please use MorganGenerator
[11:41:53] DEPRECATION WARNING: please use MorganGenerator
[11:41:53] DEPRECATION WARNING: please use MorganGenerator
[11:41:53] DEPRECATION WARNING: please use MorganGenerator
[11:41:53] DEPRECATION WARNING: please use MorganGenerator
[11:41:53] DEPRECATION WARNING: please use MorganGenerator
[11:41:53] DEPRECATION WARNING: please use MorganGenerator
[11:41:53] DEPRECATION WARNING: please use MorganGenerator
[11:41:53] DEPRECATION WARNING: please use MorganGenerator
[11:41:53] DEPRECATION WARNING: please use MorganGenerator
[11:41:53] DEPRECATION WARNING: please use MorganGenerator
[11:41:53] DEPRECATION WARNING: please use MorganGenerator
[11:41:53] DEPRECATION WARNING: please use MorganGenerator
[11:41:53] DEPRECATION WARNING: please use MorganGenerator
[11:41:53] DEPRECATION WARNING: please use MorganGenerator
[11:41:53] DEPRECATION WARNING: please use MorganGenerator
[11:41:53] DEPRECATION WARNING: please use MorganGenerator
[11:41:53] DEPRECATION WARNING: please use MorganGenerator
[11:41:53] DEPRECATION WARNING: please use MorganGenerator
[11:41:53] DEPRECATION WARNING: please use MorganGenerator
[11:41:53] DEPRECATION WARNING: please use MorganGenerator
[11:41:53] DEPRECATION WARNING: please use MorganGenerator
[11:41:53] DEPRECATION WARNING: please use MorganGenerator
[11:41:53] DEPRECATION WARNING: please use MorganGenerator
[11:41:53] DEPRECATION WARNING: please use MorganGenerator
[11:41:53] DEPRECATION WARNING: please use MorganGenerator
[11:41:53] DEPRECATION WARNING: please use MorganGenerator
[11:41:53] DEPRECATION WARNING: please use MorganGenerator
[11:41:53] DEPRECATION WARNING: please use MorganGenerator
MaxMin selection:  24%|██▍       | 24/100 [00:00<00:02, 30.62it/s][11:41:53] Can't kekulize mol.  Unkekulized atoms: 0 5 7 10 11 12 15 16 17
[11:41:53] ERROR: Could not sanitize molecule ending on line 43
[11:41:53] ERROR: Can't kekulize mol.  Unkekulized atoms: 0 5 7 10 11 12 15 16 17
[11:41:53] Can't kekulize mol.  Unkekulized atoms: 0 2 11 18 23
[11:41:53] ERROR: Could not sanitize molecule ending on line 65
[11:41:53] ERROR: Can't kekulize mol.  Unkekulized atoms: 0 2 11 18 23
[11:41:53] Can't kekulize mol.  Unkekulized atoms: 0 4 5 9 10 13 15
[11:41:53] ERROR: Could not sanitize molecule ending on line 48
[11:41:53] ERROR: Can't kekulize mol.  Unkekulized atoms: 0 4 5 9 10 13 15
[11:41:53] Can't kekulize mol.  Unkekulized atoms: 0 1 9 10 12
[11:41:53] ERROR: Could not sanitize molecule ending on line 41
[11:41:53] ERROR: Can't kekulize mol.  Unkekulized atoms: 0 1 9 10 12
[11:41:53] Can't kekulize mol.  Unkekulized atoms: 11 14 17 18 32 34 36 38 43
[11:41:53] ERROR: Could not sanitize molecule ending on line 122
[11:41:53] ERROR: Can't kekulize mol.  Unkekulized atoms: 11 14 17 18 32 34 36 38 43
[11:41:53] Explicit valence for atom # 15 N, 4, is greater than permitted
[11:41:53] ERROR: Could not sanitize molecule ending on line 38
[11:41:53] ERROR: Explicit valence for atom # 15 N, 4, is greater than permitted
[11:41:53] DEPRECATION WARNING: please use MorganGenerator
[11:41:53] DEPRECATION WARNING: please use MorganGenerator
[11:41:53] DEPRECATION WARNING: please use MorganGenerator
[11:41:53] DEPRECATION WARNING: please use MorganGenerator
[11:41:53] DEPRECATION WARNING: please use MorganGenerator
[11:41:53] DEPRECATION WARNING: please use MorganGenerator
[11:41:53] DEPRECATION WARNING: please use MorganGenerator
[11:41:53] DEPRECATION WARNING: please use MorganGenerator
[11:41:53] DEPRECATION WARNING: please use MorganGenerator
[11:41:53] DEPRECATION WARNING: please use MorganGenerator
[11:41:53] DEPRECATION WARNING: please use MorganGenerator
[11:41:53] DEPRECATION WARNING: please use MorganGenerator
[11:41:53] DEPRECATION WARNING: please use MorganGenerator
[11:41:53] DEPRECATION WARNING: please use MorganGenerator
[11:41:53] DEPRECATION WARNING: please use MorganGenerator
[11:41:53] DEPRECATION WARNING: please use MorganGenerator
[11:41:53] DEPRECATION WARNING: please use MorganGenerator
[11:41:53] DEPRECATION WARNING: please use MorganGenerator
[11:41:53] DEPRECATION WARNING: please use MorganGenerator
[11:41:53] DEPRECATION WARNING: please use MorganGenerator
[11:41:53] DEPRECATION WARNING: please use MorganGenerator
[11:41:53] DEPRECATION WARNING: please use MorganGenerator
[11:41:53] DEPRECATION WARNING: please use MorganGenerator
[11:41:53] DEPRECATION WARNING: please use MorganGenerator
[11:41:53] DEPRECATION WARNING: please use MorganGenerator
[11:41:53] DEPRECATION WARNING: please use MorganGenerator
[11:41:53] DEPRECATION WARNING: please use MorganGenerator
[11:41:53] DEPRECATION WARNING: please use MorganGenerator
[11:41:53] DEPRECATION WARNING: please use MorganGenerator
[11:41:53] DEPRECATION WARNING: please use MorganGenerator
[11:41:53] DEPRECATION WARNING: please use MorganGenerator
[11:41:53] DEPRECATION WARNING: please use MorganGenerator
[11:41:53] DEPRECATION WARNING: please use MorganGenerator
[11:41:53] DEPRECATION WARNING: please use MorganGenerator
[11:41:53] DEPRECATION WARNING: please use MorganGenerator
[11:41:53] DEPRECATION WARNING: please use MorganGenerator
[11:41:53] DEPRECATION WARNING: please use MorganGenerator
[11:41:53] DEPRECATION WARNING: please use MorganGenerator
[11:41:53] DEPRECATION WARNING: please use MorganGenerator
[11:41:53] DEPRECATION WARNING: please use MorganGenerator
[11:41:53] DEPRECATION WARNING: please use MorganGenerator
[11:41:53] DEPRECATION WARNING: please use MorganGenerator
[11:41:53] DEPRECATION WARNING: please use MorganGenerator
[11:41:53] DEPRECATION WARNING: please use MorganGenerator
[11:41:53] DEPRECATION WARNING: please use MorganGenerator
[11:41:53] DEPRECATION WARNING: please use MorganGenerator
[11:41:53] DEPRECATION WARNING: please use MorganGenerator
[11:41:53] DEPRECATION WARNING: please use MorganGenerator
[11:41:53] DEPRECATION WARNING: please use MorganGenerator
[11:41:53] DEPRECATION WARNING: please use MorganGenerator
[11:41:53] DEPRECATION WARNING: please use MorganGenerator
[11:41:53] DEPRECATION WARNING: please use MorganGenerator
[11:41:53] DEPRECATION WARNING: please use MorganGenerator
[11:41:53] DEPRECATION WARNING: please use MorganGenerator
[11:41:53] DEPRECATION WARNING: please use MorganGenerator
[11:41:53] DEPRECATION WARNING: please use MorganGenerator
[11:41:53] DEPRECATION WARNING: please use MorganGenerator
[11:41:53] DEPRECATION WARNING: please use MorganGenerator
[11:41:53] DEPRECATION WARNING: please use MorganGenerator
[11:41:53] DEPRECATION WARNING: please use MorganGenerator
[11:41:53] DEPRECATION WARNING: please use MorganGenerator
[11:41:53] DEPRECATION WARNING: please use MorganGenerator
[11:41:53] DEPRECATION WARNING: please use MorganGenerator
[11:41:53] DEPRECATION WARNING: please use MorganGenerator
[11:41:53] DEPRECATION WARNING: please use MorganGenerator
[11:41:53] DEPRECATION WARNING: please use MorganGenerator
[11:41:53] DEPRECATION WARNING: please use MorganGenerator
[11:41:53] DEPRECATION WARNING: please use MorganGenerator
[11:41:53] DEPRECATION WARNING: please use MorganGenerator
[11:41:53] DEPRECATION WARNING: please use MorganGenerator
[11:41:53] DEPRECATION WARNING: please use MorganGenerator
[11:41:53] DEPRECATION WARNING: please use MorganGenerator
[11:41:53] DEPRECATION WARNING: please use MorganGenerator
[11:41:53] DEPRECATION WARNING: please use MorganGenerator
[11:41:53] DEPRECATION WARNING: please use MorganGenerator
[11:41:53] DEPRECATION WARNING: please use MorganGenerator
[11:41:53] DEPRECATION WARNING: please use MorganGenerator
[11:41:53] DEPRECATION WARNING: please use MorganGenerator
[11:41:53] DEPRECATION WARNING: please use MorganGenerator
[11:41:53] DEPRECATION WARNING: please use MorganGenerator
[11:41:53] DEPRECATION WARNING: please use MorganGenerator
[11:41:53] DEPRECATION WARNING: please use MorganGenerator
[11:41:53] DEPRECATION WARNING: please use MorganGenerator
[11:41:53] DEPRECATION WARNING: please use MorganGenerator
[11:41:53] DEPRECATION WARNING: please use MorganGenerator
[11:41:53] DEPRECATION WARNING: please use MorganGenerator
[11:41:53] DEPRECATION WARNING: please use MorganGenerator
[11:41:53] DEPRECATION WARNING: please use MorganGenerator
[11:41:53] DEPRECATION WARNING: please use MorganGenerator
[11:41:53] DEPRECATION WARNING: please use MorganGenerator
[11:41:53] DEPRECATION WARNING: please use MorganGenerator
[11:41:53] DEPRECATION WARNING: please use MorganGenerator
[11:41:53] DEPRECATION WARNING: please use MorganGenerator
[11:41:53] DEPRECATION WARNING: please use MorganGenerator
[11:41:53] DEPRECATION WARNING: please use MorganGenerator
[11:41:53] DEPRECATION WARNING: please use MorganGenerator
[11:41:53] DEPRECATION WARNING: please use MorganGenerator
[11:41:53] DEPRECATION WARNING: please use MorganGenerator
[11:41:53] Can't kekulize mol.  Unkekulized atoms: 0 4 5 6 7 21 22 23 25
[11:41:53] ERROR: Could not sanitize molecule ending on line 60
[11:41:53] ERROR: Can't kekulize mol.  Unkekulized atoms: 0 4 5 6 7 21 22 23 25
[11:41:53] Can't kekulize mol.  Unkekulized atoms: 1 11 13 14 16 17 20
[11:41:53] ERROR: Could not sanitize molecule ending on line 54
[11:41:53] ERROR: Can't kekulize mol.  Unkekulized atoms: 1 11 13 14 16 17 20
[11:41:53] DEPRECATION WARNING: please use MorganGenerator
[11:41:53] DEPRECATION WARNING: please use MorganGenerator
[11:41:53] DEPRECATION WARNING: please use MorganGenerator
[11:41:53] DEPRECATION WARNING: please use MorganGenerator
[11:41:53] DEPRECATION WARNING: please use MorganGenerator
[11:41:53] DEPRECATION WARNING: please use MorganGenerator
[11:41:53] DEPRECATION WARNING: please use MorganGenerator
[11:41:53] DEPRECATION WARNING: please use MorganGenerator
[11:41:53] DEPRECATION WARNING: please use MorganGenerator
[11:41:53] DEPRECATION WARNING: please use MorganGenerator
[11:41:53] DEPRECATION WARNING: please use MorganGenerator
[11:41:53] DEPRECATION WARNING: please use MorganGenerator
[11:41:53] DEPRECATION WARNING: please use MorganGenerator
[11:41:53] DEPRECATION WARNING: please use MorganGenerator
[11:41:53] DEPRECATION WARNING: please use MorganGenerator
[11:41:53] DEPRECATION WARNING: please use MorganGenerator
[11:41:53] DEPRECATION WARNING: please use MorganGenerator
[11:41:53] DEPRECATION WARNING: please use MorganGenerator
[11:41:53] DEPRECATION WARNING: please use MorganGenerator
[11:41:53] DEPRECATION WARNING: please use MorganGenerator
[11:41:53] DEPRECATION WARNING: please use MorganGenerator
[11:41:53] DEPRECATION WARNING: please use MorganGenerator
[11:41:53] DEPRECATION WARNING: please use MorganGenerator
[11:41:53] DEPRECATION WARNING: please use MorganGenerator
[11:41:53] DEPRECATION WARNING: please use MorganGenerator
[11:41:53] DEPRECATION WARNING: please use MorganGenerator
[11:41:53] DEPRECATION WARNING: please use MorganGenerator
[11:41:53] DEPRECATION WARNING: please use MorganGenerator
[11:41:53] DEPRECATION WARNING: please use MorganGenerator
[11:41:53] DEPRECATION WARNING: please use MorganGenerator
[11:41:53] DEPRECATION WARNING: please use MorganGenerator
[11:41:53] DEPRECATION WARNING: please use MorganGenerator
[11:41:53] DEPRECATION WARNING: please use MorganGenerator
[11:41:53] DEPRECATION WARNING: please use MorganGenerator
[11:41:53] DEPRECATION WARNING: please use MorganGenerator
[11:41:53] DEPRECATION WARNING: please use MorganGenerator
[11:41:53] DEPRECATION WARNING: please use MorganGenerator
[11:41:53] DEPRECATION WARNING: please use MorganGenerator
[11:41:53] DEPRECATION WARNING: please use MorganGenerator
[11:41:53] DEPRECATION WARNING: please use MorganGenerator
[11:41:53] DEPRECATION WARNING: please use MorganGenerator
[11:41:53] DEPRECATION WARNING: please use MorganGenerator
[11:41:53] DEPRECATION WARNING: please use MorganGenerator
[11:41:53] DEPRECATION WARNING: please use MorganGenerator
[11:41:53] DEPRECATION WARNING: please use MorganGenerator
[11:41:53] DEPRECATION WARNING: please use MorganGenerator
[11:41:53] DEPRECATION WARNING: please use MorganGenerator
[11:41:53] DEPRECATION WARNING: please use MorganGenerator
[11:41:53] DEPRECATION WARNING: please use MorganGenerator
[11:41:53] DEPRECATION WARNING: please use MorganGenerator
[11:41:53] DEPRECATION WARNING: please use MorganGenerator
[11:41:53] DEPRECATION WARNING: please use MorganGenerator
[11:41:53] DEPRECATION WARNING: please use MorganGenerator
[11:41:53] DEPRECATION WARNING: please use MorganGenerator
[11:41:53] DEPRECATION WARNING: please use MorganGenerator
[11:41:53] DEPRECATION WARNING: please use MorganGenerator
[11:41:53] DEPRECATION WARNING: please use MorganGenerator
[11:41:53] DEPRECATION WARNING: please use MorganGenerator
[11:41:53] DEPRECATION WARNING: please use MorganGenerator
[11:41:53] DEPRECATION WARNING: please use MorganGenerator
[11:41:53] DEPRECATION WARNING: please use MorganGenerator
[11:41:53] DEPRECATION WARNING: please use MorganGenerator
[11:41:53] DEPRECATION WARNING: please use MorganGenerator
[11:41:53] DEPRECATION WARNING: please use MorganGenerator
[11:41:53] DEPRECATION WARNING: please use MorganGenerator
[11:41:53] DEPRECATION WARNING: please use MorganGenerator
[11:41:53] DEPRECATION WARNING: please use MorganGenerator
[11:41:53] DEPRECATION WARNING: please use MorganGenerator
[11:41:53] DEPRECATION WARNING: please use MorganGenerator
[11:41:53] DEPRECATION WARNING: please use MorganGenerator
[11:41:53] DEPRECATION WARNING: please use MorganGenerator
[11:41:53] DEPRECATION WARNING: please use MorganGenerator
[11:41:53] DEPRECATION WARNING: please use MorganGenerator
[11:41:53] DEPRECATION WARNING: please use MorganGenerator
[11:41:53] DEPRECATION WARNING: please use MorganGenerator
[11:41:53] DEPRECATION WARNING: please use MorganGenerator
[11:41:53] DEPRECATION WARNING: please use MorganGenerator
[11:41:53] DEPRECATION WARNING: please use MorganGenerator
[11:41:53] DEPRECATION WARNING: please use MorganGenerator
[11:41:53] DEPRECATION WARNING: please use MorganGenerator
[11:41:53] DEPRECATION WARNING: please use MorganGenerator
[11:41:53] DEPRECATION WARNING: please use MorganGenerator
[11:41:53] DEPRECATION WARNING: please use MorganGenerator
[11:41:53] DEPRECATION WARNING: please use MorganGenerator
[11:41:53] DEPRECATION WARNING: please use MorganGenerator
[11:41:53] DEPRECATION WARNING: please use MorganGenerator
[11:41:53] DEPRECATION WARNING: please use MorganGenerator
[11:41:53] DEPRECATION WARNING: please use MorganGenerator
[11:41:53] DEPRECATION WARNING: please use MorganGenerator
[11:41:53] DEPRECATION WARNING: please use MorganGenerator
[11:41:53] DEPRECATION WARNING: please use MorganGenerator
[11:41:53] DEPRECATION WARNING: please use MorganGenerator
[11:41:53] DEPRECATION WARNING: please use MorganGenerator
[11:41:53] DEPRECATION WARNING: please use MorganGenerator
[11:41:53] DEPRECATION WARNING: please use MorganGenerator
[11:41:53] DEPRECATION WARNING: please use MorganGenerator
[11:41:53] DEPRECATION WARNING: please use MorganGenerator
[11:41:53] DEPRECATION WARNING: please use MorganGenerator
[11:41:53] DEPRECATION WARNING: please use MorganGenerator
[11:41:53] DEPRECATION WARNING: please use MorganGenerator
[11:41:53] DEPRECATION WARNING: please use MorganGenerator
[11:41:53] DEPRECATION WARNING: please use MorganGenerator
[11:41:53] DEPRECATION WARNING: please use MorganGenerator
[11:41:53] DEPRECATION WARNING: please use MorganGenerator
[11:41:53] DEPRECATION WARNING: please use MorganGenerator
[11:41:53] DEPRECATION WARNING: please use MorganGenerator
[11:41:53] Explicit valence for atom # 12 O, 3, is greater than permitted
[11:41:53] ERROR: Could not sanitize molecule ending on line 67
[11:41:53] ERROR: Explicit valence for atom # 12 O, 3, is greater than permitted
[11:41:53] Explicit valence for atom # 22 O, 3, is greater than permitted
[11:41:53] ERROR: Could not sanitize molecule ending on line 64
[11:41:53] ERROR: Explicit valence for atom # 22 O, 3, is greater than permitted
[11:41:53] Can't kekulize mol.  Unkekulized atoms: 2 6 9 12 13
[11:41:53] ERROR: Could not sanitize molecule ending on line 48
[11:41:53] ERROR: Can't kekulize mol.  Unkekulized atoms: 2 6 9 12 13
[11:41:53] Can't kekulize mol.  Unkekulized atoms: 0 1 4 7 15
[11:41:53] ERROR: Could not sanitize molecule ending on line 45
[11:41:53] ERROR: Can't kekulize mol.  Unkekulized atoms: 0 1 4 7 15
[11:41:53] Can't kekulize mol.  Unkekulized atoms: 6 14 20
[11:41:53] ERROR: Could not sanitize molecule ending on line 48
[11:41:53] ERROR: Can't kekulize mol.  Unkekulized atoms: 6 14 20
[11:41:53] Explicit valence for atom # 2 C, 6, is greater than permitted
[11:41:53] ERROR: Could not sanitize molecule ending on line 64
[11:41:53] ERROR: Explicit valence for atom # 2 C, 6, is greater than permitted
[11:41:53] Explicit valence for atom # 1 N, 6, is greater than permitted
[11:41:53] ERROR: Could not sanitize molecule ending on line 74
[11:41:53] ERROR: Explicit valence for atom # 1 N, 6, is greater than permitted
[11:41:53] Can't kekulize mol.  Unkekulized atoms: 0 3 5 12 15
[11:41:53] ERROR: Could not sanitize molecule ending on line 43
[11:41:53] ERROR: Can't kekulize mol.  Unkekulized atoms: 0 3 5 12 15
[11:41:53] Explicit valence for atom # 13 O, 4, is greater than permitted
[11:41:53] ERROR: Could not sanitize molecule ending on line 77
[11:41:53] ERROR: Explicit valence for atom # 13 O, 4, is greater than permitted
[11:41:53] Explicit valence for atom # 6 O, 4, is greater than permitted
[11:41:53] ERROR: Could not sanitize molecule ending on line 66
[11:41:53] ERROR: Explicit valence for atom # 6 O, 4, is greater than permitted
[11:41:53] Explicit valence for atom # 2 O, 3, is greater than permitted
[11:41:53] ERROR: Could not sanitize molecule ending on line 86
[11:41:53] ERROR: Explicit valence for atom # 2 O, 3, is greater than permitted
[11:41:53] Explicit valence for atom # 4 P, 6, is greater than permitted
[11:41:53] ERROR: Could not sanitize molecule ending on line 66
[11:41:53] ERROR: Explicit valence for atom # 4 P, 6, is greater than permitted
[11:41:53] Explicit valence for atom # 6 C, 7, is greater than permitted
[11:41:53] ERROR: Could not sanitize molecule ending on line 61
[11:41:53] ERROR: Explicit valence for atom # 6 C, 7, is greater than permitted
[11:41:53] DEPRECATION WARNING: please use MorganGenerator
[11:41:53] DEPRECATION WARNING: please use MorganGenerator
[11:41:53] DEPRECATION WARNING: please use MorganGenerator
[11:41:53] DEPRECATION WARNING: please use MorganGenerator
[11:41:53] DEPRECATION WARNING: please use MorganGenerator
[11:41:53] DEPRECATION WARNING: please use MorganGenerator
[11:41:53] DEPRECATION WARNING: please use MorganGenerator
[11:41:53] DEPRECATION WARNING: please use MorganGenerator
[11:41:53] DEPRECATION WARNING: please use MorganGenerator
[11:41:53] DEPRECATION WARNING: please use MorganGenerator
[11:41:53] DEPRECATION WARNING: please use MorganGenerator
[11:41:53] DEPRECATION WARNING: please use MorganGenerator
[11:41:53] DEPRECATION WARNING: please use MorganGenerator
[11:41:53] DEPRECATION WARNING: please use MorganGenerator
[11:41:53] DEPRECATION WARNING: please use MorganGenerator
[11:41:53] DEPRECATION WARNING: please use MorganGenerator
[11:41:53] DEPRECATION WARNING: please use MorganGenerator
[11:41:53] DEPRECATION WARNING: please use MorganGenerator
[11:41:53] DEPRECATION WARNING: please use MorganGenerator
[11:41:53] DEPRECATION WARNING: please use MorganGenerator
[11:41:53] DEPRECATION WARNING: please use MorganGenerator
[11:41:53] DEPRECATION WARNING: please use MorganGenerator
[11:41:53] DEPRECATION WARNING: please use MorganGenerator
[11:41:53] DEPRECATION WARNING: please use MorganGenerator
[11:41:53] DEPRECATION WARNING: please use MorganGenerator
[11:41:53] DEPRECATION WARNING: please use MorganGenerator
[11:41:53] DEPRECATION WARNING: please use MorganGenerator
[11:41:53] DEPRECATION WARNING: please use MorganGenerator
[11:41:53] DEPRECATION WARNING: please use MorganGenerator
[11:41:53] DEPRECATION WARNING: please use MorganGenerator
[11:41:53] DEPRECATION WARNING: please use MorganGenerator
[11:41:53] DEPRECATION WARNING: please use MorganGenerator
[11:41:53] DEPRECATION WARNING: please use MorganGenerator
[11:41:53] DEPRECATION WARNING: please use MorganGenerator
[11:41:53] DEPRECATION WARNING: please use MorganGenerator
[11:41:53] DEPRECATION WARNING: please use MorganGenerator
[11:41:53] DEPRECATION WARNING: please use MorganGenerator
[11:41:53] DEPRECATION WARNING: please use MorganGenerator
[11:41:53] DEPRECATION WARNING: please use MorganGenerator
[11:41:53] DEPRECATION WARNING: please use MorganGenerator
[11:41:53] DEPRECATION WARNING: please use MorganGenerator
[11:41:53] DEPRECATION WARNING: please use MorganGenerator
[11:41:53] DEPRECATION WARNING: please use MorganGenerator
[11:41:53] DEPRECATION WARNING: please use MorganGenerator
[11:41:53] DEPRECATION WARNING: please use MorganGenerator
[11:41:53] DEPRECATION WARNING: please use MorganGenerator
[11:41:53] DEPRECATION WARNING: please use MorganGenerator
[11:41:53] DEPRECATION WARNING: please use MorganGenerator
[11:41:53] DEPRECATION WARNING: please use MorganGenerator
[11:41:53] DEPRECATION WARNING: please use MorganGenerator
[11:41:53] DEPRECATION WARNING: please use MorganGenerator
[11:41:53] DEPRECATION WARNING: please use MorganGenerator
[11:41:53] DEPRECATION WARNING: please use MorganGenerator
[11:41:53] DEPRECATION WARNING: please use MorganGenerator
[11:41:53] DEPRECATION WARNING: please use MorganGenerator
[11:41:53] DEPRECATION WARNING: please use MorganGenerator
[11:41:53] DEPRECATION WARNING: please use MorganGenerator
[11:41:53] DEPRECATION WARNING: please use MorganGenerator
[11:41:53] DEPRECATION WARNING: please use MorganGenerator
[11:41:53] DEPRECATION WARNING: please use MorganGenerator
[11:41:53] DEPRECATION WARNING: please use MorganGenerator
[11:41:53] DEPRECATION WARNING: please use MorganGenerator
[11:41:53] DEPRECATION WARNING: please use MorganGenerator
[11:41:53] DEPRECATION WARNING: please use MorganGenerator
[11:41:53] DEPRECATION WARNING: please use MorganGenerator
[11:41:53] DEPRECATION WARNING: please use MorganGenerator
[11:41:53] DEPRECATION WARNING: please use MorganGenerator
[11:41:53] DEPRECATION WARNING: please use MorganGenerator
[11:41:53] DEPRECATION WARNING: please use MorganGenerator
[11:41:53] DEPRECATION WARNING: please use MorganGenerator
[11:41:53] DEPRECATION WARNING: please use MorganGenerator
[11:41:53] DEPRECATION WARNING: please use MorganGenerator
[11:41:53] DEPRECATION WARNING: please use MorganGenerator
[11:41:53] DEPRECATION WARNING: please use MorganGenerator
[11:41:53] DEPRECATION WARNING: please use MorganGenerator
[11:41:53] DEPRECATION WARNING: please use MorganGenerator
[11:41:53] DEPRECATION WARNING: please use MorganGenerator
[11:41:53] DEPRECATION WARNING: please use MorganGenerator
[11:41:53] DEPRECATION WARNING: please use MorganGenerator
[11:41:53] DEPRECATION WARNING: please use MorganGenerator
[11:41:53] DEPRECATION WARNING: please use MorganGenerator
[11:41:53] DEPRECATION WARNING: please use MorganGenerator
[11:41:53] DEPRECATION WARNING: please use MorganGenerator
[11:41:53] DEPRECATION WARNING: please use MorganGenerator
[11:41:53] Can't kekulize mol.  Unkekulized atoms: 7 8 9 16 24
[11:41:53] ERROR: Could not sanitize molecule ending on line 57
[11:41:53] ERROR: Can't kekulize mol.  Unkekulized atoms: 7 8 9 16 24
[11:41:53] Can't kekulize mol.  Unkekulized atoms: 0 6 9 19 25
[11:41:53] ERROR: Could not sanitize molecule ending on line 61
[11:41:53] ERROR: Can't kekulize mol.  Unkekulized atoms: 0 6 9 19 25
[11:41:53] Can't kekulize mol.  Unkekulized atoms: 2 3 4 6 8
[11:41:53] ERROR: Could not sanitize molecule ending on line 32
[11:41:53] ERROR: Can't kekulize mol.  Unkekulized atoms: 2 3 4 6 8
[11:41:53] Can't kekulize mol.  Unkekulized atoms: 0 2 3 7 10
[11:41:53] ERROR: Could not sanitize molecule ending on line 32
[11:41:53] ERROR: Can't kekulize mol.  Unkekulized atoms: 0 2 3 7 10
[11:41:53] Can't kekulize mol.  Unkekulized atoms: 3 6 10 13 17 19 23
[11:41:53] ERROR: Could not sanitize molecule ending on line 56
[11:41:53] ERROR: Can't kekulize mol.  Unkekulized atoms: 3 6 10 13 17 19 23
[11:41:53] Can't kekulize mol.  Unkekulized atoms: 0 1 11
[11:41:53] ERROR: Could not sanitize molecule ending on line 32
[11:41:53] ERROR: Can't kekulize mol.  Unkekulized atoms: 0 1 11
[11:41:53] Explicit valence for atom # 11 O, 3, is greater than permitted
[11:41:53] ERROR: Could not sanitize molecule ending on line 39
[11:41:53] ERROR: Explicit valence for atom # 11 O, 3, is greater than permitted
[11:41:53] DEPRECATION WARNING: please use MorganGenerator
[11:41:53] DEPRECATION WARNING: please use MorganGenerator
[11:41:53] DEPRECATION WARNING: please use MorganGenerator
[11:41:53] DEPRECATION WARNING: please use MorganGenerator
[11:41:53] DEPRECATION WARNING: please use MorganGenerator
[11:41:53] DEPRECATION WARNING: please use MorganGenerator
[11:41:53] DEPRECATION WARNING: please use MorganGenerator
[11:41:53] DEPRECATION WARNING: please use MorganGenerator
[11:41:53] DEPRECATION WARNING: please use MorganGenerator
[11:41:53] DEPRECATION WARNING: please use MorganGenerator
[11:41:53] DEPRECATION WARNING: please use MorganGenerator
[11:41:53] DEPRECATION WARNING: please use MorganGenerator
[11:41:53] DEPRECATION WARNING: please use MorganGenerator
[11:41:53] DEPRECATION WARNING: please use MorganGenerator
[11:41:53] DEPRECATION WARNING: please use MorganGenerator
[11:41:53] DEPRECATION WARNING: please use MorganGenerator
[11:41:53] DEPRECATION WARNING: please use MorganGenerator
[11:41:53] DEPRECATION WARNING: please use MorganGenerator
[11:41:53] DEPRECATION WARNING: please use MorganGenerator
[11:41:53] DEPRECATION WARNING: please use MorganGenerator
[11:41:53] DEPRECATION WARNING: please use MorganGenerator
[11:41:53] DEPRECATION WARNING: please use MorganGenerator
[11:41:53] DEPRECATION WARNING: please use MorganGenerator
[11:41:53] DEPRECATION WARNING: please use MorganGenerator
[11:41:53] DEPRECATION WARNING: please use MorganGenerator
[11:41:53] DEPRECATION WARNING: please use MorganGenerator
[11:41:53] DEPRECATION WARNING: please use MorganGenerator
[11:41:53] DEPRECATION WARNING: please use MorganGenerator
[11:41:53] DEPRECATION WARNING: please use MorganGenerator
[11:41:53] DEPRECATION WARNING: please use MorganGenerator
[11:41:53] DEPRECATION WARNING: please use MorganGenerator
[11:41:53] DEPRECATION WARNING: please use MorganGenerator
[11:41:53] DEPRECATION WARNING: please use MorganGenerator
[11:41:53] DEPRECATION WARNING: please use MorganGenerator
[11:41:53] DEPRECATION WARNING: please use MorganGenerator
[11:41:53] DEPRECATION WARNING: please use MorganGenerator
[11:41:53] DEPRECATION WARNING: please use MorganGenerator
[11:41:53] DEPRECATION WARNING: please use MorganGenerator
[11:41:53] DEPRECATION WARNING: please use MorganGenerator
[11:41:53] DEPRECATION WARNING: please use MorganGenerator
[11:41:53] DEPRECATION WARNING: please use MorganGenerator
[11:41:53] DEPRECATION WARNING: please use MorganGenerator
[11:41:53] DEPRECATION WARNING: please use MorganGenerator
[11:41:53] DEPRECATION WARNING: please use MorganGenerator
[11:41:53] DEPRECATION WARNING: please use MorganGenerator
[11:41:53] DEPRECATION WARNING: please use MorganGenerator
[11:41:53] DEPRECATION WARNING: please use MorganGenerator
[11:41:53] DEPRECATION WARNING: please use MorganGenerator
[11:41:53] DEPRECATION WARNING: please use MorganGenerator
[11:41:53] DEPRECATION WARNING: please use MorganGenerator
[11:41:53] DEPRECATION WARNING: please use MorganGenerator
[11:41:53] DEPRECATION WARNING: please use MorganGenerator
[11:41:53] DEPRECATION WARNING: please use MorganGenerator
[11:41:53] DEPRECATION WARNING: please use MorganGenerator
[11:41:53] DEPRECATION WARNING: please use MorganGenerator
[11:41:53] DEPRECATION WARNING: please use MorganGenerator
[11:41:53] DEPRECATION WARNING: please use MorganGenerator
[11:41:53] DEPRECATION WARNING: please use MorganGenerator
[11:41:53] DEPRECATION WARNING: please use MorganGenerator
[11:41:53] DEPRECATION WARNING: please use MorganGenerator
[11:41:53] DEPRECATION WARNING: please use MorganGenerator
[11:41:53] DEPRECATION WARNING: please use MorganGenerator
[11:41:53] DEPRECATION WARNING: please use MorganGenerator
[11:41:53] DEPRECATION WARNING: please use MorganGenerator
[11:41:53] DEPRECATION WARNING: please use MorganGenerator
[11:41:53] DEPRECATION WARNING: please use MorganGenerator
[11:41:53] DEPRECATION WARNING: please use MorganGenerator
[11:41:53] DEPRECATION WARNING: please use MorganGenerator
[11:41:53] DEPRECATION WARNING: please use MorganGenerator
[11:41:53] DEPRECATION WARNING: please use MorganGenerator
[11:41:53] DEPRECATION WARNING: please use MorganGenerator
[11:41:53] DEPRECATION WARNING: please use MorganGenerator
[11:41:53] DEPRECATION WARNING: please use MorganGenerator
[11:41:53] DEPRECATION WARNING: please use MorganGenerator
[11:41:53] DEPRECATION WARNING: please use MorganGenerator
[11:41:53] DEPRECATION WARNING: please use MorganGenerator
[11:41:53] DEPRECATION WARNING: please use MorganGenerator
[11:41:53] DEPRECATION WARNING: please use MorganGenerator
[11:41:53] DEPRECATION WARNING: please use MorganGenerator
[11:41:53] DEPRECATION WARNING: please use MorganGenerator
[11:41:53] DEPRECATION WARNING: please use MorganGenerator
[11:41:53] DEPRECATION WARNING: please use MorganGenerator
[11:41:53] DEPRECATION WARNING: please use MorganGenerator
[11:41:53] DEPRECATION WARNING: please use MorganGenerator
[11:41:53] DEPRECATION WARNING: please use MorganGenerator
[11:41:53] DEPRECATION WARNING: please use MorganGenerator
[11:41:53] DEPRECATION WARNING: please use MorganGenerator
[11:41:53] DEPRECATION WARNING: please use MorganGenerator
[11:41:53] DEPRECATION WARNING: please use MorganGenerator
[11:41:53] DEPRECATION WARNING: please use MorganGenerator
[11:41:53] DEPRECATION WARNING: please use MorganGenerator
[11:41:53] DEPRECATION WARNING: please use MorganGenerator
[11:41:53] DEPRECATION WARNING: please use MorganGenerator
[11:41:53] DEPRECATION WARNING: please use MorganGenerator
[11:41:53] DEPRECATION WARNING: please use MorganGenerator
[11:41:53] DEPRECATION WARNING: please use MorganGenerator
MaxMin selection:  28%|██▊       | 28/100 [00:00<00:02, 31.06it/s][11:41:53] Explicit valence for atom # 2 C, 5, is greater than permitted
[11:41:53] ERROR: Could not sanitize molecule ending on line 45
[11:41:53] ERROR: Explicit valence for atom # 2 C, 5, is greater than permitted
[11:41:53] Explicit valence for atom # 0 C, 5, is greater than permitted
[11:41:53] ERROR: Could not sanitize molecule ending on line 41
[11:41:53] ERROR: Explicit valence for atom # 0 C, 5, is greater than permitted
[11:41:53] Explicit valence for atom # 1 C, 5, is greater than permitted
[11:41:53] ERROR: Could not sanitize molecule ending on line 28
[11:41:53] ERROR: Explicit valence for atom # 1 C, 5, is greater than permitted
[11:41:53] Explicit valence for atom # 22 O, 4, is greater than permitted
[11:41:53] ERROR: Could not sanitize molecule ending on line 84
[11:41:53] ERROR: Explicit valence for atom # 22 O, 4, is greater than permitted
[11:41:53] Explicit valence for atom # 5 N, 4, is greater than permitted
[11:41:53] ERROR: Could not sanitize molecule ending on line 24
[11:41:53] ERROR: Explicit valence for atom # 5 N, 4, is greater than permitted
[11:41:53] Explicit valence for atom # 23 C, 5, is greater than permitted
[11:41:53] ERROR: Could not sanitize molecule ending on line 70
[11:41:53] ERROR: Explicit valence for atom # 23 C, 5, is greater than permitted
[11:41:53] Explicit valence for atom # 20 C, 5, is greater than permitted
[11:41:53] ERROR: Could not sanitize molecule ending on line 59
[11:41:53] ERROR: Explicit valence for atom # 20 C, 5, is greater than permitted
[11:41:53] Explicit valence for atom # 8 C, 5, is greater than permitted
[11:41:53] ERROR: Could not sanitize molecule ending on line 49
[11:41:53] ERROR: Explicit valence for atom # 8 C, 5, is greater than permitted
[11:41:53] Explicit valence for atom # 12 C, 5, is greater than permitted
[11:41:53] ERROR: Could not sanitize molecule ending on line 39
[11:41:53] ERROR: Explicit valence for atom # 12 C, 5, is greater than permitted
[11:41:53] Explicit valence for atom # 8 C, 5, is greater than permitted
[11:41:53] ERROR: Could not sanitize molecule ending on line 80
[11:41:53] ERROR: Explicit valence for atom # 8 C, 5, is greater than permitted
[11:41:53] Explicit valence for atom # 3 C, 5, is greater than permitted
[11:41:53] ERROR: Could not sanitize molecule ending on line 44
[11:41:53] ERROR: Explicit valence for atom # 3 C, 5, is greater than permitted
[11:41:53] Explicit valence for atom # 20 C, 5, is greater than permitted
[11:41:53] ERROR: Could not sanitize molecule ending on line 58
[11:41:53] ERROR: Explicit valence for atom # 20 C, 5, is greater than permitted
[11:41:53] DEPRECATION WARNING: please use MorganGenerator
[11:41:53] DEPRECATION WARNING: please use MorganGenerator
[11:41:53] DEPRECATION WARNING: please use MorganGenerator
[11:41:53] DEPRECATION WARNING: please use MorganGenerator
[11:41:53] DEPRECATION WARNING: please use MorganGenerator
[11:41:53] DEPRECATION WARNING: please use MorganGenerator
[11:41:53] DEPRECATION WARNING: please use MorganGenerator
[11:41:53] DEPRECATION WARNING: please use MorganGenerator
[11:41:53] DEPRECATION WARNING: please use MorganGenerator
[11:41:53] DEPRECATION WARNING: please use MorganGenerator
[11:41:53] DEPRECATION WARNING: please use MorganGenerator
[11:41:53] DEPRECATION WARNING: please use MorganGenerator
[11:41:53] DEPRECATION WARNING: please use MorganGenerator
[11:41:53] DEPRECATION WARNING: please use MorganGenerator
[11:41:53] DEPRECATION WARNING: please use MorganGenerator
[11:41:53] DEPRECATION WARNING: please use MorganGenerator
[11:41:53] DEPRECATION WARNING: please use MorganGenerator
[11:41:53] DEPRECATION WARNING: please use MorganGenerator
[11:41:53] DEPRECATION WARNING: please use MorganGenerator
[11:41:53] DEPRECATION WARNING: please use MorganGenerator
[11:41:53] DEPRECATION WARNING: please use MorganGenerator
[11:41:53] DEPRECATION WARNING: please use MorganGenerator
[11:41:53] DEPRECATION WARNING: please use MorganGenerator
[11:41:53] DEPRECATION WARNING: please use MorganGenerator
[11:41:53] DEPRECATION WARNING: please use MorganGenerator
[11:41:53] DEPRECATION WARNING: please use MorganGenerator
[11:41:53] DEPRECATION WARNING: please use MorganGenerator
[11:41:53] DEPRECATION WARNING: please use MorganGenerator
[11:41:53] DEPRECATION WARNING: please use MorganGenerator
[11:41:53] DEPRECATION WARNING: please use MorganGenerator
[11:41:53] DEPRECATION WARNING: please use MorganGenerator
[11:41:53] DEPRECATION WARNING: please use MorganGenerator
[11:41:53] DEPRECATION WARNING: please use MorganGenerator
[11:41:53] DEPRECATION WARNING: please use MorganGenerator
[11:41:53] DEPRECATION WARNING: please use MorganGenerator
[11:41:53] DEPRECATION WARNING: please use MorganGenerator
[11:41:53] DEPRECATION WARNING: please use MorganGenerator
[11:41:53] DEPRECATION WARNING: please use MorganGenerator
[11:41:53] DEPRECATION WARNING: please use MorganGenerator
[11:41:53] DEPRECATION WARNING: please use MorganGenerator
[11:41:53] DEPRECATION WARNING: please use MorganGenerator
[11:41:53] DEPRECATION WARNING: please use MorganGenerator
[11:41:53] DEPRECATION WARNING: please use MorganGenerator
[11:41:53] DEPRECATION WARNING: please use MorganGenerator
[11:41:53] DEPRECATION WARNING: please use MorganGenerator
[11:41:53] DEPRECATION WARNING: please use MorganGenerator
[11:41:53] DEPRECATION WARNING: please use MorganGenerator
[11:41:53] DEPRECATION WARNING: please use MorganGenerator
[11:41:53] DEPRECATION WARNING: please use MorganGenerator
[11:41:53] DEPRECATION WARNING: please use MorganGenerator
[11:41:53] DEPRECATION WARNING: please use MorganGenerator
[11:41:53] DEPRECATION WARNING: please use MorganGenerator
[11:41:53] DEPRECATION WARNING: please use MorganGenerator
[11:41:53] DEPRECATION WARNING: please use MorganGenerator
[11:41:53] DEPRECATION WARNING: please use MorganGenerator
[11:41:53] DEPRECATION WARNING: please use MorganGenerator
[11:41:53] DEPRECATION WARNING: please use MorganGenerator
[11:41:53] DEPRECATION WARNING: please use MorganGenerator
[11:41:53] DEPRECATION WARNING: please use MorganGenerator
[11:41:53] DEPRECATION WARNING: please use MorganGenerator
[11:41:53] DEPRECATION WARNING: please use MorganGenerator
[11:41:53] DEPRECATION WARNING: please use MorganGenerator
[11:41:53] DEPRECATION WARNING: please use MorganGenerator
[11:41:53] DEPRECATION WARNING: please use MorganGenerator
[11:41:53] DEPRECATION WARNING: please use MorganGenerator
[11:41:53] DEPRECATION WARNING: please use MorganGenerator
[11:41:53] DEPRECATION WARNING: please use MorganGenerator
[11:41:53] DEPRECATION WARNING: please use MorganGenerator
[11:41:53] DEPRECATION WARNING: please use MorganGenerator
[11:41:53] DEPRECATION WARNING: please use MorganGenerator
[11:41:53] DEPRECATION WARNING: please use MorganGenerator
[11:41:53] DEPRECATION WARNING: please use MorganGenerator
[11:41:53] DEPRECATION WARNING: please use MorganGenerator
[11:41:53] DEPRECATION WARNING: please use MorganGenerator
[11:41:53] DEPRECATION WARNING: please use MorganGenerator
[11:41:53] DEPRECATION WARNING: please use MorganGenerator
[11:41:53] DEPRECATION WARNING: please use MorganGenerator
[11:41:53] DEPRECATION WARNING: please use MorganGenerator
[11:41:53] DEPRECATION WARNING: please use MorganGenerator
[11:41:53] DEPRECATION WARNING: please use MorganGenerator
[11:41:53] DEPRECATION WARNING: please use MorganGenerator
[11:41:53] DEPRECATION WARNING: please use MorganGenerator
[11:41:53] DEPRECATION WARNING: please use MorganGenerator
[11:41:53] DEPRECATION WARNING: please use MorganGenerator
[11:41:53] DEPRECATION WARNING: please use MorganGenerator
[11:41:53] DEPRECATION WARNING: please use MorganGenerator
[11:41:53] Can't kekulize mol.  Unkekulized atoms: 0 3 5 7 8
[11:41:53] ERROR: Could not sanitize molecule ending on line 40
[11:41:53] ERROR: Can't kekulize mol.  Unkekulized atoms: 0 3 5 7 8
[11:41:53] Can't kekulize mol.  Unkekulized atoms: 1 4 5 9 13
[11:41:53] ERROR: Could not sanitize molecule ending on line 46
[11:41:53] ERROR: Can't kekulize mol.  Unkekulized atoms: 1 4 5 9 13
[11:41:53] Can't kekulize mol.  Unkekulized atoms: 3 6 8 12 13
[11:41:53] ERROR: Could not sanitize molecule ending on line 37
[11:41:53] ERROR: Can't kekulize mol.  Unkekulized atoms: 3 6 8 12 13
[11:41:53] DEPRECATION WARNING: please use MorganGenerator
[11:41:53] DEPRECATION WARNING: please use MorganGenerator
[11:41:53] DEPRECATION WARNING: please use MorganGenerator
[11:41:53] DEPRECATION WARNING: please use MorganGenerator
[11:41:53] DEPRECATION WARNING: please use MorganGenerator
[11:41:53] DEPRECATION WARNING: please use MorganGenerator
[11:41:53] DEPRECATION WARNING: please use MorganGenerator
[11:41:53] DEPRECATION WARNING: please use MorganGenerator
[11:41:53] DEPRECATION WARNING: please use MorganGenerator
[11:41:53] DEPRECATION WARNING: please use MorganGenerator
[11:41:53] DEPRECATION WARNING: please use MorganGenerator
[11:41:53] DEPRECATION WARNING: please use MorganGenerator
[11:41:53] DEPRECATION WARNING: please use MorganGenerator
[11:41:53] DEPRECATION WARNING: please use MorganGenerator
[11:41:53] DEPRECATION WARNING: please use MorganGenerator
[11:41:53] DEPRECATION WARNING: please use MorganGenerator
[11:41:53] DEPRECATION WARNING: please use MorganGenerator
[11:41:53] DEPRECATION WARNING: please use MorganGenerator
[11:41:53] DEPRECATION WARNING: please use MorganGenerator
[11:41:53] DEPRECATION WARNING: please use MorganGenerator
[11:41:53] DEPRECATION WARNING: please use MorganGenerator
[11:41:53] DEPRECATION WARNING: please use MorganGenerator
[11:41:53] DEPRECATION WARNING: please use MorganGenerator
[11:41:53] DEPRECATION WARNING: please use MorganGenerator
[11:41:53] DEPRECATION WARNING: please use MorganGenerator
[11:41:53] DEPRECATION WARNING: please use MorganGenerator
[11:41:53] DEPRECATION WARNING: please use MorganGenerator
[11:41:53] DEPRECATION WARNING: please use MorganGenerator
[11:41:53] DEPRECATION WARNING: please use MorganGenerator
[11:41:53] DEPRECATION WARNING: please use MorganGenerator
[11:41:53] DEPRECATION WARNING: please use MorganGenerator
[11:41:53] DEPRECATION WARNING: please use MorganGenerator
[11:41:53] DEPRECATION WARNING: please use MorganGenerator
[11:41:53] DEPRECATION WARNING: please use MorganGenerator
[11:41:53] DEPRECATION WARNING: please use MorganGenerator
[11:41:53] DEPRECATION WARNING: please use MorganGenerator
[11:41:53] DEPRECATION WARNING: please use MorganGenerator
[11:41:53] DEPRECATION WARNING: please use MorganGenerator
[11:41:53] DEPRECATION WARNING: please use MorganGenerator
[11:41:53] DEPRECATION WARNING: please use MorganGenerator
[11:41:53] DEPRECATION WARNING: please use MorganGenerator
[11:41:53] DEPRECATION WARNING: please use MorganGenerator
[11:41:53] DEPRECATION WARNING: please use MorganGenerator
[11:41:53] DEPRECATION WARNING: please use MorganGenerator
[11:41:53] DEPRECATION WARNING: please use MorganGenerator
[11:41:53] DEPRECATION WARNING: please use MorganGenerator
[11:41:53] DEPRECATION WARNING: please use MorganGenerator
[11:41:53] DEPRECATION WARNING: please use MorganGenerator
[11:41:53] DEPRECATION WARNING: please use MorganGenerator
[11:41:53] DEPRECATION WARNING: please use MorganGenerator
[11:41:53] DEPRECATION WARNING: please use MorganGenerator
[11:41:53] DEPRECATION WARNING: please use MorganGenerator
[11:41:53] DEPRECATION WARNING: please use MorganGenerator
[11:41:53] DEPRECATION WARNING: please use MorganGenerator
[11:41:53] DEPRECATION WARNING: please use MorganGenerator
[11:41:53] DEPRECATION WARNING: please use MorganGenerator
[11:41:53] DEPRECATION WARNING: please use MorganGenerator
[11:41:53] DEPRECATION WARNING: please use MorganGenerator
[11:41:53] DEPRECATION WARNING: please use MorganGenerator
[11:41:53] DEPRECATION WARNING: please use MorganGenerator
[11:41:53] DEPRECATION WARNING: please use MorganGenerator
[11:41:53] DEPRECATION WARNING: please use MorganGenerator
[11:41:53] DEPRECATION WARNING: please use MorganGenerator
[11:41:53] DEPRECATION WARNING: please use MorganGenerator
[11:41:53] DEPRECATION WARNING: please use MorganGenerator
[11:41:53] DEPRECATION WARNING: please use MorganGenerator
[11:41:53] DEPRECATION WARNING: please use MorganGenerator
[11:41:53] DEPRECATION WARNING: please use MorganGenerator
[11:41:53] DEPRECATION WARNING: please use MorganGenerator
[11:41:53] DEPRECATION WARNING: please use MorganGenerator
[11:41:53] DEPRECATION WARNING: please use MorganGenerator
[11:41:53] DEPRECATION WARNING: please use MorganGenerator
[11:41:53] DEPRECATION WARNING: please use MorganGenerator
[11:41:53] DEPRECATION WARNING: please use MorganGenerator
[11:41:53] DEPRECATION WARNING: please use MorganGenerator
[11:41:53] DEPRECATION WARNING: please use MorganGenerator
[11:41:53] DEPRECATION WARNING: please use MorganGenerator
[11:41:53] DEPRECATION WARNING: please use MorganGenerator
[11:41:53] DEPRECATION WARNING: please use MorganGenerator
[11:41:53] DEPRECATION WARNING: please use MorganGenerator
[11:41:53] DEPRECATION WARNING: please use MorganGenerator
[11:41:53] DEPRECATION WARNING: please use MorganGenerator
[11:41:53] DEPRECATION WARNING: please use MorganGenerator
[11:41:53] DEPRECATION WARNING: please use MorganGenerator
[11:41:53] DEPRECATION WARNING: please use MorganGenerator
[11:41:53] DEPRECATION WARNING: please use MorganGenerator
[11:41:53] DEPRECATION WARNING: please use MorganGenerator
[11:41:53] DEPRECATION WARNING: please use MorganGenerator
[11:41:53] DEPRECATION WARNING: please use MorganGenerator
[11:41:53] DEPRECATION WARNING: please use MorganGenerator
[11:41:53] DEPRECATION WARNING: please use MorganGenerator
[11:41:53] DEPRECATION WARNING: please use MorganGenerator
[11:41:53] DEPRECATION WARNING: please use MorganGenerator
[11:41:53] DEPRECATION WARNING: please use MorganGenerator
[11:41:53] DEPRECATION WARNING: please use MorganGenerator
[11:41:53] DEPRECATION WARNING: please use MorganGenerator
[11:41:53] DEPRECATION WARNING: please use MorganGenerator
[11:41:53] DEPRECATION WARNING: please use MorganGenerator
[11:41:53] DEPRECATION WARNING: please use MorganGenerator
[11:41:53] DEPRECATION WARNING: please use MorganGenerator
[11:41:53] DEPRECATION WARNING: please use MorganGenerator
[11:41:53] DEPRECATION WARNING: please use MorganGenerator
[11:41:53] DEPRECATION WARNING: please use MorganGenerator
[11:41:53] DEPRECATION WARNING: please use MorganGenerator
[11:41:53] Explicit valence for atom # 3 C, 5, is greater than permitted
[11:41:53] ERROR: Could not sanitize molecule ending on line 25
[11:41:53] ERROR: Explicit valence for atom # 3 C, 5, is greater than permitted
[11:41:53] Explicit valence for atom # 2 O, 3, is greater than permitted
[11:41:53] ERROR: Could not sanitize molecule ending on line 27
[11:41:53] ERROR: Explicit valence for atom # 2 O, 3, is greater than permitted
[11:41:53] Can't kekulize mol.  Unkekulized atoms: 0 5 6 7 9 10 11
[11:41:53] ERROR: Could not sanitize molecule ending on line 34
[11:41:53] ERROR: Can't kekulize mol.  Unkekulized atoms: 0 5 6 7 9 10 11
[11:41:53] DEPRECATION WARNING: please use MorganGenerator
[11:41:53] DEPRECATION WARNING: please use MorganGenerator
[11:41:53] DEPRECATION WARNING: please use MorganGenerator
[11:41:53] DEPRECATION WARNING: please use MorganGenerator
[11:41:53] DEPRECATION WARNING: please use MorganGenerator
[11:41:53] DEPRECATION WARNING: please use MorganGenerator
[11:41:53] DEPRECATION WARNING: please use MorganGenerator
[11:41:53] DEPRECATION WARNING: please use MorganGenerator
[11:41:53] DEPRECATION WARNING: please use MorganGenerator
[11:41:53] DEPRECATION WARNING: please use MorganGenerator
[11:41:53] DEPRECATION WARNING: please use MorganGenerator
[11:41:53] DEPRECATION WARNING: please use MorganGenerator
[11:41:53] DEPRECATION WARNING: please use MorganGenerator
[11:41:53] DEPRECATION WARNING: please use MorganGenerator
[11:41:53] DEPRECATION WARNING: please use MorganGenerator
[11:41:53] DEPRECATION WARNING: please use MorganGenerator
[11:41:53] DEPRECATION WARNING: please use MorganGenerator
[11:41:53] DEPRECATION WARNING: please use MorganGenerator
[11:41:53] DEPRECATION WARNING: please use MorganGenerator
[11:41:53] DEPRECATION WARNING: please use MorganGenerator
[11:41:53] DEPRECATION WARNING: please use MorganGenerator
[11:41:53] DEPRECATION WARNING: please use MorganGenerator
[11:41:53] DEPRECATION WARNING: please use MorganGenerator
[11:41:53] DEPRECATION WARNING: please use MorganGenerator
[11:41:53] DEPRECATION WARNING: please use MorganGenerator
[11:41:53] DEPRECATION WARNING: please use MorganGenerator
[11:41:53] DEPRECATION WARNING: please use MorganGenerator
[11:41:53] DEPRECATION WARNING: please use MorganGenerator
[11:41:53] DEPRECATION WARNING: please use MorganGenerator
[11:41:53] DEPRECATION WARNING: please use MorganGenerator
[11:41:53] DEPRECATION WARNING: please use MorganGenerator
[11:41:53] DEPRECATION WARNING: please use MorganGenerator
[11:41:53] DEPRECATION WARNING: please use MorganGenerator
[11:41:53] DEPRECATION WARNING: please use MorganGenerator
[11:41:53] DEPRECATION WARNING: please use MorganGenerator
[11:41:53] DEPRECATION WARNING: please use MorganGenerator
[11:41:53] DEPRECATION WARNING: please use MorganGenerator
[11:41:53] DEPRECATION WARNING: please use MorganGenerator
[11:41:53] DEPRECATION WARNING: please use MorganGenerator
[11:41:53] DEPRECATION WARNING: please use MorganGenerator
[11:41:53] DEPRECATION WARNING: please use MorganGenerator
[11:41:53] DEPRECATION WARNING: please use MorganGenerator
[11:41:53] DEPRECATION WARNING: please use MorganGenerator
[11:41:53] DEPRECATION WARNING: please use MorganGenerator
[11:41:53] DEPRECATION WARNING: please use MorganGenerator
[11:41:53] DEPRECATION WARNING: please use MorganGenerator
[11:41:53] DEPRECATION WARNING: please use MorganGenerator
[11:41:53] DEPRECATION WARNING: please use MorganGenerator
[11:41:53] DEPRECATION WARNING: please use MorganGenerator
[11:41:53] DEPRECATION WARNING: please use MorganGenerator
[11:41:53] DEPRECATION WARNING: please use MorganGenerator
[11:41:53] DEPRECATION WARNING: please use MorganGenerator
[11:41:53] DEPRECATION WARNING: please use MorganGenerator
[11:41:53] DEPRECATION WARNING: please use MorganGenerator
[11:41:53] DEPRECATION WARNING: please use MorganGenerator
[11:41:53] DEPRECATION WARNING: please use MorganGenerator
[11:41:53] DEPRECATION WARNING: please use MorganGenerator
[11:41:53] DEPRECATION WARNING: please use MorganGenerator
[11:41:53] DEPRECATION WARNING: please use MorganGenerator
[11:41:53] DEPRECATION WARNING: please use MorganGenerator
[11:41:53] DEPRECATION WARNING: please use MorganGenerator
[11:41:53] DEPRECATION WARNING: please use MorganGenerator
[11:41:53] DEPRECATION WARNING: please use MorganGenerator
[11:41:53] DEPRECATION WARNING: please use MorganGenerator
[11:41:53] DEPRECATION WARNING: please use MorganGenerator
[11:41:53] DEPRECATION WARNING: please use MorganGenerator
[11:41:53] DEPRECATION WARNING: please use MorganGenerator
[11:41:53] DEPRECATION WARNING: please use MorganGenerator
[11:41:53] DEPRECATION WARNING: please use MorganGenerator
[11:41:53] DEPRECATION WARNING: please use MorganGenerator
[11:41:53] DEPRECATION WARNING: please use MorganGenerator
[11:41:53] DEPRECATION WARNING: please use MorganGenerator
[11:41:53] DEPRECATION WARNING: please use MorganGenerator
[11:41:53] DEPRECATION WARNING: please use MorganGenerator
[11:41:53] DEPRECATION WARNING: please use MorganGenerator
[11:41:53] DEPRECATION WARNING: please use MorganGenerator
[11:41:53] DEPRECATION WARNING: please use MorganGenerator
[11:41:53] DEPRECATION WARNING: please use MorganGenerator
[11:41:53] DEPRECATION WARNING: please use MorganGenerator
[11:41:53] DEPRECATION WARNING: please use MorganGenerator
[11:41:53] DEPRECATION WARNING: please use MorganGenerator
[11:41:53] DEPRECATION WARNING: please use MorganGenerator
[11:41:53] DEPRECATION WARNING: please use MorganGenerator
[11:41:53] DEPRECATION WARNING: please use MorganGenerator
[11:41:53] DEPRECATION WARNING: please use MorganGenerator
[11:41:53] DEPRECATION WARNING: please use MorganGenerator
[11:41:53] DEPRECATION WARNING: please use MorganGenerator
[11:41:53] DEPRECATION WARNING: please use MorganGenerator
[11:41:53] DEPRECATION WARNING: please use MorganGenerator
[11:41:53] DEPRECATION WARNING: please use MorganGenerator
[11:41:53] DEPRECATION WARNING: please use MorganGenerator
[11:41:53] DEPRECATION WARNING: please use MorganGenerator
[11:41:53] DEPRECATION WARNING: please use MorganGenerator
[11:41:53] DEPRECATION WARNING: please use MorganGenerator
[11:41:53] DEPRECATION WARNING: please use MorganGenerator
[11:41:53] DEPRECATION WARNING: please use MorganGenerator
[11:41:53] DEPRECATION WARNING: please use MorganGenerator
[11:41:53] DEPRECATION WARNING: please use MorganGenerator
[11:41:53] DEPRECATION WARNING: please use MorganGenerator
[11:41:53] DEPRECATION WARNING: please use MorganGenerator
[11:41:53] DEPRECATION WARNING: please use MorganGenerator
[11:41:53] DEPRECATION WARNING: please use MorganGenerator
[11:41:53] DEPRECATION WARNING: please use MorganGenerator
[11:41:53] DEPRECATION WARNING: please use MorganGenerator
[11:41:53] Explicit valence for atom # 4 C, 5, is greater than permitted
[11:41:53] ERROR: Could not sanitize molecule ending on line 55
[11:41:53] ERROR: Explicit valence for atom # 4 C, 5, is greater than permitted
[11:41:53] Explicit valence for atom # 32 C, 5, is greater than permitted
[11:41:53] ERROR: Could not sanitize molecule ending on line 77
[11:41:53] ERROR: Explicit valence for atom # 32 C, 5, is greater than permitted
[11:41:53] Explicit valence for atom # 8 O, 3, is greater than permitted
[11:41:53] ERROR: Could not sanitize molecule ending on line 59
[11:41:53] ERROR: Explicit valence for atom # 8 O, 3, is greater than permitted
[11:41:53] DEPRECATION WARNING: please use MorganGenerator
[11:41:53] DEPRECATION WARNING: please use MorganGenerator
[11:41:53] DEPRECATION WARNING: please use MorganGenerator
[11:41:53] DEPRECATION WARNING: please use MorganGenerator
[11:41:53] DEPRECATION WARNING: please use MorganGenerator
[11:41:53] DEPRECATION WARNING: please use MorganGenerator
[11:41:53] DEPRECATION WARNING: please use MorganGenerator
[11:41:53] DEPRECATION WARNING: please use MorganGenerator
[11:41:53] DEPRECATION WARNING: please use MorganGenerator
[11:41:53] DEPRECATION WARNING: please use MorganGenerator
[11:41:53] DEPRECATION WARNING: please use MorganGenerator
[11:41:53] DEPRECATION WARNING: please use MorganGenerator
[11:41:53] DEPRECATION WARNING: please use MorganGenerator
[11:41:53] DEPRECATION WARNING: please use MorganGenerator
[11:41:53] DEPRECATION WARNING: please use MorganGenerator
[11:41:53] DEPRECATION WARNING: please use MorganGenerator
[11:41:53] DEPRECATION WARNING: please use MorganGenerator
[11:41:53] DEPRECATION WARNING: please use MorganGenerator
[11:41:53] DEPRECATION WARNING: please use MorganGenerator
[11:41:53] DEPRECATION WARNING: please use MorganGenerator
[11:41:53] DEPRECATION WARNING: please use MorganGenerator
[11:41:53] DEPRECATION WARNING: please use MorganGenerator
[11:41:53] DEPRECATION WARNING: please use MorganGenerator
[11:41:53] DEPRECATION WARNING: please use MorganGenerator
[11:41:53] DEPRECATION WARNING: please use MorganGenerator
[11:41:53] DEPRECATION WARNING: please use MorganGenerator
[11:41:53] DEPRECATION WARNING: please use MorganGenerator
[11:41:53] DEPRECATION WARNING: please use MorganGenerator
[11:41:53] DEPRECATION WARNING: please use MorganGenerator
[11:41:53] DEPRECATION WARNING: please use MorganGenerator
[11:41:53] DEPRECATION WARNING: please use MorganGenerator
[11:41:53] DEPRECATION WARNING: please use MorganGenerator
[11:41:53] DEPRECATION WARNING: please use MorganGenerator
[11:41:53] DEPRECATION WARNING: please use MorganGenerator
[11:41:53] DEPRECATION WARNING: please use MorganGenerator
[11:41:53] DEPRECATION WARNING: please use MorganGenerator
[11:41:53] DEPRECATION WARNING: please use MorganGenerator
[11:41:53] DEPRECATION WARNING: please use MorganGenerator
[11:41:53] DEPRECATION WARNING: please use MorganGenerator
[11:41:53] DEPRECATION WARNING: please use MorganGenerator
[11:41:53] DEPRECATION WARNING: please use MorganGenerator
[11:41:53] DEPRECATION WARNING: please use MorganGenerator
[11:41:53] DEPRECATION WARNING: please use MorganGenerator
[11:41:53] DEPRECATION WARNING: please use MorganGenerator
[11:41:53] DEPRECATION WARNING: please use MorganGenerator
[11:41:53] DEPRECATION WARNING: please use MorganGenerator
[11:41:53] DEPRECATION WARNING: please use MorganGenerator
[11:41:53] DEPRECATION WARNING: please use MorganGenerator
[11:41:53] DEPRECATION WARNING: please use MorganGenerator
[11:41:53] DEPRECATION WARNING: please use MorganGenerator
[11:41:53] DEPRECATION WARNING: please use MorganGenerator
[11:41:53] DEPRECATION WARNING: please use MorganGenerator
[11:41:53] DEPRECATION WARNING: please use MorganGenerator
[11:41:53] DEPRECATION WARNING: please use MorganGenerator
[11:41:53] DEPRECATION WARNING: please use MorganGenerator
[11:41:53] DEPRECATION WARNING: please use MorganGenerator
[11:41:53] DEPRECATION WARNING: please use MorganGenerator
[11:41:53] DEPRECATION WARNING: please use MorganGenerator
[11:41:53] DEPRECATION WARNING: please use MorganGenerator
[11:41:53] DEPRECATION WARNING: please use MorganGenerator
[11:41:53] DEPRECATION WARNING: please use MorganGenerator
[11:41:53] DEPRECATION WARNING: please use MorganGenerator
[11:41:53] DEPRECATION WARNING: please use MorganGenerator
[11:41:53] DEPRECATION WARNING: please use MorganGenerator
[11:41:53] DEPRECATION WARNING: please use MorganGenerator
[11:41:53] DEPRECATION WARNING: please use MorganGenerator
[11:41:53] DEPRECATION WARNING: please use MorganGenerator
[11:41:53] DEPRECATION WARNING: please use MorganGenerator
[11:41:53] DEPRECATION WARNING: please use MorganGenerator
[11:41:53] DEPRECATION WARNING: please use MorganGenerator
[11:41:53] DEPRECATION WARNING: please use MorganGenerator
[11:41:53] DEPRECATION WARNING: please use MorganGenerator
[11:41:53] DEPRECATION WARNING: please use MorganGenerator
[11:41:53] DEPRECATION WARNING: please use MorganGenerator
[11:41:53] DEPRECATION WARNING: please use MorganGenerator
[11:41:53] DEPRECATION WARNING: please use MorganGenerator
[11:41:53] DEPRECATION WARNING: please use MorganGenerator
[11:41:53] DEPRECATION WARNING: please use MorganGenerator
[11:41:53] DEPRECATION WARNING: please use MorganGenerator
[11:41:53] DEPRECATION WARNING: please use MorganGenerator
[11:41:53] DEPRECATION WARNING: please use MorganGenerator
[11:41:53] DEPRECATION WARNING: please use MorganGenerator
[11:41:53] DEPRECATION WARNING: please use MorganGenerator
[11:41:53] DEPRECATION WARNING: please use MorganGenerator
[11:41:53] DEPRECATION WARNING: please use MorganGenerator
[11:41:53] DEPRECATION WARNING: please use MorganGenerator
[11:41:53] DEPRECATION WARNING: please use MorganGenerator
[11:41:53] DEPRECATION WARNING: please use MorganGenerator
[11:41:53] DEPRECATION WARNING: please use MorganGenerator
[11:41:53] DEPRECATION WARNING: please use MorganGenerator
[11:41:53] DEPRECATION WARNING: please use MorganGenerator
[11:41:53] DEPRECATION WARNING: please use MorganGenerator
[11:41:53] DEPRECATION WARNING: please use MorganGenerator
[11:41:53] DEPRECATION WARNING: please use MorganGenerator
[11:41:53] DEPRECATION WARNING: please use MorganGenerator
[11:41:53] DEPRECATION WARNING: please use MorganGenerator
[11:41:53] DEPRECATION WARNING: please use MorganGenerator
[11:41:53] DEPRECATION WARNING: please use MorganGenerator
[11:41:53] DEPRECATION WARNING: please use MorganGenerator
[11:41:53] DEPRECATION WARNING: please use MorganGenerator
[11:41:53] DEPRECATION WARNING: please use MorganGenerator
[11:41:53] DEPRECATION WARNING: please use MorganGenerator
[11:41:53] DEPRECATION WARNING: please use MorganGenerator
[11:41:53] DEPRECATION WARNING: please use MorganGenerator
MaxMin selection:  32%|███▏      | 32/100 [00:01<00:02, 32.91it/s][11:41:54] Explicit valence for atom # 3 C, 5, is greater than permitted
[11:41:54] ERROR: Could not sanitize molecule ending on line 94
[11:41:54] ERROR: Explicit valence for atom # 3 C, 5, is greater than permitted
[11:41:54] Explicit valence for atom # 15 O, 2, is greater than permitted
[11:41:54] ERROR: Could not sanitize molecule ending on line 38
[11:41:54] ERROR: Explicit valence for atom # 15 O, 2, is greater than permitted
[11:41:54] Explicit valence for atom # 23 O, 3, is greater than permitted
[11:41:54] ERROR: Could not sanitize molecule ending on line 64
[11:41:54] ERROR: Explicit valence for atom # 23 O, 3, is greater than permitted
[11:41:54] DEPRECATION WARNING: please use MorganGenerator
[11:41:54] DEPRECATION WARNING: please use MorganGenerator
[11:41:54] DEPRECATION WARNING: please use MorganGenerator
[11:41:54] DEPRECATION WARNING: please use MorganGenerator
[11:41:54] DEPRECATION WARNING: please use MorganGenerator
[11:41:54] DEPRECATION WARNING: please use MorganGenerator
[11:41:54] DEPRECATION WARNING: please use MorganGenerator
[11:41:54] DEPRECATION WARNING: please use MorganGenerator
[11:41:54] DEPRECATION WARNING: please use MorganGenerator
[11:41:54] DEPRECATION WARNING: please use MorganGenerator
[11:41:54] DEPRECATION WARNING: please use MorganGenerator
[11:41:54] DEPRECATION WARNING: please use MorganGenerator
[11:41:54] DEPRECATION WARNING: please use MorganGenerator
[11:41:54] DEPRECATION WARNING: please use MorganGenerator
[11:41:54] DEPRECATION WARNING: please use MorganGenerator
[11:41:54] DEPRECATION WARNING: please use MorganGenerator
[11:41:54] DEPRECATION WARNING: please use MorganGenerator
[11:41:54] DEPRECATION WARNING: please use MorganGenerator
[11:41:54] DEPRECATION WARNING: please use MorganGenerator
[11:41:54] DEPRECATION WARNING: please use MorganGenerator
[11:41:54] DEPRECATION WARNING: please use MorganGenerator
[11:41:54] DEPRECATION WARNING: please use MorganGenerator
[11:41:54] DEPRECATION WARNING: please use MorganGenerator
[11:41:54] DEPRECATION WARNING: please use MorganGenerator
[11:41:54] DEPRECATION WARNING: please use MorganGenerator
[11:41:54] DEPRECATION WARNING: please use MorganGenerator
[11:41:54] DEPRECATION WARNING: please use MorganGenerator
[11:41:54] DEPRECATION WARNING: please use MorganGenerator
[11:41:54] DEPRECATION WARNING: please use MorganGenerator
[11:41:54] DEPRECATION WARNING: please use MorganGenerator
[11:41:54] DEPRECATION WARNING: please use MorganGenerator
[11:41:54] DEPRECATION WARNING: please use MorganGenerator
[11:41:54] DEPRECATION WARNING: please use MorganGenerator
[11:41:54] DEPRECATION WARNING: please use MorganGenerator
[11:41:54] DEPRECATION WARNING: please use MorganGenerator
[11:41:54] DEPRECATION WARNING: please use MorganGenerator
[11:41:54] DEPRECATION WARNING: please use MorganGenerator
[11:41:54] DEPRECATION WARNING: please use MorganGenerator
[11:41:54] DEPRECATION WARNING: please use MorganGenerator
[11:41:54] DEPRECATION WARNING: please use MorganGenerator
[11:41:54] DEPRECATION WARNING: please use MorganGenerator
[11:41:54] DEPRECATION WARNING: please use MorganGenerator
[11:41:54] DEPRECATION WARNING: please use MorganGenerator
[11:41:54] DEPRECATION WARNING: please use MorganGenerator
[11:41:54] DEPRECATION WARNING: please use MorganGenerator
[11:41:54] DEPRECATION WARNING: please use MorganGenerator
[11:41:54] DEPRECATION WARNING: please use MorganGenerator
[11:41:54] DEPRECATION WARNING: please use MorganGenerator
[11:41:54] DEPRECATION WARNING: please use MorganGenerator
[11:41:54] DEPRECATION WARNING: please use MorganGenerator
[11:41:54] DEPRECATION WARNING: please use MorganGenerator
[11:41:54] DEPRECATION WARNING: please use MorganGenerator
[11:41:54] DEPRECATION WARNING: please use MorganGenerator
[11:41:54] DEPRECATION WARNING: please use MorganGenerator
[11:41:54] DEPRECATION WARNING: please use MorganGenerator
[11:41:54] DEPRECATION WARNING: please use MorganGenerator
[11:41:54] DEPRECATION WARNING: please use MorganGenerator
[11:41:54] DEPRECATION WARNING: please use MorganGenerator
[11:41:54] DEPRECATION WARNING: please use MorganGenerator
[11:41:54] DEPRECATION WARNING: please use MorganGenerator
[11:41:54] DEPRECATION WARNING: please use MorganGenerator
[11:41:54] DEPRECATION WARNING: please use MorganGenerator
[11:41:54] DEPRECATION WARNING: please use MorganGenerator
[11:41:54] DEPRECATION WARNING: please use MorganGenerator
[11:41:54] DEPRECATION WARNING: please use MorganGenerator
[11:41:54] DEPRECATION WARNING: please use MorganGenerator
[11:41:54] DEPRECATION WARNING: please use MorganGenerator
[11:41:54] DEPRECATION WARNING: please use MorganGenerator
[11:41:54] DEPRECATION WARNING: please use MorganGenerator
[11:41:54] DEPRECATION WARNING: please use MorganGenerator
[11:41:54] DEPRECATION WARNING: please use MorganGenerator
[11:41:54] DEPRECATION WARNING: please use MorganGenerator
[11:41:54] DEPRECATION WARNING: please use MorganGenerator
[11:41:54] DEPRECATION WARNING: please use MorganGenerator
[11:41:54] DEPRECATION WARNING: please use MorganGenerator
[11:41:54] DEPRECATION WARNING: please use MorganGenerator
[11:41:54] DEPRECATION WARNING: please use MorganGenerator
[11:41:54] DEPRECATION WARNING: please use MorganGenerator
[11:41:54] DEPRECATION WARNING: please use MorganGenerator
[11:41:54] DEPRECATION WARNING: please use MorganGenerator
[11:41:54] DEPRECATION WARNING: please use MorganGenerator
[11:41:54] DEPRECATION WARNING: please use MorganGenerator
[11:41:54] DEPRECATION WARNING: please use MorganGenerator
[11:41:54] DEPRECATION WARNING: please use MorganGenerator
[11:41:54] DEPRECATION WARNING: please use MorganGenerator
[11:41:54] DEPRECATION WARNING: please use MorganGenerator
[11:41:54] DEPRECATION WARNING: please use MorganGenerator
[11:41:54] DEPRECATION WARNING: please use MorganGenerator
[11:41:54] DEPRECATION WARNING: please use MorganGenerator
[11:41:54] DEPRECATION WARNING: please use MorganGenerator
[11:41:54] DEPRECATION WARNING: please use MorganGenerator
[11:41:54] DEPRECATION WARNING: please use MorganGenerator
[11:41:54] DEPRECATION WARNING: please use MorganGenerator
[11:41:54] DEPRECATION WARNING: please use MorganGenerator
[11:41:54] DEPRECATION WARNING: please use MorganGenerator
[11:41:54] DEPRECATION WARNING: please use MorganGenerator
[11:41:54] DEPRECATION WARNING: please use MorganGenerator
[11:41:54] DEPRECATION WARNING: please use MorganGenerator
[11:41:54] DEPRECATION WARNING: please use MorganGenerator
[11:41:54] DEPRECATION WARNING: please use MorganGenerator
[11:41:54] DEPRECATION WARNING: please use MorganGenerator
[11:41:54] DEPRECATION WARNING: please use MorganGenerator
[11:41:54] DEPRECATION WARNING: please use MorganGenerator
[11:41:54] DEPRECATION WARNING: please use MorganGenerator
[11:41:54] Can't kekulize mol.  Unkekulized atoms: 1 2 6
[11:41:54] ERROR: Could not sanitize molecule ending on line 60
[11:41:54] ERROR: Can't kekulize mol.  Unkekulized atoms: 1 2 6
[11:41:54] Explicit valence for atom # 0 N, 4, is greater than permitted
[11:41:54] ERROR: Could not sanitize molecule ending on line 55
[11:41:54] ERROR: Explicit valence for atom # 0 N, 4, is greater than permitted
[11:41:54] Can't kekulize mol.  Unkekulized atoms: 9 13 16
[11:41:54] ERROR: Could not sanitize molecule ending on line 40
[11:41:54] ERROR: Can't kekulize mol.  Unkekulized atoms: 9 13 16
[11:41:54] Explicit valence for atom # 19 N, 4, is greater than permitted
[11:41:54] ERROR: Could not sanitize molecule ending on line 84
[11:41:54] ERROR: Explicit valence for atom # 19 N, 4, is greater than permitted
[11:41:54] Can't kekulize mol.  Unkekulized atoms: 12 13 14 22 25
[11:41:54] ERROR: Could not sanitize molecule ending on line 64
[11:41:54] ERROR: Can't kekulize mol.  Unkekulized atoms: 12 13 14 22 25
[11:41:54] Can't kekulize mol.  Unkekulized atoms: 7 13 14 16 17
[11:41:54] ERROR: Could not sanitize molecule ending on line 46
[11:41:54] ERROR: Can't kekulize mol.  Unkekulized atoms: 7 13 14 16 17
[11:41:54] Explicit valence for atom # 17 N, 4, is greater than permitted
[11:41:54] ERROR: Could not sanitize molecule ending on line 55
[11:41:54] ERROR: Explicit valence for atom # 17 N, 4, is greater than permitted
[11:41:54] Explicit valence for atom # 2 C, 5, is greater than permitted
[11:41:54] ERROR: Could not sanitize molecule ending on line 44
[11:41:54] ERROR: Explicit valence for atom # 2 C, 5, is greater than permitted
[11:41:54] Can't kekulize mol.  Unkekulized atoms: 1 9 18
[11:41:54] ERROR: Could not sanitize molecule ending on line 48
[11:41:54] ERROR: Can't kekulize mol.  Unkekulized atoms: 1 9 18
[11:41:54] DEPRECATION WARNING: please use MorganGenerator
[11:41:54] DEPRECATION WARNING: please use MorganGenerator
[11:41:54] DEPRECATION WARNING: please use MorganGenerator
[11:41:54] DEPRECATION WARNING: please use MorganGenerator
[11:41:54] DEPRECATION WARNING: please use MorganGenerator
[11:41:54] DEPRECATION WARNING: please use MorganGenerator
[11:41:54] DEPRECATION WARNING: please use MorganGenerator
[11:41:54] DEPRECATION WARNING: please use MorganGenerator
[11:41:54] DEPRECATION WARNING: please use MorganGenerator
[11:41:54] DEPRECATION WARNING: please use MorganGenerator
[11:41:54] DEPRECATION WARNING: please use MorganGenerator
[11:41:54] DEPRECATION WARNING: please use MorganGenerator
[11:41:54] DEPRECATION WARNING: please use MorganGenerator
[11:41:54] DEPRECATION WARNING: please use MorganGenerator
[11:41:54] DEPRECATION WARNING: please use MorganGenerator
[11:41:54] DEPRECATION WARNING: please use MorganGenerator
[11:41:54] DEPRECATION WARNING: please use MorganGenerator
[11:41:54] DEPRECATION WARNING: please use MorganGenerator
[11:41:54] DEPRECATION WARNING: please use MorganGenerator
[11:41:54] DEPRECATION WARNING: please use MorganGenerator
[11:41:54] DEPRECATION WARNING: please use MorganGenerator
[11:41:54] DEPRECATION WARNING: please use MorganGenerator
[11:41:54] DEPRECATION WARNING: please use MorganGenerator
[11:41:54] DEPRECATION WARNING: please use MorganGenerator
[11:41:54] DEPRECATION WARNING: please use MorganGenerator
[11:41:54] DEPRECATION WARNING: please use MorganGenerator
[11:41:54] DEPRECATION WARNING: please use MorganGenerator
[11:41:54] DEPRECATION WARNING: please use MorganGenerator
[11:41:54] DEPRECATION WARNING: please use MorganGenerator
[11:41:54] DEPRECATION WARNING: please use MorganGenerator
[11:41:54] DEPRECATION WARNING: please use MorganGenerator
[11:41:54] DEPRECATION WARNING: please use MorganGenerator
[11:41:54] DEPRECATION WARNING: please use MorganGenerator
[11:41:54] DEPRECATION WARNING: please use MorganGenerator
[11:41:54] DEPRECATION WARNING: please use MorganGenerator
[11:41:54] DEPRECATION WARNING: please use MorganGenerator
[11:41:54] DEPRECATION WARNING: please use MorganGenerator
[11:41:54] DEPRECATION WARNING: please use MorganGenerator
[11:41:54] DEPRECATION WARNING: please use MorganGenerator
[11:41:54] DEPRECATION WARNING: please use MorganGenerator
[11:41:54] DEPRECATION WARNING: please use MorganGenerator
[11:41:54] DEPRECATION WARNING: please use MorganGenerator
[11:41:54] DEPRECATION WARNING: please use MorganGenerator
[11:41:54] DEPRECATION WARNING: please use MorganGenerator
[11:41:54] DEPRECATION WARNING: please use MorganGenerator
[11:41:54] DEPRECATION WARNING: please use MorganGenerator
[11:41:54] DEPRECATION WARNING: please use MorganGenerator
[11:41:54] DEPRECATION WARNING: please use MorganGenerator
[11:41:54] DEPRECATION WARNING: please use MorganGenerator
[11:41:54] DEPRECATION WARNING: please use MorganGenerator
[11:41:54] DEPRECATION WARNING: please use MorganGenerator
[11:41:54] DEPRECATION WARNING: please use MorganGenerator
[11:41:54] DEPRECATION WARNING: please use MorganGenerator
[11:41:54] DEPRECATION WARNING: please use MorganGenerator
[11:41:54] DEPRECATION WARNING: please use MorganGenerator
[11:41:54] DEPRECATION WARNING: please use MorganGenerator
[11:41:54] DEPRECATION WARNING: please use MorganGenerator
[11:41:54] DEPRECATION WARNING: please use MorganGenerator
[11:41:54] DEPRECATION WARNING: please use MorganGenerator
[11:41:54] DEPRECATION WARNING: please use MorganGenerator
[11:41:54] DEPRECATION WARNING: please use MorganGenerator
[11:41:54] DEPRECATION WARNING: please use MorganGenerator
[11:41:54] DEPRECATION WARNING: please use MorganGenerator
[11:41:54] DEPRECATION WARNING: please use MorganGenerator
[11:41:54] DEPRECATION WARNING: please use MorganGenerator
[11:41:54] DEPRECATION WARNING: please use MorganGenerator
[11:41:54] DEPRECATION WARNING: please use MorganGenerator
[11:41:54] DEPRECATION WARNING: please use MorganGenerator
[11:41:54] DEPRECATION WARNING: please use MorganGenerator
[11:41:54] DEPRECATION WARNING: please use MorganGenerator
[11:41:54] DEPRECATION WARNING: please use MorganGenerator
[11:41:54] DEPRECATION WARNING: please use MorganGenerator
[11:41:54] DEPRECATION WARNING: please use MorganGenerator
[11:41:54] DEPRECATION WARNING: please use MorganGenerator
[11:41:54] DEPRECATION WARNING: please use MorganGenerator
[11:41:54] DEPRECATION WARNING: please use MorganGenerator
[11:41:54] DEPRECATION WARNING: please use MorganGenerator
[11:41:54] DEPRECATION WARNING: please use MorganGenerator
[11:41:54] DEPRECATION WARNING: please use MorganGenerator
[11:41:54] DEPRECATION WARNING: please use MorganGenerator
[11:41:54] DEPRECATION WARNING: please use MorganGenerator
[11:41:54] DEPRECATION WARNING: please use MorganGenerator
[11:41:54] DEPRECATION WARNING: please use MorganGenerator
[11:41:54] DEPRECATION WARNING: please use MorganGenerator
[11:41:54] DEPRECATION WARNING: please use MorganGenerator
[11:41:54] DEPRECATION WARNING: please use MorganGenerator
[11:41:54] DEPRECATION WARNING: please use MorganGenerator
[11:41:54] DEPRECATION WARNING: please use MorganGenerator
[11:41:54] DEPRECATION WARNING: please use MorganGenerator
[11:41:54] DEPRECATION WARNING: please use MorganGenerator
[11:41:54] DEPRECATION WARNING: please use MorganGenerator
[11:41:54] DEPRECATION WARNING: please use MorganGenerator
[11:41:54] Explicit valence for atom # 1 C, 5, is greater than permitted
[11:41:54] ERROR: Could not sanitize molecule ending on line 33
[11:41:54] ERROR: Explicit valence for atom # 1 C, 5, is greater than permitted
[11:41:54] Explicit valence for atom # 2 C, 5, is greater than permitted
[11:41:54] ERROR: Could not sanitize molecule ending on line 53
[11:41:54] ERROR: Explicit valence for atom # 2 C, 5, is greater than permitted
[11:41:54] Explicit valence for atom # 4 N, 4, is greater than permitted
[11:41:54] ERROR: Could not sanitize molecule ending on line 42
[11:41:54] ERROR: Explicit valence for atom # 4 N, 4, is greater than permitted
[11:41:54] DEPRECATION WARNING: please use MorganGenerator
[11:41:54] DEPRECATION WARNING: please use MorganGenerator
[11:41:54] DEPRECATION WARNING: please use MorganGenerator
[11:41:54] DEPRECATION WARNING: please use MorganGenerator
[11:41:54] DEPRECATION WARNING: please use MorganGenerator
[11:41:54] DEPRECATION WARNING: please use MorganGenerator
[11:41:54] DEPRECATION WARNING: please use MorganGenerator
[11:41:54] DEPRECATION WARNING: please use MorganGenerator
[11:41:54] DEPRECATION WARNING: please use MorganGenerator
[11:41:54] DEPRECATION WARNING: please use MorganGenerator
[11:41:54] DEPRECATION WARNING: please use MorganGenerator
[11:41:54] DEPRECATION WARNING: please use MorganGenerator
[11:41:54] DEPRECATION WARNING: please use MorganGenerator
[11:41:54] DEPRECATION WARNING: please use MorganGenerator
[11:41:54] DEPRECATION WARNING: please use MorganGenerator
[11:41:54] DEPRECATION WARNING: please use MorganGenerator
[11:41:54] DEPRECATION WARNING: please use MorganGenerator
[11:41:54] DEPRECATION WARNING: please use MorganGenerator
[11:41:54] DEPRECATION WARNING: please use MorganGenerator
[11:41:54] DEPRECATION WARNING: please use MorganGenerator
[11:41:54] DEPRECATION WARNING: please use MorganGenerator
[11:41:54] DEPRECATION WARNING: please use MorganGenerator
[11:41:54] DEPRECATION WARNING: please use MorganGenerator
[11:41:54] DEPRECATION WARNING: please use MorganGenerator
[11:41:54] DEPRECATION WARNING: please use MorganGenerator
[11:41:54] DEPRECATION WARNING: please use MorganGenerator
[11:41:54] DEPRECATION WARNING: please use MorganGenerator
[11:41:54] DEPRECATION WARNING: please use MorganGenerator
[11:41:54] DEPRECATION WARNING: please use MorganGenerator
[11:41:54] DEPRECATION WARNING: please use MorganGenerator
[11:41:54] DEPRECATION WARNING: please use MorganGenerator
[11:41:54] DEPRECATION WARNING: please use MorganGenerator
[11:41:54] DEPRECATION WARNING: please use MorganGenerator
[11:41:54] DEPRECATION WARNING: please use MorganGenerator
[11:41:54] DEPRECATION WARNING: please use MorganGenerator
[11:41:54] DEPRECATION WARNING: please use MorganGenerator
[11:41:54] DEPRECATION WARNING: please use MorganGenerator
[11:41:54] DEPRECATION WARNING: please use MorganGenerator
[11:41:54] DEPRECATION WARNING: please use MorganGenerator
[11:41:54] DEPRECATION WARNING: please use MorganGenerator
[11:41:54] DEPRECATION WARNING: please use MorganGenerator
[11:41:54] DEPRECATION WARNING: please use MorganGenerator
[11:41:54] DEPRECATION WARNING: please use MorganGenerator
[11:41:54] DEPRECATION WARNING: please use MorganGenerator
[11:41:54] DEPRECATION WARNING: please use MorganGenerator
[11:41:54] DEPRECATION WARNING: please use MorganGenerator
[11:41:54] DEPRECATION WARNING: please use MorganGenerator
[11:41:54] DEPRECATION WARNING: please use MorganGenerator
[11:41:54] DEPRECATION WARNING: please use MorganGenerator
[11:41:54] DEPRECATION WARNING: please use MorganGenerator
[11:41:54] DEPRECATION WARNING: please use MorganGenerator
[11:41:54] DEPRECATION WARNING: please use MorganGenerator
[11:41:54] DEPRECATION WARNING: please use MorganGenerator
[11:41:54] DEPRECATION WARNING: please use MorganGenerator
[11:41:54] DEPRECATION WARNING: please use MorganGenerator
[11:41:54] DEPRECATION WARNING: please use MorganGenerator
[11:41:54] DEPRECATION WARNING: please use MorganGenerator
[11:41:54] DEPRECATION WARNING: please use MorganGenerator
[11:41:54] DEPRECATION WARNING: please use MorganGenerator
[11:41:54] DEPRECATION WARNING: please use MorganGenerator
[11:41:54] DEPRECATION WARNING: please use MorganGenerator
[11:41:54] DEPRECATION WARNING: please use MorganGenerator
[11:41:54] DEPRECATION WARNING: please use MorganGenerator
[11:41:54] DEPRECATION WARNING: please use MorganGenerator
[11:41:54] DEPRECATION WARNING: please use MorganGenerator
[11:41:54] DEPRECATION WARNING: please use MorganGenerator
[11:41:54] DEPRECATION WARNING: please use MorganGenerator
[11:41:54] DEPRECATION WARNING: please use MorganGenerator
[11:41:54] DEPRECATION WARNING: please use MorganGenerator
[11:41:54] DEPRECATION WARNING: please use MorganGenerator
[11:41:54] DEPRECATION WARNING: please use MorganGenerator
[11:41:54] DEPRECATION WARNING: please use MorganGenerator
[11:41:54] DEPRECATION WARNING: please use MorganGenerator
[11:41:54] DEPRECATION WARNING: please use MorganGenerator
[11:41:54] DEPRECATION WARNING: please use MorganGenerator
[11:41:54] DEPRECATION WARNING: please use MorganGenerator
[11:41:54] DEPRECATION WARNING: please use MorganGenerator
[11:41:54] DEPRECATION WARNING: please use MorganGenerator
[11:41:54] DEPRECATION WARNING: please use MorganGenerator
[11:41:54] DEPRECATION WARNING: please use MorganGenerator
[11:41:54] DEPRECATION WARNING: please use MorganGenerator
[11:41:54] DEPRECATION WARNING: please use MorganGenerator
[11:41:54] DEPRECATION WARNING: please use MorganGenerator
[11:41:54] DEPRECATION WARNING: please use MorganGenerator
[11:41:54] DEPRECATION WARNING: please use MorganGenerator
[11:41:54] DEPRECATION WARNING: please use MorganGenerator
[11:41:54] DEPRECATION WARNING: please use MorganGenerator
[11:41:54] DEPRECATION WARNING: please use MorganGenerator
[11:41:54] DEPRECATION WARNING: please use MorganGenerator
[11:41:54] DEPRECATION WARNING: please use MorganGenerator
[11:41:54] DEPRECATION WARNING: please use MorganGenerator
[11:41:54] DEPRECATION WARNING: please use MorganGenerator
[11:41:54] DEPRECATION WARNING: please use MorganGenerator
[11:41:54] DEPRECATION WARNING: please use MorganGenerator
[11:41:54] DEPRECATION WARNING: please use MorganGenerator
[11:41:54] DEPRECATION WARNING: please use MorganGenerator
[11:41:54] DEPRECATION WARNING: please use MorganGenerator
[11:41:54] DEPRECATION WARNING: please use MorganGenerator
[11:41:54] DEPRECATION WARNING: please use MorganGenerator
[11:41:54] DEPRECATION WARNING: please use MorganGenerator
[11:41:54] DEPRECATION WARNING: please use MorganGenerator
[11:41:54] DEPRECATION WARNING: please use MorganGenerator
[11:41:54] DEPRECATION WARNING: please use MorganGenerator
[11:41:54] DEPRECATION WARNING: please use MorganGenerator
[11:41:54] Can't kekulize mol.  Unkekulized atoms: 1 8 9 16 18 21 31
[11:41:54] ERROR: Could not sanitize molecule ending on line 78
[11:41:54] ERROR: Can't kekulize mol.  Unkekulized atoms: 1 8 9 16 18 21 31
[11:41:54] Explicit valence for atom # 3 P, 6, is greater than permitted
[11:41:54] ERROR: Could not sanitize molecule ending on line 63
[11:41:54] ERROR: Explicit valence for atom # 3 P, 6, is greater than permitted
[11:41:54] Can't kekulize mol.  Unkekulized atoms: 0 6 7 9 10 12 23
[11:41:54] ERROR: Could not sanitize molecule ending on line 63
[11:41:54] ERROR: Can't kekulize mol.  Unkekulized atoms: 0 6 7 9 10 12 23
[11:41:54] Explicit valence for atom # 22 O, 3, is greater than permitted
[11:41:54] ERROR: Could not sanitize molecule ending on line 73
[11:41:54] ERROR: Explicit valence for atom # 22 O, 3, is greater than permitted
[11:41:54] Explicit valence for atom # 11 O, 3, is greater than permitted
[11:41:54] ERROR: Could not sanitize molecule ending on line 55
[11:41:54] ERROR: Explicit valence for atom # 11 O, 3, is greater than permitted
[11:41:54] Explicit valence for atom # 3 O, 3, is greater than permitted
[11:41:54] ERROR: Could not sanitize molecule ending on line 62
[11:41:54] ERROR: Explicit valence for atom # 3 O, 3, is greater than permitted
[11:41:54] Explicit valence for atom # 5 O, 3, is greater than permitted
[11:41:54] ERROR: Could not sanitize molecule ending on line 63
[11:41:54] ERROR: Explicit valence for atom # 5 O, 3, is greater than permitted
[11:41:54] Explicit valence for atom # 25 O, 4, is greater than permitted
[11:41:54] ERROR: Could not sanitize molecule ending on line 67
[11:41:54] ERROR: Explicit valence for atom # 25 O, 4, is greater than permitted
[11:41:54] Can't kekulize mol.  Unkekulized atoms: 2
[11:41:54] ERROR: Could not sanitize molecule ending on line 59
[11:41:54] ERROR: Can't kekulize mol.  Unkekulized atoms: 2
[11:41:54] Can't kekulize mol.  Unkekulized atoms: 1 19 27
[11:41:54] ERROR: Could not sanitize molecule ending on line 65
[11:41:54] ERROR: Can't kekulize mol.  Unkekulized atoms: 1 19 27
[11:41:54] Explicit valence for atom # 3 O, 3, is greater than permitted
[11:41:54] ERROR: Could not sanitize molecule ending on line 67
[11:41:54] ERROR: Explicit valence for atom # 3 O, 3, is greater than permitted
[11:41:54] Explicit valence for atom # 17 O, 3, is greater than permitted
[11:41:54] ERROR: Could not sanitize molecule ending on line 66
[11:41:54] ERROR: Explicit valence for atom # 17 O, 3, is greater than permitted
[11:41:54] Can't kekulize mol.  Unkekulized atoms: 2 9 11 12 15 17 21
[11:41:54] ERROR: Could not sanitize molecule ending on line 62
[11:41:54] ERROR: Can't kekulize mol.  Unkekulized atoms: 2 9 11 12 15 17 21
[11:41:54] Can't kekulize mol.  Unkekulized atoms: 5 6 10 21 24 25 26
[11:41:54] ERROR: Could not sanitize molecule ending on line 63
[11:41:54] ERROR: Can't kekulize mol.  Unkekulized atoms: 5 6 10 21 24 25 26
[11:41:54] Can't kekulize mol.  Unkekulized atoms: 0 13 17 19 21 24 25
[11:41:54] ERROR: Could not sanitize molecule ending on line 60
[11:41:54] ERROR: Can't kekulize mol.  Unkekulized atoms: 0 13 17 19 21 24 25
[11:41:54] Can't kekulize mol.  Unkekulized atoms: 7 15 16 19 20 22 25 26 29
[11:41:54] ERROR: Could not sanitize molecule ending on line 68
[11:41:54] ERROR: Can't kekulize mol.  Unkekulized atoms: 7 15 16 19 20 22 25 26 29
[11:41:54] Can't kekulize mol.  Unkekulized atoms: 2 5 6 9 18
[11:41:54] ERROR: Could not sanitize molecule ending on line 53
[11:41:54] ERROR: Can't kekulize mol.  Unkekulized atoms: 2 5 6 9 18
[11:41:54] DEPRECATION WARNING: please use MorganGenerator
[11:41:54] DEPRECATION WARNING: please use MorganGenerator
[11:41:54] DEPRECATION WARNING: please use MorganGenerator
[11:41:54] DEPRECATION WARNING: please use MorganGenerator
[11:41:54] DEPRECATION WARNING: please use MorganGenerator
[11:41:54] DEPRECATION WARNING: please use MorganGenerator
[11:41:54] DEPRECATION WARNING: please use MorganGenerator
[11:41:54] DEPRECATION WARNING: please use MorganGenerator
[11:41:54] DEPRECATION WARNING: please use MorganGenerator
[11:41:54] DEPRECATION WARNING: please use MorganGenerator
[11:41:54] DEPRECATION WARNING: please use MorganGenerator
[11:41:54] DEPRECATION WARNING: please use MorganGenerator
[11:41:54] DEPRECATION WARNING: please use MorganGenerator
[11:41:54] DEPRECATION WARNING: please use MorganGenerator
[11:41:54] DEPRECATION WARNING: please use MorganGenerator
[11:41:54] DEPRECATION WARNING: please use MorganGenerator
[11:41:54] DEPRECATION WARNING: please use MorganGenerator
[11:41:54] DEPRECATION WARNING: please use MorganGenerator
[11:41:54] DEPRECATION WARNING: please use MorganGenerator
[11:41:54] DEPRECATION WARNING: please use MorganGenerator
[11:41:54] DEPRECATION WARNING: please use MorganGenerator
[11:41:54] DEPRECATION WARNING: please use MorganGenerator
[11:41:54] DEPRECATION WARNING: please use MorganGenerator
[11:41:54] DEPRECATION WARNING: please use MorganGenerator
[11:41:54] DEPRECATION WARNING: please use MorganGenerator
[11:41:54] DEPRECATION WARNING: please use MorganGenerator
[11:41:54] DEPRECATION WARNING: please use MorganGenerator
[11:41:54] DEPRECATION WARNING: please use MorganGenerator
[11:41:54] DEPRECATION WARNING: please use MorganGenerator
[11:41:54] DEPRECATION WARNING: please use MorganGenerator
[11:41:54] DEPRECATION WARNING: please use MorganGenerator
[11:41:54] DEPRECATION WARNING: please use MorganGenerator
[11:41:54] DEPRECATION WARNING: please use MorganGenerator
[11:41:54] DEPRECATION WARNING: please use MorganGenerator
[11:41:54] DEPRECATION WARNING: please use MorganGenerator
[11:41:54] DEPRECATION WARNING: please use MorganGenerator
[11:41:54] DEPRECATION WARNING: please use MorganGenerator
[11:41:54] DEPRECATION WARNING: please use MorganGenerator
[11:41:54] DEPRECATION WARNING: please use MorganGenerator
[11:41:54] DEPRECATION WARNING: please use MorganGenerator
[11:41:54] DEPRECATION WARNING: please use MorganGenerator
[11:41:54] DEPRECATION WARNING: please use MorganGenerator
[11:41:54] DEPRECATION WARNING: please use MorganGenerator
[11:41:54] DEPRECATION WARNING: please use MorganGenerator
[11:41:54] DEPRECATION WARNING: please use MorganGenerator
[11:41:54] DEPRECATION WARNING: please use MorganGenerator
[11:41:54] DEPRECATION WARNING: please use MorganGenerator
[11:41:54] DEPRECATION WARNING: please use MorganGenerator
[11:41:54] DEPRECATION WARNING: please use MorganGenerator
[11:41:54] DEPRECATION WARNING: please use MorganGenerator
[11:41:54] DEPRECATION WARNING: please use MorganGenerator
[11:41:54] DEPRECATION WARNING: please use MorganGenerator
[11:41:54] DEPRECATION WARNING: please use MorganGenerator
[11:41:54] DEPRECATION WARNING: please use MorganGenerator
[11:41:54] DEPRECATION WARNING: please use MorganGenerator
[11:41:54] DEPRECATION WARNING: please use MorganGenerator
[11:41:54] DEPRECATION WARNING: please use MorganGenerator
[11:41:54] DEPRECATION WARNING: please use MorganGenerator
[11:41:54] DEPRECATION WARNING: please use MorganGenerator
[11:41:54] DEPRECATION WARNING: please use MorganGenerator
[11:41:54] DEPRECATION WARNING: please use MorganGenerator
[11:41:54] DEPRECATION WARNING: please use MorganGenerator
[11:41:54] DEPRECATION WARNING: please use MorganGenerator
[11:41:54] DEPRECATION WARNING: please use MorganGenerator
[11:41:54] DEPRECATION WARNING: please use MorganGenerator
[11:41:54] DEPRECATION WARNING: please use MorganGenerator
[11:41:54] DEPRECATION WARNING: please use MorganGenerator
[11:41:54] DEPRECATION WARNING: please use MorganGenerator
[11:41:54] DEPRECATION WARNING: please use MorganGenerator
[11:41:54] DEPRECATION WARNING: please use MorganGenerator
[11:41:54] DEPRECATION WARNING: please use MorganGenerator
[11:41:54] DEPRECATION WARNING: please use MorganGenerator
[11:41:54] DEPRECATION WARNING: please use MorganGenerator
[11:41:54] DEPRECATION WARNING: please use MorganGenerator
[11:41:54] DEPRECATION WARNING: please use MorganGenerator
[11:41:54] DEPRECATION WARNING: please use MorganGenerator
MaxMin selection:  36%|███▌      | 36/100 [00:01<00:01, 32.67it/s][11:41:54] Explicit valence for atom # 1 C, 5, is greater than permitted
[11:41:54] ERROR: Could not sanitize molecule ending on line 39
[11:41:54] ERROR: Explicit valence for atom # 1 C, 5, is greater than permitted
[11:41:54] Explicit valence for atom # 3 N, 4, is greater than permitted
[11:41:54] ERROR: Could not sanitize molecule ending on line 55
[11:41:54] ERROR: Explicit valence for atom # 3 N, 4, is greater than permitted
[11:41:54] Explicit valence for atom # 16 C, 5, is greater than permitted
[11:41:54] ERROR: Could not sanitize molecule ending on line 43
[11:41:54] ERROR: Explicit valence for atom # 16 C, 5, is greater than permitted
[11:41:54] DEPRECATION WARNING: please use MorganGenerator
[11:41:54] DEPRECATION WARNING: please use MorganGenerator
[11:41:54] DEPRECATION WARNING: please use MorganGenerator
[11:41:54] DEPRECATION WARNING: please use MorganGenerator
[11:41:54] DEPRECATION WARNING: please use MorganGenerator
[11:41:54] DEPRECATION WARNING: please use MorganGenerator
[11:41:54] DEPRECATION WARNING: please use MorganGenerator
[11:41:54] DEPRECATION WARNING: please use MorganGenerator
[11:41:54] DEPRECATION WARNING: please use MorganGenerator
[11:41:54] DEPRECATION WARNING: please use MorganGenerator
[11:41:54] DEPRECATION WARNING: please use MorganGenerator
[11:41:54] DEPRECATION WARNING: please use MorganGenerator
[11:41:54] DEPRECATION WARNING: please use MorganGenerator
[11:41:54] DEPRECATION WARNING: please use MorganGenerator
[11:41:54] DEPRECATION WARNING: please use MorganGenerator
[11:41:54] DEPRECATION WARNING: please use MorganGenerator
[11:41:54] DEPRECATION WARNING: please use MorganGenerator
[11:41:54] DEPRECATION WARNING: please use MorganGenerator
[11:41:54] DEPRECATION WARNING: please use MorganGenerator
[11:41:54] DEPRECATION WARNING: please use MorganGenerator
[11:41:54] DEPRECATION WARNING: please use MorganGenerator
[11:41:54] DEPRECATION WARNING: please use MorganGenerator
[11:41:54] DEPRECATION WARNING: please use MorganGenerator
[11:41:54] DEPRECATION WARNING: please use MorganGenerator
[11:41:54] DEPRECATION WARNING: please use MorganGenerator
[11:41:54] DEPRECATION WARNING: please use MorganGenerator
[11:41:54] DEPRECATION WARNING: please use MorganGenerator
[11:41:54] DEPRECATION WARNING: please use MorganGenerator
[11:41:54] DEPRECATION WARNING: please use MorganGenerator
[11:41:54] DEPRECATION WARNING: please use MorganGenerator
[11:41:54] DEPRECATION WARNING: please use MorganGenerator
[11:41:54] DEPRECATION WARNING: please use MorganGenerator
[11:41:54] DEPRECATION WARNING: please use MorganGenerator
[11:41:54] DEPRECATION WARNING: please use MorganGenerator
[11:41:54] DEPRECATION WARNING: please use MorganGenerator
[11:41:54] DEPRECATION WARNING: please use MorganGenerator
[11:41:54] DEPRECATION WARNING: please use MorganGenerator
[11:41:54] DEPRECATION WARNING: please use MorganGenerator
[11:41:54] DEPRECATION WARNING: please use MorganGenerator
[11:41:54] DEPRECATION WARNING: please use MorganGenerator
[11:41:54] DEPRECATION WARNING: please use MorganGenerator
[11:41:54] DEPRECATION WARNING: please use MorganGenerator
[11:41:54] DEPRECATION WARNING: please use MorganGenerator
[11:41:54] DEPRECATION WARNING: please use MorganGenerator
[11:41:54] DEPRECATION WARNING: please use MorganGenerator
[11:41:54] DEPRECATION WARNING: please use MorganGenerator
[11:41:54] DEPRECATION WARNING: please use MorganGenerator
[11:41:54] DEPRECATION WARNING: please use MorganGenerator
[11:41:54] DEPRECATION WARNING: please use MorganGenerator
[11:41:54] DEPRECATION WARNING: please use MorganGenerator
[11:41:54] DEPRECATION WARNING: please use MorganGenerator
[11:41:54] DEPRECATION WARNING: please use MorganGenerator
[11:41:54] DEPRECATION WARNING: please use MorganGenerator
[11:41:54] DEPRECATION WARNING: please use MorganGenerator
[11:41:54] DEPRECATION WARNING: please use MorganGenerator
[11:41:54] DEPRECATION WARNING: please use MorganGenerator
[11:41:54] DEPRECATION WARNING: please use MorganGenerator
[11:41:54] DEPRECATION WARNING: please use MorganGenerator
[11:41:54] DEPRECATION WARNING: please use MorganGenerator
[11:41:54] DEPRECATION WARNING: please use MorganGenerator
[11:41:54] DEPRECATION WARNING: please use MorganGenerator
[11:41:54] DEPRECATION WARNING: please use MorganGenerator
[11:41:54] DEPRECATION WARNING: please use MorganGenerator
[11:41:54] DEPRECATION WARNING: please use MorganGenerator
[11:41:54] DEPRECATION WARNING: please use MorganGenerator
[11:41:54] DEPRECATION WARNING: please use MorganGenerator
[11:41:54] DEPRECATION WARNING: please use MorganGenerator
[11:41:54] DEPRECATION WARNING: please use MorganGenerator
[11:41:54] DEPRECATION WARNING: please use MorganGenerator
[11:41:54] DEPRECATION WARNING: please use MorganGenerator
[11:41:54] DEPRECATION WARNING: please use MorganGenerator
[11:41:54] DEPRECATION WARNING: please use MorganGenerator
[11:41:54] DEPRECATION WARNING: please use MorganGenerator
[11:41:54] DEPRECATION WARNING: please use MorganGenerator
[11:41:54] DEPRECATION WARNING: please use MorganGenerator
[11:41:54] DEPRECATION WARNING: please use MorganGenerator
[11:41:54] DEPRECATION WARNING: please use MorganGenerator
[11:41:54] DEPRECATION WARNING: please use MorganGenerator
[11:41:54] DEPRECATION WARNING: please use MorganGenerator
[11:41:54] DEPRECATION WARNING: please use MorganGenerator
[11:41:54] DEPRECATION WARNING: please use MorganGenerator
[11:41:54] DEPRECATION WARNING: please use MorganGenerator
[11:41:54] DEPRECATION WARNING: please use MorganGenerator
[11:41:54] DEPRECATION WARNING: please use MorganGenerator
[11:41:54] DEPRECATION WARNING: please use MorganGenerator
[11:41:54] DEPRECATION WARNING: please use MorganGenerator
[11:41:54] DEPRECATION WARNING: please use MorganGenerator
[11:41:54] DEPRECATION WARNING: please use MorganGenerator
[11:41:54] DEPRECATION WARNING: please use MorganGenerator
[11:41:54] DEPRECATION WARNING: please use MorganGenerator
[11:41:54] DEPRECATION WARNING: please use MorganGenerator
[11:41:54] DEPRECATION WARNING: please use MorganGenerator
[11:41:54] DEPRECATION WARNING: please use MorganGenerator
[11:41:54] DEPRECATION WARNING: please use MorganGenerator
[11:41:54] DEPRECATION WARNING: please use MorganGenerator
[11:41:54] DEPRECATION WARNING: please use MorganGenerator
[11:41:54] DEPRECATION WARNING: please use MorganGenerator
[11:41:54] DEPRECATION WARNING: please use MorganGenerator
[11:41:54] DEPRECATION WARNING: please use MorganGenerator
[11:41:54] DEPRECATION WARNING: please use MorganGenerator
[11:41:54] DEPRECATION WARNING: please use MorganGenerator
[11:41:54] DEPRECATION WARNING: please use MorganGenerator
[11:41:54] DEPRECATION WARNING: please use MorganGenerator
[11:41:54] DEPRECATION WARNING: please use MorganGenerator
[11:41:54] Explicit valence for atom # 13 C, 5, is greater than permitted
[11:41:54] ERROR: Could not sanitize molecule ending on line 53
[11:41:54] ERROR: Explicit valence for atom # 13 C, 5, is greater than permitted
[11:41:54] Explicit valence for atom # 6 C, 5, is greater than permitted
[11:41:54] ERROR: Could not sanitize molecule ending on line 58
[11:41:54] ERROR: Explicit valence for atom # 6 C, 5, is greater than permitted
[11:41:54] Can't kekulize mol.  Unkekulized atoms: 0 3 10 11 23
[11:41:54] ERROR: Could not sanitize molecule ending on line 58
[11:41:54] ERROR: Can't kekulize mol.  Unkekulized atoms: 0 3 10 11 23
[11:41:54] Explicit valence for atom # 21 C, 5, is greater than permitted
[11:41:54] ERROR: Could not sanitize molecule ending on line 66
[11:41:54] ERROR: Explicit valence for atom # 21 C, 5, is greater than permitted
[11:41:54] Can't kekulize mol.  Unkekulized atoms: 3 7 9 14 21
[11:41:54] ERROR: Could not sanitize molecule ending on line 53
[11:41:54] ERROR: Can't kekulize mol.  Unkekulized atoms: 3 7 9 14 21
[11:41:54] Explicit valence for atom # 7 C, 5, is greater than permitted
[11:41:54] ERROR: Could not sanitize molecule ending on line 61
[11:41:54] ERROR: Explicit valence for atom # 7 C, 5, is greater than permitted
[11:41:54] Explicit valence for atom # 29 C, 5, is greater than permitted
[11:41:54] ERROR: Could not sanitize molecule ending on line 73
[11:41:54] ERROR: Explicit valence for atom # 29 C, 5, is greater than permitted
[11:41:54] Explicit valence for atom # 3 C, 5, is greater than permitted
[11:41:54] ERROR: Could not sanitize molecule ending on line 52
[11:41:54] ERROR: Explicit valence for atom # 3 C, 5, is greater than permitted
[11:41:54] Explicit valence for atom # 4 C, 6, is greater than permitted
[11:41:54] ERROR: Could not sanitize molecule ending on line 65
[11:41:54] ERROR: Explicit valence for atom # 4 C, 6, is greater than permitted
[11:41:54] DEPRECATION WARNING: please use MorganGenerator
[11:41:54] DEPRECATION WARNING: please use MorganGenerator
[11:41:54] DEPRECATION WARNING: please use MorganGenerator
[11:41:54] DEPRECATION WARNING: please use MorganGenerator
[11:41:54] DEPRECATION WARNING: please use MorganGenerator
[11:41:54] DEPRECATION WARNING: please use MorganGenerator
[11:41:54] DEPRECATION WARNING: please use MorganGenerator
[11:41:54] DEPRECATION WARNING: please use MorganGenerator
[11:41:54] DEPRECATION WARNING: please use MorganGenerator
[11:41:54] DEPRECATION WARNING: please use MorganGenerator
[11:41:54] DEPRECATION WARNING: please use MorganGenerator
[11:41:54] DEPRECATION WARNING: please use MorganGenerator
[11:41:54] DEPRECATION WARNING: please use MorganGenerator
[11:41:54] DEPRECATION WARNING: please use MorganGenerator
[11:41:54] DEPRECATION WARNING: please use MorganGenerator
[11:41:54] DEPRECATION WARNING: please use MorganGenerator
[11:41:54] DEPRECATION WARNING: please use MorganGenerator
[11:41:54] DEPRECATION WARNING: please use MorganGenerator
[11:41:54] DEPRECATION WARNING: please use MorganGenerator
[11:41:54] DEPRECATION WARNING: please use MorganGenerator
[11:41:54] DEPRECATION WARNING: please use MorganGenerator
[11:41:54] DEPRECATION WARNING: please use MorganGenerator
[11:41:54] DEPRECATION WARNING: please use MorganGenerator
[11:41:54] DEPRECATION WARNING: please use MorganGenerator
[11:41:54] DEPRECATION WARNING: please use MorganGenerator
[11:41:54] DEPRECATION WARNING: please use MorganGenerator
[11:41:54] DEPRECATION WARNING: please use MorganGenerator
[11:41:54] DEPRECATION WARNING: please use MorganGenerator
[11:41:54] DEPRECATION WARNING: please use MorganGenerator
[11:41:54] DEPRECATION WARNING: please use MorganGenerator
[11:41:54] DEPRECATION WARNING: please use MorganGenerator
[11:41:54] DEPRECATION WARNING: please use MorganGenerator
[11:41:54] DEPRECATION WARNING: please use MorganGenerator
[11:41:54] DEPRECATION WARNING: please use MorganGenerator
[11:41:54] DEPRECATION WARNING: please use MorganGenerator
[11:41:54] DEPRECATION WARNING: please use MorganGenerator
[11:41:54] DEPRECATION WARNING: please use MorganGenerator
[11:41:54] DEPRECATION WARNING: please use MorganGenerator
[11:41:54] DEPRECATION WARNING: please use MorganGenerator
[11:41:54] DEPRECATION WARNING: please use MorganGenerator
[11:41:54] DEPRECATION WARNING: please use MorganGenerator
[11:41:54] DEPRECATION WARNING: please use MorganGenerator
[11:41:54] DEPRECATION WARNING: please use MorganGenerator
[11:41:54] DEPRECATION WARNING: please use MorganGenerator
[11:41:54] DEPRECATION WARNING: please use MorganGenerator
[11:41:54] DEPRECATION WARNING: please use MorganGenerator
[11:41:54] DEPRECATION WARNING: please use MorganGenerator
[11:41:54] DEPRECATION WARNING: please use MorganGenerator
[11:41:54] DEPRECATION WARNING: please use MorganGenerator
[11:41:54] DEPRECATION WARNING: please use MorganGenerator
[11:41:54] DEPRECATION WARNING: please use MorganGenerator
[11:41:54] DEPRECATION WARNING: please use MorganGenerator
[11:41:54] DEPRECATION WARNING: please use MorganGenerator
[11:41:54] DEPRECATION WARNING: please use MorganGenerator
[11:41:54] DEPRECATION WARNING: please use MorganGenerator
[11:41:54] DEPRECATION WARNING: please use MorganGenerator
[11:41:54] DEPRECATION WARNING: please use MorganGenerator
[11:41:54] DEPRECATION WARNING: please use MorganGenerator
[11:41:54] DEPRECATION WARNING: please use MorganGenerator
[11:41:54] DEPRECATION WARNING: please use MorganGenerator
[11:41:54] DEPRECATION WARNING: please use MorganGenerator
[11:41:54] DEPRECATION WARNING: please use MorganGenerator
[11:41:54] DEPRECATION WARNING: please use MorganGenerator
[11:41:54] DEPRECATION WARNING: please use MorganGenerator
[11:41:54] DEPRECATION WARNING: please use MorganGenerator
[11:41:54] DEPRECATION WARNING: please use MorganGenerator
[11:41:54] DEPRECATION WARNING: please use MorganGenerator
[11:41:54] DEPRECATION WARNING: please use MorganGenerator
[11:41:54] DEPRECATION WARNING: please use MorganGenerator
[11:41:54] DEPRECATION WARNING: please use MorganGenerator
[11:41:54] DEPRECATION WARNING: please use MorganGenerator
[11:41:54] DEPRECATION WARNING: please use MorganGenerator
[11:41:54] DEPRECATION WARNING: please use MorganGenerator
[11:41:54] DEPRECATION WARNING: please use MorganGenerator
[11:41:54] DEPRECATION WARNING: please use MorganGenerator
[11:41:54] DEPRECATION WARNING: please use MorganGenerator
[11:41:54] DEPRECATION WARNING: please use MorganGenerator
[11:41:54] DEPRECATION WARNING: please use MorganGenerator
[11:41:54] DEPRECATION WARNING: please use MorganGenerator
[11:41:54] DEPRECATION WARNING: please use MorganGenerator
[11:41:54] DEPRECATION WARNING: please use MorganGenerator
[11:41:54] DEPRECATION WARNING: please use MorganGenerator
[11:41:54] DEPRECATION WARNING: please use MorganGenerator
[11:41:54] DEPRECATION WARNING: please use MorganGenerator
[11:41:54] DEPRECATION WARNING: please use MorganGenerator
[11:41:54] DEPRECATION WARNING: please use MorganGenerator
[11:41:54] DEPRECATION WARNING: please use MorganGenerator
[11:41:54] DEPRECATION WARNING: please use MorganGenerator
[11:41:54] DEPRECATION WARNING: please use MorganGenerator
[11:41:54] DEPRECATION WARNING: please use MorganGenerator
[11:41:54] DEPRECATION WARNING: please use MorganGenerator
[11:41:54] DEPRECATION WARNING: please use MorganGenerator
[11:41:54] Can't kekulize mol.  Unkekulized atoms: 1 4 7 16 18 24 28 30 31
[11:41:54] ERROR: Could not sanitize molecule ending on line 73
[11:41:54] ERROR: Can't kekulize mol.  Unkekulized atoms: 1 4 7 16 18 24 28 30 31
[11:41:54] Can't kekulize mol.  Unkekulized atoms: 1 11 19 20 23
[11:41:54] ERROR: Could not sanitize molecule ending on line 84
[11:41:54] ERROR: Can't kekulize mol.  Unkekulized atoms: 1 11 19 20 23
[11:41:54] Explicit valence for atom # 16 O, 3, is greater than permitted
[11:41:54] ERROR: Could not sanitize molecule ending on line 73
[11:41:54] ERROR: Explicit valence for atom # 16 O, 3, is greater than permitted
[11:41:54] Can't kekulize mol.  Unkekulized atoms: 5 8 13 17 19 22 28 29 30
[11:41:54] ERROR: Could not sanitize molecule ending on line 82
[11:41:54] ERROR: Can't kekulize mol.  Unkekulized atoms: 5 8 13 17 19 22 28 29 30
[11:41:54] Can't kekulize mol.  Unkekulized atoms: 10 16 17 25
[11:41:54] ERROR: Could not sanitize molecule ending on line 80
[11:41:54] ERROR: Can't kekulize mol.  Unkekulized atoms: 10 16 17 25
[11:41:54] Explicit valence for atom # 5 C, 5, is greater than permitted
[11:41:54] ERROR: Could not sanitize molecule ending on line 84
[11:41:54] ERROR: Explicit valence for atom # 5 C, 5, is greater than permitted
[11:41:54] Can't kekulize mol.  Unkekulized atoms: 5 17 21 27 39
[11:41:54] ERROR: Could not sanitize molecule ending on line 91
[11:41:54] ERROR: Can't kekulize mol.  Unkekulized atoms: 5 17 21 27 39
[11:41:54] Can't kekulize mol.  Unkekulized atoms: 2 3 4 16 17 19 27 33 34
[11:41:54] ERROR: Could not sanitize molecule ending on line 78
[11:41:54] ERROR: Can't kekulize mol.  Unkekulized atoms: 2 3 4 16 17 19 27 33 34
[11:41:54] Explicit valence for atom # 37 C, 5, is greater than permitted
[11:41:54] ERROR: Could not sanitize molecule ending on line 85
[11:41:54] ERROR: Explicit valence for atom # 37 C, 5, is greater than permitted
[11:41:54] Can't kekulize mol.  Unkekulized atoms: 2 4 5 14 19 22 23
[11:41:54] ERROR: Could not sanitize molecule ending on line 73
[11:41:54] ERROR: Can't kekulize mol.  Unkekulized atoms: 2 4 5 14 19 22 23
[11:41:54] Can't kekulize mol.  Unkekulized atoms: 12 15 16 17 21 25 33 34 35
[11:41:54] ERROR: Could not sanitize molecule ending on line 88
[11:41:54] ERROR: Can't kekulize mol.  Unkekulized atoms: 12 15 16 17 21 25 33 34 35
[11:41:54] Can't kekulize mol.  Unkekulized atoms: 15 17 19 20 26 27 29
[11:41:54] ERROR: Could not sanitize molecule ending on line 71
[11:41:54] ERROR: Can't kekulize mol.  Unkekulized atoms: 15 17 19 20 26 27 29
[11:41:54] Can't kekulize mol.  Unkekulized atoms: 0 1 7 8 27 31 35
[11:41:54] ERROR: Could not sanitize molecule ending on line 83
[11:41:54] ERROR: Can't kekulize mol.  Unkekulized atoms: 0 1 7 8 27 31 35
[11:41:54] Can't kekulize mol.  Unkekulized atoms: 0 7 25 31 33
[11:41:54] ERROR: Could not sanitize molecule ending on line 87
[11:41:54] ERROR: Can't kekulize mol.  Unkekulized atoms: 0 7 25 31 33
[11:41:54] Can't kekulize mol.  Unkekulized atoms: 13 18 25 30 35
[11:41:54] ERROR: Could not sanitize molecule ending on line 84
[11:41:54] ERROR: Can't kekulize mol.  Unkekulized atoms: 13 18 25 30 35
[11:41:54] Can't kekulize mol.  Unkekulized atoms: 18 28 29 30 32 36
[11:41:54] ERROR: Could not sanitize molecule ending on line 85
[11:41:54] ERROR: Can't kekulize mol.  Unkekulized atoms: 18 28 29 30 32 36
[11:41:54] Can't kekulize mol.  Unkekulized atoms: 2 7 10 15 25 26 27 33 38
[11:41:54] ERROR: Could not sanitize molecule ending on line 88
[11:41:54] ERROR: Can't kekulize mol.  Unkekulized atoms: 2 7 10 15 25 26 27 33 38
[11:41:54] Can't kekulize mol.  Unkekulized atoms: 1 6 11 18 26
[11:41:54] ERROR: Could not sanitize molecule ending on line 81
[11:41:54] ERROR: Can't kekulize mol.  Unkekulized atoms: 1 6 11 18 26
[11:41:54] Can't kekulize mol.  Unkekulized atoms: 9 19 37 38 43
[11:41:54] ERROR: Could not sanitize molecule ending on line 101
[11:41:54] ERROR: Can't kekulize mol.  Unkekulized atoms: 9 19 37 38 43
[11:41:54] DEPRECATION WARNING: please use MorganGenerator
[11:41:54] DEPRECATION WARNING: please use MorganGenerator
[11:41:54] DEPRECATION WARNING: please use MorganGenerator
[11:41:54] DEPRECATION WARNING: please use MorganGenerator
[11:41:54] DEPRECATION WARNING: please use MorganGenerator
[11:41:54] DEPRECATION WARNING: please use MorganGenerator
[11:41:54] DEPRECATION WARNING: please use MorganGenerator
[11:41:54] DEPRECATION WARNING: please use MorganGenerator
[11:41:54] DEPRECATION WARNING: please use MorganGenerator
[11:41:54] DEPRECATION WARNING: please use MorganGenerator
[11:41:54] DEPRECATION WARNING: please use MorganGenerator
[11:41:54] DEPRECATION WARNING: please use MorganGenerator
[11:41:54] DEPRECATION WARNING: please use MorganGenerator
[11:41:54] DEPRECATION WARNING: please use MorganGenerator
[11:41:54] DEPRECATION WARNING: please use MorganGenerator
[11:41:54] DEPRECATION WARNING: please use MorganGenerator
[11:41:54] DEPRECATION WARNING: please use MorganGenerator
[11:41:54] DEPRECATION WARNING: please use MorganGenerator
[11:41:54] DEPRECATION WARNING: please use MorganGenerator
[11:41:54] DEPRECATION WARNING: please use MorganGenerator
[11:41:54] DEPRECATION WARNING: please use MorganGenerator
[11:41:54] DEPRECATION WARNING: please use MorganGenerator
[11:41:54] DEPRECATION WARNING: please use MorganGenerator
[11:41:54] DEPRECATION WARNING: please use MorganGenerator
[11:41:54] DEPRECATION WARNING: please use MorganGenerator
[11:41:54] DEPRECATION WARNING: please use MorganGenerator
[11:41:54] DEPRECATION WARNING: please use MorganGenerator
[11:41:54] DEPRECATION WARNING: please use MorganGenerator
[11:41:54] DEPRECATION WARNING: please use MorganGenerator
[11:41:54] DEPRECATION WARNING: please use MorganGenerator
[11:41:54] DEPRECATION WARNING: please use MorganGenerator
[11:41:54] DEPRECATION WARNING: please use MorganGenerator
[11:41:54] DEPRECATION WARNING: please use MorganGenerator
[11:41:54] DEPRECATION WARNING: please use MorganGenerator
[11:41:54] DEPRECATION WARNING: please use MorganGenerator
[11:41:54] DEPRECATION WARNING: please use MorganGenerator
[11:41:54] DEPRECATION WARNING: please use MorganGenerator
[11:41:54] DEPRECATION WARNING: please use MorganGenerator
[11:41:54] DEPRECATION WARNING: please use MorganGenerator
[11:41:54] DEPRECATION WARNING: please use MorganGenerator
[11:41:54] DEPRECATION WARNING: please use MorganGenerator
[11:41:54] DEPRECATION WARNING: please use MorganGenerator
[11:41:54] DEPRECATION WARNING: please use MorganGenerator
[11:41:54] DEPRECATION WARNING: please use MorganGenerator
[11:41:54] DEPRECATION WARNING: please use MorganGenerator
[11:41:54] DEPRECATION WARNING: please use MorganGenerator
[11:41:54] DEPRECATION WARNING: please use MorganGenerator
[11:41:54] DEPRECATION WARNING: please use MorganGenerator
[11:41:54] DEPRECATION WARNING: please use MorganGenerator
[11:41:54] DEPRECATION WARNING: please use MorganGenerator
[11:41:54] DEPRECATION WARNING: please use MorganGenerator
[11:41:54] DEPRECATION WARNING: please use MorganGenerator
[11:41:54] DEPRECATION WARNING: please use MorganGenerator
[11:41:54] DEPRECATION WARNING: please use MorganGenerator
[11:41:54] DEPRECATION WARNING: please use MorganGenerator
[11:41:54] DEPRECATION WARNING: please use MorganGenerator
[11:41:54] DEPRECATION WARNING: please use MorganGenerator
[11:41:54] DEPRECATION WARNING: please use MorganGenerator
[11:41:54] DEPRECATION WARNING: please use MorganGenerator
[11:41:54] DEPRECATION WARNING: please use MorganGenerator
[11:41:54] DEPRECATION WARNING: please use MorganGenerator
[11:41:54] DEPRECATION WARNING: please use MorganGenerator
[11:41:54] DEPRECATION WARNING: please use MorganGenerator
[11:41:54] DEPRECATION WARNING: please use MorganGenerator
[11:41:54] DEPRECATION WARNING: please use MorganGenerator
[11:41:54] DEPRECATION WARNING: please use MorganGenerator
[11:41:54] DEPRECATION WARNING: please use MorganGenerator
[11:41:54] DEPRECATION WARNING: please use MorganGenerator
[11:41:54] DEPRECATION WARNING: please use MorganGenerator
[11:41:54] DEPRECATION WARNING: please use MorganGenerator
[11:41:54] DEPRECATION WARNING: please use MorganGenerator
[11:41:54] DEPRECATION WARNING: please use MorganGenerator
[11:41:54] Can't kekulize mol.  Unkekulized atoms: 3 6 8 9 12 13 16 21 22 25 27 30 31 35 40
[11:41:54] ERROR: Could not sanitize molecule ending on line 100
[11:41:54] ERROR: Can't kekulize mol.  Unkekulized atoms: 3 6 8 9 12 13 16 21 22 25 27 30 31 35 40
[11:41:54] Can't kekulize mol.  Unkekulized atoms: 2 15 16 28 31
[11:41:54] ERROR: Could not sanitize molecule ending on line 76
[11:41:54] ERROR: Can't kekulize mol.  Unkekulized atoms: 2 15 16 28 31
[11:41:54] Can't kekulize mol.  Unkekulized atoms: 10 15 16 26 27 28 30
[11:41:54] ERROR: Could not sanitize molecule ending on line 74
[11:41:54] ERROR: Can't kekulize mol.  Unkekulized atoms: 10 15 16 26 27 28 30
[11:41:54] Can't kekulize mol.  Unkekulized atoms: 12 24 28
[11:41:54] ERROR: Could not sanitize molecule ending on line 65
[11:41:54] ERROR: Can't kekulize mol.  Unkekulized atoms: 12 24 28
[11:41:54] Can't kekulize mol.  Unkekulized atoms: 1 5 10 25 31
[11:41:54] ERROR: Could not sanitize molecule ending on line 78
[11:41:54] ERROR: Can't kekulize mol.  Unkekulized atoms: 1 5 10 25 31
[11:41:54] Can't kekulize mol.  Unkekulized atoms: 18 19 20 24 31
[11:41:54] ERROR: Could not sanitize molecule ending on line 74
[11:41:54] ERROR: Can't kekulize mol.  Unkekulized atoms: 18 19 20 24 31
[11:41:54] Explicit valence for atom # 24 N, 4, is greater than permitted
[11:41:54] ERROR: Could not sanitize molecule ending on line 64
[11:41:54] ERROR: Explicit valence for atom # 24 N, 4, is greater than permitted
[11:41:54] Explicit valence for atom # 30 O, 3, is greater than permitted
[11:41:54] ERROR: Could not sanitize molecule ending on line 71
[11:41:54] ERROR: Explicit valence for atom # 30 O, 3, is greater than permitted
[11:41:54] Explicit valence for atom # 11 P, 6, is greater than permitted
[11:41:54] ERROR: Could not sanitize molecule ending on line 66
[11:41:54] ERROR: Explicit valence for atom # 11 P, 6, is greater than permitted
[11:41:54] DEPRECATION WARNING: please use MorganGenerator
[11:41:54] DEPRECATION WARNING: please use MorganGenerator
[11:41:54] DEPRECATION WARNING: please use MorganGenerator
[11:41:54] DEPRECATION WARNING: please use MorganGenerator
[11:41:54] DEPRECATION WARNING: please use MorganGenerator
[11:41:54] DEPRECATION WARNING: please use MorganGenerator
[11:41:54] DEPRECATION WARNING: please use MorganGenerator
[11:41:54] DEPRECATION WARNING: please use MorganGenerator
[11:41:54] DEPRECATION WARNING: please use MorganGenerator
[11:41:54] DEPRECATION WARNING: please use MorganGenerator
[11:41:54] DEPRECATION WARNING: please use MorganGenerator
[11:41:54] DEPRECATION WARNING: please use MorganGenerator
[11:41:54] DEPRECATION WARNING: please use MorganGenerator
[11:41:54] DEPRECATION WARNING: please use MorganGenerator
[11:41:54] DEPRECATION WARNING: please use MorganGenerator
[11:41:54] DEPRECATION WARNING: please use MorganGenerator
[11:41:54] DEPRECATION WARNING: please use MorganGenerator
[11:41:54] DEPRECATION WARNING: please use MorganGenerator
[11:41:54] DEPRECATION WARNING: please use MorganGenerator
[11:41:54] DEPRECATION WARNING: please use MorganGenerator
[11:41:54] DEPRECATION WARNING: please use MorganGenerator
[11:41:54] DEPRECATION WARNING: please use MorganGenerator
[11:41:54] DEPRECATION WARNING: please use MorganGenerator
[11:41:54] DEPRECATION WARNING: please use MorganGenerator
[11:41:54] DEPRECATION WARNING: please use MorganGenerator
[11:41:54] DEPRECATION WARNING: please use MorganGenerator
[11:41:54] DEPRECATION WARNING: please use MorganGenerator
[11:41:54] DEPRECATION WARNING: please use MorganGenerator
[11:41:54] DEPRECATION WARNING: please use MorganGenerator
[11:41:54] DEPRECATION WARNING: please use MorganGenerator
[11:41:54] DEPRECATION WARNING: please use MorganGenerator
[11:41:54] DEPRECATION WARNING: please use MorganGenerator
[11:41:54] DEPRECATION WARNING: please use MorganGenerator
[11:41:54] DEPRECATION WARNING: please use MorganGenerator
[11:41:54] DEPRECATION WARNING: please use MorganGenerator
[11:41:54] DEPRECATION WARNING: please use MorganGenerator
[11:41:54] DEPRECATION WARNING: please use MorganGenerator
[11:41:54] DEPRECATION WARNING: please use MorganGenerator
[11:41:54] DEPRECATION WARNING: please use MorganGenerator
[11:41:54] DEPRECATION WARNING: please use MorganGenerator
[11:41:54] DEPRECATION WARNING: please use MorganGenerator
[11:41:54] DEPRECATION WARNING: please use MorganGenerator
[11:41:54] DEPRECATION WARNING: please use MorganGenerator
[11:41:54] DEPRECATION WARNING: please use MorganGenerator
[11:41:54] DEPRECATION WARNING: please use MorganGenerator
[11:41:54] DEPRECATION WARNING: please use MorganGenerator
[11:41:54] DEPRECATION WARNING: please use MorganGenerator
[11:41:54] DEPRECATION WARNING: please use MorganGenerator
[11:41:54] DEPRECATION WARNING: please use MorganGenerator
[11:41:54] DEPRECATION WARNING: please use MorganGenerator
[11:41:54] DEPRECATION WARNING: please use MorganGenerator
[11:41:54] DEPRECATION WARNING: please use MorganGenerator
[11:41:54] DEPRECATION WARNING: please use MorganGenerator
[11:41:54] DEPRECATION WARNING: please use MorganGenerator
[11:41:54] DEPRECATION WARNING: please use MorganGenerator
[11:41:54] DEPRECATION WARNING: please use MorganGenerator
[11:41:54] DEPRECATION WARNING: please use MorganGenerator
[11:41:54] DEPRECATION WARNING: please use MorganGenerator
[11:41:54] DEPRECATION WARNING: please use MorganGenerator
[11:41:54] DEPRECATION WARNING: please use MorganGenerator
[11:41:54] DEPRECATION WARNING: please use MorganGenerator
[11:41:54] DEPRECATION WARNING: please use MorganGenerator
[11:41:54] DEPRECATION WARNING: please use MorganGenerator
[11:41:54] DEPRECATION WARNING: please use MorganGenerator
[11:41:54] DEPRECATION WARNING: please use MorganGenerator
[11:41:54] DEPRECATION WARNING: please use MorganGenerator
[11:41:54] DEPRECATION WARNING: please use MorganGenerator
[11:41:54] DEPRECATION WARNING: please use MorganGenerator
[11:41:54] DEPRECATION WARNING: please use MorganGenerator
[11:41:54] DEPRECATION WARNING: please use MorganGenerator
[11:41:54] DEPRECATION WARNING: please use MorganGenerator
[11:41:54] DEPRECATION WARNING: please use MorganGenerator
[11:41:54] DEPRECATION WARNING: please use MorganGenerator
[11:41:54] DEPRECATION WARNING: please use MorganGenerator
[11:41:54] DEPRECATION WARNING: please use MorganGenerator
[11:41:54] DEPRECATION WARNING: please use MorganGenerator
[11:41:54] DEPRECATION WARNING: please use MorganGenerator
[11:41:54] DEPRECATION WARNING: please use MorganGenerator
[11:41:54] DEPRECATION WARNING: please use MorganGenerator
[11:41:54] DEPRECATION WARNING: please use MorganGenerator
[11:41:54] DEPRECATION WARNING: please use MorganGenerator
[11:41:54] DEPRECATION WARNING: please use MorganGenerator
[11:41:54] DEPRECATION WARNING: please use MorganGenerator
[11:41:54] DEPRECATION WARNING: please use MorganGenerator
[11:41:54] DEPRECATION WARNING: please use MorganGenerator
[11:41:54] DEPRECATION WARNING: please use MorganGenerator
[11:41:54] DEPRECATION WARNING: please use MorganGenerator
[11:41:54] DEPRECATION WARNING: please use MorganGenerator
[11:41:54] DEPRECATION WARNING: please use MorganGenerator
[11:41:54] DEPRECATION WARNING: please use MorganGenerator
[11:41:54] DEPRECATION WARNING: please use MorganGenerator
[11:41:54] DEPRECATION WARNING: please use MorganGenerator
MaxMin selection:  40%|████      | 40/100 [00:01<00:01, 30.94it/s][11:41:54] Explicit valence for atom # 1 C, 5, is greater than permitted
[11:41:54] ERROR: Could not sanitize molecule ending on line 49
[11:41:54] ERROR: Explicit valence for atom # 1 C, 5, is greater than permitted
[11:41:54] Explicit valence for atom # 11 C, 5, is greater than permitted
[11:41:54] ERROR: Could not sanitize molecule ending on line 51
[11:41:54] ERROR: Explicit valence for atom # 11 C, 5, is greater than permitted
[11:41:54] Explicit valence for atom # 10 C, 5, is greater than permitted
[11:41:54] ERROR: Could not sanitize molecule ending on line 30
[11:41:54] ERROR: Explicit valence for atom # 10 C, 5, is greater than permitted
[11:41:54] DEPRECATION WARNING: please use MorganGenerator
[11:41:54] DEPRECATION WARNING: please use MorganGenerator
[11:41:54] DEPRECATION WARNING: please use MorganGenerator
[11:41:54] DEPRECATION WARNING: please use MorganGenerator
[11:41:54] DEPRECATION WARNING: please use MorganGenerator
[11:41:54] DEPRECATION WARNING: please use MorganGenerator
[11:41:54] DEPRECATION WARNING: please use MorganGenerator
[11:41:54] DEPRECATION WARNING: please use MorganGenerator
[11:41:54] DEPRECATION WARNING: please use MorganGenerator
[11:41:54] DEPRECATION WARNING: please use MorganGenerator
[11:41:54] DEPRECATION WARNING: please use MorganGenerator
[11:41:54] DEPRECATION WARNING: please use MorganGenerator
[11:41:54] DEPRECATION WARNING: please use MorganGenerator
[11:41:54] DEPRECATION WARNING: please use MorganGenerator
[11:41:54] DEPRECATION WARNING: please use MorganGenerator
[11:41:54] DEPRECATION WARNING: please use MorganGenerator
[11:41:54] DEPRECATION WARNING: please use MorganGenerator
[11:41:54] DEPRECATION WARNING: please use MorganGenerator
[11:41:54] DEPRECATION WARNING: please use MorganGenerator
[11:41:54] DEPRECATION WARNING: please use MorganGenerator
[11:41:54] DEPRECATION WARNING: please use MorganGenerator
[11:41:54] DEPRECATION WARNING: please use MorganGenerator
[11:41:54] DEPRECATION WARNING: please use MorganGenerator
[11:41:54] DEPRECATION WARNING: please use MorganGenerator
[11:41:54] DEPRECATION WARNING: please use MorganGenerator
[11:41:54] DEPRECATION WARNING: please use MorganGenerator
[11:41:54] DEPRECATION WARNING: please use MorganGenerator
[11:41:54] DEPRECATION WARNING: please use MorganGenerator
[11:41:54] DEPRECATION WARNING: please use MorganGenerator
[11:41:54] DEPRECATION WARNING: please use MorganGenerator
[11:41:54] DEPRECATION WARNING: please use MorganGenerator
[11:41:54] DEPRECATION WARNING: please use MorganGenerator
[11:41:54] DEPRECATION WARNING: please use MorganGenerator
[11:41:54] DEPRECATION WARNING: please use MorganGenerator
[11:41:54] DEPRECATION WARNING: please use MorganGenerator
[11:41:54] DEPRECATION WARNING: please use MorganGenerator
[11:41:54] DEPRECATION WARNING: please use MorganGenerator
[11:41:54] DEPRECATION WARNING: please use MorganGenerator
[11:41:54] DEPRECATION WARNING: please use MorganGenerator
[11:41:54] DEPRECATION WARNING: please use MorganGenerator
[11:41:54] DEPRECATION WARNING: please use MorganGenerator
[11:41:54] DEPRECATION WARNING: please use MorganGenerator
[11:41:54] DEPRECATION WARNING: please use MorganGenerator
[11:41:54] DEPRECATION WARNING: please use MorganGenerator
[11:41:54] DEPRECATION WARNING: please use MorganGenerator
[11:41:54] DEPRECATION WARNING: please use MorganGenerator
[11:41:54] DEPRECATION WARNING: please use MorganGenerator
[11:41:54] DEPRECATION WARNING: please use MorganGenerator
[11:41:54] DEPRECATION WARNING: please use MorganGenerator
[11:41:54] DEPRECATION WARNING: please use MorganGenerator
[11:41:54] DEPRECATION WARNING: please use MorganGenerator
[11:41:54] DEPRECATION WARNING: please use MorganGenerator
[11:41:54] DEPRECATION WARNING: please use MorganGenerator
[11:41:54] DEPRECATION WARNING: please use MorganGenerator
[11:41:54] DEPRECATION WARNING: please use MorganGenerator
[11:41:54] DEPRECATION WARNING: please use MorganGenerator
[11:41:54] DEPRECATION WARNING: please use MorganGenerator
[11:41:54] DEPRECATION WARNING: please use MorganGenerator
[11:41:54] DEPRECATION WARNING: please use MorganGenerator
[11:41:54] DEPRECATION WARNING: please use MorganGenerator
[11:41:54] DEPRECATION WARNING: please use MorganGenerator
[11:41:54] DEPRECATION WARNING: please use MorganGenerator
[11:41:54] DEPRECATION WARNING: please use MorganGenerator
[11:41:54] DEPRECATION WARNING: please use MorganGenerator
[11:41:54] DEPRECATION WARNING: please use MorganGenerator
[11:41:54] DEPRECATION WARNING: please use MorganGenerator
[11:41:54] DEPRECATION WARNING: please use MorganGenerator
[11:41:54] DEPRECATION WARNING: please use MorganGenerator
[11:41:54] DEPRECATION WARNING: please use MorganGenerator
[11:41:54] DEPRECATION WARNING: please use MorganGenerator
[11:41:54] DEPRECATION WARNING: please use MorganGenerator
[11:41:54] DEPRECATION WARNING: please use MorganGenerator
[11:41:54] DEPRECATION WARNING: please use MorganGenerator
[11:41:54] DEPRECATION WARNING: please use MorganGenerator
[11:41:54] DEPRECATION WARNING: please use MorganGenerator
[11:41:54] DEPRECATION WARNING: please use MorganGenerator
[11:41:54] DEPRECATION WARNING: please use MorganGenerator
[11:41:54] DEPRECATION WARNING: please use MorganGenerator
[11:41:54] DEPRECATION WARNING: please use MorganGenerator
[11:41:54] DEPRECATION WARNING: please use MorganGenerator
[11:41:54] DEPRECATION WARNING: please use MorganGenerator
[11:41:54] DEPRECATION WARNING: please use MorganGenerator
[11:41:54] DEPRECATION WARNING: please use MorganGenerator
[11:41:54] DEPRECATION WARNING: please use MorganGenerator
[11:41:54] DEPRECATION WARNING: please use MorganGenerator
[11:41:54] DEPRECATION WARNING: please use MorganGenerator
[11:41:54] DEPRECATION WARNING: please use MorganGenerator
[11:41:54] DEPRECATION WARNING: please use MorganGenerator
[11:41:54] DEPRECATION WARNING: please use MorganGenerator
[11:41:54] DEPRECATION WARNING: please use MorganGenerator
[11:41:54] DEPRECATION WARNING: please use MorganGenerator
[11:41:54] DEPRECATION WARNING: please use MorganGenerator
[11:41:54] DEPRECATION WARNING: please use MorganGenerator
[11:41:54] DEPRECATION WARNING: please use MorganGenerator
[11:41:54] DEPRECATION WARNING: please use MorganGenerator
[11:41:54] DEPRECATION WARNING: please use MorganGenerator
[11:41:54] DEPRECATION WARNING: please use MorganGenerator
[11:41:54] DEPRECATION WARNING: please use MorganGenerator
[11:41:54] DEPRECATION WARNING: please use MorganGenerator
[11:41:54] DEPRECATION WARNING: please use MorganGenerator
[11:41:54] DEPRECATION WARNING: please use MorganGenerator
[11:41:54] DEPRECATION WARNING: please use MorganGenerator
[11:41:54] DEPRECATION WARNING: please use MorganGenerator
[11:41:54] DEPRECATION WARNING: please use MorganGenerator
[11:41:54] Explicit valence for atom # 15 O, 3, is greater than permitted
[11:41:54] ERROR: Could not sanitize molecule ending on line 66
[11:41:54] ERROR: Explicit valence for atom # 15 O, 3, is greater than permitted
[11:41:54] Explicit valence for atom # 20 N, 4, is greater than permitted
[11:41:54] ERROR: Could not sanitize molecule ending on line 63
[11:41:54] ERROR: Explicit valence for atom # 20 N, 4, is greater than permitted
[11:41:54] Explicit valence for atom # 11 C, 6, is greater than permitted
[11:41:54] ERROR: Could not sanitize molecule ending on line 71
[11:41:54] ERROR: Explicit valence for atom # 11 C, 6, is greater than permitted
[11:41:54] Can't kekulize mol.  Unkekulized atoms: 2 3 4 7 10 12 13 19 21 22 23
[11:41:54] ERROR: Could not sanitize molecule ending on line 67
[11:41:54] ERROR: Can't kekulize mol.  Unkekulized atoms: 2 3 4 7 10 12 13 19 21 22 23
[11:41:54] Can't kekulize mol.  Unkekulized atoms: 1 2 3 4 6 7 11 13 14 15 18 19 21
[11:41:54] ERROR: Could not sanitize molecule ending on line 51
[11:41:54] ERROR: Can't kekulize mol.  Unkekulized atoms: 1 2 3 4 6 7 11 13 14 15 18 19 21
[11:41:54] Explicit valence for atom # 15 O, 3, is greater than permitted
[11:41:54] ERROR: Could not sanitize molecule ending on line 55
[11:41:54] ERROR: Explicit valence for atom # 15 O, 3, is greater than permitted
[11:41:54] Can't kekulize mol.  Unkekulized atoms: 2 4 7 14 15 19 22 25 33
[11:41:54] ERROR: Could not sanitize molecule ending on line 77
[11:41:54] ERROR: Can't kekulize mol.  Unkekulized atoms: 2 4 7 14 15 19 22 25 33
[11:41:54] Can't kekulize mol.  Unkekulized atoms: 9 14 17 18 19 21 22 30 36
[11:41:54] ERROR: Could not sanitize molecule ending on line 81
[11:41:54] ERROR: Can't kekulize mol.  Unkekulized atoms: 9 14 17 18 19 21 22 30 36
[11:41:54] Explicit valence for atom # 0 O, 3, is greater than permitted
[11:41:54] ERROR: Could not sanitize molecule ending on line 51
[11:41:54] ERROR: Explicit valence for atom # 0 O, 3, is greater than permitted
[11:41:54] Explicit valence for atom # 5 P, 6, is greater than permitted
[11:41:54] ERROR: Could not sanitize molecule ending on line 47
[11:41:54] ERROR: Explicit valence for atom # 5 P, 6, is greater than permitted
[11:41:54] Can't kekulize mol.  Unkekulized atoms: 4 7 8 11 13 15 16
[11:41:54] ERROR: Could not sanitize molecule ending on line 47
[11:41:54] ERROR: Can't kekulize mol.  Unkekulized atoms: 4 7 8 11 13 15 16
[11:41:54] DEPRECATION WARNING: please use MorganGenerator
[11:41:54] DEPRECATION WARNING: please use MorganGenerator
[11:41:54] DEPRECATION WARNING: please use MorganGenerator
[11:41:54] DEPRECATION WARNING: please use MorganGenerator
[11:41:54] DEPRECATION WARNING: please use MorganGenerator
[11:41:54] DEPRECATION WARNING: please use MorganGenerator
[11:41:54] DEPRECATION WARNING: please use MorganGenerator
[11:41:54] DEPRECATION WARNING: please use MorganGenerator
[11:41:54] DEPRECATION WARNING: please use MorganGenerator
[11:41:54] DEPRECATION WARNING: please use MorganGenerator
[11:41:54] DEPRECATION WARNING: please use MorganGenerator
[11:41:54] DEPRECATION WARNING: please use MorganGenerator
[11:41:54] DEPRECATION WARNING: please use MorganGenerator
[11:41:54] DEPRECATION WARNING: please use MorganGenerator
[11:41:54] DEPRECATION WARNING: please use MorganGenerator
[11:41:54] DEPRECATION WARNING: please use MorganGenerator
[11:41:54] DEPRECATION WARNING: please use MorganGenerator
[11:41:54] DEPRECATION WARNING: please use MorganGenerator
[11:41:54] DEPRECATION WARNING: please use MorganGenerator
[11:41:54] DEPRECATION WARNING: please use MorganGenerator
[11:41:54] DEPRECATION WARNING: please use MorganGenerator
[11:41:54] DEPRECATION WARNING: please use MorganGenerator
[11:41:54] DEPRECATION WARNING: please use MorganGenerator
[11:41:54] DEPRECATION WARNING: please use MorganGenerator
[11:41:54] DEPRECATION WARNING: please use MorganGenerator
[11:41:54] DEPRECATION WARNING: please use MorganGenerator
[11:41:54] DEPRECATION WARNING: please use MorganGenerator
[11:41:54] DEPRECATION WARNING: please use MorganGenerator
[11:41:54] DEPRECATION WARNING: please use MorganGenerator
[11:41:54] DEPRECATION WARNING: please use MorganGenerator
[11:41:54] DEPRECATION WARNING: please use MorganGenerator
[11:41:54] DEPRECATION WARNING: please use MorganGenerator
[11:41:54] DEPRECATION WARNING: please use MorganGenerator
[11:41:54] DEPRECATION WARNING: please use MorganGenerator
[11:41:54] DEPRECATION WARNING: please use MorganGenerator
[11:41:54] DEPRECATION WARNING: please use MorganGenerator
[11:41:54] DEPRECATION WARNING: please use MorganGenerator
[11:41:54] DEPRECATION WARNING: please use MorganGenerator
[11:41:54] DEPRECATION WARNING: please use MorganGenerator
[11:41:54] DEPRECATION WARNING: please use MorganGenerator
[11:41:54] DEPRECATION WARNING: please use MorganGenerator
[11:41:54] DEPRECATION WARNING: please use MorganGenerator
[11:41:54] DEPRECATION WARNING: please use MorganGenerator
[11:41:54] DEPRECATION WARNING: please use MorganGenerator
[11:41:54] DEPRECATION WARNING: please use MorganGenerator
[11:41:54] DEPRECATION WARNING: please use MorganGenerator
[11:41:54] DEPRECATION WARNING: please use MorganGenerator
[11:41:54] DEPRECATION WARNING: please use MorganGenerator
[11:41:54] DEPRECATION WARNING: please use MorganGenerator
[11:41:54] DEPRECATION WARNING: please use MorganGenerator
[11:41:54] DEPRECATION WARNING: please use MorganGenerator
[11:41:54] DEPRECATION WARNING: please use MorganGenerator
[11:41:54] DEPRECATION WARNING: please use MorganGenerator
[11:41:54] DEPRECATION WARNING: please use MorganGenerator
[11:41:54] DEPRECATION WARNING: please use MorganGenerator
[11:41:54] DEPRECATION WARNING: please use MorganGenerator
[11:41:54] DEPRECATION WARNING: please use MorganGenerator
[11:41:54] DEPRECATION WARNING: please use MorganGenerator
[11:41:54] DEPRECATION WARNING: please use MorganGenerator
[11:41:54] DEPRECATION WARNING: please use MorganGenerator
[11:41:54] DEPRECATION WARNING: please use MorganGenerator
[11:41:54] DEPRECATION WARNING: please use MorganGenerator
[11:41:54] DEPRECATION WARNING: please use MorganGenerator
[11:41:54] DEPRECATION WARNING: please use MorganGenerator
[11:41:54] DEPRECATION WARNING: please use MorganGenerator
[11:41:54] DEPRECATION WARNING: please use MorganGenerator
[11:41:54] DEPRECATION WARNING: please use MorganGenerator
[11:41:54] DEPRECATION WARNING: please use MorganGenerator
[11:41:54] DEPRECATION WARNING: please use MorganGenerator
[11:41:54] DEPRECATION WARNING: please use MorganGenerator
[11:41:54] DEPRECATION WARNING: please use MorganGenerator
[11:41:54] DEPRECATION WARNING: please use MorganGenerator
[11:41:54] DEPRECATION WARNING: please use MorganGenerator
[11:41:54] DEPRECATION WARNING: please use MorganGenerator
[11:41:54] DEPRECATION WARNING: please use MorganGenerator
[11:41:54] DEPRECATION WARNING: please use MorganGenerator
[11:41:54] DEPRECATION WARNING: please use MorganGenerator
[11:41:54] DEPRECATION WARNING: please use MorganGenerator
[11:41:54] DEPRECATION WARNING: please use MorganGenerator
[11:41:54] DEPRECATION WARNING: please use MorganGenerator
[11:41:54] DEPRECATION WARNING: please use MorganGenerator
[11:41:54] DEPRECATION WARNING: please use MorganGenerator
[11:41:54] DEPRECATION WARNING: please use MorganGenerator
[11:41:54] DEPRECATION WARNING: please use MorganGenerator
[11:41:54] DEPRECATION WARNING: please use MorganGenerator
[11:41:54] DEPRECATION WARNING: please use MorganGenerator
[11:41:54] DEPRECATION WARNING: please use MorganGenerator
[11:41:54] DEPRECATION WARNING: please use MorganGenerator
[11:41:54] Explicit valence for atom # 22 P, 6, is greater than permitted
[11:41:54] ERROR: Could not sanitize molecule ending on line 61
[11:41:54] ERROR: Explicit valence for atom # 22 P, 6, is greater than permitted
[11:41:54] Explicit valence for atom # 6 O, 3, is greater than permitted
[11:41:54] ERROR: Could not sanitize molecule ending on line 46
[11:41:54] ERROR: Explicit valence for atom # 6 O, 3, is greater than permitted
[11:41:54] Explicit valence for atom # 4 O, 3, is greater than permitted
[11:41:54] ERROR: Could not sanitize molecule ending on line 72
[11:41:54] ERROR: Explicit valence for atom # 4 O, 3, is greater than permitted
[11:41:54] Explicit valence for atom # 5 O, 3, is greater than permitted
[11:41:54] ERROR: Could not sanitize molecule ending on line 63
[11:41:54] ERROR: Explicit valence for atom # 5 O, 3, is greater than permitted
[11:41:54] Explicit valence for atom # 2 O, 3, is greater than permitted
[11:41:54] ERROR: Could not sanitize molecule ending on line 41
[11:41:54] ERROR: Explicit valence for atom # 2 O, 3, is greater than permitted
[11:41:54] Explicit valence for atom # 15 O, 3, is greater than permitted
[11:41:54] ERROR: Could not sanitize molecule ending on line 61
[11:41:54] ERROR: Explicit valence for atom # 15 O, 3, is greater than permitted
[11:41:54] DEPRECATION WARNING: please use MorganGenerator
[11:41:54] DEPRECATION WARNING: please use MorganGenerator
[11:41:54] DEPRECATION WARNING: please use MorganGenerator
[11:41:54] DEPRECATION WARNING: please use MorganGenerator
[11:41:54] DEPRECATION WARNING: please use MorganGenerator
[11:41:54] DEPRECATION WARNING: please use MorganGenerator
[11:41:54] DEPRECATION WARNING: please use MorganGenerator
[11:41:54] DEPRECATION WARNING: please use MorganGenerator
[11:41:54] DEPRECATION WARNING: please use MorganGenerator
[11:41:54] DEPRECATION WARNING: please use MorganGenerator
[11:41:54] DEPRECATION WARNING: please use MorganGenerator
[11:41:54] DEPRECATION WARNING: please use MorganGenerator
[11:41:54] DEPRECATION WARNING: please use MorganGenerator
[11:41:54] DEPRECATION WARNING: please use MorganGenerator
[11:41:54] DEPRECATION WARNING: please use MorganGenerator
[11:41:54] DEPRECATION WARNING: please use MorganGenerator
[11:41:54] DEPRECATION WARNING: please use MorganGenerator
[11:41:54] DEPRECATION WARNING: please use MorganGenerator
[11:41:54] DEPRECATION WARNING: please use MorganGenerator
[11:41:54] DEPRECATION WARNING: please use MorganGenerator
[11:41:54] DEPRECATION WARNING: please use MorganGenerator
[11:41:54] DEPRECATION WARNING: please use MorganGenerator
[11:41:54] DEPRECATION WARNING: please use MorganGenerator
[11:41:54] DEPRECATION WARNING: please use MorganGenerator
[11:41:54] DEPRECATION WARNING: please use MorganGenerator
[11:41:54] DEPRECATION WARNING: please use MorganGenerator
[11:41:54] DEPRECATION WARNING: please use MorganGenerator
[11:41:54] DEPRECATION WARNING: please use MorganGenerator
[11:41:54] DEPRECATION WARNING: please use MorganGenerator
[11:41:54] DEPRECATION WARNING: please use MorganGenerator
[11:41:54] DEPRECATION WARNING: please use MorganGenerator
[11:41:54] DEPRECATION WARNING: please use MorganGenerator
[11:41:54] DEPRECATION WARNING: please use MorganGenerator
[11:41:54] DEPRECATION WARNING: please use MorganGenerator
[11:41:54] DEPRECATION WARNING: please use MorganGenerator
[11:41:54] DEPRECATION WARNING: please use MorganGenerator
[11:41:54] DEPRECATION WARNING: please use MorganGenerator
[11:41:54] DEPRECATION WARNING: please use MorganGenerator
[11:41:54] DEPRECATION WARNING: please use MorganGenerator
[11:41:54] DEPRECATION WARNING: please use MorganGenerator
[11:41:54] DEPRECATION WARNING: please use MorganGenerator
[11:41:54] DEPRECATION WARNING: please use MorganGenerator
[11:41:54] DEPRECATION WARNING: please use MorganGenerator
[11:41:54] DEPRECATION WARNING: please use MorganGenerator
[11:41:54] DEPRECATION WARNING: please use MorganGenerator
[11:41:54] DEPRECATION WARNING: please use MorganGenerator
[11:41:54] DEPRECATION WARNING: please use MorganGenerator
[11:41:54] DEPRECATION WARNING: please use MorganGenerator
[11:41:54] DEPRECATION WARNING: please use MorganGenerator
[11:41:54] DEPRECATION WARNING: please use MorganGenerator
[11:41:54] DEPRECATION WARNING: please use MorganGenerator
[11:41:54] DEPRECATION WARNING: please use MorganGenerator
[11:41:54] DEPRECATION WARNING: please use MorganGenerator
[11:41:54] DEPRECATION WARNING: please use MorganGenerator
[11:41:54] DEPRECATION WARNING: please use MorganGenerator
[11:41:54] DEPRECATION WARNING: please use MorganGenerator
[11:41:54] DEPRECATION WARNING: please use MorganGenerator
[11:41:54] DEPRECATION WARNING: please use MorganGenerator
[11:41:54] DEPRECATION WARNING: please use MorganGenerator
[11:41:54] DEPRECATION WARNING: please use MorganGenerator
[11:41:54] DEPRECATION WARNING: please use MorganGenerator
[11:41:54] DEPRECATION WARNING: please use MorganGenerator
[11:41:54] DEPRECATION WARNING: please use MorganGenerator
[11:41:54] DEPRECATION WARNING: please use MorganGenerator
[11:41:54] DEPRECATION WARNING: please use MorganGenerator
[11:41:54] DEPRECATION WARNING: please use MorganGenerator
[11:41:54] DEPRECATION WARNING: please use MorganGenerator
[11:41:54] DEPRECATION WARNING: please use MorganGenerator
[11:41:54] DEPRECATION WARNING: please use MorganGenerator
[11:41:54] DEPRECATION WARNING: please use MorganGenerator
[11:41:54] DEPRECATION WARNING: please use MorganGenerator
[11:41:54] DEPRECATION WARNING: please use MorganGenerator
[11:41:54] DEPRECATION WARNING: please use MorganGenerator
[11:41:54] DEPRECATION WARNING: please use MorganGenerator
[11:41:54] DEPRECATION WARNING: please use MorganGenerator
[11:41:54] DEPRECATION WARNING: please use MorganGenerator
[11:41:54] DEPRECATION WARNING: please use MorganGenerator
[11:41:54] DEPRECATION WARNING: please use MorganGenerator
[11:41:54] DEPRECATION WARNING: please use MorganGenerator
[11:41:54] DEPRECATION WARNING: please use MorganGenerator
[11:41:54] DEPRECATION WARNING: please use MorganGenerator
[11:41:54] DEPRECATION WARNING: please use MorganGenerator
[11:41:54] DEPRECATION WARNING: please use MorganGenerator
[11:41:54] DEPRECATION WARNING: please use MorganGenerator
[11:41:54] DEPRECATION WARNING: please use MorganGenerator
[11:41:54] DEPRECATION WARNING: please use MorganGenerator
[11:41:54] DEPRECATION WARNING: please use MorganGenerator
[11:41:54] DEPRECATION WARNING: please use MorganGenerator
[11:41:54] DEPRECATION WARNING: please use MorganGenerator
[11:41:54] DEPRECATION WARNING: please use MorganGenerator
[11:41:54] DEPRECATION WARNING: please use MorganGenerator
[11:41:54] DEPRECATION WARNING: please use MorganGenerator
[11:41:54] DEPRECATION WARNING: please use MorganGenerator
[11:41:54] DEPRECATION WARNING: please use MorganGenerator
[11:41:54] DEPRECATION WARNING: please use MorganGenerator
[11:41:54] DEPRECATION WARNING: please use MorganGenerator
[11:41:54] DEPRECATION WARNING: please use MorganGenerator
[11:41:54] DEPRECATION WARNING: please use MorganGenerator
[11:41:54] Can't kekulize mol.  Unkekulized atoms: 1 2 5 7 11
[11:41:54] ERROR: Could not sanitize molecule ending on line 43
[11:41:54] ERROR: Can't kekulize mol.  Unkekulized atoms: 1 2 5 7 11
[11:41:54] Explicit valence for atom # 15 N, 4, is greater than permitted
[11:41:54] ERROR: Could not sanitize molecule ending on line 49
[11:41:54] ERROR: Explicit valence for atom # 15 N, 4, is greater than permitted
[11:41:54] Explicit valence for atom # 31 C, 5, is greater than permitted
[11:41:54] ERROR: Could not sanitize molecule ending on line 72
[11:41:54] ERROR: Explicit valence for atom # 31 C, 5, is greater than permitted
[11:41:54] DEPRECATION WARNING: please use MorganGenerator
[11:41:54] DEPRECATION WARNING: please use MorganGenerator
[11:41:54] DEPRECATION WARNING: please use MorganGenerator
[11:41:54] DEPRECATION WARNING: please use MorganGenerator
[11:41:54] DEPRECATION WARNING: please use MorganGenerator
[11:41:54] DEPRECATION WARNING: please use MorganGenerator
[11:41:54] DEPRECATION WARNING: please use MorganGenerator
[11:41:54] DEPRECATION WARNING: please use MorganGenerator
[11:41:54] DEPRECATION WARNING: please use MorganGenerator
[11:41:54] DEPRECATION WARNING: please use MorganGenerator
[11:41:54] DEPRECATION WARNING: please use MorganGenerator
[11:41:54] DEPRECATION WARNING: please use MorganGenerator
[11:41:54] DEPRECATION WARNING: please use MorganGenerator
[11:41:54] DEPRECATION WARNING: please use MorganGenerator
[11:41:54] DEPRECATION WARNING: please use MorganGenerator
[11:41:54] DEPRECATION WARNING: please use MorganGenerator
[11:41:54] DEPRECATION WARNING: please use MorganGenerator
[11:41:54] DEPRECATION WARNING: please use MorganGenerator
[11:41:54] DEPRECATION WARNING: please use MorganGenerator
[11:41:54] DEPRECATION WARNING: please use MorganGenerator
[11:41:54] DEPRECATION WARNING: please use MorganGenerator
[11:41:54] DEPRECATION WARNING: please use MorganGenerator
[11:41:54] DEPRECATION WARNING: please use MorganGenerator
[11:41:54] DEPRECATION WARNING: please use MorganGenerator
[11:41:54] DEPRECATION WARNING: please use MorganGenerator
[11:41:54] DEPRECATION WARNING: please use MorganGenerator
[11:41:54] DEPRECATION WARNING: please use MorganGenerator
[11:41:54] DEPRECATION WARNING: please use MorganGenerator
[11:41:54] DEPRECATION WARNING: please use MorganGenerator
[11:41:54] DEPRECATION WARNING: please use MorganGenerator
[11:41:54] DEPRECATION WARNING: please use MorganGenerator
[11:41:54] DEPRECATION WARNING: please use MorganGenerator
[11:41:54] DEPRECATION WARNING: please use MorganGenerator
[11:41:54] DEPRECATION WARNING: please use MorganGenerator
[11:41:54] DEPRECATION WARNING: please use MorganGenerator
[11:41:54] DEPRECATION WARNING: please use MorganGenerator
[11:41:54] DEPRECATION WARNING: please use MorganGenerator
[11:41:54] DEPRECATION WARNING: please use MorganGenerator
[11:41:54] DEPRECATION WARNING: please use MorganGenerator
[11:41:54] DEPRECATION WARNING: please use MorganGenerator
[11:41:54] DEPRECATION WARNING: please use MorganGenerator
[11:41:54] DEPRECATION WARNING: please use MorganGenerator
[11:41:54] DEPRECATION WARNING: please use MorganGenerator
[11:41:54] DEPRECATION WARNING: please use MorganGenerator
[11:41:54] DEPRECATION WARNING: please use MorganGenerator
[11:41:54] DEPRECATION WARNING: please use MorganGenerator
[11:41:54] DEPRECATION WARNING: please use MorganGenerator
[11:41:54] DEPRECATION WARNING: please use MorganGenerator
[11:41:54] DEPRECATION WARNING: please use MorganGenerator
[11:41:54] DEPRECATION WARNING: please use MorganGenerator
[11:41:54] DEPRECATION WARNING: please use MorganGenerator
[11:41:54] DEPRECATION WARNING: please use MorganGenerator
[11:41:54] DEPRECATION WARNING: please use MorganGenerator
[11:41:54] DEPRECATION WARNING: please use MorganGenerator
[11:41:54] DEPRECATION WARNING: please use MorganGenerator
[11:41:54] DEPRECATION WARNING: please use MorganGenerator
[11:41:54] DEPRECATION WARNING: please use MorganGenerator
[11:41:54] DEPRECATION WARNING: please use MorganGenerator
[11:41:54] DEPRECATION WARNING: please use MorganGenerator
[11:41:54] DEPRECATION WARNING: please use MorganGenerator
[11:41:54] DEPRECATION WARNING: please use MorganGenerator
[11:41:54] DEPRECATION WARNING: please use MorganGenerator
[11:41:54] DEPRECATION WARNING: please use MorganGenerator
[11:41:54] DEPRECATION WARNING: please use MorganGenerator
[11:41:54] DEPRECATION WARNING: please use MorganGenerator
[11:41:54] DEPRECATION WARNING: please use MorganGenerator
[11:41:54] DEPRECATION WARNING: please use MorganGenerator
[11:41:54] DEPRECATION WARNING: please use MorganGenerator
[11:41:54] DEPRECATION WARNING: please use MorganGenerator
[11:41:54] DEPRECATION WARNING: please use MorganGenerator
[11:41:54] DEPRECATION WARNING: please use MorganGenerator
[11:41:54] DEPRECATION WARNING: please use MorganGenerator
[11:41:54] DEPRECATION WARNING: please use MorganGenerator
[11:41:54] DEPRECATION WARNING: please use MorganGenerator
[11:41:54] DEPRECATION WARNING: please use MorganGenerator
[11:41:54] DEPRECATION WARNING: please use MorganGenerator
[11:41:54] DEPRECATION WARNING: please use MorganGenerator
[11:41:54] DEPRECATION WARNING: please use MorganGenerator
[11:41:54] DEPRECATION WARNING: please use MorganGenerator
[11:41:54] DEPRECATION WARNING: please use MorganGenerator
[11:41:54] DEPRECATION WARNING: please use MorganGenerator
[11:41:54] DEPRECATION WARNING: please use MorganGenerator
[11:41:54] DEPRECATION WARNING: please use MorganGenerator
[11:41:54] DEPRECATION WARNING: please use MorganGenerator
[11:41:54] DEPRECATION WARNING: please use MorganGenerator
[11:41:54] DEPRECATION WARNING: please use MorganGenerator
[11:41:54] DEPRECATION WARNING: please use MorganGenerator
[11:41:54] DEPRECATION WARNING: please use MorganGenerator
[11:41:54] DEPRECATION WARNING: please use MorganGenerator
[11:41:54] DEPRECATION WARNING: please use MorganGenerator
[11:41:54] DEPRECATION WARNING: please use MorganGenerator
[11:41:54] DEPRECATION WARNING: please use MorganGenerator
[11:41:54] DEPRECATION WARNING: please use MorganGenerator
[11:41:54] DEPRECATION WARNING: please use MorganGenerator
[11:41:54] DEPRECATION WARNING: please use MorganGenerator
[11:41:54] DEPRECATION WARNING: please use MorganGenerator
[11:41:54] DEPRECATION WARNING: please use MorganGenerator
[11:41:54] DEPRECATION WARNING: please use MorganGenerator
[11:41:54] DEPRECATION WARNING: please use MorganGenerator
[11:41:54] DEPRECATION WARNING: please use MorganGenerator
[11:41:54] DEPRECATION WARNING: please use MorganGenerator
[11:41:54] DEPRECATION WARNING: please use MorganGenerator
[11:41:54] DEPRECATION WARNING: please use MorganGenerator
[11:41:54] DEPRECATION WARNING: please use MorganGenerator
MaxMin selection:  44%|████▍     | 44/100 [00:01<00:01, 31.74it/s][11:41:54] Explicit valence for atom # 0 C, 5, is greater than permitted
[11:41:54] ERROR: Could not sanitize molecule ending on line 44
[11:41:54] ERROR: Explicit valence for atom # 0 C, 5, is greater than permitted
[11:41:54] Explicit valence for atom # 0 C, 5, is greater than permitted
[11:41:54] ERROR: Could not sanitize molecule ending on line 56
[11:41:54] ERROR: Explicit valence for atom # 0 C, 5, is greater than permitted
[11:41:54] Explicit valence for atom # 11 C, 5, is greater than permitted
[11:41:54] ERROR: Could not sanitize molecule ending on line 55
[11:41:54] ERROR: Explicit valence for atom # 11 C, 5, is greater than permitted
[11:41:54] Explicit valence for atom # 14 C, 5, is greater than permitted
[11:41:54] ERROR: Could not sanitize molecule ending on line 45
[11:41:54] ERROR: Explicit valence for atom # 14 C, 5, is greater than permitted
[11:41:54] Explicit valence for atom # 39 C, 5, is greater than permitted
[11:41:54] ERROR: Could not sanitize molecule ending on line 104
[11:41:54] ERROR: Explicit valence for atom # 39 C, 5, is greater than permitted
[11:41:54] Explicit valence for atom # 4 N, 4, is greater than permitted
[11:41:54] ERROR: Could not sanitize molecule ending on line 57
[11:41:54] ERROR: Explicit valence for atom # 4 N, 4, is greater than permitted
[11:41:54] Explicit valence for atom # 17 C, 5, is greater than permitted
[11:41:54] ERROR: Could not sanitize molecule ending on line 53
[11:41:54] ERROR: Explicit valence for atom # 17 C, 5, is greater than permitted
[11:41:54] Explicit valence for atom # 1 C, 5, is greater than permitted
[11:41:54] ERROR: Could not sanitize molecule ending on line 29
[11:41:54] ERROR: Explicit valence for atom # 1 C, 5, is greater than permitted
[11:41:54] DEPRECATION WARNING: please use MorganGenerator
[11:41:54] DEPRECATION WARNING: please use MorganGenerator
[11:41:54] DEPRECATION WARNING: please use MorganGenerator
[11:41:54] DEPRECATION WARNING: please use MorganGenerator
[11:41:54] DEPRECATION WARNING: please use MorganGenerator
[11:41:54] DEPRECATION WARNING: please use MorganGenerator
[11:41:54] DEPRECATION WARNING: please use MorganGenerator
[11:41:54] DEPRECATION WARNING: please use MorganGenerator
[11:41:54] DEPRECATION WARNING: please use MorganGenerator
[11:41:54] DEPRECATION WARNING: please use MorganGenerator
[11:41:54] DEPRECATION WARNING: please use MorganGenerator
[11:41:54] DEPRECATION WARNING: please use MorganGenerator
[11:41:54] DEPRECATION WARNING: please use MorganGenerator
[11:41:54] DEPRECATION WARNING: please use MorganGenerator
[11:41:54] DEPRECATION WARNING: please use MorganGenerator
[11:41:54] DEPRECATION WARNING: please use MorganGenerator
[11:41:54] DEPRECATION WARNING: please use MorganGenerator
[11:41:54] DEPRECATION WARNING: please use MorganGenerator
[11:41:54] DEPRECATION WARNING: please use MorganGenerator
[11:41:54] DEPRECATION WARNING: please use MorganGenerator
[11:41:54] DEPRECATION WARNING: please use MorganGenerator
[11:41:54] DEPRECATION WARNING: please use MorganGenerator
[11:41:54] DEPRECATION WARNING: please use MorganGenerator
[11:41:54] DEPRECATION WARNING: please use MorganGenerator
[11:41:54] DEPRECATION WARNING: please use MorganGenerator
[11:41:54] DEPRECATION WARNING: please use MorganGenerator
[11:41:54] DEPRECATION WARNING: please use MorganGenerator
[11:41:54] DEPRECATION WARNING: please use MorganGenerator
[11:41:54] DEPRECATION WARNING: please use MorganGenerator
[11:41:54] DEPRECATION WARNING: please use MorganGenerator
[11:41:54] DEPRECATION WARNING: please use MorganGenerator
[11:41:54] DEPRECATION WARNING: please use MorganGenerator
[11:41:54] DEPRECATION WARNING: please use MorganGenerator
[11:41:54] DEPRECATION WARNING: please use MorganGenerator
[11:41:54] DEPRECATION WARNING: please use MorganGenerator
[11:41:54] DEPRECATION WARNING: please use MorganGenerator
[11:41:54] DEPRECATION WARNING: please use MorganGenerator
[11:41:54] DEPRECATION WARNING: please use MorganGenerator
[11:41:54] DEPRECATION WARNING: please use MorganGenerator
[11:41:54] DEPRECATION WARNING: please use MorganGenerator
[11:41:54] DEPRECATION WARNING: please use MorganGenerator
[11:41:54] DEPRECATION WARNING: please use MorganGenerator
[11:41:54] DEPRECATION WARNING: please use MorganGenerator
[11:41:54] DEPRECATION WARNING: please use MorganGenerator
[11:41:54] DEPRECATION WARNING: please use MorganGenerator
[11:41:54] DEPRECATION WARNING: please use MorganGenerator
[11:41:54] DEPRECATION WARNING: please use MorganGenerator
[11:41:54] DEPRECATION WARNING: please use MorganGenerator
[11:41:54] DEPRECATION WARNING: please use MorganGenerator
[11:41:54] DEPRECATION WARNING: please use MorganGenerator
[11:41:54] DEPRECATION WARNING: please use MorganGenerator
[11:41:54] DEPRECATION WARNING: please use MorganGenerator
[11:41:54] DEPRECATION WARNING: please use MorganGenerator
[11:41:54] DEPRECATION WARNING: please use MorganGenerator
[11:41:54] DEPRECATION WARNING: please use MorganGenerator
[11:41:54] DEPRECATION WARNING: please use MorganGenerator
[11:41:54] DEPRECATION WARNING: please use MorganGenerator
[11:41:54] DEPRECATION WARNING: please use MorganGenerator
[11:41:54] DEPRECATION WARNING: please use MorganGenerator
[11:41:54] DEPRECATION WARNING: please use MorganGenerator
[11:41:54] DEPRECATION WARNING: please use MorganGenerator
[11:41:54] DEPRECATION WARNING: please use MorganGenerator
[11:41:54] DEPRECATION WARNING: please use MorganGenerator
[11:41:54] DEPRECATION WARNING: please use MorganGenerator
[11:41:54] DEPRECATION WARNING: please use MorganGenerator
[11:41:54] DEPRECATION WARNING: please use MorganGenerator
[11:41:54] DEPRECATION WARNING: please use MorganGenerator
[11:41:54] DEPRECATION WARNING: please use MorganGenerator
[11:41:54] DEPRECATION WARNING: please use MorganGenerator
[11:41:54] DEPRECATION WARNING: please use MorganGenerator
[11:41:54] DEPRECATION WARNING: please use MorganGenerator
[11:41:54] DEPRECATION WARNING: please use MorganGenerator
[11:41:54] DEPRECATION WARNING: please use MorganGenerator
[11:41:54] DEPRECATION WARNING: please use MorganGenerator
[11:41:54] DEPRECATION WARNING: please use MorganGenerator
[11:41:54] DEPRECATION WARNING: please use MorganGenerator
[11:41:54] DEPRECATION WARNING: please use MorganGenerator
[11:41:54] DEPRECATION WARNING: please use MorganGenerator
[11:41:54] DEPRECATION WARNING: please use MorganGenerator
[11:41:54] DEPRECATION WARNING: please use MorganGenerator
[11:41:54] DEPRECATION WARNING: please use MorganGenerator
[11:41:54] DEPRECATION WARNING: please use MorganGenerator
[11:41:54] DEPRECATION WARNING: please use MorganGenerator
[11:41:54] DEPRECATION WARNING: please use MorganGenerator
[11:41:54] DEPRECATION WARNING: please use MorganGenerator
[11:41:54] DEPRECATION WARNING: please use MorganGenerator
[11:41:54] DEPRECATION WARNING: please use MorganGenerator
[11:41:54] DEPRECATION WARNING: please use MorganGenerator
[11:41:54] DEPRECATION WARNING: please use MorganGenerator
[11:41:54] DEPRECATION WARNING: please use MorganGenerator
[11:41:54] DEPRECATION WARNING: please use MorganGenerator
[11:41:54] DEPRECATION WARNING: please use MorganGenerator
[11:41:54] DEPRECATION WARNING: please use MorganGenerator
[11:41:54] DEPRECATION WARNING: please use MorganGenerator
[11:41:54] Can't kekulize mol.  Unkekulized atoms: 0 2 7 18 19
[11:41:54] ERROR: Could not sanitize molecule ending on line 66
[11:41:54] ERROR: Can't kekulize mol.  Unkekulized atoms: 0 2 7 18 19
[11:41:54] Can't kekulize mol.  Unkekulized atoms: 2 21 25 26 27 31 33 37 42
[11:41:54] ERROR: Could not sanitize molecule ending on line 94
[11:41:54] ERROR: Can't kekulize mol.  Unkekulized atoms: 2 21 25 26 27 31 33 37 42
[11:41:54] Can't kekulize mol.  Unkekulized atoms: 3 9 16 17 18
[11:41:54] ERROR: Could not sanitize molecule ending on line 44
[11:41:54] ERROR: Can't kekulize mol.  Unkekulized atoms: 3 9 16 17 18
[11:41:54] Explicit valence for atom # 4 O, 3, is greater than permitted
[11:41:54] ERROR: Could not sanitize molecule ending on line 79
[11:41:54] ERROR: Explicit valence for atom # 4 O, 3, is greater than permitted
[11:41:54] Can't kekulize mol.  Unkekulized atoms: 0 1 2 4 8 10 11
[11:41:54] ERROR: Could not sanitize molecule ending on line 36
[11:41:54] ERROR: Can't kekulize mol.  Unkekulized atoms: 0 1 2 4 8 10 11
[11:41:54] DEPRECATION WARNING: please use MorganGenerator
[11:41:54] DEPRECATION WARNING: please use MorganGenerator
[11:41:54] DEPRECATION WARNING: please use MorganGenerator
[11:41:54] DEPRECATION WARNING: please use MorganGenerator
[11:41:54] DEPRECATION WARNING: please use MorganGenerator
[11:41:54] DEPRECATION WARNING: please use MorganGenerator
[11:41:54] DEPRECATION WARNING: please use MorganGenerator
[11:41:54] DEPRECATION WARNING: please use MorganGenerator
[11:41:54] DEPRECATION WARNING: please use MorganGenerator
[11:41:54] DEPRECATION WARNING: please use MorganGenerator
[11:41:54] DEPRECATION WARNING: please use MorganGenerator
[11:41:54] DEPRECATION WARNING: please use MorganGenerator
[11:41:54] DEPRECATION WARNING: please use MorganGenerator
[11:41:54] DEPRECATION WARNING: please use MorganGenerator
[11:41:54] DEPRECATION WARNING: please use MorganGenerator
[11:41:54] DEPRECATION WARNING: please use MorganGenerator
[11:41:54] DEPRECATION WARNING: please use MorganGenerator
[11:41:54] DEPRECATION WARNING: please use MorganGenerator
[11:41:54] DEPRECATION WARNING: please use MorganGenerator
[11:41:54] DEPRECATION WARNING: please use MorganGenerator
[11:41:54] DEPRECATION WARNING: please use MorganGenerator
[11:41:54] DEPRECATION WARNING: please use MorganGenerator
[11:41:54] DEPRECATION WARNING: please use MorganGenerator
[11:41:54] DEPRECATION WARNING: please use MorganGenerator
[11:41:54] DEPRECATION WARNING: please use MorganGenerator
[11:41:54] DEPRECATION WARNING: please use MorganGenerator
[11:41:54] DEPRECATION WARNING: please use MorganGenerator
[11:41:54] DEPRECATION WARNING: please use MorganGenerator
[11:41:54] DEPRECATION WARNING: please use MorganGenerator
[11:41:54] DEPRECATION WARNING: please use MorganGenerator
[11:41:54] DEPRECATION WARNING: please use MorganGenerator
[11:41:54] DEPRECATION WARNING: please use MorganGenerator
[11:41:54] DEPRECATION WARNING: please use MorganGenerator
[11:41:54] DEPRECATION WARNING: please use MorganGenerator
[11:41:54] DEPRECATION WARNING: please use MorganGenerator
[11:41:54] DEPRECATION WARNING: please use MorganGenerator
[11:41:54] DEPRECATION WARNING: please use MorganGenerator
[11:41:54] DEPRECATION WARNING: please use MorganGenerator
[11:41:54] DEPRECATION WARNING: please use MorganGenerator
[11:41:54] DEPRECATION WARNING: please use MorganGenerator
[11:41:54] DEPRECATION WARNING: please use MorganGenerator
[11:41:54] DEPRECATION WARNING: please use MorganGenerator
[11:41:54] DEPRECATION WARNING: please use MorganGenerator
[11:41:54] DEPRECATION WARNING: please use MorganGenerator
[11:41:54] DEPRECATION WARNING: please use MorganGenerator
[11:41:54] DEPRECATION WARNING: please use MorganGenerator
[11:41:54] DEPRECATION WARNING: please use MorganGenerator
[11:41:54] DEPRECATION WARNING: please use MorganGenerator
[11:41:54] DEPRECATION WARNING: please use MorganGenerator
[11:41:54] DEPRECATION WARNING: please use MorganGenerator
[11:41:54] DEPRECATION WARNING: please use MorganGenerator
[11:41:54] DEPRECATION WARNING: please use MorganGenerator
[11:41:54] DEPRECATION WARNING: please use MorganGenerator
[11:41:54] DEPRECATION WARNING: please use MorganGenerator
[11:41:54] DEPRECATION WARNING: please use MorganGenerator
[11:41:54] DEPRECATION WARNING: please use MorganGenerator
[11:41:54] DEPRECATION WARNING: please use MorganGenerator
[11:41:54] DEPRECATION WARNING: please use MorganGenerator
[11:41:54] DEPRECATION WARNING: please use MorganGenerator
[11:41:54] DEPRECATION WARNING: please use MorganGenerator
[11:41:54] DEPRECATION WARNING: please use MorganGenerator
[11:41:54] DEPRECATION WARNING: please use MorganGenerator
[11:41:54] DEPRECATION WARNING: please use MorganGenerator
[11:41:54] DEPRECATION WARNING: please use MorganGenerator
[11:41:54] DEPRECATION WARNING: please use MorganGenerator
[11:41:54] DEPRECATION WARNING: please use MorganGenerator
[11:41:54] DEPRECATION WARNING: please use MorganGenerator
[11:41:54] DEPRECATION WARNING: please use MorganGenerator
[11:41:54] DEPRECATION WARNING: please use MorganGenerator
[11:41:54] DEPRECATION WARNING: please use MorganGenerator
[11:41:54] DEPRECATION WARNING: please use MorganGenerator
[11:41:54] DEPRECATION WARNING: please use MorganGenerator
[11:41:54] DEPRECATION WARNING: please use MorganGenerator
[11:41:54] DEPRECATION WARNING: please use MorganGenerator
[11:41:54] DEPRECATION WARNING: please use MorganGenerator
[11:41:54] DEPRECATION WARNING: please use MorganGenerator
[11:41:54] DEPRECATION WARNING: please use MorganGenerator
[11:41:54] DEPRECATION WARNING: please use MorganGenerator
[11:41:54] DEPRECATION WARNING: please use MorganGenerator
[11:41:54] DEPRECATION WARNING: please use MorganGenerator
[11:41:54] DEPRECATION WARNING: please use MorganGenerator
[11:41:54] DEPRECATION WARNING: please use MorganGenerator
[11:41:54] DEPRECATION WARNING: please use MorganGenerator
[11:41:54] DEPRECATION WARNING: please use MorganGenerator
[11:41:54] DEPRECATION WARNING: please use MorganGenerator
[11:41:54] DEPRECATION WARNING: please use MorganGenerator
[11:41:54] DEPRECATION WARNING: please use MorganGenerator
[11:41:54] DEPRECATION WARNING: please use MorganGenerator
[11:41:54] DEPRECATION WARNING: please use MorganGenerator
[11:41:54] DEPRECATION WARNING: please use MorganGenerator
[11:41:54] DEPRECATION WARNING: please use MorganGenerator
[11:41:54] DEPRECATION WARNING: please use MorganGenerator
[11:41:54] DEPRECATION WARNING: please use MorganGenerator
[11:41:54] DEPRECATION WARNING: please use MorganGenerator
[11:41:54] DEPRECATION WARNING: please use MorganGenerator
[11:41:54] DEPRECATION WARNING: please use MorganGenerator
[11:41:54] DEPRECATION WARNING: please use MorganGenerator
[11:41:54] DEPRECATION WARNING: please use MorganGenerator
[11:41:54] DEPRECATION WARNING: please use MorganGenerator
[11:41:54] DEPRECATION WARNING: please use MorganGenerator
[11:41:54] Can't kekulize mol.  Unkekulized atoms: 1 2 3 5 7
[11:41:54] ERROR: Could not sanitize molecule ending on line 27
[11:41:54] ERROR: Can't kekulize mol.  Unkekulized atoms: 1 2 3 5 7
[11:41:54] Explicit valence for atom # 0 O, 3, is greater than permitted
[11:41:54] ERROR: Could not sanitize molecule ending on line 40
[11:41:54] ERROR: Explicit valence for atom # 0 O, 3, is greater than permitted
[11:41:54] Explicit valence for atom # 11 C, 5, is greater than permitted
[11:41:54] ERROR: Could not sanitize molecule ending on line 43
[11:41:54] ERROR: Explicit valence for atom # 11 C, 5, is greater than permitted
[11:41:54] Explicit valence for atom # 24 C, 5, is greater than permitted
[11:41:54] ERROR: Could not sanitize molecule ending on line 65
[11:41:54] ERROR: Explicit valence for atom # 24 C, 5, is greater than permitted
[11:41:54] Can't kekulize mol.  Unkekulized atoms: 1 7 14 15 16
[11:41:54] ERROR: Could not sanitize molecule ending on line 44
[11:41:54] ERROR: Can't kekulize mol.  Unkekulized atoms: 1 7 14 15 16
[11:41:54] DEPRECATION WARNING: please use MorganGenerator
[11:41:54] DEPRECATION WARNING: please use MorganGenerator
[11:41:54] DEPRECATION WARNING: please use MorganGenerator
[11:41:54] DEPRECATION WARNING: please use MorganGenerator
[11:41:54] DEPRECATION WARNING: please use MorganGenerator
[11:41:54] DEPRECATION WARNING: please use MorganGenerator
[11:41:54] DEPRECATION WARNING: please use MorganGenerator
[11:41:54] DEPRECATION WARNING: please use MorganGenerator
[11:41:54] DEPRECATION WARNING: please use MorganGenerator
[11:41:54] DEPRECATION WARNING: please use MorganGenerator
[11:41:54] DEPRECATION WARNING: please use MorganGenerator
[11:41:54] DEPRECATION WARNING: please use MorganGenerator
[11:41:54] DEPRECATION WARNING: please use MorganGenerator
[11:41:54] DEPRECATION WARNING: please use MorganGenerator
[11:41:54] DEPRECATION WARNING: please use MorganGenerator
[11:41:54] DEPRECATION WARNING: please use MorganGenerator
[11:41:54] DEPRECATION WARNING: please use MorganGenerator
[11:41:54] DEPRECATION WARNING: please use MorganGenerator
[11:41:54] DEPRECATION WARNING: please use MorganGenerator
[11:41:54] DEPRECATION WARNING: please use MorganGenerator
[11:41:54] DEPRECATION WARNING: please use MorganGenerator
[11:41:54] DEPRECATION WARNING: please use MorganGenerator
[11:41:54] DEPRECATION WARNING: please use MorganGenerator
[11:41:54] DEPRECATION WARNING: please use MorganGenerator
[11:41:54] DEPRECATION WARNING: please use MorganGenerator
[11:41:54] DEPRECATION WARNING: please use MorganGenerator
[11:41:54] DEPRECATION WARNING: please use MorganGenerator
[11:41:54] DEPRECATION WARNING: please use MorganGenerator
[11:41:54] DEPRECATION WARNING: please use MorganGenerator
[11:41:54] DEPRECATION WARNING: please use MorganGenerator
[11:41:54] DEPRECATION WARNING: please use MorganGenerator
[11:41:54] DEPRECATION WARNING: please use MorganGenerator
[11:41:54] DEPRECATION WARNING: please use MorganGenerator
[11:41:54] DEPRECATION WARNING: please use MorganGenerator
[11:41:54] DEPRECATION WARNING: please use MorganGenerator
[11:41:54] DEPRECATION WARNING: please use MorganGenerator
[11:41:54] DEPRECATION WARNING: please use MorganGenerator
[11:41:54] DEPRECATION WARNING: please use MorganGenerator
[11:41:54] DEPRECATION WARNING: please use MorganGenerator
[11:41:54] DEPRECATION WARNING: please use MorganGenerator
[11:41:54] DEPRECATION WARNING: please use MorganGenerator
[11:41:54] DEPRECATION WARNING: please use MorganGenerator
[11:41:54] DEPRECATION WARNING: please use MorganGenerator
[11:41:54] DEPRECATION WARNING: please use MorganGenerator
[11:41:54] DEPRECATION WARNING: please use MorganGenerator
[11:41:54] DEPRECATION WARNING: please use MorganGenerator
[11:41:54] DEPRECATION WARNING: please use MorganGenerator
[11:41:54] DEPRECATION WARNING: please use MorganGenerator
[11:41:54] DEPRECATION WARNING: please use MorganGenerator
[11:41:54] DEPRECATION WARNING: please use MorganGenerator
[11:41:54] DEPRECATION WARNING: please use MorganGenerator
[11:41:54] DEPRECATION WARNING: please use MorganGenerator
[11:41:54] DEPRECATION WARNING: please use MorganGenerator
[11:41:54] DEPRECATION WARNING: please use MorganGenerator
[11:41:54] DEPRECATION WARNING: please use MorganGenerator
[11:41:54] DEPRECATION WARNING: please use MorganGenerator
[11:41:54] DEPRECATION WARNING: please use MorganGenerator
[11:41:54] DEPRECATION WARNING: please use MorganGenerator
[11:41:54] DEPRECATION WARNING: please use MorganGenerator
[11:41:54] DEPRECATION WARNING: please use MorganGenerator
[11:41:54] DEPRECATION WARNING: please use MorganGenerator
[11:41:54] DEPRECATION WARNING: please use MorganGenerator
[11:41:54] DEPRECATION WARNING: please use MorganGenerator
[11:41:54] DEPRECATION WARNING: please use MorganGenerator
[11:41:54] DEPRECATION WARNING: please use MorganGenerator
[11:41:54] DEPRECATION WARNING: please use MorganGenerator
[11:41:54] DEPRECATION WARNING: please use MorganGenerator
[11:41:54] DEPRECATION WARNING: please use MorganGenerator
[11:41:54] DEPRECATION WARNING: please use MorganGenerator
[11:41:54] DEPRECATION WARNING: please use MorganGenerator
[11:41:54] DEPRECATION WARNING: please use MorganGenerator
[11:41:54] DEPRECATION WARNING: please use MorganGenerator
[11:41:54] DEPRECATION WARNING: please use MorganGenerator
[11:41:54] DEPRECATION WARNING: please use MorganGenerator
[11:41:54] DEPRECATION WARNING: please use MorganGenerator
[11:41:54] DEPRECATION WARNING: please use MorganGenerator
[11:41:54] DEPRECATION WARNING: please use MorganGenerator
[11:41:54] DEPRECATION WARNING: please use MorganGenerator
[11:41:54] DEPRECATION WARNING: please use MorganGenerator
[11:41:54] DEPRECATION WARNING: please use MorganGenerator
[11:41:54] DEPRECATION WARNING: please use MorganGenerator
[11:41:54] DEPRECATION WARNING: please use MorganGenerator
[11:41:54] DEPRECATION WARNING: please use MorganGenerator
[11:41:54] DEPRECATION WARNING: please use MorganGenerator
[11:41:54] DEPRECATION WARNING: please use MorganGenerator
[11:41:54] DEPRECATION WARNING: please use MorganGenerator
[11:41:54] DEPRECATION WARNING: please use MorganGenerator
[11:41:54] DEPRECATION WARNING: please use MorganGenerator
[11:41:54] DEPRECATION WARNING: please use MorganGenerator
[11:41:54] DEPRECATION WARNING: please use MorganGenerator
[11:41:54] DEPRECATION WARNING: please use MorganGenerator
[11:41:54] DEPRECATION WARNING: please use MorganGenerator
[11:41:54] DEPRECATION WARNING: please use MorganGenerator
[11:41:54] DEPRECATION WARNING: please use MorganGenerator
[11:41:54] DEPRECATION WARNING: please use MorganGenerator
[11:41:54] DEPRECATION WARNING: please use MorganGenerator
[11:41:54] DEPRECATION WARNING: please use MorganGenerator
[11:41:54] DEPRECATION WARNING: please use MorganGenerator
[11:41:54] DEPRECATION WARNING: please use MorganGenerator
[11:41:54] DEPRECATION WARNING: please use MorganGenerator
[11:41:54] Explicit valence for atom # 14 C, 5, is greater than permitted
[11:41:54] ERROR: Could not sanitize molecule ending on line 60
[11:41:54] ERROR: Explicit valence for atom # 14 C, 5, is greater than permitted
[11:41:54] Can't kekulize mol.  Unkekulized atoms: 2 9 13 18 28
[11:41:54] ERROR: Could not sanitize molecule ending on line 65
[11:41:54] ERROR: Can't kekulize mol.  Unkekulized atoms: 2 9 13 18 28
[11:41:54] DEPRECATION WARNING: please use MorganGenerator
[11:41:54] DEPRECATION WARNING: please use MorganGenerator
[11:41:54] DEPRECATION WARNING: please use MorganGenerator
[11:41:54] DEPRECATION WARNING: please use MorganGenerator
[11:41:54] DEPRECATION WARNING: please use MorganGenerator
[11:41:54] DEPRECATION WARNING: please use MorganGenerator
[11:41:54] DEPRECATION WARNING: please use MorganGenerator
[11:41:54] DEPRECATION WARNING: please use MorganGenerator
[11:41:54] DEPRECATION WARNING: please use MorganGenerator
[11:41:54] DEPRECATION WARNING: please use MorganGenerator
[11:41:54] DEPRECATION WARNING: please use MorganGenerator
[11:41:54] DEPRECATION WARNING: please use MorganGenerator
[11:41:54] DEPRECATION WARNING: please use MorganGenerator
[11:41:54] DEPRECATION WARNING: please use MorganGenerator
[11:41:54] DEPRECATION WARNING: please use MorganGenerator
[11:41:54] DEPRECATION WARNING: please use MorganGenerator
[11:41:54] DEPRECATION WARNING: please use MorganGenerator
[11:41:54] DEPRECATION WARNING: please use MorganGenerator
[11:41:54] DEPRECATION WARNING: please use MorganGenerator
[11:41:54] DEPRECATION WARNING: please use MorganGenerator
[11:41:54] DEPRECATION WARNING: please use MorganGenerator
[11:41:54] DEPRECATION WARNING: please use MorganGenerator
[11:41:54] DEPRECATION WARNING: please use MorganGenerator
[11:41:54] DEPRECATION WARNING: please use MorganGenerator
[11:41:54] DEPRECATION WARNING: please use MorganGenerator
[11:41:54] DEPRECATION WARNING: please use MorganGenerator
[11:41:54] DEPRECATION WARNING: please use MorganGenerator
[11:41:54] DEPRECATION WARNING: please use MorganGenerator
[11:41:54] DEPRECATION WARNING: please use MorganGenerator
[11:41:54] DEPRECATION WARNING: please use MorganGenerator
[11:41:54] DEPRECATION WARNING: please use MorganGenerator
[11:41:54] DEPRECATION WARNING: please use MorganGenerator
[11:41:54] DEPRECATION WARNING: please use MorganGenerator
[11:41:54] DEPRECATION WARNING: please use MorganGenerator
[11:41:54] DEPRECATION WARNING: please use MorganGenerator
[11:41:54] DEPRECATION WARNING: please use MorganGenerator
[11:41:54] DEPRECATION WARNING: please use MorganGenerator
[11:41:54] DEPRECATION WARNING: please use MorganGenerator
[11:41:54] DEPRECATION WARNING: please use MorganGenerator
[11:41:54] DEPRECATION WARNING: please use MorganGenerator
[11:41:54] DEPRECATION WARNING: please use MorganGenerator
[11:41:54] DEPRECATION WARNING: please use MorganGenerator
[11:41:54] DEPRECATION WARNING: please use MorganGenerator
[11:41:54] DEPRECATION WARNING: please use MorganGenerator
[11:41:54] DEPRECATION WARNING: please use MorganGenerator
[11:41:54] DEPRECATION WARNING: please use MorganGenerator
[11:41:54] DEPRECATION WARNING: please use MorganGenerator
[11:41:54] DEPRECATION WARNING: please use MorganGenerator
[11:41:54] DEPRECATION WARNING: please use MorganGenerator
[11:41:54] DEPRECATION WARNING: please use MorganGenerator
[11:41:54] DEPRECATION WARNING: please use MorganGenerator
[11:41:54] DEPRECATION WARNING: please use MorganGenerator
[11:41:54] DEPRECATION WARNING: please use MorganGenerator
[11:41:54] DEPRECATION WARNING: please use MorganGenerator
[11:41:54] DEPRECATION WARNING: please use MorganGenerator
[11:41:54] DEPRECATION WARNING: please use MorganGenerator
[11:41:54] DEPRECATION WARNING: please use MorganGenerator
[11:41:54] DEPRECATION WARNING: please use MorganGenerator
[11:41:54] DEPRECATION WARNING: please use MorganGenerator
[11:41:54] DEPRECATION WARNING: please use MorganGenerator
[11:41:54] DEPRECATION WARNING: please use MorganGenerator
[11:41:54] DEPRECATION WARNING: please use MorganGenerator
[11:41:54] DEPRECATION WARNING: please use MorganGenerator
[11:41:54] DEPRECATION WARNING: please use MorganGenerator
[11:41:54] DEPRECATION WARNING: please use MorganGenerator
[11:41:54] DEPRECATION WARNING: please use MorganGenerator
[11:41:54] DEPRECATION WARNING: please use MorganGenerator
[11:41:54] DEPRECATION WARNING: please use MorganGenerator
[11:41:54] DEPRECATION WARNING: please use MorganGenerator
[11:41:54] DEPRECATION WARNING: please use MorganGenerator
[11:41:54] DEPRECATION WARNING: please use MorganGenerator
[11:41:54] DEPRECATION WARNING: please use MorganGenerator
[11:41:54] DEPRECATION WARNING: please use MorganGenerator
[11:41:54] DEPRECATION WARNING: please use MorganGenerator
[11:41:54] DEPRECATION WARNING: please use MorganGenerator
[11:41:54] DEPRECATION WARNING: please use MorganGenerator
[11:41:54] DEPRECATION WARNING: please use MorganGenerator
[11:41:54] DEPRECATION WARNING: please use MorganGenerator
[11:41:54] DEPRECATION WARNING: please use MorganGenerator
[11:41:54] DEPRECATION WARNING: please use MorganGenerator
[11:41:54] DEPRECATION WARNING: please use MorganGenerator
[11:41:54] DEPRECATION WARNING: please use MorganGenerator
[11:41:54] DEPRECATION WARNING: please use MorganGenerator
[11:41:54] DEPRECATION WARNING: please use MorganGenerator
[11:41:54] DEPRECATION WARNING: please use MorganGenerator
[11:41:54] DEPRECATION WARNING: please use MorganGenerator
[11:41:54] DEPRECATION WARNING: please use MorganGenerator
[11:41:54] DEPRECATION WARNING: please use MorganGenerator
[11:41:54] DEPRECATION WARNING: please use MorganGenerator
[11:41:54] DEPRECATION WARNING: please use MorganGenerator
[11:41:54] DEPRECATION WARNING: please use MorganGenerator
[11:41:54] DEPRECATION WARNING: please use MorganGenerator
[11:41:54] DEPRECATION WARNING: please use MorganGenerator
[11:41:54] DEPRECATION WARNING: please use MorganGenerator
[11:41:54] DEPRECATION WARNING: please use MorganGenerator
[11:41:54] DEPRECATION WARNING: please use MorganGenerator
[11:41:54] DEPRECATION WARNING: please use MorganGenerator
[11:41:54] DEPRECATION WARNING: please use MorganGenerator
[11:41:54] DEPRECATION WARNING: please use MorganGenerator
[11:41:54] DEPRECATION WARNING: please use MorganGenerator
[11:41:54] DEPRECATION WARNING: please use MorganGenerator
[11:41:54] DEPRECATION WARNING: please use MorganGenerator
[11:41:54] DEPRECATION WARNING: please use MorganGenerator
[11:41:54] DEPRECATION WARNING: please use MorganGenerator
[11:41:54] DEPRECATION WARNING: please use MorganGenerator
[11:41:54] DEPRECATION WARNING: please use MorganGenerator
MaxMin selection:  48%|████▊     | 48/100 [00:01<00:01, 32.29it/s][11:41:54] Can't kekulize mol.  Unkekulized atoms: 2 3 9 15 20
[11:41:54] ERROR: Could not sanitize molecule ending on line 59
[11:41:54] ERROR: Can't kekulize mol.  Unkekulized atoms: 2 3 9 15 20
[11:41:54] Can't kekulize mol.  Unkekulized atoms: 1 2 3 12 15
[11:41:54] ERROR: Could not sanitize molecule ending on line 42
[11:41:54] ERROR: Can't kekulize mol.  Unkekulized atoms: 1 2 3 12 15
[11:41:54] DEPRECATION WARNING: please use MorganGenerator
[11:41:54] DEPRECATION WARNING: please use MorganGenerator
[11:41:54] DEPRECATION WARNING: please use MorganGenerator
[11:41:54] DEPRECATION WARNING: please use MorganGenerator
[11:41:54] DEPRECATION WARNING: please use MorganGenerator
[11:41:54] DEPRECATION WARNING: please use MorganGenerator
[11:41:54] DEPRECATION WARNING: please use MorganGenerator
[11:41:54] DEPRECATION WARNING: please use MorganGenerator
[11:41:54] DEPRECATION WARNING: please use MorganGenerator
[11:41:54] DEPRECATION WARNING: please use MorganGenerator
[11:41:54] DEPRECATION WARNING: please use MorganGenerator
[11:41:54] DEPRECATION WARNING: please use MorganGenerator
[11:41:54] DEPRECATION WARNING: please use MorganGenerator
[11:41:54] DEPRECATION WARNING: please use MorganGenerator
[11:41:54] DEPRECATION WARNING: please use MorganGenerator
[11:41:54] DEPRECATION WARNING: please use MorganGenerator
[11:41:54] DEPRECATION WARNING: please use MorganGenerator
[11:41:54] DEPRECATION WARNING: please use MorganGenerator
[11:41:54] DEPRECATION WARNING: please use MorganGenerator
[11:41:54] DEPRECATION WARNING: please use MorganGenerator
[11:41:54] DEPRECATION WARNING: please use MorganGenerator
[11:41:54] DEPRECATION WARNING: please use MorganGenerator
[11:41:54] DEPRECATION WARNING: please use MorganGenerator
[11:41:54] DEPRECATION WARNING: please use MorganGenerator
[11:41:54] DEPRECATION WARNING: please use MorganGenerator
[11:41:54] DEPRECATION WARNING: please use MorganGenerator
[11:41:54] DEPRECATION WARNING: please use MorganGenerator
[11:41:54] DEPRECATION WARNING: please use MorganGenerator
[11:41:54] DEPRECATION WARNING: please use MorganGenerator
[11:41:54] DEPRECATION WARNING: please use MorganGenerator
[11:41:54] DEPRECATION WARNING: please use MorganGenerator
[11:41:54] DEPRECATION WARNING: please use MorganGenerator
[11:41:54] DEPRECATION WARNING: please use MorganGenerator
[11:41:54] DEPRECATION WARNING: please use MorganGenerator
[11:41:54] DEPRECATION WARNING: please use MorganGenerator
[11:41:54] DEPRECATION WARNING: please use MorganGenerator
[11:41:54] DEPRECATION WARNING: please use MorganGenerator
[11:41:54] DEPRECATION WARNING: please use MorganGenerator
[11:41:54] DEPRECATION WARNING: please use MorganGenerator
[11:41:54] DEPRECATION WARNING: please use MorganGenerator
[11:41:54] DEPRECATION WARNING: please use MorganGenerator
[11:41:54] DEPRECATION WARNING: please use MorganGenerator
[11:41:54] DEPRECATION WARNING: please use MorganGenerator
[11:41:54] DEPRECATION WARNING: please use MorganGenerator
[11:41:54] DEPRECATION WARNING: please use MorganGenerator
[11:41:54] DEPRECATION WARNING: please use MorganGenerator
[11:41:54] DEPRECATION WARNING: please use MorganGenerator
[11:41:54] DEPRECATION WARNING: please use MorganGenerator
[11:41:54] DEPRECATION WARNING: please use MorganGenerator
[11:41:54] DEPRECATION WARNING: please use MorganGenerator
[11:41:54] DEPRECATION WARNING: please use MorganGenerator
[11:41:54] DEPRECATION WARNING: please use MorganGenerator
[11:41:54] DEPRECATION WARNING: please use MorganGenerator
[11:41:54] DEPRECATION WARNING: please use MorganGenerator
[11:41:54] DEPRECATION WARNING: please use MorganGenerator
[11:41:54] DEPRECATION WARNING: please use MorganGenerator
[11:41:54] DEPRECATION WARNING: please use MorganGenerator
[11:41:54] DEPRECATION WARNING: please use MorganGenerator
[11:41:54] DEPRECATION WARNING: please use MorganGenerator
[11:41:54] DEPRECATION WARNING: please use MorganGenerator
[11:41:54] DEPRECATION WARNING: please use MorganGenerator
[11:41:54] DEPRECATION WARNING: please use MorganGenerator
[11:41:54] DEPRECATION WARNING: please use MorganGenerator
[11:41:54] DEPRECATION WARNING: please use MorganGenerator
[11:41:54] DEPRECATION WARNING: please use MorganGenerator
[11:41:54] DEPRECATION WARNING: please use MorganGenerator
[11:41:54] DEPRECATION WARNING: please use MorganGenerator
[11:41:54] DEPRECATION WARNING: please use MorganGenerator
[11:41:54] DEPRECATION WARNING: please use MorganGenerator
[11:41:54] DEPRECATION WARNING: please use MorganGenerator
[11:41:54] DEPRECATION WARNING: please use MorganGenerator
[11:41:54] DEPRECATION WARNING: please use MorganGenerator
[11:41:54] DEPRECATION WARNING: please use MorganGenerator
[11:41:54] DEPRECATION WARNING: please use MorganGenerator
[11:41:54] DEPRECATION WARNING: please use MorganGenerator
[11:41:54] DEPRECATION WARNING: please use MorganGenerator
[11:41:54] DEPRECATION WARNING: please use MorganGenerator
[11:41:54] DEPRECATION WARNING: please use MorganGenerator
[11:41:54] DEPRECATION WARNING: please use MorganGenerator
[11:41:54] DEPRECATION WARNING: please use MorganGenerator
[11:41:54] DEPRECATION WARNING: please use MorganGenerator
[11:41:54] DEPRECATION WARNING: please use MorganGenerator
[11:41:54] DEPRECATION WARNING: please use MorganGenerator
[11:41:54] DEPRECATION WARNING: please use MorganGenerator
[11:41:54] DEPRECATION WARNING: please use MorganGenerator
[11:41:54] DEPRECATION WARNING: please use MorganGenerator
[11:41:54] DEPRECATION WARNING: please use MorganGenerator
[11:41:54] DEPRECATION WARNING: please use MorganGenerator
[11:41:54] DEPRECATION WARNING: please use MorganGenerator
[11:41:54] DEPRECATION WARNING: please use MorganGenerator
[11:41:54] DEPRECATION WARNING: please use MorganGenerator
[11:41:54] DEPRECATION WARNING: please use MorganGenerator
[11:41:54] DEPRECATION WARNING: please use MorganGenerator
[11:41:54] DEPRECATION WARNING: please use MorganGenerator
[11:41:54] DEPRECATION WARNING: please use MorganGenerator
[11:41:54] DEPRECATION WARNING: please use MorganGenerator
[11:41:54] DEPRECATION WARNING: please use MorganGenerator
[11:41:54] DEPRECATION WARNING: please use MorganGenerator
[11:41:54] DEPRECATION WARNING: please use MorganGenerator
[11:41:54] DEPRECATION WARNING: please use MorganGenerator
[11:41:54] DEPRECATION WARNING: please use MorganGenerator
[11:41:54] DEPRECATION WARNING: please use MorganGenerator
[11:41:54] DEPRECATION WARNING: please use MorganGenerator
[11:41:54] DEPRECATION WARNING: please use MorganGenerator
[11:41:54] DEPRECATION WARNING: please use MorganGenerator
[11:41:54] DEPRECATION WARNING: please use MorganGenerator
[11:41:54] Explicit valence for atom # 20 Cl, 3, is greater than permitted
[11:41:54] ERROR: Could not sanitize molecule ending on line 75
[11:41:54] ERROR: Explicit valence for atom # 20 Cl, 3, is greater than permitted
[11:41:54] Can't kekulize mol.  Unkekulized atoms: 7 10 12 16 32
[11:41:54] ERROR: Could not sanitize molecule ending on line 77
[11:41:54] ERROR: Can't kekulize mol.  Unkekulized atoms: 7 10 12 16 32
[11:41:54] Can't kekulize mol.  Unkekulized atoms: 2 3 29 30 34
[11:41:54] ERROR: Could not sanitize molecule ending on line 79
[11:41:54] ERROR: Can't kekulize mol.  Unkekulized atoms: 2 3 29 30 34
[11:41:54] DEPRECATION WARNING: please use MorganGenerator
[11:41:54] DEPRECATION WARNING: please use MorganGenerator
[11:41:54] DEPRECATION WARNING: please use MorganGenerator
[11:41:54] DEPRECATION WARNING: please use MorganGenerator
[11:41:54] DEPRECATION WARNING: please use MorganGenerator
[11:41:54] DEPRECATION WARNING: please use MorganGenerator
[11:41:54] DEPRECATION WARNING: please use MorganGenerator
[11:41:54] DEPRECATION WARNING: please use MorganGenerator
[11:41:54] DEPRECATION WARNING: please use MorganGenerator
[11:41:54] DEPRECATION WARNING: please use MorganGenerator
[11:41:54] DEPRECATION WARNING: please use MorganGenerator
[11:41:54] DEPRECATION WARNING: please use MorganGenerator
[11:41:54] DEPRECATION WARNING: please use MorganGenerator
[11:41:54] DEPRECATION WARNING: please use MorganGenerator
[11:41:54] DEPRECATION WARNING: please use MorganGenerator
[11:41:54] DEPRECATION WARNING: please use MorganGenerator
[11:41:54] DEPRECATION WARNING: please use MorganGenerator
[11:41:54] DEPRECATION WARNING: please use MorganGenerator
[11:41:54] DEPRECATION WARNING: please use MorganGenerator
[11:41:54] DEPRECATION WARNING: please use MorganGenerator
[11:41:54] DEPRECATION WARNING: please use MorganGenerator
[11:41:54] DEPRECATION WARNING: please use MorganGenerator
[11:41:54] DEPRECATION WARNING: please use MorganGenerator
[11:41:54] DEPRECATION WARNING: please use MorganGenerator
[11:41:54] DEPRECATION WARNING: please use MorganGenerator
[11:41:54] DEPRECATION WARNING: please use MorganGenerator
[11:41:54] DEPRECATION WARNING: please use MorganGenerator
[11:41:54] DEPRECATION WARNING: please use MorganGenerator
[11:41:54] DEPRECATION WARNING: please use MorganGenerator
[11:41:54] DEPRECATION WARNING: please use MorganGenerator
[11:41:54] DEPRECATION WARNING: please use MorganGenerator
[11:41:54] DEPRECATION WARNING: please use MorganGenerator
[11:41:54] DEPRECATION WARNING: please use MorganGenerator
[11:41:54] DEPRECATION WARNING: please use MorganGenerator
[11:41:54] DEPRECATION WARNING: please use MorganGenerator
[11:41:54] DEPRECATION WARNING: please use MorganGenerator
[11:41:54] DEPRECATION WARNING: please use MorganGenerator
[11:41:54] DEPRECATION WARNING: please use MorganGenerator
[11:41:54] DEPRECATION WARNING: please use MorganGenerator
[11:41:54] DEPRECATION WARNING: please use MorganGenerator
[11:41:54] DEPRECATION WARNING: please use MorganGenerator
[11:41:54] DEPRECATION WARNING: please use MorganGenerator
[11:41:54] DEPRECATION WARNING: please use MorganGenerator
[11:41:54] DEPRECATION WARNING: please use MorganGenerator
[11:41:54] DEPRECATION WARNING: please use MorganGenerator
[11:41:54] DEPRECATION WARNING: please use MorganGenerator
[11:41:54] DEPRECATION WARNING: please use MorganGenerator
[11:41:54] DEPRECATION WARNING: please use MorganGenerator
[11:41:54] DEPRECATION WARNING: please use MorganGenerator
[11:41:54] DEPRECATION WARNING: please use MorganGenerator
[11:41:54] DEPRECATION WARNING: please use MorganGenerator
[11:41:54] DEPRECATION WARNING: please use MorganGenerator
[11:41:54] DEPRECATION WARNING: please use MorganGenerator
[11:41:54] DEPRECATION WARNING: please use MorganGenerator
[11:41:54] DEPRECATION WARNING: please use MorganGenerator
[11:41:54] DEPRECATION WARNING: please use MorganGenerator
[11:41:54] DEPRECATION WARNING: please use MorganGenerator
[11:41:54] DEPRECATION WARNING: please use MorganGenerator
[11:41:54] DEPRECATION WARNING: please use MorganGenerator
[11:41:54] DEPRECATION WARNING: please use MorganGenerator
[11:41:54] DEPRECATION WARNING: please use MorganGenerator
[11:41:54] DEPRECATION WARNING: please use MorganGenerator
[11:41:54] DEPRECATION WARNING: please use MorganGenerator
[11:41:54] DEPRECATION WARNING: please use MorganGenerator
[11:41:54] DEPRECATION WARNING: please use MorganGenerator
[11:41:54] DEPRECATION WARNING: please use MorganGenerator
[11:41:54] DEPRECATION WARNING: please use MorganGenerator
[11:41:54] DEPRECATION WARNING: please use MorganGenerator
[11:41:54] DEPRECATION WARNING: please use MorganGenerator
[11:41:54] DEPRECATION WARNING: please use MorganGenerator
[11:41:54] DEPRECATION WARNING: please use MorganGenerator
[11:41:54] DEPRECATION WARNING: please use MorganGenerator
[11:41:54] DEPRECATION WARNING: please use MorganGenerator
[11:41:54] DEPRECATION WARNING: please use MorganGenerator
[11:41:54] DEPRECATION WARNING: please use MorganGenerator
[11:41:54] DEPRECATION WARNING: please use MorganGenerator
[11:41:54] DEPRECATION WARNING: please use MorganGenerator
[11:41:54] DEPRECATION WARNING: please use MorganGenerator
[11:41:54] DEPRECATION WARNING: please use MorganGenerator
[11:41:54] DEPRECATION WARNING: please use MorganGenerator
[11:41:54] DEPRECATION WARNING: please use MorganGenerator
[11:41:54] DEPRECATION WARNING: please use MorganGenerator
[11:41:54] DEPRECATION WARNING: please use MorganGenerator
[11:41:54] DEPRECATION WARNING: please use MorganGenerator
[11:41:54] DEPRECATION WARNING: please use MorganGenerator
[11:41:54] DEPRECATION WARNING: please use MorganGenerator
[11:41:54] DEPRECATION WARNING: please use MorganGenerator
[11:41:54] DEPRECATION WARNING: please use MorganGenerator
[11:41:54] DEPRECATION WARNING: please use MorganGenerator
[11:41:54] DEPRECATION WARNING: please use MorganGenerator
[11:41:54] DEPRECATION WARNING: please use MorganGenerator
[11:41:54] DEPRECATION WARNING: please use MorganGenerator
[11:41:54] DEPRECATION WARNING: please use MorganGenerator
[11:41:54] DEPRECATION WARNING: please use MorganGenerator
[11:41:54] DEPRECATION WARNING: please use MorganGenerator
[11:41:54] DEPRECATION WARNING: please use MorganGenerator
[11:41:54] DEPRECATION WARNING: please use MorganGenerator
[11:41:54] DEPRECATION WARNING: please use MorganGenerator
[11:41:54] DEPRECATION WARNING: please use MorganGenerator
[11:41:54] DEPRECATION WARNING: please use MorganGenerator
[11:41:54] DEPRECATION WARNING: please use MorganGenerator
[11:41:54] DEPRECATION WARNING: please use MorganGenerator
[11:41:54] DEPRECATION WARNING: please use MorganGenerator
[11:41:54] DEPRECATION WARNING: please use MorganGenerator
[11:41:54] Can't kekulize mol.  Unkekulized atoms: 0 6 9 11 15
[11:41:54] ERROR: Could not sanitize molecule ending on line 56
[11:41:54] ERROR: Can't kekulize mol.  Unkekulized atoms: 0 6 9 11 15
[11:41:54] Can't kekulize mol.  Unkekulized atoms: 0 1 2 6 10
[11:41:54] ERROR: Could not sanitize molecule ending on line 34
[11:41:54] ERROR: Can't kekulize mol.  Unkekulized atoms: 0 1 2 6 10
[11:41:54] Can't kekulize mol.  Unkekulized atoms: 5 6 11 14 17
[11:41:54] ERROR: Could not sanitize molecule ending on line 51
[11:41:54] ERROR: Can't kekulize mol.  Unkekulized atoms: 5 6 11 14 17
[11:41:54] Can't kekulize mol.  Unkekulized atoms: 1 8 11 12 16 17 20
[11:41:54] ERROR: Could not sanitize molecule ending on line 53
[11:41:54] ERROR: Can't kekulize mol.  Unkekulized atoms: 1 8 11 12 16 17 20
[11:41:54] Can't kekulize mol.  Unkekulized atoms: 5 11 13 15 27
[11:41:54] ERROR: Could not sanitize molecule ending on line 83
[11:41:54] ERROR: Can't kekulize mol.  Unkekulized atoms: 5 11 13 15 27
[11:41:54] DEPRECATION WARNING: please use MorganGenerator
[11:41:54] DEPRECATION WARNING: please use MorganGenerator
[11:41:54] DEPRECATION WARNING: please use MorganGenerator
[11:41:54] DEPRECATION WARNING: please use MorganGenerator
[11:41:54] DEPRECATION WARNING: please use MorganGenerator
[11:41:54] DEPRECATION WARNING: please use MorganGenerator
[11:41:54] DEPRECATION WARNING: please use MorganGenerator
[11:41:54] DEPRECATION WARNING: please use MorganGenerator
[11:41:54] DEPRECATION WARNING: please use MorganGenerator
[11:41:54] DEPRECATION WARNING: please use MorganGenerator
[11:41:54] DEPRECATION WARNING: please use MorganGenerator
[11:41:54] DEPRECATION WARNING: please use MorganGenerator
[11:41:54] DEPRECATION WARNING: please use MorganGenerator
[11:41:54] DEPRECATION WARNING: please use MorganGenerator
[11:41:54] DEPRECATION WARNING: please use MorganGenerator
[11:41:54] DEPRECATION WARNING: please use MorganGenerator
[11:41:54] DEPRECATION WARNING: please use MorganGenerator
[11:41:54] DEPRECATION WARNING: please use MorganGenerator
[11:41:54] DEPRECATION WARNING: please use MorganGenerator
[11:41:54] DEPRECATION WARNING: please use MorganGenerator
[11:41:54] DEPRECATION WARNING: please use MorganGenerator
[11:41:54] DEPRECATION WARNING: please use MorganGenerator
[11:41:54] DEPRECATION WARNING: please use MorganGenerator
[11:41:54] DEPRECATION WARNING: please use MorganGenerator
[11:41:54] DEPRECATION WARNING: please use MorganGenerator
[11:41:54] DEPRECATION WARNING: please use MorganGenerator
[11:41:54] DEPRECATION WARNING: please use MorganGenerator
[11:41:54] DEPRECATION WARNING: please use MorganGenerator
[11:41:54] DEPRECATION WARNING: please use MorganGenerator
[11:41:54] DEPRECATION WARNING: please use MorganGenerator
[11:41:54] DEPRECATION WARNING: please use MorganGenerator
[11:41:54] DEPRECATION WARNING: please use MorganGenerator
[11:41:54] DEPRECATION WARNING: please use MorganGenerator
[11:41:54] DEPRECATION WARNING: please use MorganGenerator
[11:41:54] DEPRECATION WARNING: please use MorganGenerator
[11:41:54] DEPRECATION WARNING: please use MorganGenerator
[11:41:54] DEPRECATION WARNING: please use MorganGenerator
[11:41:54] DEPRECATION WARNING: please use MorganGenerator
[11:41:54] DEPRECATION WARNING: please use MorganGenerator
[11:41:54] DEPRECATION WARNING: please use MorganGenerator
[11:41:54] DEPRECATION WARNING: please use MorganGenerator
[11:41:54] DEPRECATION WARNING: please use MorganGenerator
[11:41:54] DEPRECATION WARNING: please use MorganGenerator
[11:41:54] DEPRECATION WARNING: please use MorganGenerator
[11:41:54] DEPRECATION WARNING: please use MorganGenerator
[11:41:54] DEPRECATION WARNING: please use MorganGenerator
[11:41:54] DEPRECATION WARNING: please use MorganGenerator
[11:41:54] DEPRECATION WARNING: please use MorganGenerator
[11:41:54] DEPRECATION WARNING: please use MorganGenerator
[11:41:54] DEPRECATION WARNING: please use MorganGenerator
[11:41:54] DEPRECATION WARNING: please use MorganGenerator
[11:41:54] DEPRECATION WARNING: please use MorganGenerator
[11:41:54] DEPRECATION WARNING: please use MorganGenerator
[11:41:54] DEPRECATION WARNING: please use MorganGenerator
[11:41:54] DEPRECATION WARNING: please use MorganGenerator
[11:41:54] DEPRECATION WARNING: please use MorganGenerator
[11:41:54] DEPRECATION WARNING: please use MorganGenerator
[11:41:54] DEPRECATION WARNING: please use MorganGenerator
[11:41:54] DEPRECATION WARNING: please use MorganGenerator
[11:41:54] DEPRECATION WARNING: please use MorganGenerator
[11:41:54] DEPRECATION WARNING: please use MorganGenerator
[11:41:54] DEPRECATION WARNING: please use MorganGenerator
[11:41:54] DEPRECATION WARNING: please use MorganGenerator
[11:41:54] DEPRECATION WARNING: please use MorganGenerator
[11:41:54] DEPRECATION WARNING: please use MorganGenerator
[11:41:54] DEPRECATION WARNING: please use MorganGenerator
[11:41:54] DEPRECATION WARNING: please use MorganGenerator
[11:41:54] DEPRECATION WARNING: please use MorganGenerator
[11:41:54] DEPRECATION WARNING: please use MorganGenerator
[11:41:54] DEPRECATION WARNING: please use MorganGenerator
[11:41:54] DEPRECATION WARNING: please use MorganGenerator
[11:41:54] DEPRECATION WARNING: please use MorganGenerator
[11:41:54] DEPRECATION WARNING: please use MorganGenerator
[11:41:54] DEPRECATION WARNING: please use MorganGenerator
[11:41:54] DEPRECATION WARNING: please use MorganGenerator
[11:41:54] DEPRECATION WARNING: please use MorganGenerator
[11:41:54] DEPRECATION WARNING: please use MorganGenerator
[11:41:54] DEPRECATION WARNING: please use MorganGenerator
[11:41:54] DEPRECATION WARNING: please use MorganGenerator
[11:41:54] DEPRECATION WARNING: please use MorganGenerator
[11:41:54] DEPRECATION WARNING: please use MorganGenerator
[11:41:54] DEPRECATION WARNING: please use MorganGenerator
[11:41:54] DEPRECATION WARNING: please use MorganGenerator
[11:41:54] DEPRECATION WARNING: please use MorganGenerator
[11:41:54] DEPRECATION WARNING: please use MorganGenerator
[11:41:54] DEPRECATION WARNING: please use MorganGenerator
[11:41:54] DEPRECATION WARNING: please use MorganGenerator
[11:41:54] DEPRECATION WARNING: please use MorganGenerator
[11:41:54] DEPRECATION WARNING: please use MorganGenerator
[11:41:54] DEPRECATION WARNING: please use MorganGenerator
[11:41:54] DEPRECATION WARNING: please use MorganGenerator
[11:41:54] DEPRECATION WARNING: please use MorganGenerator
[11:41:54] DEPRECATION WARNING: please use MorganGenerator
[11:41:54] DEPRECATION WARNING: please use MorganGenerator
[11:41:54] DEPRECATION WARNING: please use MorganGenerator
[11:41:54] DEPRECATION WARNING: please use MorganGenerator
[11:41:54] DEPRECATION WARNING: please use MorganGenerator
[11:41:54] DEPRECATION WARNING: please use MorganGenerator
[11:41:54] DEPRECATION WARNING: please use MorganGenerator
[11:41:54] DEPRECATION WARNING: please use MorganGenerator
[11:41:54] Explicit valence for atom # 17 Cl, 2, is greater than permitted
[11:41:54] ERROR: Could not sanitize molecule ending on line 66
[11:41:54] ERROR: Explicit valence for atom # 17 Cl, 2, is greater than permitted
[11:41:54] Explicit valence for atom # 10 C, 5, is greater than permitted
[11:41:54] ERROR: Could not sanitize molecule ending on line 42
[11:41:54] ERROR: Explicit valence for atom # 10 C, 5, is greater than permitted
[11:41:54] Explicit valence for atom # 1 C, 5, is greater than permitted
[11:41:54] ERROR: Could not sanitize molecule ending on line 26
[11:41:54] ERROR: Explicit valence for atom # 1 C, 5, is greater than permitted
[11:41:54] Explicit valence for atom # 0 C, 5, is greater than permitted
[11:41:54] ERROR: Could not sanitize molecule ending on line 52
[11:41:54] ERROR: Explicit valence for atom # 0 C, 5, is greater than permitted
[11:41:54] Explicit valence for atom # 3 C, 5, is greater than permitted
[11:41:54] ERROR: Could not sanitize molecule ending on line 28
[11:41:54] ERROR: Explicit valence for atom # 3 C, 5, is greater than permitted
[11:41:54] Explicit valence for atom # 9 C, 5, is greater than permitted
[11:41:54] ERROR: Could not sanitize molecule ending on line 44
[11:41:54] ERROR: Explicit valence for atom # 9 C, 5, is greater than permitted
[11:41:54] Explicit valence for atom # 0 C, 6, is greater than permitted
[11:41:54] ERROR: Could not sanitize molecule ending on line 31
[11:41:54] ERROR: Explicit valence for atom # 0 C, 6, is greater than permitted
[11:41:54] Explicit valence for atom # 7 N, 4, is greater than permitted
[11:41:54] ERROR: Could not sanitize molecule ending on line 41
[11:41:54] ERROR: Explicit valence for atom # 7 N, 4, is greater than permitted
[11:41:54] Explicit valence for atom # 14 C, 5, is greater than permitted
[11:41:54] ERROR: Could not sanitize molecule ending on line 45
[11:41:54] ERROR: Explicit valence for atom # 14 C, 5, is greater than permitted
[11:41:54] Explicit valence for atom # 5 C, 5, is greater than permitted
[11:41:54] ERROR: Could not sanitize molecule ending on line 37
[11:41:54] ERROR: Explicit valence for atom # 5 C, 5, is greater than permitted
[11:41:54] DEPRECATION WARNING: please use MorganGenerator
[11:41:54] DEPRECATION WARNING: please use MorganGenerator
[11:41:54] DEPRECATION WARNING: please use MorganGenerator
[11:41:54] DEPRECATION WARNING: please use MorganGenerator
[11:41:54] DEPRECATION WARNING: please use MorganGenerator
[11:41:54] DEPRECATION WARNING: please use MorganGenerator
[11:41:54] DEPRECATION WARNING: please use MorganGenerator
[11:41:54] DEPRECATION WARNING: please use MorganGenerator
[11:41:54] DEPRECATION WARNING: please use MorganGenerator
[11:41:54] DEPRECATION WARNING: please use MorganGenerator
[11:41:54] DEPRECATION WARNING: please use MorganGenerator
[11:41:54] DEPRECATION WARNING: please use MorganGenerator
[11:41:54] DEPRECATION WARNING: please use MorganGenerator
[11:41:54] DEPRECATION WARNING: please use MorganGenerator
[11:41:54] DEPRECATION WARNING: please use MorganGenerator
[11:41:54] DEPRECATION WARNING: please use MorganGenerator
[11:41:54] DEPRECATION WARNING: please use MorganGenerator
[11:41:54] DEPRECATION WARNING: please use MorganGenerator
[11:41:54] DEPRECATION WARNING: please use MorganGenerator
[11:41:54] DEPRECATION WARNING: please use MorganGenerator
[11:41:54] DEPRECATION WARNING: please use MorganGenerator
[11:41:54] DEPRECATION WARNING: please use MorganGenerator
[11:41:54] DEPRECATION WARNING: please use MorganGenerator
[11:41:54] DEPRECATION WARNING: please use MorganGenerator
[11:41:54] DEPRECATION WARNING: please use MorganGenerator
[11:41:54] DEPRECATION WARNING: please use MorganGenerator
[11:41:54] DEPRECATION WARNING: please use MorganGenerator
[11:41:54] DEPRECATION WARNING: please use MorganGenerator
[11:41:54] DEPRECATION WARNING: please use MorganGenerator
[11:41:54] DEPRECATION WARNING: please use MorganGenerator
[11:41:54] DEPRECATION WARNING: please use MorganGenerator
[11:41:54] DEPRECATION WARNING: please use MorganGenerator
[11:41:54] DEPRECATION WARNING: please use MorganGenerator
[11:41:54] DEPRECATION WARNING: please use MorganGenerator
[11:41:54] DEPRECATION WARNING: please use MorganGenerator
[11:41:54] DEPRECATION WARNING: please use MorganGenerator
[11:41:54] DEPRECATION WARNING: please use MorganGenerator
[11:41:54] DEPRECATION WARNING: please use MorganGenerator
[11:41:54] DEPRECATION WARNING: please use MorganGenerator
[11:41:54] DEPRECATION WARNING: please use MorganGenerator
[11:41:54] DEPRECATION WARNING: please use MorganGenerator
[11:41:54] DEPRECATION WARNING: please use MorganGenerator
[11:41:54] DEPRECATION WARNING: please use MorganGenerator
[11:41:54] DEPRECATION WARNING: please use MorganGenerator
[11:41:54] DEPRECATION WARNING: please use MorganGenerator
[11:41:54] DEPRECATION WARNING: please use MorganGenerator
[11:41:54] DEPRECATION WARNING: please use MorganGenerator
[11:41:54] DEPRECATION WARNING: please use MorganGenerator
[11:41:54] DEPRECATION WARNING: please use MorganGenerator
[11:41:54] DEPRECATION WARNING: please use MorganGenerator
[11:41:54] DEPRECATION WARNING: please use MorganGenerator
[11:41:54] DEPRECATION WARNING: please use MorganGenerator
[11:41:54] DEPRECATION WARNING: please use MorganGenerator
[11:41:54] DEPRECATION WARNING: please use MorganGenerator
[11:41:54] DEPRECATION WARNING: please use MorganGenerator
[11:41:54] DEPRECATION WARNING: please use MorganGenerator
[11:41:54] DEPRECATION WARNING: please use MorganGenerator
[11:41:54] DEPRECATION WARNING: please use MorganGenerator
[11:41:54] DEPRECATION WARNING: please use MorganGenerator
[11:41:54] DEPRECATION WARNING: please use MorganGenerator
[11:41:54] DEPRECATION WARNING: please use MorganGenerator
[11:41:54] DEPRECATION WARNING: please use MorganGenerator
[11:41:54] DEPRECATION WARNING: please use MorganGenerator
[11:41:54] DEPRECATION WARNING: please use MorganGenerator
[11:41:54] DEPRECATION WARNING: please use MorganGenerator
[11:41:54] DEPRECATION WARNING: please use MorganGenerator
[11:41:54] DEPRECATION WARNING: please use MorganGenerator
[11:41:54] DEPRECATION WARNING: please use MorganGenerator
[11:41:54] DEPRECATION WARNING: please use MorganGenerator
[11:41:54] DEPRECATION WARNING: please use MorganGenerator
[11:41:54] DEPRECATION WARNING: please use MorganGenerator
[11:41:54] DEPRECATION WARNING: please use MorganGenerator
[11:41:54] DEPRECATION WARNING: please use MorganGenerator
[11:41:54] DEPRECATION WARNING: please use MorganGenerator
[11:41:54] DEPRECATION WARNING: please use MorganGenerator
[11:41:54] DEPRECATION WARNING: please use MorganGenerator
[11:41:54] DEPRECATION WARNING: please use MorganGenerator
[11:41:54] DEPRECATION WARNING: please use MorganGenerator
[11:41:54] DEPRECATION WARNING: please use MorganGenerator
[11:41:54] DEPRECATION WARNING: please use MorganGenerator
[11:41:54] DEPRECATION WARNING: please use MorganGenerator
[11:41:54] DEPRECATION WARNING: please use MorganGenerator
[11:41:54] DEPRECATION WARNING: please use MorganGenerator
[11:41:54] DEPRECATION WARNING: please use MorganGenerator
[11:41:54] DEPRECATION WARNING: please use MorganGenerator
[11:41:54] DEPRECATION WARNING: please use MorganGenerator
[11:41:54] DEPRECATION WARNING: please use MorganGenerator
[11:41:54] DEPRECATION WARNING: please use MorganGenerator
[11:41:54] DEPRECATION WARNING: please use MorganGenerator
[11:41:54] DEPRECATION WARNING: please use MorganGenerator
MaxMin selection:  52%|█████▏    | 52/100 [00:01<00:01, 31.40it/s][11:41:54] Can't kekulize mol.  Unkekulized atoms: 1 9 17
[11:41:54] ERROR: Could not sanitize molecule ending on line 50
[11:41:54] ERROR: Can't kekulize mol.  Unkekulized atoms: 1 9 17
[11:41:54] Can't kekulize mol.  Unkekulized atoms: 1 7 9 13 19 21 24
[11:41:54] ERROR: Could not sanitize molecule ending on line 60
[11:41:54] ERROR: Can't kekulize mol.  Unkekulized atoms: 1 7 9 13 19 21 24
[11:41:54] Can't kekulize mol.  Unkekulized atoms: 1 10 21
[11:41:54] ERROR: Could not sanitize molecule ending on line 52
[11:41:54] ERROR: Can't kekulize mol.  Unkekulized atoms: 1 10 21
[11:41:54] Explicit valence for atom # 9 N, 4, is greater than permitted
[11:41:54] ERROR: Could not sanitize molecule ending on line 63
[11:41:54] ERROR: Explicit valence for atom # 9 N, 4, is greater than permitted
[11:41:54] Can't kekulize mol.  Unkekulized atoms: 1 4 12 15 16 18 25 32 34
[11:41:54] ERROR: Could not sanitize molecule ending on line 78
[11:41:54] ERROR: Can't kekulize mol.  Unkekulized atoms: 1 4 12 15 16 18 25 32 34
[11:41:54] DEPRECATION WARNING: please use MorganGenerator
[11:41:54] DEPRECATION WARNING: please use MorganGenerator
[11:41:54] DEPRECATION WARNING: please use MorganGenerator
[11:41:54] DEPRECATION WARNING: please use MorganGenerator
[11:41:54] DEPRECATION WARNING: please use MorganGenerator
[11:41:54] DEPRECATION WARNING: please use MorganGenerator
[11:41:54] DEPRECATION WARNING: please use MorganGenerator
[11:41:54] DEPRECATION WARNING: please use MorganGenerator
[11:41:54] DEPRECATION WARNING: please use MorganGenerator
[11:41:54] DEPRECATION WARNING: please use MorganGenerator
[11:41:54] DEPRECATION WARNING: please use MorganGenerator
[11:41:54] DEPRECATION WARNING: please use MorganGenerator
[11:41:54] DEPRECATION WARNING: please use MorganGenerator
[11:41:54] DEPRECATION WARNING: please use MorganGenerator
[11:41:54] DEPRECATION WARNING: please use MorganGenerator
[11:41:54] DEPRECATION WARNING: please use MorganGenerator
[11:41:54] DEPRECATION WARNING: please use MorganGenerator
[11:41:54] DEPRECATION WARNING: please use MorganGenerator
[11:41:54] DEPRECATION WARNING: please use MorganGenerator
[11:41:54] DEPRECATION WARNING: please use MorganGenerator
[11:41:54] DEPRECATION WARNING: please use MorganGenerator
[11:41:54] DEPRECATION WARNING: please use MorganGenerator
[11:41:54] DEPRECATION WARNING: please use MorganGenerator
[11:41:54] DEPRECATION WARNING: please use MorganGenerator
[11:41:54] DEPRECATION WARNING: please use MorganGenerator
[11:41:54] DEPRECATION WARNING: please use MorganGenerator
[11:41:54] DEPRECATION WARNING: please use MorganGenerator
[11:41:54] DEPRECATION WARNING: please use MorganGenerator
[11:41:54] DEPRECATION WARNING: please use MorganGenerator
[11:41:54] DEPRECATION WARNING: please use MorganGenerator
[11:41:54] DEPRECATION WARNING: please use MorganGenerator
[11:41:54] DEPRECATION WARNING: please use MorganGenerator
[11:41:54] DEPRECATION WARNING: please use MorganGenerator
[11:41:54] DEPRECATION WARNING: please use MorganGenerator
[11:41:54] DEPRECATION WARNING: please use MorganGenerator
[11:41:54] DEPRECATION WARNING: please use MorganGenerator
[11:41:54] DEPRECATION WARNING: please use MorganGenerator
[11:41:54] DEPRECATION WARNING: please use MorganGenerator
[11:41:54] DEPRECATION WARNING: please use MorganGenerator
[11:41:54] DEPRECATION WARNING: please use MorganGenerator
[11:41:54] DEPRECATION WARNING: please use MorganGenerator
[11:41:54] DEPRECATION WARNING: please use MorganGenerator
[11:41:54] DEPRECATION WARNING: please use MorganGenerator
[11:41:54] DEPRECATION WARNING: please use MorganGenerator
[11:41:54] DEPRECATION WARNING: please use MorganGenerator
[11:41:54] DEPRECATION WARNING: please use MorganGenerator
[11:41:54] DEPRECATION WARNING: please use MorganGenerator
[11:41:54] DEPRECATION WARNING: please use MorganGenerator
[11:41:54] DEPRECATION WARNING: please use MorganGenerator
[11:41:54] DEPRECATION WARNING: please use MorganGenerator
[11:41:54] DEPRECATION WARNING: please use MorganGenerator
[11:41:54] DEPRECATION WARNING: please use MorganGenerator
[11:41:54] DEPRECATION WARNING: please use MorganGenerator
[11:41:54] DEPRECATION WARNING: please use MorganGenerator
[11:41:54] DEPRECATION WARNING: please use MorganGenerator
[11:41:54] DEPRECATION WARNING: please use MorganGenerator
[11:41:54] DEPRECATION WARNING: please use MorganGenerator
[11:41:54] DEPRECATION WARNING: please use MorganGenerator
[11:41:54] DEPRECATION WARNING: please use MorganGenerator
[11:41:54] DEPRECATION WARNING: please use MorganGenerator
[11:41:54] DEPRECATION WARNING: please use MorganGenerator
[11:41:54] DEPRECATION WARNING: please use MorganGenerator
[11:41:54] DEPRECATION WARNING: please use MorganGenerator
[11:41:54] DEPRECATION WARNING: please use MorganGenerator
[11:41:54] DEPRECATION WARNING: please use MorganGenerator
[11:41:54] DEPRECATION WARNING: please use MorganGenerator
[11:41:54] DEPRECATION WARNING: please use MorganGenerator
[11:41:54] DEPRECATION WARNING: please use MorganGenerator
[11:41:54] DEPRECATION WARNING: please use MorganGenerator
[11:41:54] DEPRECATION WARNING: please use MorganGenerator
[11:41:54] DEPRECATION WARNING: please use MorganGenerator
[11:41:54] DEPRECATION WARNING: please use MorganGenerator
[11:41:54] DEPRECATION WARNING: please use MorganGenerator
[11:41:54] DEPRECATION WARNING: please use MorganGenerator
[11:41:54] DEPRECATION WARNING: please use MorganGenerator
[11:41:54] DEPRECATION WARNING: please use MorganGenerator
[11:41:54] DEPRECATION WARNING: please use MorganGenerator
[11:41:54] DEPRECATION WARNING: please use MorganGenerator
[11:41:54] DEPRECATION WARNING: please use MorganGenerator
[11:41:54] DEPRECATION WARNING: please use MorganGenerator
[11:41:54] DEPRECATION WARNING: please use MorganGenerator
[11:41:54] DEPRECATION WARNING: please use MorganGenerator
[11:41:54] DEPRECATION WARNING: please use MorganGenerator
[11:41:54] DEPRECATION WARNING: please use MorganGenerator
[11:41:54] DEPRECATION WARNING: please use MorganGenerator
[11:41:54] DEPRECATION WARNING: please use MorganGenerator
[11:41:54] DEPRECATION WARNING: please use MorganGenerator
[11:41:54] DEPRECATION WARNING: please use MorganGenerator
[11:41:54] DEPRECATION WARNING: please use MorganGenerator
[11:41:54] DEPRECATION WARNING: please use MorganGenerator
[11:41:54] DEPRECATION WARNING: please use MorganGenerator
[11:41:54] DEPRECATION WARNING: please use MorganGenerator
[11:41:54] DEPRECATION WARNING: please use MorganGenerator
[11:41:54] DEPRECATION WARNING: please use MorganGenerator
[11:41:54] DEPRECATION WARNING: please use MorganGenerator
[11:41:54] DEPRECATION WARNING: please use MorganGenerator
[11:41:54] DEPRECATION WARNING: please use MorganGenerator
[11:41:54] DEPRECATION WARNING: please use MorganGenerator
[11:41:54] DEPRECATION WARNING: please use MorganGenerator
[11:41:54] DEPRECATION WARNING: please use MorganGenerator
[11:41:54] Explicit valence for atom # 15 O, 3, is greater than permitted
[11:41:54] ERROR: Could not sanitize molecule ending on line 66
[11:41:54] ERROR: Explicit valence for atom # 15 O, 3, is greater than permitted
[11:41:54] Can't kekulize mol.  Unkekulized atoms: 3 5 12
[11:41:54] ERROR: Could not sanitize molecule ending on line 51
[11:41:54] ERROR: Can't kekulize mol.  Unkekulized atoms: 3 5 12
[11:41:54] Can't kekulize mol.  Unkekulized atoms: 3 4 9 13 27 33 34
[11:41:54] ERROR: Could not sanitize molecule ending on line 80
[11:41:54] ERROR: Can't kekulize mol.  Unkekulized atoms: 3 4 9 13 27 33 34
[11:41:54] DEPRECATION WARNING: please use MorganGenerator
[11:41:54] DEPRECATION WARNING: please use MorganGenerator
[11:41:54] DEPRECATION WARNING: please use MorganGenerator
[11:41:54] DEPRECATION WARNING: please use MorganGenerator
[11:41:54] DEPRECATION WARNING: please use MorganGenerator
[11:41:54] DEPRECATION WARNING: please use MorganGenerator
[11:41:54] DEPRECATION WARNING: please use MorganGenerator
[11:41:54] DEPRECATION WARNING: please use MorganGenerator
[11:41:54] DEPRECATION WARNING: please use MorganGenerator
[11:41:54] DEPRECATION WARNING: please use MorganGenerator
[11:41:54] DEPRECATION WARNING: please use MorganGenerator
[11:41:54] DEPRECATION WARNING: please use MorganGenerator
[11:41:54] DEPRECATION WARNING: please use MorganGenerator
[11:41:54] DEPRECATION WARNING: please use MorganGenerator
[11:41:54] DEPRECATION WARNING: please use MorganGenerator
[11:41:54] DEPRECATION WARNING: please use MorganGenerator
[11:41:54] DEPRECATION WARNING: please use MorganGenerator
[11:41:54] DEPRECATION WARNING: please use MorganGenerator
[11:41:54] DEPRECATION WARNING: please use MorganGenerator
[11:41:54] DEPRECATION WARNING: please use MorganGenerator
[11:41:54] DEPRECATION WARNING: please use MorganGenerator
[11:41:54] DEPRECATION WARNING: please use MorganGenerator
[11:41:54] DEPRECATION WARNING: please use MorganGenerator
[11:41:54] DEPRECATION WARNING: please use MorganGenerator
[11:41:54] DEPRECATION WARNING: please use MorganGenerator
[11:41:54] DEPRECATION WARNING: please use MorganGenerator
[11:41:54] DEPRECATION WARNING: please use MorganGenerator
[11:41:54] DEPRECATION WARNING: please use MorganGenerator
[11:41:54] DEPRECATION WARNING: please use MorganGenerator
[11:41:54] DEPRECATION WARNING: please use MorganGenerator
[11:41:54] DEPRECATION WARNING: please use MorganGenerator
[11:41:54] DEPRECATION WARNING: please use MorganGenerator
[11:41:54] DEPRECATION WARNING: please use MorganGenerator
[11:41:54] DEPRECATION WARNING: please use MorganGenerator
[11:41:54] DEPRECATION WARNING: please use MorganGenerator
[11:41:54] DEPRECATION WARNING: please use MorganGenerator
[11:41:54] DEPRECATION WARNING: please use MorganGenerator
[11:41:54] DEPRECATION WARNING: please use MorganGenerator
[11:41:54] DEPRECATION WARNING: please use MorganGenerator
[11:41:54] DEPRECATION WARNING: please use MorganGenerator
[11:41:54] DEPRECATION WARNING: please use MorganGenerator
[11:41:54] DEPRECATION WARNING: please use MorganGenerator
[11:41:54] DEPRECATION WARNING: please use MorganGenerator
[11:41:54] DEPRECATION WARNING: please use MorganGenerator
[11:41:54] DEPRECATION WARNING: please use MorganGenerator
[11:41:54] DEPRECATION WARNING: please use MorganGenerator
[11:41:54] DEPRECATION WARNING: please use MorganGenerator
[11:41:54] DEPRECATION WARNING: please use MorganGenerator
[11:41:54] DEPRECATION WARNING: please use MorganGenerator
[11:41:54] DEPRECATION WARNING: please use MorganGenerator
[11:41:54] DEPRECATION WARNING: please use MorganGenerator
[11:41:54] DEPRECATION WARNING: please use MorganGenerator
[11:41:54] DEPRECATION WARNING: please use MorganGenerator
[11:41:54] DEPRECATION WARNING: please use MorganGenerator
[11:41:54] DEPRECATION WARNING: please use MorganGenerator
[11:41:54] DEPRECATION WARNING: please use MorganGenerator
[11:41:54] DEPRECATION WARNING: please use MorganGenerator
[11:41:54] DEPRECATION WARNING: please use MorganGenerator
[11:41:54] DEPRECATION WARNING: please use MorganGenerator
[11:41:54] DEPRECATION WARNING: please use MorganGenerator
[11:41:54] DEPRECATION WARNING: please use MorganGenerator
[11:41:54] DEPRECATION WARNING: please use MorganGenerator
[11:41:54] DEPRECATION WARNING: please use MorganGenerator
[11:41:54] DEPRECATION WARNING: please use MorganGenerator
[11:41:54] DEPRECATION WARNING: please use MorganGenerator
[11:41:54] DEPRECATION WARNING: please use MorganGenerator
[11:41:54] DEPRECATION WARNING: please use MorganGenerator
[11:41:54] DEPRECATION WARNING: please use MorganGenerator
[11:41:54] DEPRECATION WARNING: please use MorganGenerator
[11:41:54] DEPRECATION WARNING: please use MorganGenerator
[11:41:54] DEPRECATION WARNING: please use MorganGenerator
[11:41:54] DEPRECATION WARNING: please use MorganGenerator
[11:41:54] DEPRECATION WARNING: please use MorganGenerator
[11:41:54] DEPRECATION WARNING: please use MorganGenerator
[11:41:54] DEPRECATION WARNING: please use MorganGenerator
[11:41:54] DEPRECATION WARNING: please use MorganGenerator
[11:41:54] DEPRECATION WARNING: please use MorganGenerator
[11:41:54] DEPRECATION WARNING: please use MorganGenerator
[11:41:54] DEPRECATION WARNING: please use MorganGenerator
[11:41:54] DEPRECATION WARNING: please use MorganGenerator
[11:41:54] DEPRECATION WARNING: please use MorganGenerator
[11:41:54] DEPRECATION WARNING: please use MorganGenerator
[11:41:54] DEPRECATION WARNING: please use MorganGenerator
[11:41:54] DEPRECATION WARNING: please use MorganGenerator
[11:41:54] DEPRECATION WARNING: please use MorganGenerator
[11:41:54] DEPRECATION WARNING: please use MorganGenerator
[11:41:54] DEPRECATION WARNING: please use MorganGenerator
[11:41:54] DEPRECATION WARNING: please use MorganGenerator
[11:41:54] DEPRECATION WARNING: please use MorganGenerator
[11:41:54] DEPRECATION WARNING: please use MorganGenerator
[11:41:54] DEPRECATION WARNING: please use MorganGenerator
[11:41:54] DEPRECATION WARNING: please use MorganGenerator
[11:41:54] DEPRECATION WARNING: please use MorganGenerator
[11:41:54] DEPRECATION WARNING: please use MorganGenerator
[11:41:54] DEPRECATION WARNING: please use MorganGenerator
[11:41:54] DEPRECATION WARNING: please use MorganGenerator
[11:41:54] DEPRECATION WARNING: please use MorganGenerator
[11:41:54] DEPRECATION WARNING: please use MorganGenerator
[11:41:54] DEPRECATION WARNING: please use MorganGenerator
[11:41:54] DEPRECATION WARNING: please use MorganGenerator
[11:41:54] DEPRECATION WARNING: please use MorganGenerator
[11:41:54] DEPRECATION WARNING: please use MorganGenerator
[11:41:54] DEPRECATION WARNING: please use MorganGenerator
[11:41:54] DEPRECATION WARNING: please use MorganGenerator
[11:41:54] Explicit valence for atom # 2 C, 5, is greater than permitted
[11:41:54] ERROR: Could not sanitize molecule ending on line 69
[11:41:54] ERROR: Explicit valence for atom # 2 C, 5, is greater than permitted
[11:41:54] Explicit valence for atom # 0 N, 4, is greater than permitted
[11:41:54] ERROR: Could not sanitize molecule ending on line 50
[11:41:54] ERROR: Explicit valence for atom # 0 N, 4, is greater than permitted
[11:41:54] Explicit valence for atom # 12 C, 5, is greater than permitted
[11:41:54] ERROR: Could not sanitize molecule ending on line 47
[11:41:54] ERROR: Explicit valence for atom # 12 C, 5, is greater than permitted
[11:41:54] Can't kekulize mol.  Unkekulized atoms: 0 3 5 7 9 10 12 21 25
[11:41:54] ERROR: Could not sanitize molecule ending on line 63
[11:41:54] ERROR: Can't kekulize mol.  Unkekulized atoms: 0 3 5 7 9 10 12 21 25
[11:41:54] Explicit valence for atom # 5 C, 5, is greater than permitted
[11:41:54] ERROR: Could not sanitize molecule ending on line 63
[11:41:54] ERROR: Explicit valence for atom # 5 C, 5, is greater than permitted
[11:41:54] Can't kekulize mol.  Unkekulized atoms: 4 9 10 13 14 15 16 17 18
[11:41:54] ERROR: Could not sanitize molecule ending on line 47
[11:41:54] ERROR: Can't kekulize mol.  Unkekulized atoms: 4 9 10 13 14 15 16 17 18
[11:41:54] DEPRECATION WARNING: please use MorganGenerator
[11:41:54] DEPRECATION WARNING: please use MorganGenerator
[11:41:54] DEPRECATION WARNING: please use MorganGenerator
[11:41:54] DEPRECATION WARNING: please use MorganGenerator
[11:41:54] DEPRECATION WARNING: please use MorganGenerator
[11:41:54] DEPRECATION WARNING: please use MorganGenerator
[11:41:54] DEPRECATION WARNING: please use MorganGenerator
[11:41:54] DEPRECATION WARNING: please use MorganGenerator
[11:41:54] DEPRECATION WARNING: please use MorganGenerator
[11:41:54] DEPRECATION WARNING: please use MorganGenerator
[11:41:54] DEPRECATION WARNING: please use MorganGenerator
[11:41:54] DEPRECATION WARNING: please use MorganGenerator
[11:41:54] DEPRECATION WARNING: please use MorganGenerator
[11:41:54] DEPRECATION WARNING: please use MorganGenerator
[11:41:54] DEPRECATION WARNING: please use MorganGenerator
[11:41:54] DEPRECATION WARNING: please use MorganGenerator
[11:41:54] DEPRECATION WARNING: please use MorganGenerator
[11:41:54] DEPRECATION WARNING: please use MorganGenerator
[11:41:54] DEPRECATION WARNING: please use MorganGenerator
[11:41:54] DEPRECATION WARNING: please use MorganGenerator
[11:41:54] DEPRECATION WARNING: please use MorganGenerator
[11:41:54] DEPRECATION WARNING: please use MorganGenerator
[11:41:54] DEPRECATION WARNING: please use MorganGenerator
[11:41:54] DEPRECATION WARNING: please use MorganGenerator
[11:41:54] DEPRECATION WARNING: please use MorganGenerator
[11:41:54] DEPRECATION WARNING: please use MorganGenerator
[11:41:54] DEPRECATION WARNING: please use MorganGenerator
[11:41:54] DEPRECATION WARNING: please use MorganGenerator
[11:41:54] DEPRECATION WARNING: please use MorganGenerator
[11:41:54] DEPRECATION WARNING: please use MorganGenerator
[11:41:54] DEPRECATION WARNING: please use MorganGenerator
[11:41:54] DEPRECATION WARNING: please use MorganGenerator
[11:41:54] DEPRECATION WARNING: please use MorganGenerator
[11:41:54] DEPRECATION WARNING: please use MorganGenerator
[11:41:54] DEPRECATION WARNING: please use MorganGenerator
[11:41:54] DEPRECATION WARNING: please use MorganGenerator
[11:41:54] DEPRECATION WARNING: please use MorganGenerator
[11:41:54] DEPRECATION WARNING: please use MorganGenerator
[11:41:54] DEPRECATION WARNING: please use MorganGenerator
[11:41:54] DEPRECATION WARNING: please use MorganGenerator
[11:41:54] DEPRECATION WARNING: please use MorganGenerator
[11:41:54] DEPRECATION WARNING: please use MorganGenerator
[11:41:54] DEPRECATION WARNING: please use MorganGenerator
[11:41:54] DEPRECATION WARNING: please use MorganGenerator
[11:41:54] DEPRECATION WARNING: please use MorganGenerator
[11:41:54] DEPRECATION WARNING: please use MorganGenerator
[11:41:54] DEPRECATION WARNING: please use MorganGenerator
[11:41:54] DEPRECATION WARNING: please use MorganGenerator
[11:41:54] DEPRECATION WARNING: please use MorganGenerator
[11:41:54] DEPRECATION WARNING: please use MorganGenerator
[11:41:54] DEPRECATION WARNING: please use MorganGenerator
[11:41:54] DEPRECATION WARNING: please use MorganGenerator
[11:41:54] DEPRECATION WARNING: please use MorganGenerator
[11:41:54] DEPRECATION WARNING: please use MorganGenerator
[11:41:54] DEPRECATION WARNING: please use MorganGenerator
[11:41:54] DEPRECATION WARNING: please use MorganGenerator
[11:41:54] DEPRECATION WARNING: please use MorganGenerator
[11:41:54] DEPRECATION WARNING: please use MorganGenerator
[11:41:54] DEPRECATION WARNING: please use MorganGenerator
[11:41:54] DEPRECATION WARNING: please use MorganGenerator
[11:41:54] DEPRECATION WARNING: please use MorganGenerator
[11:41:54] DEPRECATION WARNING: please use MorganGenerator
[11:41:54] DEPRECATION WARNING: please use MorganGenerator
[11:41:54] DEPRECATION WARNING: please use MorganGenerator
[11:41:54] DEPRECATION WARNING: please use MorganGenerator
[11:41:54] DEPRECATION WARNING: please use MorganGenerator
[11:41:54] DEPRECATION WARNING: please use MorganGenerator
[11:41:54] DEPRECATION WARNING: please use MorganGenerator
[11:41:54] DEPRECATION WARNING: please use MorganGenerator
[11:41:54] DEPRECATION WARNING: please use MorganGenerator
[11:41:54] DEPRECATION WARNING: please use MorganGenerator
[11:41:54] DEPRECATION WARNING: please use MorganGenerator
[11:41:54] DEPRECATION WARNING: please use MorganGenerator
[11:41:54] DEPRECATION WARNING: please use MorganGenerator
[11:41:54] DEPRECATION WARNING: please use MorganGenerator
[11:41:54] DEPRECATION WARNING: please use MorganGenerator
[11:41:54] DEPRECATION WARNING: please use MorganGenerator
[11:41:54] DEPRECATION WARNING: please use MorganGenerator
[11:41:54] DEPRECATION WARNING: please use MorganGenerator
[11:41:54] DEPRECATION WARNING: please use MorganGenerator
[11:41:54] DEPRECATION WARNING: please use MorganGenerator
[11:41:54] DEPRECATION WARNING: please use MorganGenerator
[11:41:54] DEPRECATION WARNING: please use MorganGenerator
[11:41:54] DEPRECATION WARNING: please use MorganGenerator
[11:41:54] DEPRECATION WARNING: please use MorganGenerator
[11:41:54] DEPRECATION WARNING: please use MorganGenerator
[11:41:54] DEPRECATION WARNING: please use MorganGenerator
[11:41:54] DEPRECATION WARNING: please use MorganGenerator
[11:41:54] DEPRECATION WARNING: please use MorganGenerator
[11:41:54] DEPRECATION WARNING: please use MorganGenerator
[11:41:54] DEPRECATION WARNING: please use MorganGenerator
[11:41:54] DEPRECATION WARNING: please use MorganGenerator
[11:41:54] DEPRECATION WARNING: please use MorganGenerator
[11:41:54] DEPRECATION WARNING: please use MorganGenerator
[11:41:54] DEPRECATION WARNING: please use MorganGenerator
[11:41:54] DEPRECATION WARNING: please use MorganGenerator
[11:41:54] DEPRECATION WARNING: please use MorganGenerator
[11:41:54] DEPRECATION WARNING: please use MorganGenerator
[11:41:54] Explicit valence for atom # 9 O, 3, is greater than permitted
[11:41:54] ERROR: Could not sanitize molecule ending on line 49
[11:41:54] ERROR: Explicit valence for atom # 9 O, 3, is greater than permitted
[11:41:54] Explicit valence for atom # 4 O, 3, is greater than permitted
[11:41:54] ERROR: Could not sanitize molecule ending on line 59
[11:41:54] ERROR: Explicit valence for atom # 4 O, 3, is greater than permitted
[11:41:54] Explicit valence for atom # 16 P, 6, is greater than permitted
[11:41:54] ERROR: Could not sanitize molecule ending on line 62
[11:41:54] ERROR: Explicit valence for atom # 16 P, 6, is greater than permitted
[11:41:54] DEPRECATION WARNING: please use MorganGenerator
[11:41:54] DEPRECATION WARNING: please use MorganGenerator
[11:41:54] DEPRECATION WARNING: please use MorganGenerator
[11:41:54] DEPRECATION WARNING: please use MorganGenerator
[11:41:54] DEPRECATION WARNING: please use MorganGenerator
[11:41:54] DEPRECATION WARNING: please use MorganGenerator
[11:41:54] DEPRECATION WARNING: please use MorganGenerator
[11:41:54] DEPRECATION WARNING: please use MorganGenerator
[11:41:54] DEPRECATION WARNING: please use MorganGenerator
[11:41:54] DEPRECATION WARNING: please use MorganGenerator
[11:41:54] DEPRECATION WARNING: please use MorganGenerator
[11:41:54] DEPRECATION WARNING: please use MorganGenerator
[11:41:54] DEPRECATION WARNING: please use MorganGenerator
[11:41:54] DEPRECATION WARNING: please use MorganGenerator
[11:41:54] DEPRECATION WARNING: please use MorganGenerator
[11:41:54] DEPRECATION WARNING: please use MorganGenerator
[11:41:54] DEPRECATION WARNING: please use MorganGenerator
[11:41:54] DEPRECATION WARNING: please use MorganGenerator
[11:41:54] DEPRECATION WARNING: please use MorganGenerator
[11:41:54] DEPRECATION WARNING: please use MorganGenerator
[11:41:54] DEPRECATION WARNING: please use MorganGenerator
[11:41:54] DEPRECATION WARNING: please use MorganGenerator
[11:41:54] DEPRECATION WARNING: please use MorganGenerator
[11:41:54] DEPRECATION WARNING: please use MorganGenerator
[11:41:54] DEPRECATION WARNING: please use MorganGenerator
[11:41:54] DEPRECATION WARNING: please use MorganGenerator
[11:41:54] DEPRECATION WARNING: please use MorganGenerator
[11:41:54] DEPRECATION WARNING: please use MorganGenerator
[11:41:54] DEPRECATION WARNING: please use MorganGenerator
[11:41:54] DEPRECATION WARNING: please use MorganGenerator
[11:41:54] DEPRECATION WARNING: please use MorganGenerator
[11:41:54] DEPRECATION WARNING: please use MorganGenerator
[11:41:54] DEPRECATION WARNING: please use MorganGenerator
[11:41:54] DEPRECATION WARNING: please use MorganGenerator
[11:41:54] DEPRECATION WARNING: please use MorganGenerator
[11:41:54] DEPRECATION WARNING: please use MorganGenerator
[11:41:54] DEPRECATION WARNING: please use MorganGenerator
[11:41:54] DEPRECATION WARNING: please use MorganGenerator
[11:41:54] DEPRECATION WARNING: please use MorganGenerator
[11:41:54] DEPRECATION WARNING: please use MorganGenerator
[11:41:54] DEPRECATION WARNING: please use MorganGenerator
[11:41:54] DEPRECATION WARNING: please use MorganGenerator
[11:41:54] DEPRECATION WARNING: please use MorganGenerator
[11:41:54] DEPRECATION WARNING: please use MorganGenerator
[11:41:54] DEPRECATION WARNING: please use MorganGenerator
[11:41:54] DEPRECATION WARNING: please use MorganGenerator
[11:41:54] DEPRECATION WARNING: please use MorganGenerator
[11:41:54] DEPRECATION WARNING: please use MorganGenerator
[11:41:54] DEPRECATION WARNING: please use MorganGenerator
[11:41:54] DEPRECATION WARNING: please use MorganGenerator
[11:41:54] DEPRECATION WARNING: please use MorganGenerator
[11:41:54] DEPRECATION WARNING: please use MorganGenerator
[11:41:54] DEPRECATION WARNING: please use MorganGenerator
[11:41:54] DEPRECATION WARNING: please use MorganGenerator
[11:41:54] DEPRECATION WARNING: please use MorganGenerator
[11:41:54] DEPRECATION WARNING: please use MorganGenerator
[11:41:54] DEPRECATION WARNING: please use MorganGenerator
[11:41:54] DEPRECATION WARNING: please use MorganGenerator
[11:41:54] DEPRECATION WARNING: please use MorganGenerator
[11:41:54] DEPRECATION WARNING: please use MorganGenerator
[11:41:54] DEPRECATION WARNING: please use MorganGenerator
[11:41:54] DEPRECATION WARNING: please use MorganGenerator
[11:41:54] DEPRECATION WARNING: please use MorganGenerator
[11:41:54] DEPRECATION WARNING: please use MorganGenerator
[11:41:54] DEPRECATION WARNING: please use MorganGenerator
[11:41:54] DEPRECATION WARNING: please use MorganGenerator
[11:41:54] DEPRECATION WARNING: please use MorganGenerator
[11:41:54] DEPRECATION WARNING: please use MorganGenerator
[11:41:54] DEPRECATION WARNING: please use MorganGenerator
[11:41:54] DEPRECATION WARNING: please use MorganGenerator
[11:41:54] DEPRECATION WARNING: please use MorganGenerator
[11:41:54] DEPRECATION WARNING: please use MorganGenerator
[11:41:54] DEPRECATION WARNING: please use MorganGenerator
[11:41:54] DEPRECATION WARNING: please use MorganGenerator
[11:41:54] DEPRECATION WARNING: please use MorganGenerator
[11:41:54] DEPRECATION WARNING: please use MorganGenerator
[11:41:54] DEPRECATION WARNING: please use MorganGenerator
[11:41:54] DEPRECATION WARNING: please use MorganGenerator
[11:41:54] DEPRECATION WARNING: please use MorganGenerator
[11:41:54] DEPRECATION WARNING: please use MorganGenerator
[11:41:54] DEPRECATION WARNING: please use MorganGenerator
[11:41:54] DEPRECATION WARNING: please use MorganGenerator
[11:41:54] DEPRECATION WARNING: please use MorganGenerator
[11:41:54] DEPRECATION WARNING: please use MorganGenerator
[11:41:54] DEPRECATION WARNING: please use MorganGenerator
[11:41:54] DEPRECATION WARNING: please use MorganGenerator
[11:41:54] DEPRECATION WARNING: please use MorganGenerator
[11:41:54] DEPRECATION WARNING: please use MorganGenerator
[11:41:54] DEPRECATION WARNING: please use MorganGenerator
[11:41:54] DEPRECATION WARNING: please use MorganGenerator
[11:41:54] DEPRECATION WARNING: please use MorganGenerator
[11:41:54] DEPRECATION WARNING: please use MorganGenerator
[11:41:54] DEPRECATION WARNING: please use MorganGenerator
[11:41:54] DEPRECATION WARNING: please use MorganGenerator
[11:41:54] DEPRECATION WARNING: please use MorganGenerator
[11:41:54] DEPRECATION WARNING: please use MorganGenerator
[11:41:54] DEPRECATION WARNING: please use MorganGenerator
[11:41:54] DEPRECATION WARNING: please use MorganGenerator
[11:41:54] DEPRECATION WARNING: please use MorganGenerator
[11:41:54] DEPRECATION WARNING: please use MorganGenerator
[11:41:54] DEPRECATION WARNING: please use MorganGenerator
[11:41:54] DEPRECATION WARNING: please use MorganGenerator
[11:41:54] DEPRECATION WARNING: please use MorganGenerator
[11:41:54] DEPRECATION WARNING: please use MorganGenerator
MaxMin selection:  56%|█████▌    | 56/100 [00:01<00:01, 30.93it/s][11:41:54] Explicit valence for atom # 10 C, 5, is greater than permitted
[11:41:54] ERROR: Could not sanitize molecule ending on line 30
[11:41:54] ERROR: Explicit valence for atom # 10 C, 5, is greater than permitted
[11:41:54] Explicit valence for atom # 0 C, 5, is greater than permitted
[11:41:54] ERROR: Could not sanitize molecule ending on line 39
[11:41:54] ERROR: Explicit valence for atom # 0 C, 5, is greater than permitted
[11:41:54] Explicit valence for atom # 20 O, 3, is greater than permitted
[11:41:54] ERROR: Could not sanitize molecule ending on line 51
[11:41:54] ERROR: Explicit valence for atom # 20 O, 3, is greater than permitted
[11:41:54] Explicit valence for atom # 15 O, 3, is greater than permitted
[11:41:54] ERROR: Could not sanitize molecule ending on line 119
[11:41:54] ERROR: Explicit valence for atom # 15 O, 3, is greater than permitted
[11:41:54] Explicit valence for atom # 9 C, 5, is greater than permitted
[11:41:54] ERROR: Could not sanitize molecule ending on line 44
[11:41:54] ERROR: Explicit valence for atom # 9 C, 5, is greater than permitted
[11:41:54] DEPRECATION WARNING: please use MorganGenerator
[11:41:54] DEPRECATION WARNING: please use MorganGenerator
[11:41:54] DEPRECATION WARNING: please use MorganGenerator
[11:41:54] DEPRECATION WARNING: please use MorganGenerator
[11:41:54] DEPRECATION WARNING: please use MorganGenerator
[11:41:54] DEPRECATION WARNING: please use MorganGenerator
[11:41:54] DEPRECATION WARNING: please use MorganGenerator
[11:41:54] DEPRECATION WARNING: please use MorganGenerator
[11:41:54] DEPRECATION WARNING: please use MorganGenerator
[11:41:54] DEPRECATION WARNING: please use MorganGenerator
[11:41:54] DEPRECATION WARNING: please use MorganGenerator
[11:41:54] DEPRECATION WARNING: please use MorganGenerator
[11:41:54] DEPRECATION WARNING: please use MorganGenerator
[11:41:54] DEPRECATION WARNING: please use MorganGenerator
[11:41:54] DEPRECATION WARNING: please use MorganGenerator
[11:41:54] DEPRECATION WARNING: please use MorganGenerator
[11:41:54] DEPRECATION WARNING: please use MorganGenerator
[11:41:54] DEPRECATION WARNING: please use MorganGenerator
[11:41:54] DEPRECATION WARNING: please use MorganGenerator
[11:41:54] DEPRECATION WARNING: please use MorganGenerator
[11:41:54] DEPRECATION WARNING: please use MorganGenerator
[11:41:54] DEPRECATION WARNING: please use MorganGenerator
[11:41:54] DEPRECATION WARNING: please use MorganGenerator
[11:41:54] DEPRECATION WARNING: please use MorganGenerator
[11:41:54] DEPRECATION WARNING: please use MorganGenerator
[11:41:54] DEPRECATION WARNING: please use MorganGenerator
[11:41:54] DEPRECATION WARNING: please use MorganGenerator
[11:41:54] DEPRECATION WARNING: please use MorganGenerator
[11:41:54] DEPRECATION WARNING: please use MorganGenerator
[11:41:54] DEPRECATION WARNING: please use MorganGenerator
[11:41:54] DEPRECATION WARNING: please use MorganGenerator
[11:41:54] DEPRECATION WARNING: please use MorganGenerator
[11:41:54] DEPRECATION WARNING: please use MorganGenerator
[11:41:54] DEPRECATION WARNING: please use MorganGenerator
[11:41:54] DEPRECATION WARNING: please use MorganGenerator
[11:41:54] DEPRECATION WARNING: please use MorganGenerator
[11:41:54] DEPRECATION WARNING: please use MorganGenerator
[11:41:54] DEPRECATION WARNING: please use MorganGenerator
[11:41:54] DEPRECATION WARNING: please use MorganGenerator
[11:41:54] DEPRECATION WARNING: please use MorganGenerator
[11:41:54] DEPRECATION WARNING: please use MorganGenerator
[11:41:54] DEPRECATION WARNING: please use MorganGenerator
[11:41:54] DEPRECATION WARNING: please use MorganGenerator
[11:41:54] DEPRECATION WARNING: please use MorganGenerator
[11:41:54] DEPRECATION WARNING: please use MorganGenerator
[11:41:54] DEPRECATION WARNING: please use MorganGenerator
[11:41:54] DEPRECATION WARNING: please use MorganGenerator
[11:41:54] DEPRECATION WARNING: please use MorganGenerator
[11:41:54] DEPRECATION WARNING: please use MorganGenerator
[11:41:54] DEPRECATION WARNING: please use MorganGenerator
[11:41:54] DEPRECATION WARNING: please use MorganGenerator
[11:41:54] DEPRECATION WARNING: please use MorganGenerator
[11:41:54] DEPRECATION WARNING: please use MorganGenerator
[11:41:54] DEPRECATION WARNING: please use MorganGenerator
[11:41:54] DEPRECATION WARNING: please use MorganGenerator
[11:41:54] DEPRECATION WARNING: please use MorganGenerator
[11:41:54] DEPRECATION WARNING: please use MorganGenerator
[11:41:54] DEPRECATION WARNING: please use MorganGenerator
[11:41:54] DEPRECATION WARNING: please use MorganGenerator
[11:41:54] DEPRECATION WARNING: please use MorganGenerator
[11:41:54] DEPRECATION WARNING: please use MorganGenerator
[11:41:54] DEPRECATION WARNING: please use MorganGenerator
[11:41:54] DEPRECATION WARNING: please use MorganGenerator
[11:41:54] DEPRECATION WARNING: please use MorganGenerator
[11:41:54] DEPRECATION WARNING: please use MorganGenerator
[11:41:54] DEPRECATION WARNING: please use MorganGenerator
[11:41:54] DEPRECATION WARNING: please use MorganGenerator
[11:41:54] DEPRECATION WARNING: please use MorganGenerator
[11:41:54] DEPRECATION WARNING: please use MorganGenerator
[11:41:54] DEPRECATION WARNING: please use MorganGenerator
[11:41:54] DEPRECATION WARNING: please use MorganGenerator
[11:41:54] DEPRECATION WARNING: please use MorganGenerator
[11:41:54] DEPRECATION WARNING: please use MorganGenerator
[11:41:54] DEPRECATION WARNING: please use MorganGenerator
[11:41:54] DEPRECATION WARNING: please use MorganGenerator
[11:41:54] DEPRECATION WARNING: please use MorganGenerator
[11:41:54] DEPRECATION WARNING: please use MorganGenerator
[11:41:54] DEPRECATION WARNING: please use MorganGenerator
[11:41:54] DEPRECATION WARNING: please use MorganGenerator
[11:41:54] DEPRECATION WARNING: please use MorganGenerator
[11:41:54] DEPRECATION WARNING: please use MorganGenerator
[11:41:54] DEPRECATION WARNING: please use MorganGenerator
[11:41:54] DEPRECATION WARNING: please use MorganGenerator
[11:41:54] DEPRECATION WARNING: please use MorganGenerator
[11:41:54] DEPRECATION WARNING: please use MorganGenerator
[11:41:54] DEPRECATION WARNING: please use MorganGenerator
[11:41:54] DEPRECATION WARNING: please use MorganGenerator
[11:41:54] DEPRECATION WARNING: please use MorganGenerator
[11:41:54] DEPRECATION WARNING: please use MorganGenerator
[11:41:54] DEPRECATION WARNING: please use MorganGenerator
[11:41:54] DEPRECATION WARNING: please use MorganGenerator
[11:41:54] DEPRECATION WARNING: please use MorganGenerator
[11:41:54] DEPRECATION WARNING: please use MorganGenerator
[11:41:54] DEPRECATION WARNING: please use MorganGenerator
[11:41:54] DEPRECATION WARNING: please use MorganGenerator
[11:41:54] DEPRECATION WARNING: please use MorganGenerator
[11:41:54] DEPRECATION WARNING: please use MorganGenerator
[11:41:54] DEPRECATION WARNING: please use MorganGenerator
[11:41:54] DEPRECATION WARNING: please use MorganGenerator
[11:41:54] DEPRECATION WARNING: please use MorganGenerator
[11:41:54] Explicit valence for atom # 6 C, 5, is greater than permitted
[11:41:54] ERROR: Could not sanitize molecule ending on line 34
[11:41:54] ERROR: Explicit valence for atom # 6 C, 5, is greater than permitted
[11:41:54] Explicit valence for atom # 0 C, 5, is greater than permitted
[11:41:54] ERROR: Could not sanitize molecule ending on line 32
[11:41:54] ERROR: Explicit valence for atom # 0 C, 5, is greater than permitted
[11:41:54] DEPRECATION WARNING: please use MorganGenerator
[11:41:54] DEPRECATION WARNING: please use MorganGenerator
[11:41:54] DEPRECATION WARNING: please use MorganGenerator
[11:41:54] DEPRECATION WARNING: please use MorganGenerator
[11:41:54] DEPRECATION WARNING: please use MorganGenerator
[11:41:54] DEPRECATION WARNING: please use MorganGenerator
[11:41:54] DEPRECATION WARNING: please use MorganGenerator
[11:41:54] DEPRECATION WARNING: please use MorganGenerator
[11:41:54] DEPRECATION WARNING: please use MorganGenerator
[11:41:54] DEPRECATION WARNING: please use MorganGenerator
[11:41:54] DEPRECATION WARNING: please use MorganGenerator
[11:41:54] DEPRECATION WARNING: please use MorganGenerator
[11:41:54] DEPRECATION WARNING: please use MorganGenerator
[11:41:54] DEPRECATION WARNING: please use MorganGenerator
[11:41:54] DEPRECATION WARNING: please use MorganGenerator
[11:41:54] DEPRECATION WARNING: please use MorganGenerator
[11:41:54] DEPRECATION WARNING: please use MorganGenerator
[11:41:54] DEPRECATION WARNING: please use MorganGenerator
[11:41:54] DEPRECATION WARNING: please use MorganGenerator
[11:41:54] DEPRECATION WARNING: please use MorganGenerator
[11:41:54] DEPRECATION WARNING: please use MorganGenerator
[11:41:54] DEPRECATION WARNING: please use MorganGenerator
[11:41:54] DEPRECATION WARNING: please use MorganGenerator
[11:41:54] DEPRECATION WARNING: please use MorganGenerator
[11:41:54] DEPRECATION WARNING: please use MorganGenerator
[11:41:54] DEPRECATION WARNING: please use MorganGenerator
[11:41:54] DEPRECATION WARNING: please use MorganGenerator
[11:41:54] DEPRECATION WARNING: please use MorganGenerator
[11:41:54] DEPRECATION WARNING: please use MorganGenerator
[11:41:54] DEPRECATION WARNING: please use MorganGenerator
[11:41:54] DEPRECATION WARNING: please use MorganGenerator
[11:41:54] DEPRECATION WARNING: please use MorganGenerator
[11:41:54] DEPRECATION WARNING: please use MorganGenerator
[11:41:54] DEPRECATION WARNING: please use MorganGenerator
[11:41:54] DEPRECATION WARNING: please use MorganGenerator
[11:41:54] DEPRECATION WARNING: please use MorganGenerator
[11:41:54] DEPRECATION WARNING: please use MorganGenerator
[11:41:54] DEPRECATION WARNING: please use MorganGenerator
[11:41:54] DEPRECATION WARNING: please use MorganGenerator
[11:41:54] DEPRECATION WARNING: please use MorganGenerator
[11:41:54] DEPRECATION WARNING: please use MorganGenerator
[11:41:54] DEPRECATION WARNING: please use MorganGenerator
[11:41:54] DEPRECATION WARNING: please use MorganGenerator
[11:41:54] DEPRECATION WARNING: please use MorganGenerator
[11:41:54] DEPRECATION WARNING: please use MorganGenerator
[11:41:54] DEPRECATION WARNING: please use MorganGenerator
[11:41:54] DEPRECATION WARNING: please use MorganGenerator
[11:41:54] DEPRECATION WARNING: please use MorganGenerator
[11:41:54] DEPRECATION WARNING: please use MorganGenerator
[11:41:54] DEPRECATION WARNING: please use MorganGenerator
[11:41:54] DEPRECATION WARNING: please use MorganGenerator
[11:41:54] DEPRECATION WARNING: please use MorganGenerator
[11:41:54] DEPRECATION WARNING: please use MorganGenerator
[11:41:54] DEPRECATION WARNING: please use MorganGenerator
[11:41:54] DEPRECATION WARNING: please use MorganGenerator
[11:41:54] DEPRECATION WARNING: please use MorganGenerator
[11:41:54] DEPRECATION WARNING: please use MorganGenerator
[11:41:54] DEPRECATION WARNING: please use MorganGenerator
[11:41:54] DEPRECATION WARNING: please use MorganGenerator
[11:41:54] DEPRECATION WARNING: please use MorganGenerator
[11:41:54] DEPRECATION WARNING: please use MorganGenerator
[11:41:54] DEPRECATION WARNING: please use MorganGenerator
[11:41:54] DEPRECATION WARNING: please use MorganGenerator
[11:41:54] DEPRECATION WARNING: please use MorganGenerator
[11:41:54] DEPRECATION WARNING: please use MorganGenerator
[11:41:54] DEPRECATION WARNING: please use MorganGenerator
[11:41:54] DEPRECATION WARNING: please use MorganGenerator
[11:41:54] DEPRECATION WARNING: please use MorganGenerator
[11:41:54] DEPRECATION WARNING: please use MorganGenerator
[11:41:54] DEPRECATION WARNING: please use MorganGenerator
[11:41:54] DEPRECATION WARNING: please use MorganGenerator
[11:41:54] DEPRECATION WARNING: please use MorganGenerator
[11:41:54] DEPRECATION WARNING: please use MorganGenerator
[11:41:54] DEPRECATION WARNING: please use MorganGenerator
[11:41:54] DEPRECATION WARNING: please use MorganGenerator
[11:41:54] DEPRECATION WARNING: please use MorganGenerator
[11:41:54] DEPRECATION WARNING: please use MorganGenerator
[11:41:54] DEPRECATION WARNING: please use MorganGenerator
[11:41:54] DEPRECATION WARNING: please use MorganGenerator
[11:41:54] DEPRECATION WARNING: please use MorganGenerator
[11:41:54] DEPRECATION WARNING: please use MorganGenerator
[11:41:54] DEPRECATION WARNING: please use MorganGenerator
[11:41:54] DEPRECATION WARNING: please use MorganGenerator
[11:41:54] DEPRECATION WARNING: please use MorganGenerator
[11:41:54] DEPRECATION WARNING: please use MorganGenerator
[11:41:54] DEPRECATION WARNING: please use MorganGenerator
[11:41:54] DEPRECATION WARNING: please use MorganGenerator
[11:41:54] DEPRECATION WARNING: please use MorganGenerator
[11:41:54] DEPRECATION WARNING: please use MorganGenerator
[11:41:54] DEPRECATION WARNING: please use MorganGenerator
[11:41:54] DEPRECATION WARNING: please use MorganGenerator
[11:41:54] DEPRECATION WARNING: please use MorganGenerator
[11:41:54] DEPRECATION WARNING: please use MorganGenerator
[11:41:54] DEPRECATION WARNING: please use MorganGenerator
[11:41:54] DEPRECATION WARNING: please use MorganGenerator
[11:41:54] DEPRECATION WARNING: please use MorganGenerator
[11:41:54] DEPRECATION WARNING: please use MorganGenerator
[11:41:54] DEPRECATION WARNING: please use MorganGenerator
[11:41:54] DEPRECATION WARNING: please use MorganGenerator
[11:41:54] DEPRECATION WARNING: please use MorganGenerator
[11:41:54] DEPRECATION WARNING: please use MorganGenerator
[11:41:54] DEPRECATION WARNING: please use MorganGenerator
[11:41:54] DEPRECATION WARNING: please use MorganGenerator
[11:41:54] DEPRECATION WARNING: please use MorganGenerator
[11:41:54] DEPRECATION WARNING: please use MorganGenerator
[11:41:54] DEPRECATION WARNING: please use MorganGenerator
[11:41:54] Can't kekulize mol.  Unkekulized atoms: 2 5 10 13 19
[11:41:54] ERROR: Could not sanitize molecule ending on line 50
[11:41:54] ERROR: Can't kekulize mol.  Unkekulized atoms: 2 5 10 13 19
[11:41:54] Can't kekulize mol.  Unkekulized atoms: 1 2 10 15 17
[11:41:54] ERROR: Could not sanitize molecule ending on line 47
[11:41:54] ERROR: Can't kekulize mol.  Unkekulized atoms: 1 2 10 15 17
[11:41:54] Can't kekulize mol.  Unkekulized atoms: 0 3 5 6 8
[11:41:54] ERROR: Could not sanitize molecule ending on line 37
[11:41:54] ERROR: Can't kekulize mol.  Unkekulized atoms: 0 3 5 6 8
[11:41:54] Can't kekulize mol.  Unkekulized atoms: 0 1 2 4 5 6 7 8 9 10 12 13 14
[11:41:54] ERROR: Could not sanitize molecule ending on line 39
[11:41:54] ERROR: Can't kekulize mol.  Unkekulized atoms: 0 1 2 4 5 6 7 8 9 10 12 13 14
[11:41:54] DEPRECATION WARNING: please use MorganGenerator
[11:41:54] DEPRECATION WARNING: please use MorganGenerator
[11:41:54] DEPRECATION WARNING: please use MorganGenerator
[11:41:54] DEPRECATION WARNING: please use MorganGenerator
[11:41:54] DEPRECATION WARNING: please use MorganGenerator
[11:41:54] DEPRECATION WARNING: please use MorganGenerator
[11:41:54] DEPRECATION WARNING: please use MorganGenerator
[11:41:54] DEPRECATION WARNING: please use MorganGenerator
[11:41:54] DEPRECATION WARNING: please use MorganGenerator
[11:41:54] DEPRECATION WARNING: please use MorganGenerator
[11:41:54] DEPRECATION WARNING: please use MorganGenerator
[11:41:54] DEPRECATION WARNING: please use MorganGenerator
[11:41:54] DEPRECATION WARNING: please use MorganGenerator
[11:41:54] DEPRECATION WARNING: please use MorganGenerator
[11:41:54] DEPRECATION WARNING: please use MorganGenerator
[11:41:54] DEPRECATION WARNING: please use MorganGenerator
[11:41:54] DEPRECATION WARNING: please use MorganGenerator
[11:41:54] DEPRECATION WARNING: please use MorganGenerator
[11:41:54] DEPRECATION WARNING: please use MorganGenerator
[11:41:54] DEPRECATION WARNING: please use MorganGenerator
[11:41:54] DEPRECATION WARNING: please use MorganGenerator
[11:41:54] DEPRECATION WARNING: please use MorganGenerator
[11:41:54] DEPRECATION WARNING: please use MorganGenerator
[11:41:54] DEPRECATION WARNING: please use MorganGenerator
[11:41:54] DEPRECATION WARNING: please use MorganGenerator
[11:41:54] DEPRECATION WARNING: please use MorganGenerator
[11:41:54] DEPRECATION WARNING: please use MorganGenerator
[11:41:54] DEPRECATION WARNING: please use MorganGenerator
[11:41:54] DEPRECATION WARNING: please use MorganGenerator
[11:41:54] DEPRECATION WARNING: please use MorganGenerator
[11:41:54] DEPRECATION WARNING: please use MorganGenerator
[11:41:54] DEPRECATION WARNING: please use MorganGenerator
[11:41:54] DEPRECATION WARNING: please use MorganGenerator
[11:41:54] DEPRECATION WARNING: please use MorganGenerator
[11:41:54] DEPRECATION WARNING: please use MorganGenerator
[11:41:54] DEPRECATION WARNING: please use MorganGenerator
[11:41:54] DEPRECATION WARNING: please use MorganGenerator
[11:41:54] DEPRECATION WARNING: please use MorganGenerator
[11:41:54] DEPRECATION WARNING: please use MorganGenerator
[11:41:54] DEPRECATION WARNING: please use MorganGenerator
[11:41:54] DEPRECATION WARNING: please use MorganGenerator
[11:41:54] DEPRECATION WARNING: please use MorganGenerator
[11:41:54] DEPRECATION WARNING: please use MorganGenerator
[11:41:54] DEPRECATION WARNING: please use MorganGenerator
[11:41:54] DEPRECATION WARNING: please use MorganGenerator
[11:41:54] DEPRECATION WARNING: please use MorganGenerator
[11:41:54] DEPRECATION WARNING: please use MorganGenerator
[11:41:54] DEPRECATION WARNING: please use MorganGenerator
[11:41:54] DEPRECATION WARNING: please use MorganGenerator
[11:41:54] DEPRECATION WARNING: please use MorganGenerator
[11:41:54] DEPRECATION WARNING: please use MorganGenerator
[11:41:54] DEPRECATION WARNING: please use MorganGenerator
[11:41:54] DEPRECATION WARNING: please use MorganGenerator
[11:41:54] DEPRECATION WARNING: please use MorganGenerator
[11:41:54] DEPRECATION WARNING: please use MorganGenerator
[11:41:54] DEPRECATION WARNING: please use MorganGenerator
[11:41:54] DEPRECATION WARNING: please use MorganGenerator
[11:41:54] DEPRECATION WARNING: please use MorganGenerator
[11:41:54] DEPRECATION WARNING: please use MorganGenerator
[11:41:54] DEPRECATION WARNING: please use MorganGenerator
[11:41:54] DEPRECATION WARNING: please use MorganGenerator
[11:41:54] DEPRECATION WARNING: please use MorganGenerator
[11:41:54] DEPRECATION WARNING: please use MorganGenerator
[11:41:54] DEPRECATION WARNING: please use MorganGenerator
[11:41:54] DEPRECATION WARNING: please use MorganGenerator
[11:41:54] DEPRECATION WARNING: please use MorganGenerator
[11:41:54] DEPRECATION WARNING: please use MorganGenerator
[11:41:54] DEPRECATION WARNING: please use MorganGenerator
[11:41:54] DEPRECATION WARNING: please use MorganGenerator
[11:41:54] DEPRECATION WARNING: please use MorganGenerator
[11:41:54] DEPRECATION WARNING: please use MorganGenerator
[11:41:54] DEPRECATION WARNING: please use MorganGenerator
[11:41:54] DEPRECATION WARNING: please use MorganGenerator
[11:41:54] DEPRECATION WARNING: please use MorganGenerator
[11:41:54] DEPRECATION WARNING: please use MorganGenerator
[11:41:54] DEPRECATION WARNING: please use MorganGenerator
[11:41:54] DEPRECATION WARNING: please use MorganGenerator
[11:41:54] DEPRECATION WARNING: please use MorganGenerator
[11:41:54] DEPRECATION WARNING: please use MorganGenerator
[11:41:54] DEPRECATION WARNING: please use MorganGenerator
[11:41:54] DEPRECATION WARNING: please use MorganGenerator
[11:41:54] DEPRECATION WARNING: please use MorganGenerator
[11:41:54] DEPRECATION WARNING: please use MorganGenerator
[11:41:54] DEPRECATION WARNING: please use MorganGenerator
[11:41:54] DEPRECATION WARNING: please use MorganGenerator
[11:41:54] DEPRECATION WARNING: please use MorganGenerator
[11:41:54] DEPRECATION WARNING: please use MorganGenerator
[11:41:54] DEPRECATION WARNING: please use MorganGenerator
[11:41:54] DEPRECATION WARNING: please use MorganGenerator
[11:41:54] DEPRECATION WARNING: please use MorganGenerator
[11:41:54] DEPRECATION WARNING: please use MorganGenerator
[11:41:54] DEPRECATION WARNING: please use MorganGenerator
[11:41:54] DEPRECATION WARNING: please use MorganGenerator
[11:41:54] DEPRECATION WARNING: please use MorganGenerator
[11:41:54] DEPRECATION WARNING: please use MorganGenerator
[11:41:54] DEPRECATION WARNING: please use MorganGenerator
[11:41:54] DEPRECATION WARNING: please use MorganGenerator
[11:41:54] DEPRECATION WARNING: please use MorganGenerator
[11:41:54] DEPRECATION WARNING: please use MorganGenerator
[11:41:54] DEPRECATION WARNING: please use MorganGenerator
[11:41:54] DEPRECATION WARNING: please use MorganGenerator
[11:41:54] DEPRECATION WARNING: please use MorganGenerator
[11:41:54] Explicit valence for atom # 22 O, 3, is greater than permitted
[11:41:54] ERROR: Could not sanitize molecule ending on line 67
[11:41:54] ERROR: Explicit valence for atom # 22 O, 3, is greater than permitted
[11:41:54] Can't kekulize mol.  Unkekulized atoms: 9 10 14 15 16 19 20 21 24
[11:41:54] ERROR: Could not sanitize molecule ending on line 60
[11:41:54] ERROR: Can't kekulize mol.  Unkekulized atoms: 9 10 14 15 16 19 20 21 24
[11:41:54] Can't kekulize mol.  Unkekulized atoms: 3 4 10 11 12 15 16 19 20
[11:41:54] ERROR: Could not sanitize molecule ending on line 54
[11:41:54] ERROR: Can't kekulize mol.  Unkekulized atoms: 3 4 10 11 12 15 16 19 20
[11:41:54] Can't kekulize mol.  Unkekulized atoms: 0 3 4 7 10 16 18
[11:41:54] ERROR: Could not sanitize molecule ending on line 47
[11:41:54] ERROR: Can't kekulize mol.  Unkekulized atoms: 0 3 4 7 10 16 18
[11:41:54] Can't kekulize mol.  Unkekulized atoms: 0 3 5 6 12
[11:41:54] ERROR: Could not sanitize molecule ending on line 55
[11:41:54] ERROR: Can't kekulize mol.  Unkekulized atoms: 0 3 5 6 12
[11:41:54] Can't kekulize mol.  Unkekulized atoms: 5 6 7 9 11 12 19
[11:41:54] ERROR: Could not sanitize molecule ending on line 51
[11:41:54] ERROR: Can't kekulize mol.  Unkekulized atoms: 5 6 7 9 11 12 19
[11:41:54] Can't kekulize mol.  Unkekulized atoms: 0 1 3 11 13 15 17
[11:41:54] ERROR: Could not sanitize molecule ending on line 45
[11:41:54] ERROR: Can't kekulize mol.  Unkekulized atoms: 0 1 3 11 13 15 17
[11:41:54] DEPRECATION WARNING: please use MorganGenerator
[11:41:54] DEPRECATION WARNING: please use MorganGenerator
[11:41:54] DEPRECATION WARNING: please use MorganGenerator
[11:41:54] DEPRECATION WARNING: please use MorganGenerator
[11:41:54] DEPRECATION WARNING: please use MorganGenerator
[11:41:54] DEPRECATION WARNING: please use MorganGenerator
[11:41:54] DEPRECATION WARNING: please use MorganGenerator
[11:41:54] DEPRECATION WARNING: please use MorganGenerator
[11:41:54] DEPRECATION WARNING: please use MorganGenerator
[11:41:54] DEPRECATION WARNING: please use MorganGenerator
[11:41:54] DEPRECATION WARNING: please use MorganGenerator
[11:41:54] DEPRECATION WARNING: please use MorganGenerator
[11:41:54] DEPRECATION WARNING: please use MorganGenerator
[11:41:54] DEPRECATION WARNING: please use MorganGenerator
[11:41:54] DEPRECATION WARNING: please use MorganGenerator
[11:41:54] DEPRECATION WARNING: please use MorganGenerator
[11:41:54] DEPRECATION WARNING: please use MorganGenerator
[11:41:54] DEPRECATION WARNING: please use MorganGenerator
[11:41:54] DEPRECATION WARNING: please use MorganGenerator
[11:41:54] DEPRECATION WARNING: please use MorganGenerator
[11:41:54] DEPRECATION WARNING: please use MorganGenerator
[11:41:54] DEPRECATION WARNING: please use MorganGenerator
[11:41:54] DEPRECATION WARNING: please use MorganGenerator
[11:41:54] DEPRECATION WARNING: please use MorganGenerator
[11:41:54] DEPRECATION WARNING: please use MorganGenerator
[11:41:54] DEPRECATION WARNING: please use MorganGenerator
[11:41:54] DEPRECATION WARNING: please use MorganGenerator
[11:41:54] DEPRECATION WARNING: please use MorganGenerator
[11:41:54] DEPRECATION WARNING: please use MorganGenerator
[11:41:54] DEPRECATION WARNING: please use MorganGenerator
[11:41:54] DEPRECATION WARNING: please use MorganGenerator
[11:41:54] DEPRECATION WARNING: please use MorganGenerator
[11:41:54] DEPRECATION WARNING: please use MorganGenerator
[11:41:54] DEPRECATION WARNING: please use MorganGenerator
[11:41:54] DEPRECATION WARNING: please use MorganGenerator
[11:41:54] DEPRECATION WARNING: please use MorganGenerator
[11:41:54] DEPRECATION WARNING: please use MorganGenerator
[11:41:54] DEPRECATION WARNING: please use MorganGenerator
[11:41:54] DEPRECATION WARNING: please use MorganGenerator
[11:41:54] DEPRECATION WARNING: please use MorganGenerator
[11:41:54] DEPRECATION WARNING: please use MorganGenerator
[11:41:54] DEPRECATION WARNING: please use MorganGenerator
[11:41:54] DEPRECATION WARNING: please use MorganGenerator
[11:41:54] DEPRECATION WARNING: please use MorganGenerator
[11:41:54] DEPRECATION WARNING: please use MorganGenerator
[11:41:54] DEPRECATION WARNING: please use MorganGenerator
[11:41:54] DEPRECATION WARNING: please use MorganGenerator
[11:41:54] DEPRECATION WARNING: please use MorganGenerator
[11:41:54] DEPRECATION WARNING: please use MorganGenerator
[11:41:54] DEPRECATION WARNING: please use MorganGenerator
[11:41:54] DEPRECATION WARNING: please use MorganGenerator
[11:41:54] DEPRECATION WARNING: please use MorganGenerator
[11:41:54] DEPRECATION WARNING: please use MorganGenerator
[11:41:54] DEPRECATION WARNING: please use MorganGenerator
[11:41:54] DEPRECATION WARNING: please use MorganGenerator
[11:41:54] DEPRECATION WARNING: please use MorganGenerator
[11:41:54] DEPRECATION WARNING: please use MorganGenerator
[11:41:54] DEPRECATION WARNING: please use MorganGenerator
[11:41:54] DEPRECATION WARNING: please use MorganGenerator
[11:41:54] DEPRECATION WARNING: please use MorganGenerator
[11:41:54] DEPRECATION WARNING: please use MorganGenerator
[11:41:54] DEPRECATION WARNING: please use MorganGenerator
[11:41:54] DEPRECATION WARNING: please use MorganGenerator
[11:41:54] DEPRECATION WARNING: please use MorganGenerator
[11:41:54] DEPRECATION WARNING: please use MorganGenerator
[11:41:54] DEPRECATION WARNING: please use MorganGenerator
[11:41:54] DEPRECATION WARNING: please use MorganGenerator
[11:41:54] DEPRECATION WARNING: please use MorganGenerator
[11:41:54] DEPRECATION WARNING: please use MorganGenerator
[11:41:54] DEPRECATION WARNING: please use MorganGenerator
[11:41:54] DEPRECATION WARNING: please use MorganGenerator
[11:41:54] DEPRECATION WARNING: please use MorganGenerator
[11:41:54] DEPRECATION WARNING: please use MorganGenerator
[11:41:54] DEPRECATION WARNING: please use MorganGenerator
[11:41:54] DEPRECATION WARNING: please use MorganGenerator
[11:41:54] DEPRECATION WARNING: please use MorganGenerator
[11:41:54] DEPRECATION WARNING: please use MorganGenerator
[11:41:54] DEPRECATION WARNING: please use MorganGenerator
[11:41:54] DEPRECATION WARNING: please use MorganGenerator
[11:41:54] DEPRECATION WARNING: please use MorganGenerator
[11:41:54] DEPRECATION WARNING: please use MorganGenerator
[11:41:54] DEPRECATION WARNING: please use MorganGenerator
[11:41:54] DEPRECATION WARNING: please use MorganGenerator
[11:41:54] DEPRECATION WARNING: please use MorganGenerator
[11:41:54] DEPRECATION WARNING: please use MorganGenerator
[11:41:54] DEPRECATION WARNING: please use MorganGenerator
[11:41:54] DEPRECATION WARNING: please use MorganGenerator
[11:41:54] DEPRECATION WARNING: please use MorganGenerator
[11:41:54] DEPRECATION WARNING: please use MorganGenerator
[11:41:54] DEPRECATION WARNING: please use MorganGenerator
[11:41:54] DEPRECATION WARNING: please use MorganGenerator
[11:41:54] DEPRECATION WARNING: please use MorganGenerator
[11:41:54] DEPRECATION WARNING: please use MorganGenerator
[11:41:54] DEPRECATION WARNING: please use MorganGenerator
[11:41:54] DEPRECATION WARNING: please use MorganGenerator
[11:41:54] DEPRECATION WARNING: please use MorganGenerator
MaxMin selection:  60%|██████    | 60/100 [00:01<00:01, 32.21it/s][11:41:54] Explicit valence for atom # 16 C, 5, is greater than permitted
[11:41:54] ERROR: Could not sanitize molecule ending on line 68
[11:41:54] ERROR: Explicit valence for atom # 16 C, 5, is greater than permitted
[11:41:54] Can't kekulize mol.  Unkekulized atoms: 6 12 13 25 30
[11:41:54] ERROR: Could not sanitize molecule ending on line 73
[11:41:54] ERROR: Can't kekulize mol.  Unkekulized atoms: 6 12 13 25 30
[11:41:54] Can't kekulize mol.  Unkekulized atoms: 2 20 25 29 32
[11:41:54] ERROR: Could not sanitize molecule ending on line 78
[11:41:54] ERROR: Can't kekulize mol.  Unkekulized atoms: 2 20 25 29 32
[11:41:54] Explicit valence for atom # 15 C, 5, is greater than permitted
[11:41:54] ERROR: Could not sanitize molecule ending on line 77
[11:41:54] ERROR: Explicit valence for atom # 15 C, 5, is greater than permitted
[11:41:54] Explicit valence for atom # 19 F, 2, is greater than permitted
[11:41:54] ERROR: Could not sanitize molecule ending on line 80
[11:41:54] ERROR: Explicit valence for atom # 19 F, 2, is greater than permitted
[11:41:54] Explicit valence for atom # 4 C, 5, is greater than permitted
[11:41:54] ERROR: Could not sanitize molecule ending on line 72
[11:41:54] ERROR: Explicit valence for atom # 4 C, 5, is greater than permitted
[11:41:54] DEPRECATION WARNING: please use MorganGenerator
[11:41:54] DEPRECATION WARNING: please use MorganGenerator
[11:41:54] DEPRECATION WARNING: please use MorganGenerator
[11:41:54] DEPRECATION WARNING: please use MorganGenerator
[11:41:54] DEPRECATION WARNING: please use MorganGenerator
[11:41:54] DEPRECATION WARNING: please use MorganGenerator
[11:41:54] DEPRECATION WARNING: please use MorganGenerator
[11:41:54] DEPRECATION WARNING: please use MorganGenerator
[11:41:54] DEPRECATION WARNING: please use MorganGenerator
[11:41:54] DEPRECATION WARNING: please use MorganGenerator
[11:41:54] DEPRECATION WARNING: please use MorganGenerator
[11:41:54] DEPRECATION WARNING: please use MorganGenerator
[11:41:54] DEPRECATION WARNING: please use MorganGenerator
[11:41:54] DEPRECATION WARNING: please use MorganGenerator
[11:41:54] DEPRECATION WARNING: please use MorganGenerator
[11:41:54] DEPRECATION WARNING: please use MorganGenerator
[11:41:54] DEPRECATION WARNING: please use MorganGenerator
[11:41:54] DEPRECATION WARNING: please use MorganGenerator
[11:41:54] DEPRECATION WARNING: please use MorganGenerator
[11:41:54] DEPRECATION WARNING: please use MorganGenerator
[11:41:54] DEPRECATION WARNING: please use MorganGenerator
[11:41:54] DEPRECATION WARNING: please use MorganGenerator
[11:41:54] DEPRECATION WARNING: please use MorganGenerator
[11:41:54] DEPRECATION WARNING: please use MorganGenerator
[11:41:54] DEPRECATION WARNING: please use MorganGenerator
[11:41:54] DEPRECATION WARNING: please use MorganGenerator
[11:41:54] DEPRECATION WARNING: please use MorganGenerator
[11:41:54] DEPRECATION WARNING: please use MorganGenerator
[11:41:54] DEPRECATION WARNING: please use MorganGenerator
[11:41:54] DEPRECATION WARNING: please use MorganGenerator
[11:41:54] DEPRECATION WARNING: please use MorganGenerator
[11:41:54] DEPRECATION WARNING: please use MorganGenerator
[11:41:54] DEPRECATION WARNING: please use MorganGenerator
[11:41:54] DEPRECATION WARNING: please use MorganGenerator
[11:41:54] DEPRECATION WARNING: please use MorganGenerator
[11:41:54] DEPRECATION WARNING: please use MorganGenerator
[11:41:54] DEPRECATION WARNING: please use MorganGenerator
[11:41:54] DEPRECATION WARNING: please use MorganGenerator
[11:41:54] DEPRECATION WARNING: please use MorganGenerator
[11:41:54] DEPRECATION WARNING: please use MorganGenerator
[11:41:54] DEPRECATION WARNING: please use MorganGenerator
[11:41:54] DEPRECATION WARNING: please use MorganGenerator
[11:41:54] DEPRECATION WARNING: please use MorganGenerator
[11:41:54] DEPRECATION WARNING: please use MorganGenerator
[11:41:54] DEPRECATION WARNING: please use MorganGenerator
[11:41:54] DEPRECATION WARNING: please use MorganGenerator
[11:41:54] DEPRECATION WARNING: please use MorganGenerator
[11:41:54] DEPRECATION WARNING: please use MorganGenerator
[11:41:54] DEPRECATION WARNING: please use MorganGenerator
[11:41:54] DEPRECATION WARNING: please use MorganGenerator
[11:41:54] DEPRECATION WARNING: please use MorganGenerator
[11:41:54] DEPRECATION WARNING: please use MorganGenerator
[11:41:54] DEPRECATION WARNING: please use MorganGenerator
[11:41:54] DEPRECATION WARNING: please use MorganGenerator
[11:41:54] DEPRECATION WARNING: please use MorganGenerator
[11:41:54] DEPRECATION WARNING: please use MorganGenerator
[11:41:54] DEPRECATION WARNING: please use MorganGenerator
[11:41:54] DEPRECATION WARNING: please use MorganGenerator
[11:41:54] DEPRECATION WARNING: please use MorganGenerator
[11:41:54] DEPRECATION WARNING: please use MorganGenerator
[11:41:54] DEPRECATION WARNING: please use MorganGenerator
[11:41:54] DEPRECATION WARNING: please use MorganGenerator
[11:41:54] DEPRECATION WARNING: please use MorganGenerator
[11:41:54] DEPRECATION WARNING: please use MorganGenerator
[11:41:54] DEPRECATION WARNING: please use MorganGenerator
[11:41:54] DEPRECATION WARNING: please use MorganGenerator
[11:41:54] DEPRECATION WARNING: please use MorganGenerator
[11:41:54] DEPRECATION WARNING: please use MorganGenerator
[11:41:54] DEPRECATION WARNING: please use MorganGenerator
[11:41:54] DEPRECATION WARNING: please use MorganGenerator
[11:41:54] DEPRECATION WARNING: please use MorganGenerator
[11:41:54] DEPRECATION WARNING: please use MorganGenerator
[11:41:54] DEPRECATION WARNING: please use MorganGenerator
[11:41:54] DEPRECATION WARNING: please use MorganGenerator
[11:41:54] DEPRECATION WARNING: please use MorganGenerator
[11:41:54] DEPRECATION WARNING: please use MorganGenerator
[11:41:54] DEPRECATION WARNING: please use MorganGenerator
[11:41:54] DEPRECATION WARNING: please use MorganGenerator
[11:41:54] DEPRECATION WARNING: please use MorganGenerator
[11:41:54] DEPRECATION WARNING: please use MorganGenerator
[11:41:54] DEPRECATION WARNING: please use MorganGenerator
[11:41:54] DEPRECATION WARNING: please use MorganGenerator
[11:41:54] DEPRECATION WARNING: please use MorganGenerator
[11:41:54] DEPRECATION WARNING: please use MorganGenerator
[11:41:54] DEPRECATION WARNING: please use MorganGenerator
[11:41:54] DEPRECATION WARNING: please use MorganGenerator
[11:41:54] DEPRECATION WARNING: please use MorganGenerator
[11:41:54] DEPRECATION WARNING: please use MorganGenerator
[11:41:54] DEPRECATION WARNING: please use MorganGenerator
[11:41:54] DEPRECATION WARNING: please use MorganGenerator
[11:41:54] DEPRECATION WARNING: please use MorganGenerator
[11:41:54] DEPRECATION WARNING: please use MorganGenerator
[11:41:54] DEPRECATION WARNING: please use MorganGenerator
[11:41:54] DEPRECATION WARNING: please use MorganGenerator
[11:41:54] DEPRECATION WARNING: please use MorganGenerator
[11:41:54] DEPRECATION WARNING: please use MorganGenerator
[11:41:54] DEPRECATION WARNING: please use MorganGenerator
[11:41:54] DEPRECATION WARNING: please use MorganGenerator
[11:41:54] Can't kekulize mol.  Unkekulized atoms: 11 12 15 17 18 22 28
[11:41:54] ERROR: Could not sanitize molecule ending on line 72
[11:41:54] ERROR: Can't kekulize mol.  Unkekulized atoms: 11 12 15 17 18 22 28
[11:41:54] Can't kekulize mol.  Unkekulized atoms: 4 7 17
[11:41:54] ERROR: Could not sanitize molecule ending on line 57
[11:41:54] ERROR: Can't kekulize mol.  Unkekulized atoms: 4 7 17
[11:41:54] Can't kekulize mol.  Unkekulized atoms: 3 12 17 19 28
[11:41:54] ERROR: Could not sanitize molecule ending on line 64
[11:41:54] ERROR: Can't kekulize mol.  Unkekulized atoms: 3 12 17 19 28
[11:41:54] Can't kekulize mol.  Unkekulized atoms: 2 4 6 12 16 21 22 30 34
[11:41:54] ERROR: Could not sanitize molecule ending on line 79
[11:41:54] ERROR: Can't kekulize mol.  Unkekulized atoms: 2 4 6 12 16 21 22 30 34
[11:41:54] Can't kekulize mol.  Unkekulized atoms: 6 10 13 14 24
[11:41:54] ERROR: Could not sanitize molecule ending on line 61
[11:41:54] ERROR: Can't kekulize mol.  Unkekulized atoms: 6 10 13 14 24
[11:41:54] Can't kekulize mol.  Unkekulized atoms: 0 3 7 9 17
[11:41:54] ERROR: Could not sanitize molecule ending on line 55
[11:41:54] ERROR: Can't kekulize mol.  Unkekulized atoms: 0 3 7 9 17
[11:41:54] Explicit valence for atom # 18 N, 4, is greater than permitted
[11:41:54] ERROR: Could not sanitize molecule ending on line 78
[11:41:54] ERROR: Explicit valence for atom # 18 N, 4, is greater than permitted
[11:41:54] Can't kekulize mol.  Unkekulized atoms: 9 10 17 22 24 25 27
[11:41:54] ERROR: Could not sanitize molecule ending on line 68
[11:41:54] ERROR: Can't kekulize mol.  Unkekulized atoms: 9 10 17 22 24 25 27
[11:41:54] DEPRECATION WARNING: please use MorganGenerator
[11:41:54] DEPRECATION WARNING: please use MorganGenerator
[11:41:54] DEPRECATION WARNING: please use MorganGenerator
[11:41:54] DEPRECATION WARNING: please use MorganGenerator
[11:41:54] DEPRECATION WARNING: please use MorganGenerator
[11:41:54] DEPRECATION WARNING: please use MorganGenerator
[11:41:54] DEPRECATION WARNING: please use MorganGenerator
[11:41:54] DEPRECATION WARNING: please use MorganGenerator
[11:41:54] DEPRECATION WARNING: please use MorganGenerator
[11:41:54] DEPRECATION WARNING: please use MorganGenerator
[11:41:54] DEPRECATION WARNING: please use MorganGenerator
[11:41:54] DEPRECATION WARNING: please use MorganGenerator
[11:41:54] DEPRECATION WARNING: please use MorganGenerator
[11:41:54] DEPRECATION WARNING: please use MorganGenerator
[11:41:54] DEPRECATION WARNING: please use MorganGenerator
[11:41:54] DEPRECATION WARNING: please use MorganGenerator
[11:41:54] DEPRECATION WARNING: please use MorganGenerator
[11:41:54] DEPRECATION WARNING: please use MorganGenerator
[11:41:54] DEPRECATION WARNING: please use MorganGenerator
[11:41:54] DEPRECATION WARNING: please use MorganGenerator
[11:41:54] DEPRECATION WARNING: please use MorganGenerator
[11:41:54] DEPRECATION WARNING: please use MorganGenerator
[11:41:54] DEPRECATION WARNING: please use MorganGenerator
[11:41:54] DEPRECATION WARNING: please use MorganGenerator
[11:41:54] DEPRECATION WARNING: please use MorganGenerator
[11:41:54] DEPRECATION WARNING: please use MorganGenerator
[11:41:54] DEPRECATION WARNING: please use MorganGenerator
[11:41:54] DEPRECATION WARNING: please use MorganGenerator
[11:41:54] DEPRECATION WARNING: please use MorganGenerator
[11:41:54] DEPRECATION WARNING: please use MorganGenerator
[11:41:54] DEPRECATION WARNING: please use MorganGenerator
[11:41:54] DEPRECATION WARNING: please use MorganGenerator
[11:41:54] DEPRECATION WARNING: please use MorganGenerator
[11:41:54] DEPRECATION WARNING: please use MorganGenerator
[11:41:54] DEPRECATION WARNING: please use MorganGenerator
[11:41:54] DEPRECATION WARNING: please use MorganGenerator
[11:41:54] DEPRECATION WARNING: please use MorganGenerator
[11:41:54] DEPRECATION WARNING: please use MorganGenerator
[11:41:54] DEPRECATION WARNING: please use MorganGenerator
[11:41:54] DEPRECATION WARNING: please use MorganGenerator
[11:41:54] DEPRECATION WARNING: please use MorganGenerator
[11:41:54] DEPRECATION WARNING: please use MorganGenerator
[11:41:54] DEPRECATION WARNING: please use MorganGenerator
[11:41:54] DEPRECATION WARNING: please use MorganGenerator
[11:41:54] DEPRECATION WARNING: please use MorganGenerator
[11:41:54] DEPRECATION WARNING: please use MorganGenerator
[11:41:54] DEPRECATION WARNING: please use MorganGenerator
[11:41:54] DEPRECATION WARNING: please use MorganGenerator
[11:41:54] DEPRECATION WARNING: please use MorganGenerator
[11:41:54] DEPRECATION WARNING: please use MorganGenerator
[11:41:54] DEPRECATION WARNING: please use MorganGenerator
[11:41:54] DEPRECATION WARNING: please use MorganGenerator
[11:41:54] DEPRECATION WARNING: please use MorganGenerator
[11:41:54] DEPRECATION WARNING: please use MorganGenerator
[11:41:54] DEPRECATION WARNING: please use MorganGenerator
[11:41:54] DEPRECATION WARNING: please use MorganGenerator
[11:41:54] DEPRECATION WARNING: please use MorganGenerator
[11:41:54] DEPRECATION WARNING: please use MorganGenerator
[11:41:54] DEPRECATION WARNING: please use MorganGenerator
[11:41:54] DEPRECATION WARNING: please use MorganGenerator
[11:41:54] DEPRECATION WARNING: please use MorganGenerator
[11:41:54] DEPRECATION WARNING: please use MorganGenerator
[11:41:54] DEPRECATION WARNING: please use MorganGenerator
[11:41:54] DEPRECATION WARNING: please use MorganGenerator
[11:41:54] DEPRECATION WARNING: please use MorganGenerator
[11:41:54] DEPRECATION WARNING: please use MorganGenerator
[11:41:54] DEPRECATION WARNING: please use MorganGenerator
[11:41:54] DEPRECATION WARNING: please use MorganGenerator
[11:41:54] DEPRECATION WARNING: please use MorganGenerator
[11:41:54] DEPRECATION WARNING: please use MorganGenerator
[11:41:54] DEPRECATION WARNING: please use MorganGenerator
[11:41:54] DEPRECATION WARNING: please use MorganGenerator
[11:41:54] DEPRECATION WARNING: please use MorganGenerator
[11:41:54] DEPRECATION WARNING: please use MorganGenerator
[11:41:54] DEPRECATION WARNING: please use MorganGenerator
[11:41:54] DEPRECATION WARNING: please use MorganGenerator
[11:41:54] DEPRECATION WARNING: please use MorganGenerator
[11:41:54] DEPRECATION WARNING: please use MorganGenerator
[11:41:54] DEPRECATION WARNING: please use MorganGenerator
[11:41:54] DEPRECATION WARNING: please use MorganGenerator
[11:41:54] DEPRECATION WARNING: please use MorganGenerator
[11:41:54] DEPRECATION WARNING: please use MorganGenerator
[11:41:54] DEPRECATION WARNING: please use MorganGenerator
[11:41:54] DEPRECATION WARNING: please use MorganGenerator
[11:41:54] DEPRECATION WARNING: please use MorganGenerator
[11:41:54] DEPRECATION WARNING: please use MorganGenerator
[11:41:54] DEPRECATION WARNING: please use MorganGenerator
[11:41:54] DEPRECATION WARNING: please use MorganGenerator
[11:41:54] DEPRECATION WARNING: please use MorganGenerator
[11:41:54] DEPRECATION WARNING: please use MorganGenerator
[11:41:54] DEPRECATION WARNING: please use MorganGenerator
[11:41:54] DEPRECATION WARNING: please use MorganGenerator
[11:41:54] DEPRECATION WARNING: please use MorganGenerator
[11:41:54] DEPRECATION WARNING: please use MorganGenerator
[11:41:54] Explicit valence for atom # 11 O, 3, is greater than permitted
[11:41:54] ERROR: Could not sanitize molecule ending on line 67
[11:41:54] ERROR: Explicit valence for atom # 11 O, 3, is greater than permitted
[11:41:54] Can't kekulize mol.  Unkekulized atoms: 1 2 7 8 9 14 22
[11:41:54] ERROR: Could not sanitize molecule ending on line 57
[11:41:54] ERROR: Can't kekulize mol.  Unkekulized atoms: 1 2 7 8 9 14 22
[11:41:54] Explicit valence for atom # 10 C, 6, is greater than permitted
[11:41:54] ERROR: Could not sanitize molecule ending on line 68
[11:41:54] ERROR: Explicit valence for atom # 10 C, 6, is greater than permitted
[11:41:54] Can't kekulize mol.  Unkekulized atoms: 1 3 11 14 16 17
[11:41:54] ERROR: Could not sanitize molecule ending on line 46
[11:41:54] ERROR: Can't kekulize mol.  Unkekulized atoms: 1 3 11 14 16 17
[11:41:54] Explicit valence for atom # 4 O, 3, is greater than permitted
[11:41:54] ERROR: Could not sanitize molecule ending on line 64
[11:41:54] ERROR: Explicit valence for atom # 4 O, 3, is greater than permitted
[11:41:54] Explicit valence for atom # 9 O, 4, is greater than permitted
[11:41:54] ERROR: Could not sanitize molecule ending on line 71
[11:41:54] ERROR: Explicit valence for atom # 9 O, 4, is greater than permitted
[11:41:54] Can't kekulize mol.  Unkekulized atoms: 6 10 17
[11:41:54] ERROR: Could not sanitize molecule ending on line 65
[11:41:54] ERROR: Can't kekulize mol.  Unkekulized atoms: 6 10 17
[11:41:54] Can't kekulize mol.  Unkekulized atoms: 2 3 5 6 16 17 27
[11:41:54] ERROR: Could not sanitize molecule ending on line 63
[11:41:54] ERROR: Can't kekulize mol.  Unkekulized atoms: 2 3 5 6 16 17 27
[11:41:54] Explicit valence for atom # 9 O, 3, is greater than permitted
[11:41:54] ERROR: Could not sanitize molecule ending on line 72
[11:41:54] ERROR: Explicit valence for atom # 9 O, 3, is greater than permitted
[11:41:54] Explicit valence for atom # 22 O, 3, is greater than permitted
[11:41:54] ERROR: Could not sanitize molecule ending on line 58
[11:41:54] ERROR: Explicit valence for atom # 22 O, 3, is greater than permitted
[11:41:54] Explicit valence for atom # 1 O, 3, is greater than permitted
[11:41:54] ERROR: Could not sanitize molecule ending on line 73
[11:41:54] ERROR: Explicit valence for atom # 1 O, 3, is greater than permitted
[11:41:54] Can't kekulize mol.  Unkekulized atoms: 6 10 23
[11:41:54] ERROR: Could not sanitize molecule ending on line 69
[11:41:54] ERROR: Can't kekulize mol.  Unkekulized atoms: 6 10 23
[11:41:54] Explicit valence for atom # 30 O, 3, is greater than permitted
[11:41:54] ERROR: Could not sanitize molecule ending on line 69
[11:41:54] ERROR: Explicit valence for atom # 30 O, 3, is greater than permitted
[11:41:54] Explicit valence for atom # 11 C, 6, is greater than permitted
[11:41:54] ERROR: Could not sanitize molecule ending on line 76
[11:41:54] ERROR: Explicit valence for atom # 11 C, 6, is greater than permitted
[11:41:54] Explicit valence for atom # 7 O, 3, is greater than permitted
[11:41:54] ERROR: Could not sanitize molecule ending on line 68
[11:41:54] ERROR: Explicit valence for atom # 7 O, 3, is greater than permitted
[11:41:54] DEPRECATION WARNING: please use MorganGenerator
[11:41:54] DEPRECATION WARNING: please use MorganGenerator
[11:41:54] DEPRECATION WARNING: please use MorganGenerator
[11:41:54] DEPRECATION WARNING: please use MorganGenerator
[11:41:54] DEPRECATION WARNING: please use MorganGenerator
[11:41:54] DEPRECATION WARNING: please use MorganGenerator
[11:41:54] DEPRECATION WARNING: please use MorganGenerator
[11:41:54] DEPRECATION WARNING: please use MorganGenerator
[11:41:54] DEPRECATION WARNING: please use MorganGenerator
[11:41:54] DEPRECATION WARNING: please use MorganGenerator
[11:41:54] DEPRECATION WARNING: please use MorganGenerator
[11:41:54] DEPRECATION WARNING: please use MorganGenerator
[11:41:54] DEPRECATION WARNING: please use MorganGenerator
[11:41:54] DEPRECATION WARNING: please use MorganGenerator
[11:41:54] DEPRECATION WARNING: please use MorganGenerator
[11:41:54] DEPRECATION WARNING: please use MorganGenerator
[11:41:54] DEPRECATION WARNING: please use MorganGenerator
[11:41:54] DEPRECATION WARNING: please use MorganGenerator
[11:41:54] DEPRECATION WARNING: please use MorganGenerator
[11:41:54] DEPRECATION WARNING: please use MorganGenerator
[11:41:54] DEPRECATION WARNING: please use MorganGenerator
[11:41:54] DEPRECATION WARNING: please use MorganGenerator
[11:41:54] DEPRECATION WARNING: please use MorganGenerator
[11:41:54] DEPRECATION WARNING: please use MorganGenerator
[11:41:54] DEPRECATION WARNING: please use MorganGenerator
[11:41:54] DEPRECATION WARNING: please use MorganGenerator
[11:41:54] DEPRECATION WARNING: please use MorganGenerator
[11:41:54] DEPRECATION WARNING: please use MorganGenerator
[11:41:54] DEPRECATION WARNING: please use MorganGenerator
[11:41:54] DEPRECATION WARNING: please use MorganGenerator
[11:41:54] DEPRECATION WARNING: please use MorganGenerator
[11:41:54] DEPRECATION WARNING: please use MorganGenerator
[11:41:54] DEPRECATION WARNING: please use MorganGenerator
[11:41:54] DEPRECATION WARNING: please use MorganGenerator
[11:41:54] DEPRECATION WARNING: please use MorganGenerator
[11:41:54] DEPRECATION WARNING: please use MorganGenerator
[11:41:54] DEPRECATION WARNING: please use MorganGenerator
[11:41:54] DEPRECATION WARNING: please use MorganGenerator
[11:41:54] DEPRECATION WARNING: please use MorganGenerator
[11:41:54] DEPRECATION WARNING: please use MorganGenerator
[11:41:54] DEPRECATION WARNING: please use MorganGenerator
[11:41:54] DEPRECATION WARNING: please use MorganGenerator
[11:41:54] DEPRECATION WARNING: please use MorganGenerator
[11:41:54] DEPRECATION WARNING: please use MorganGenerator
[11:41:54] DEPRECATION WARNING: please use MorganGenerator
[11:41:54] DEPRECATION WARNING: please use MorganGenerator
[11:41:54] DEPRECATION WARNING: please use MorganGenerator
[11:41:54] DEPRECATION WARNING: please use MorganGenerator
[11:41:54] DEPRECATION WARNING: please use MorganGenerator
[11:41:54] DEPRECATION WARNING: please use MorganGenerator
[11:41:54] DEPRECATION WARNING: please use MorganGenerator
[11:41:54] DEPRECATION WARNING: please use MorganGenerator
[11:41:54] DEPRECATION WARNING: please use MorganGenerator
[11:41:54] DEPRECATION WARNING: please use MorganGenerator
[11:41:54] DEPRECATION WARNING: please use MorganGenerator
[11:41:54] DEPRECATION WARNING: please use MorganGenerator
[11:41:54] DEPRECATION WARNING: please use MorganGenerator
[11:41:54] DEPRECATION WARNING: please use MorganGenerator
[11:41:54] DEPRECATION WARNING: please use MorganGenerator
[11:41:54] DEPRECATION WARNING: please use MorganGenerator
[11:41:55] DEPRECATION WARNING: please use MorganGenerator
[11:41:55] DEPRECATION WARNING: please use MorganGenerator
[11:41:55] DEPRECATION WARNING: please use MorganGenerator
[11:41:55] DEPRECATION WARNING: please use MorganGenerator
[11:41:55] DEPRECATION WARNING: please use MorganGenerator
[11:41:55] DEPRECATION WARNING: please use MorganGenerator
[11:41:55] DEPRECATION WARNING: please use MorganGenerator
[11:41:55] DEPRECATION WARNING: please use MorganGenerator
[11:41:55] DEPRECATION WARNING: please use MorganGenerator
[11:41:55] DEPRECATION WARNING: please use MorganGenerator
[11:41:55] DEPRECATION WARNING: please use MorganGenerator
[11:41:55] DEPRECATION WARNING: please use MorganGenerator
[11:41:55] DEPRECATION WARNING: please use MorganGenerator
[11:41:55] DEPRECATION WARNING: please use MorganGenerator
[11:41:55] DEPRECATION WARNING: please use MorganGenerator
[11:41:55] DEPRECATION WARNING: please use MorganGenerator
[11:41:55] DEPRECATION WARNING: please use MorganGenerator
[11:41:55] DEPRECATION WARNING: please use MorganGenerator
[11:41:55] DEPRECATION WARNING: please use MorganGenerator
[11:41:55] DEPRECATION WARNING: please use MorganGenerator
[11:41:55] Explicit valence for atom # 10 C, 5, is greater than permitted
[11:41:55] ERROR: Could not sanitize molecule ending on line 58
[11:41:55] ERROR: Explicit valence for atom # 10 C, 5, is greater than permitted
[11:41:55] Explicit valence for atom # 28 C, 5, is greater than permitted
[11:41:55] ERROR: Could not sanitize molecule ending on line 67
[11:41:55] ERROR: Explicit valence for atom # 28 C, 5, is greater than permitted
[11:41:55] Can't kekulize mol.  Unkekulized atoms: 2 3 9 22 23
[11:41:55] ERROR: Could not sanitize molecule ending on line 70
[11:41:55] ERROR: Can't kekulize mol.  Unkekulized atoms: 2 3 9 22 23
[11:41:55] Can't kekulize mol.  Unkekulized atoms: 4 5 8 14 18
[11:41:55] ERROR: Could not sanitize molecule ending on line 55
[11:41:55] ERROR: Can't kekulize mol.  Unkekulized atoms: 4 5 8 14 18
[11:41:55] Can't kekulize mol.  Unkekulized atoms: 2 14 24 25 31
[11:41:55] ERROR: Could not sanitize molecule ending on line 74
[11:41:55] ERROR: Can't kekulize mol.  Unkekulized atoms: 2 14 24 25 31
[11:41:55] Can't kekulize mol.  Unkekulized atoms: 3 5 13
[11:41:55] ERROR: Could not sanitize molecule ending on line 74
[11:41:55] ERROR: Can't kekulize mol.  Unkekulized atoms: 3 5 13
[11:41:55] Explicit valence for atom # 37 N, 4, is greater than permitted
[11:41:55] ERROR: Could not sanitize molecule ending on line 104
[11:41:55] ERROR: Explicit valence for atom # 37 N, 4, is greater than permitted
[11:41:55] Explicit valence for atom # 5 C, 5, is greater than permitted
[11:41:55] ERROR: Could not sanitize molecule ending on line 54
[11:41:55] ERROR: Explicit valence for atom # 5 C, 5, is greater than permitted
[11:41:55] DEPRECATION WARNING: please use MorganGenerator
[11:41:55] DEPRECATION WARNING: please use MorganGenerator
[11:41:55] DEPRECATION WARNING: please use MorganGenerator
[11:41:55] DEPRECATION WARNING: please use MorganGenerator
[11:41:55] DEPRECATION WARNING: please use MorganGenerator
[11:41:55] DEPRECATION WARNING: please use MorganGenerator
[11:41:55] DEPRECATION WARNING: please use MorganGenerator
[11:41:55] DEPRECATION WARNING: please use MorganGenerator
[11:41:55] DEPRECATION WARNING: please use MorganGenerator
[11:41:55] DEPRECATION WARNING: please use MorganGenerator
[11:41:55] DEPRECATION WARNING: please use MorganGenerator
[11:41:55] DEPRECATION WARNING: please use MorganGenerator
[11:41:55] DEPRECATION WARNING: please use MorganGenerator
[11:41:55] DEPRECATION WARNING: please use MorganGenerator
[11:41:55] DEPRECATION WARNING: please use MorganGenerator
[11:41:55] DEPRECATION WARNING: please use MorganGenerator
[11:41:55] DEPRECATION WARNING: please use MorganGenerator
[11:41:55] DEPRECATION WARNING: please use MorganGenerator
[11:41:55] DEPRECATION WARNING: please use MorganGenerator
[11:41:55] DEPRECATION WARNING: please use MorganGenerator
[11:41:55] DEPRECATION WARNING: please use MorganGenerator
[11:41:55] DEPRECATION WARNING: please use MorganGenerator
[11:41:55] DEPRECATION WARNING: please use MorganGenerator
[11:41:55] DEPRECATION WARNING: please use MorganGenerator
[11:41:55] DEPRECATION WARNING: please use MorganGenerator
[11:41:55] DEPRECATION WARNING: please use MorganGenerator
[11:41:55] DEPRECATION WARNING: please use MorganGenerator
[11:41:55] DEPRECATION WARNING: please use MorganGenerator
[11:41:55] DEPRECATION WARNING: please use MorganGenerator
[11:41:55] DEPRECATION WARNING: please use MorganGenerator
[11:41:55] DEPRECATION WARNING: please use MorganGenerator
[11:41:55] DEPRECATION WARNING: please use MorganGenerator
[11:41:55] DEPRECATION WARNING: please use MorganGenerator
[11:41:55] DEPRECATION WARNING: please use MorganGenerator
[11:41:55] DEPRECATION WARNING: please use MorganGenerator
[11:41:55] DEPRECATION WARNING: please use MorganGenerator
[11:41:55] DEPRECATION WARNING: please use MorganGenerator
[11:41:55] DEPRECATION WARNING: please use MorganGenerator
[11:41:55] DEPRECATION WARNING: please use MorganGenerator
[11:41:55] DEPRECATION WARNING: please use MorganGenerator
[11:41:55] DEPRECATION WARNING: please use MorganGenerator
[11:41:55] DEPRECATION WARNING: please use MorganGenerator
[11:41:55] DEPRECATION WARNING: please use MorganGenerator
[11:41:55] DEPRECATION WARNING: please use MorganGenerator
[11:41:55] DEPRECATION WARNING: please use MorganGenerator
[11:41:55] DEPRECATION WARNING: please use MorganGenerator
[11:41:55] DEPRECATION WARNING: please use MorganGenerator
[11:41:55] DEPRECATION WARNING: please use MorganGenerator
[11:41:55] DEPRECATION WARNING: please use MorganGenerator
[11:41:55] DEPRECATION WARNING: please use MorganGenerator
[11:41:55] DEPRECATION WARNING: please use MorganGenerator
[11:41:55] DEPRECATION WARNING: please use MorganGenerator
[11:41:55] DEPRECATION WARNING: please use MorganGenerator
[11:41:55] DEPRECATION WARNING: please use MorganGenerator
[11:41:55] DEPRECATION WARNING: please use MorganGenerator
[11:41:55] DEPRECATION WARNING: please use MorganGenerator
[11:41:55] DEPRECATION WARNING: please use MorganGenerator
[11:41:55] DEPRECATION WARNING: please use MorganGenerator
[11:41:55] DEPRECATION WARNING: please use MorganGenerator
[11:41:55] DEPRECATION WARNING: please use MorganGenerator
[11:41:55] DEPRECATION WARNING: please use MorganGenerator
[11:41:55] DEPRECATION WARNING: please use MorganGenerator
[11:41:55] DEPRECATION WARNING: please use MorganGenerator
[11:41:55] DEPRECATION WARNING: please use MorganGenerator
[11:41:55] DEPRECATION WARNING: please use MorganGenerator
[11:41:55] DEPRECATION WARNING: please use MorganGenerator
[11:41:55] DEPRECATION WARNING: please use MorganGenerator
[11:41:55] DEPRECATION WARNING: please use MorganGenerator
[11:41:55] DEPRECATION WARNING: please use MorganGenerator
[11:41:55] DEPRECATION WARNING: please use MorganGenerator
[11:41:55] DEPRECATION WARNING: please use MorganGenerator
[11:41:55] DEPRECATION WARNING: please use MorganGenerator
[11:41:55] DEPRECATION WARNING: please use MorganGenerator
[11:41:55] DEPRECATION WARNING: please use MorganGenerator
[11:41:55] DEPRECATION WARNING: please use MorganGenerator
[11:41:55] DEPRECATION WARNING: please use MorganGenerator
[11:41:55] DEPRECATION WARNING: please use MorganGenerator
[11:41:55] DEPRECATION WARNING: please use MorganGenerator
[11:41:55] DEPRECATION WARNING: please use MorganGenerator
[11:41:55] DEPRECATION WARNING: please use MorganGenerator
[11:41:55] DEPRECATION WARNING: please use MorganGenerator
[11:41:55] DEPRECATION WARNING: please use MorganGenerator
[11:41:55] DEPRECATION WARNING: please use MorganGenerator
[11:41:55] DEPRECATION WARNING: please use MorganGenerator
[11:41:55] DEPRECATION WARNING: please use MorganGenerator
[11:41:55] DEPRECATION WARNING: please use MorganGenerator
[11:41:55] DEPRECATION WARNING: please use MorganGenerator
[11:41:55] DEPRECATION WARNING: please use MorganGenerator
[11:41:55] DEPRECATION WARNING: please use MorganGenerator
[11:41:55] DEPRECATION WARNING: please use MorganGenerator
[11:41:55] DEPRECATION WARNING: please use MorganGenerator
[11:41:55] DEPRECATION WARNING: please use MorganGenerator
[11:41:55] DEPRECATION WARNING: please use MorganGenerator
[11:41:55] DEPRECATION WARNING: please use MorganGenerator
MaxMin selection:  64%|██████▍   | 64/100 [00:02<00:01, 30.08it/s][11:41:55] Explicit valence for atom # 4 C, 6, is greater than permitted
[11:41:55] ERROR: Could not sanitize molecule ending on line 45
[11:41:55] ERROR: Explicit valence for atom # 4 C, 6, is greater than permitted
[11:41:55] Explicit valence for atom # 15 O, 3, is greater than permitted
[11:41:55] ERROR: Could not sanitize molecule ending on line 42
[11:41:55] ERROR: Explicit valence for atom # 15 O, 3, is greater than permitted
[11:41:55] Can't kekulize mol.  Unkekulized atoms: 1 4 8 14 19
[11:41:55] ERROR: Could not sanitize molecule ending on line 49
[11:41:55] ERROR: Can't kekulize mol.  Unkekulized atoms: 1 4 8 14 19
[11:41:55] Explicit valence for atom # 5 C, 5, is greater than permitted
[11:41:55] ERROR: Could not sanitize molecule ending on line 36
[11:41:55] ERROR: Explicit valence for atom # 5 C, 5, is greater than permitted
[11:41:55] DEPRECATION WARNING: please use MorganGenerator
[11:41:55] DEPRECATION WARNING: please use MorganGenerator
[11:41:55] DEPRECATION WARNING: please use MorganGenerator
[11:41:55] DEPRECATION WARNING: please use MorganGenerator
[11:41:55] DEPRECATION WARNING: please use MorganGenerator
[11:41:55] DEPRECATION WARNING: please use MorganGenerator
[11:41:55] DEPRECATION WARNING: please use MorganGenerator
[11:41:55] DEPRECATION WARNING: please use MorganGenerator
[11:41:55] DEPRECATION WARNING: please use MorganGenerator
[11:41:55] DEPRECATION WARNING: please use MorganGenerator
[11:41:55] DEPRECATION WARNING: please use MorganGenerator
[11:41:55] DEPRECATION WARNING: please use MorganGenerator
[11:41:55] DEPRECATION WARNING: please use MorganGenerator
[11:41:55] DEPRECATION WARNING: please use MorganGenerator
[11:41:55] DEPRECATION WARNING: please use MorganGenerator
[11:41:55] DEPRECATION WARNING: please use MorganGenerator
[11:41:55] DEPRECATION WARNING: please use MorganGenerator
[11:41:55] DEPRECATION WARNING: please use MorganGenerator
[11:41:55] DEPRECATION WARNING: please use MorganGenerator
[11:41:55] DEPRECATION WARNING: please use MorganGenerator
[11:41:55] DEPRECATION WARNING: please use MorganGenerator
[11:41:55] DEPRECATION WARNING: please use MorganGenerator
[11:41:55] DEPRECATION WARNING: please use MorganGenerator
[11:41:55] DEPRECATION WARNING: please use MorganGenerator
[11:41:55] DEPRECATION WARNING: please use MorganGenerator
[11:41:55] DEPRECATION WARNING: please use MorganGenerator
[11:41:55] DEPRECATION WARNING: please use MorganGenerator
[11:41:55] DEPRECATION WARNING: please use MorganGenerator
[11:41:55] DEPRECATION WARNING: please use MorganGenerator
[11:41:55] DEPRECATION WARNING: please use MorganGenerator
[11:41:55] DEPRECATION WARNING: please use MorganGenerator
[11:41:55] DEPRECATION WARNING: please use MorganGenerator
[11:41:55] DEPRECATION WARNING: please use MorganGenerator
[11:41:55] DEPRECATION WARNING: please use MorganGenerator
[11:41:55] DEPRECATION WARNING: please use MorganGenerator
[11:41:55] DEPRECATION WARNING: please use MorganGenerator
[11:41:55] DEPRECATION WARNING: please use MorganGenerator
[11:41:55] DEPRECATION WARNING: please use MorganGenerator
[11:41:55] DEPRECATION WARNING: please use MorganGenerator
[11:41:55] DEPRECATION WARNING: please use MorganGenerator
[11:41:55] DEPRECATION WARNING: please use MorganGenerator
[11:41:55] DEPRECATION WARNING: please use MorganGenerator
[11:41:55] DEPRECATION WARNING: please use MorganGenerator
[11:41:55] DEPRECATION WARNING: please use MorganGenerator
[11:41:55] DEPRECATION WARNING: please use MorganGenerator
[11:41:55] DEPRECATION WARNING: please use MorganGenerator
[11:41:55] DEPRECATION WARNING: please use MorganGenerator
[11:41:55] DEPRECATION WARNING: please use MorganGenerator
[11:41:55] DEPRECATION WARNING: please use MorganGenerator
[11:41:55] DEPRECATION WARNING: please use MorganGenerator
[11:41:55] DEPRECATION WARNING: please use MorganGenerator
[11:41:55] DEPRECATION WARNING: please use MorganGenerator
[11:41:55] DEPRECATION WARNING: please use MorganGenerator
[11:41:55] DEPRECATION WARNING: please use MorganGenerator
[11:41:55] DEPRECATION WARNING: please use MorganGenerator
[11:41:55] DEPRECATION WARNING: please use MorganGenerator
[11:41:55] DEPRECATION WARNING: please use MorganGenerator
[11:41:55] DEPRECATION WARNING: please use MorganGenerator
[11:41:55] DEPRECATION WARNING: please use MorganGenerator
[11:41:55] DEPRECATION WARNING: please use MorganGenerator
[11:41:55] DEPRECATION WARNING: please use MorganGenerator
[11:41:55] DEPRECATION WARNING: please use MorganGenerator
[11:41:55] DEPRECATION WARNING: please use MorganGenerator
[11:41:55] DEPRECATION WARNING: please use MorganGenerator
[11:41:55] DEPRECATION WARNING: please use MorganGenerator
[11:41:55] DEPRECATION WARNING: please use MorganGenerator
[11:41:55] DEPRECATION WARNING: please use MorganGenerator
[11:41:55] DEPRECATION WARNING: please use MorganGenerator
[11:41:55] DEPRECATION WARNING: please use MorganGenerator
[11:41:55] DEPRECATION WARNING: please use MorganGenerator
[11:41:55] DEPRECATION WARNING: please use MorganGenerator
[11:41:55] DEPRECATION WARNING: please use MorganGenerator
[11:41:55] DEPRECATION WARNING: please use MorganGenerator
[11:41:55] DEPRECATION WARNING: please use MorganGenerator
[11:41:55] DEPRECATION WARNING: please use MorganGenerator
[11:41:55] DEPRECATION WARNING: please use MorganGenerator
[11:41:55] DEPRECATION WARNING: please use MorganGenerator
[11:41:55] DEPRECATION WARNING: please use MorganGenerator
[11:41:55] DEPRECATION WARNING: please use MorganGenerator
[11:41:55] DEPRECATION WARNING: please use MorganGenerator
[11:41:55] DEPRECATION WARNING: please use MorganGenerator
[11:41:55] DEPRECATION WARNING: please use MorganGenerator
[11:41:55] DEPRECATION WARNING: please use MorganGenerator
[11:41:55] DEPRECATION WARNING: please use MorganGenerator
[11:41:55] DEPRECATION WARNING: please use MorganGenerator
[11:41:55] DEPRECATION WARNING: please use MorganGenerator
[11:41:55] DEPRECATION WARNING: please use MorganGenerator
[11:41:55] DEPRECATION WARNING: please use MorganGenerator
[11:41:55] DEPRECATION WARNING: please use MorganGenerator
[11:41:55] DEPRECATION WARNING: please use MorganGenerator
[11:41:55] DEPRECATION WARNING: please use MorganGenerator
[11:41:55] DEPRECATION WARNING: please use MorganGenerator
[11:41:55] DEPRECATION WARNING: please use MorganGenerator
[11:41:55] DEPRECATION WARNING: please use MorganGenerator
[11:41:55] DEPRECATION WARNING: please use MorganGenerator
[11:41:55] DEPRECATION WARNING: please use MorganGenerator
[11:41:55] DEPRECATION WARNING: please use MorganGenerator
[11:41:55] DEPRECATION WARNING: please use MorganGenerator
[11:41:55] DEPRECATION WARNING: please use MorganGenerator
[11:41:55] DEPRECATION WARNING: please use MorganGenerator
[11:41:55] DEPRECATION WARNING: please use MorganGenerator
[11:41:55] DEPRECATION WARNING: please use MorganGenerator
[11:41:55] Can't kekulize mol.  Unkekulized atoms: 0 4 10 11 13 16 26
[11:41:55] ERROR: Could not sanitize molecule ending on line 66
[11:41:55] ERROR: Can't kekulize mol.  Unkekulized atoms: 0 4 10 11 13 16 26
[11:41:55] Can't kekulize mol.  Unkekulized atoms: 1 2 5 9 12 13 14 24 26 27 28
[11:41:55] ERROR: Could not sanitize molecule ending on line 71
[11:41:55] ERROR: Can't kekulize mol.  Unkekulized atoms: 1 2 5 9 12 13 14 24 26 27 28
[11:41:55] Can't kekulize mol.  Unkekulized atoms: 5 10 14 15 18 19 21 26 27 28 29
[11:41:55] ERROR: Could not sanitize molecule ending on line 72
[11:41:55] ERROR: Can't kekulize mol.  Unkekulized atoms: 5 10 14 15 18 19 21 26 27 28 29
[11:41:55] Can't kekulize mol.  Unkekulized atoms: 0 1 3 11 14
[11:41:55] ERROR: Could not sanitize molecule ending on line 64
[11:41:55] ERROR: Can't kekulize mol.  Unkekulized atoms: 0 1 3 11 14
[11:41:55] DEPRECATION WARNING: please use MorganGenerator
[11:41:55] DEPRECATION WARNING: please use MorganGenerator
[11:41:55] DEPRECATION WARNING: please use MorganGenerator
[11:41:55] DEPRECATION WARNING: please use MorganGenerator
[11:41:55] DEPRECATION WARNING: please use MorganGenerator
[11:41:55] DEPRECATION WARNING: please use MorganGenerator
[11:41:55] DEPRECATION WARNING: please use MorganGenerator
[11:41:55] DEPRECATION WARNING: please use MorganGenerator
[11:41:55] DEPRECATION WARNING: please use MorganGenerator
[11:41:55] DEPRECATION WARNING: please use MorganGenerator
[11:41:55] DEPRECATION WARNING: please use MorganGenerator
[11:41:55] DEPRECATION WARNING: please use MorganGenerator
[11:41:55] DEPRECATION WARNING: please use MorganGenerator
[11:41:55] DEPRECATION WARNING: please use MorganGenerator
[11:41:55] DEPRECATION WARNING: please use MorganGenerator
[11:41:55] DEPRECATION WARNING: please use MorganGenerator
[11:41:55] DEPRECATION WARNING: please use MorganGenerator
[11:41:55] DEPRECATION WARNING: please use MorganGenerator
[11:41:55] DEPRECATION WARNING: please use MorganGenerator
[11:41:55] DEPRECATION WARNING: please use MorganGenerator
[11:41:55] DEPRECATION WARNING: please use MorganGenerator
[11:41:55] DEPRECATION WARNING: please use MorganGenerator
[11:41:55] DEPRECATION WARNING: please use MorganGenerator
[11:41:55] DEPRECATION WARNING: please use MorganGenerator
[11:41:55] DEPRECATION WARNING: please use MorganGenerator
[11:41:55] DEPRECATION WARNING: please use MorganGenerator
[11:41:55] DEPRECATION WARNING: please use MorganGenerator
[11:41:55] DEPRECATION WARNING: please use MorganGenerator
[11:41:55] DEPRECATION WARNING: please use MorganGenerator
[11:41:55] DEPRECATION WARNING: please use MorganGenerator
[11:41:55] DEPRECATION WARNING: please use MorganGenerator
[11:41:55] DEPRECATION WARNING: please use MorganGenerator
[11:41:55] DEPRECATION WARNING: please use MorganGenerator
[11:41:55] DEPRECATION WARNING: please use MorganGenerator
[11:41:55] DEPRECATION WARNING: please use MorganGenerator
[11:41:55] DEPRECATION WARNING: please use MorganGenerator
[11:41:55] DEPRECATION WARNING: please use MorganGenerator
[11:41:55] DEPRECATION WARNING: please use MorganGenerator
[11:41:55] DEPRECATION WARNING: please use MorganGenerator
[11:41:55] DEPRECATION WARNING: please use MorganGenerator
[11:41:55] DEPRECATION WARNING: please use MorganGenerator
[11:41:55] DEPRECATION WARNING: please use MorganGenerator
[11:41:55] DEPRECATION WARNING: please use MorganGenerator
[11:41:55] DEPRECATION WARNING: please use MorganGenerator
[11:41:55] DEPRECATION WARNING: please use MorganGenerator
[11:41:55] DEPRECATION WARNING: please use MorganGenerator
[11:41:55] DEPRECATION WARNING: please use MorganGenerator
[11:41:55] DEPRECATION WARNING: please use MorganGenerator
[11:41:55] DEPRECATION WARNING: please use MorganGenerator
[11:41:55] DEPRECATION WARNING: please use MorganGenerator
[11:41:55] DEPRECATION WARNING: please use MorganGenerator
[11:41:55] DEPRECATION WARNING: please use MorganGenerator
[11:41:55] DEPRECATION WARNING: please use MorganGenerator
[11:41:55] DEPRECATION WARNING: please use MorganGenerator
[11:41:55] DEPRECATION WARNING: please use MorganGenerator
[11:41:55] DEPRECATION WARNING: please use MorganGenerator
[11:41:55] DEPRECATION WARNING: please use MorganGenerator
[11:41:55] DEPRECATION WARNING: please use MorganGenerator
[11:41:55] DEPRECATION WARNING: please use MorganGenerator
[11:41:55] DEPRECATION WARNING: please use MorganGenerator
[11:41:55] DEPRECATION WARNING: please use MorganGenerator
[11:41:55] DEPRECATION WARNING: please use MorganGenerator
[11:41:55] DEPRECATION WARNING: please use MorganGenerator
[11:41:55] DEPRECATION WARNING: please use MorganGenerator
[11:41:55] DEPRECATION WARNING: please use MorganGenerator
[11:41:55] DEPRECATION WARNING: please use MorganGenerator
[11:41:55] DEPRECATION WARNING: please use MorganGenerator
[11:41:55] DEPRECATION WARNING: please use MorganGenerator
[11:41:55] DEPRECATION WARNING: please use MorganGenerator
[11:41:55] DEPRECATION WARNING: please use MorganGenerator
[11:41:55] DEPRECATION WARNING: please use MorganGenerator
[11:41:55] DEPRECATION WARNING: please use MorganGenerator
[11:41:55] DEPRECATION WARNING: please use MorganGenerator
[11:41:55] DEPRECATION WARNING: please use MorganGenerator
[11:41:55] DEPRECATION WARNING: please use MorganGenerator
[11:41:55] DEPRECATION WARNING: please use MorganGenerator
[11:41:55] DEPRECATION WARNING: please use MorganGenerator
[11:41:55] DEPRECATION WARNING: please use MorganGenerator
[11:41:55] DEPRECATION WARNING: please use MorganGenerator
[11:41:55] DEPRECATION WARNING: please use MorganGenerator
[11:41:55] DEPRECATION WARNING: please use MorganGenerator
[11:41:55] DEPRECATION WARNING: please use MorganGenerator
[11:41:55] DEPRECATION WARNING: please use MorganGenerator
[11:41:55] DEPRECATION WARNING: please use MorganGenerator
[11:41:55] DEPRECATION WARNING: please use MorganGenerator
[11:41:55] DEPRECATION WARNING: please use MorganGenerator
[11:41:55] DEPRECATION WARNING: please use MorganGenerator
[11:41:55] DEPRECATION WARNING: please use MorganGenerator
[11:41:55] DEPRECATION WARNING: please use MorganGenerator
[11:41:55] DEPRECATION WARNING: please use MorganGenerator
[11:41:55] DEPRECATION WARNING: please use MorganGenerator
[11:41:55] DEPRECATION WARNING: please use MorganGenerator
[11:41:55] DEPRECATION WARNING: please use MorganGenerator
[11:41:55] DEPRECATION WARNING: please use MorganGenerator
[11:41:55] DEPRECATION WARNING: please use MorganGenerator
[11:41:55] DEPRECATION WARNING: please use MorganGenerator
[11:41:55] DEPRECATION WARNING: please use MorganGenerator
[11:41:55] DEPRECATION WARNING: please use MorganGenerator
[11:41:55] DEPRECATION WARNING: please use MorganGenerator
[11:41:55] DEPRECATION WARNING: please use MorganGenerator
[11:41:55] DEPRECATION WARNING: please use MorganGenerator
[11:41:55] DEPRECATION WARNING: please use MorganGenerator
[11:41:55] Explicit valence for atom # 4 O, 3, is greater than permitted
[11:41:55] ERROR: Could not sanitize molecule ending on line 71
[11:41:55] ERROR: Explicit valence for atom # 4 O, 3, is greater than permitted
[11:41:55] Explicit valence for atom # 8 P, 6, is greater than permitted
[11:41:55] ERROR: Could not sanitize molecule ending on line 66
[11:41:55] ERROR: Explicit valence for atom # 8 P, 6, is greater than permitted
[11:41:55] Can't kekulize mol.  Unkekulized atoms: 0 6 14 20 24
[11:41:55] ERROR: Could not sanitize molecule ending on line 68
[11:41:55] ERROR: Can't kekulize mol.  Unkekulized atoms: 0 6 14 20 24
[11:41:55] Explicit valence for atom # 3 F, 2, is greater than permitted
[11:41:55] ERROR: Could not sanitize molecule ending on line 63
[11:41:55] ERROR: Explicit valence for atom # 3 F, 2, is greater than permitted
[11:41:55] Explicit valence for atom # 23 O, 3, is greater than permitted
[11:41:55] ERROR: Could not sanitize molecule ending on line 62
[11:41:55] ERROR: Explicit valence for atom # 23 O, 3, is greater than permitted
[11:41:55] Can't kekulize mol.  Unkekulized atoms: 3 4 5 8 17 21 23 26 28 34 36
[11:41:55] ERROR: Could not sanitize molecule ending on line 83
[11:41:55] ERROR: Can't kekulize mol.  Unkekulized atoms: 3 4 5 8 17 21 23 26 28 34 36
[11:41:55] Explicit valence for atom # 24 O, 3, is greater than permitted
[11:41:55] ERROR: Could not sanitize molecule ending on line 74
[11:41:55] ERROR: Explicit valence for atom # 24 O, 3, is greater than permitted
[11:41:55] Explicit valence for atom # 1 O, 4, is greater than permitted
[11:41:55] ERROR: Could not sanitize molecule ending on line 78
[11:41:55] ERROR: Explicit valence for atom # 1 O, 4, is greater than permitted
[11:41:55] Explicit valence for atom # 30 C, 5, is greater than permitted
[11:41:55] ERROR: Could not sanitize molecule ending on line 74
[11:41:55] ERROR: Explicit valence for atom # 30 C, 5, is greater than permitted
[11:41:55] Explicit valence for atom # 19 P, 6, is greater than permitted
[11:41:55] ERROR: Could not sanitize molecule ending on line 65
[11:41:55] ERROR: Explicit valence for atom # 19 P, 6, is greater than permitted
[11:41:55] Can't kekulize mol.  Unkekulized atoms: 0 2 15 18 24 26 34
[11:41:55] ERROR: Could not sanitize molecule ending on line 84
[11:41:55] ERROR: Can't kekulize mol.  Unkekulized atoms: 0 2 15 18 24 26 34
[11:41:55] Can't kekulize mol.  Unkekulized atoms: 2 4 5 7 8 22 27 29 35
[11:41:55] ERROR: Could not sanitize molecule ending on line 79
[11:41:55] ERROR: Can't kekulize mol.  Unkekulized atoms: 2 4 5 7 8 22 27 29 35
[11:41:55] Can't kekulize mol.  Unkekulized atoms: 4 9 13 14 18 25 26 27 28
[11:41:55] ERROR: Could not sanitize molecule ending on line 72
[11:41:55] ERROR: Can't kekulize mol.  Unkekulized atoms: 4 9 13 14 18 25 26 27 28
[11:41:55] Explicit valence for atom # 24 P, 6, is greater than permitted
[11:41:55] ERROR: Could not sanitize molecule ending on line 60
[11:41:55] ERROR: Explicit valence for atom # 24 P, 6, is greater than permitted
[11:41:55] Explicit valence for atom # 18 O, 3, is greater than permitted
[11:41:55] ERROR: Could not sanitize molecule ending on line 80
[11:41:55] ERROR: Explicit valence for atom # 18 O, 3, is greater than permitted
[11:41:55] Can't kekulize mol.  Unkekulized atoms: 1 4 5 13 16 18 20
[11:41:55] ERROR: Could not sanitize molecule ending on line 63
[11:41:55] ERROR: Can't kekulize mol.  Unkekulized atoms: 1 4 5 13 16 18 20
[11:41:55] Can't kekulize mol.  Unkekulized atoms: 1 3 9 12 13 22 25
[11:41:55] ERROR: Could not sanitize molecule ending on line 73
[11:41:55] ERROR: Can't kekulize mol.  Unkekulized atoms: 1 3 9 12 13 22 25
[11:41:55] Explicit valence for atom # 8 O, 3, is greater than permitted
[11:41:55] ERROR: Could not sanitize molecule ending on line 62
[11:41:55] ERROR: Explicit valence for atom # 8 O, 3, is greater than permitted
[11:41:55] DEPRECATION WARNING: please use MorganGenerator
[11:41:55] DEPRECATION WARNING: please use MorganGenerator
[11:41:55] DEPRECATION WARNING: please use MorganGenerator
[11:41:55] DEPRECATION WARNING: please use MorganGenerator
[11:41:55] DEPRECATION WARNING: please use MorganGenerator
[11:41:55] DEPRECATION WARNING: please use MorganGenerator
[11:41:55] DEPRECATION WARNING: please use MorganGenerator
[11:41:55] DEPRECATION WARNING: please use MorganGenerator
[11:41:55] DEPRECATION WARNING: please use MorganGenerator
[11:41:55] DEPRECATION WARNING: please use MorganGenerator
[11:41:55] DEPRECATION WARNING: please use MorganGenerator
[11:41:55] DEPRECATION WARNING: please use MorganGenerator
[11:41:55] DEPRECATION WARNING: please use MorganGenerator
[11:41:55] DEPRECATION WARNING: please use MorganGenerator
[11:41:55] DEPRECATION WARNING: please use MorganGenerator
[11:41:55] DEPRECATION WARNING: please use MorganGenerator
[11:41:55] DEPRECATION WARNING: please use MorganGenerator
[11:41:55] DEPRECATION WARNING: please use MorganGenerator
[11:41:55] DEPRECATION WARNING: please use MorganGenerator
[11:41:55] DEPRECATION WARNING: please use MorganGenerator
[11:41:55] DEPRECATION WARNING: please use MorganGenerator
[11:41:55] DEPRECATION WARNING: please use MorganGenerator
[11:41:55] DEPRECATION WARNING: please use MorganGenerator
[11:41:55] DEPRECATION WARNING: please use MorganGenerator
[11:41:55] DEPRECATION WARNING: please use MorganGenerator
[11:41:55] DEPRECATION WARNING: please use MorganGenerator
[11:41:55] DEPRECATION WARNING: please use MorganGenerator
[11:41:55] DEPRECATION WARNING: please use MorganGenerator
[11:41:55] DEPRECATION WARNING: please use MorganGenerator
[11:41:55] DEPRECATION WARNING: please use MorganGenerator
[11:41:55] DEPRECATION WARNING: please use MorganGenerator
[11:41:55] DEPRECATION WARNING: please use MorganGenerator
[11:41:55] DEPRECATION WARNING: please use MorganGenerator
[11:41:55] DEPRECATION WARNING: please use MorganGenerator
[11:41:55] DEPRECATION WARNING: please use MorganGenerator
[11:41:55] DEPRECATION WARNING: please use MorganGenerator
[11:41:55] DEPRECATION WARNING: please use MorganGenerator
[11:41:55] DEPRECATION WARNING: please use MorganGenerator
[11:41:55] DEPRECATION WARNING: please use MorganGenerator
[11:41:55] DEPRECATION WARNING: please use MorganGenerator
[11:41:55] DEPRECATION WARNING: please use MorganGenerator
[11:41:55] DEPRECATION WARNING: please use MorganGenerator
[11:41:55] DEPRECATION WARNING: please use MorganGenerator
[11:41:55] DEPRECATION WARNING: please use MorganGenerator
[11:41:55] DEPRECATION WARNING: please use MorganGenerator
[11:41:55] DEPRECATION WARNING: please use MorganGenerator
[11:41:55] DEPRECATION WARNING: please use MorganGenerator
[11:41:55] DEPRECATION WARNING: please use MorganGenerator
[11:41:55] DEPRECATION WARNING: please use MorganGenerator
[11:41:55] DEPRECATION WARNING: please use MorganGenerator
[11:41:55] DEPRECATION WARNING: please use MorganGenerator
[11:41:55] DEPRECATION WARNING: please use MorganGenerator
[11:41:55] DEPRECATION WARNING: please use MorganGenerator
[11:41:55] DEPRECATION WARNING: please use MorganGenerator
[11:41:55] DEPRECATION WARNING: please use MorganGenerator
[11:41:55] DEPRECATION WARNING: please use MorganGenerator
[11:41:55] DEPRECATION WARNING: please use MorganGenerator
[11:41:55] DEPRECATION WARNING: please use MorganGenerator
[11:41:55] DEPRECATION WARNING: please use MorganGenerator
[11:41:55] DEPRECATION WARNING: please use MorganGenerator
[11:41:55] DEPRECATION WARNING: please use MorganGenerator
[11:41:55] DEPRECATION WARNING: please use MorganGenerator
[11:41:55] DEPRECATION WARNING: please use MorganGenerator
[11:41:55] DEPRECATION WARNING: please use MorganGenerator
[11:41:55] DEPRECATION WARNING: please use MorganGenerator
[11:41:55] DEPRECATION WARNING: please use MorganGenerator
[11:41:55] DEPRECATION WARNING: please use MorganGenerator
[11:41:55] DEPRECATION WARNING: please use MorganGenerator
[11:41:55] DEPRECATION WARNING: please use MorganGenerator
[11:41:55] DEPRECATION WARNING: please use MorganGenerator
[11:41:55] DEPRECATION WARNING: please use MorganGenerator
[11:41:55] DEPRECATION WARNING: please use MorganGenerator
[11:41:55] DEPRECATION WARNING: please use MorganGenerator
[11:41:55] DEPRECATION WARNING: please use MorganGenerator
[11:41:55] Can't kekulize mol.  Unkekulized atoms: 0 4 6 18 19
[11:41:55] ERROR: Could not sanitize molecule ending on line 49
[11:41:55] ERROR: Can't kekulize mol.  Unkekulized atoms: 0 4 6 18 19
[11:41:55] Can't kekulize mol.  Unkekulized atoms: 4 5 8 12 17 18 20 26 27
[11:41:55] ERROR: Could not sanitize molecule ending on line 69
[11:41:55] ERROR: Can't kekulize mol.  Unkekulized atoms: 4 5 8 12 17 18 20 26 27
[11:41:55] Can't kekulize mol.  Unkekulized atoms: 6 7 12 14 23 29 30 37 39
[11:41:55] ERROR: Could not sanitize molecule ending on line 93
[11:41:55] ERROR: Can't kekulize mol.  Unkekulized atoms: 6 7 12 14 23 29 30 37 39
[11:41:55] Can't kekulize mol.  Unkekulized atoms: 1 5 7 19 21
[11:41:55] ERROR: Could not sanitize molecule ending on line 51
[11:41:55] ERROR: Can't kekulize mol.  Unkekulized atoms: 1 5 7 19 21
[11:41:55] DEPRECATION WARNING: please use MorganGenerator
[11:41:55] DEPRECATION WARNING: please use MorganGenerator
[11:41:55] DEPRECATION WARNING: please use MorganGenerator
[11:41:55] DEPRECATION WARNING: please use MorganGenerator
[11:41:55] DEPRECATION WARNING: please use MorganGenerator
[11:41:55] DEPRECATION WARNING: please use MorganGenerator
[11:41:55] DEPRECATION WARNING: please use MorganGenerator
[11:41:55] DEPRECATION WARNING: please use MorganGenerator
[11:41:55] DEPRECATION WARNING: please use MorganGenerator
[11:41:55] DEPRECATION WARNING: please use MorganGenerator
[11:41:55] DEPRECATION WARNING: please use MorganGenerator
[11:41:55] DEPRECATION WARNING: please use MorganGenerator
[11:41:55] DEPRECATION WARNING: please use MorganGenerator
[11:41:55] DEPRECATION WARNING: please use MorganGenerator
[11:41:55] DEPRECATION WARNING: please use MorganGenerator
[11:41:55] DEPRECATION WARNING: please use MorganGenerator
[11:41:55] DEPRECATION WARNING: please use MorganGenerator
[11:41:55] DEPRECATION WARNING: please use MorganGenerator
[11:41:55] DEPRECATION WARNING: please use MorganGenerator
[11:41:55] DEPRECATION WARNING: please use MorganGenerator
[11:41:55] DEPRECATION WARNING: please use MorganGenerator
[11:41:55] DEPRECATION WARNING: please use MorganGenerator
[11:41:55] DEPRECATION WARNING: please use MorganGenerator
[11:41:55] DEPRECATION WARNING: please use MorganGenerator
[11:41:55] DEPRECATION WARNING: please use MorganGenerator
[11:41:55] DEPRECATION WARNING: please use MorganGenerator
[11:41:55] DEPRECATION WARNING: please use MorganGenerator
[11:41:55] DEPRECATION WARNING: please use MorganGenerator
[11:41:55] DEPRECATION WARNING: please use MorganGenerator
[11:41:55] DEPRECATION WARNING: please use MorganGenerator
[11:41:55] DEPRECATION WARNING: please use MorganGenerator
[11:41:55] DEPRECATION WARNING: please use MorganGenerator
[11:41:55] DEPRECATION WARNING: please use MorganGenerator
[11:41:55] DEPRECATION WARNING: please use MorganGenerator
[11:41:55] DEPRECATION WARNING: please use MorganGenerator
[11:41:55] DEPRECATION WARNING: please use MorganGenerator
[11:41:55] DEPRECATION WARNING: please use MorganGenerator
[11:41:55] DEPRECATION WARNING: please use MorganGenerator
[11:41:55] DEPRECATION WARNING: please use MorganGenerator
[11:41:55] DEPRECATION WARNING: please use MorganGenerator
[11:41:55] DEPRECATION WARNING: please use MorganGenerator
[11:41:55] DEPRECATION WARNING: please use MorganGenerator
[11:41:55] DEPRECATION WARNING: please use MorganGenerator
[11:41:55] DEPRECATION WARNING: please use MorganGenerator
[11:41:55] DEPRECATION WARNING: please use MorganGenerator
[11:41:55] DEPRECATION WARNING: please use MorganGenerator
[11:41:55] DEPRECATION WARNING: please use MorganGenerator
[11:41:55] DEPRECATION WARNING: please use MorganGenerator
[11:41:55] DEPRECATION WARNING: please use MorganGenerator
[11:41:55] DEPRECATION WARNING: please use MorganGenerator
[11:41:55] DEPRECATION WARNING: please use MorganGenerator
[11:41:55] DEPRECATION WARNING: please use MorganGenerator
[11:41:55] DEPRECATION WARNING: please use MorganGenerator
[11:41:55] DEPRECATION WARNING: please use MorganGenerator
[11:41:55] DEPRECATION WARNING: please use MorganGenerator
[11:41:55] DEPRECATION WARNING: please use MorganGenerator
[11:41:55] DEPRECATION WARNING: please use MorganGenerator
[11:41:55] DEPRECATION WARNING: please use MorganGenerator
[11:41:55] DEPRECATION WARNING: please use MorganGenerator
[11:41:55] DEPRECATION WARNING: please use MorganGenerator
[11:41:55] DEPRECATION WARNING: please use MorganGenerator
[11:41:55] DEPRECATION WARNING: please use MorganGenerator
[11:41:55] DEPRECATION WARNING: please use MorganGenerator
[11:41:55] DEPRECATION WARNING: please use MorganGenerator
[11:41:55] DEPRECATION WARNING: please use MorganGenerator
[11:41:55] DEPRECATION WARNING: please use MorganGenerator
[11:41:55] DEPRECATION WARNING: please use MorganGenerator
[11:41:55] DEPRECATION WARNING: please use MorganGenerator
[11:41:55] DEPRECATION WARNING: please use MorganGenerator
[11:41:55] DEPRECATION WARNING: please use MorganGenerator
[11:41:55] DEPRECATION WARNING: please use MorganGenerator
[11:41:55] DEPRECATION WARNING: please use MorganGenerator
[11:41:55] DEPRECATION WARNING: please use MorganGenerator
[11:41:55] DEPRECATION WARNING: please use MorganGenerator
[11:41:55] DEPRECATION WARNING: please use MorganGenerator
[11:41:55] DEPRECATION WARNING: please use MorganGenerator
[11:41:55] DEPRECATION WARNING: please use MorganGenerator
[11:41:55] DEPRECATION WARNING: please use MorganGenerator
[11:41:55] DEPRECATION WARNING: please use MorganGenerator
[11:41:55] DEPRECATION WARNING: please use MorganGenerator
[11:41:55] DEPRECATION WARNING: please use MorganGenerator
[11:41:55] DEPRECATION WARNING: please use MorganGenerator
[11:41:55] DEPRECATION WARNING: please use MorganGenerator
[11:41:55] DEPRECATION WARNING: please use MorganGenerator
[11:41:55] DEPRECATION WARNING: please use MorganGenerator
[11:41:55] DEPRECATION WARNING: please use MorganGenerator
[11:41:55] DEPRECATION WARNING: please use MorganGenerator
[11:41:55] DEPRECATION WARNING: please use MorganGenerator
[11:41:55] DEPRECATION WARNING: please use MorganGenerator
[11:41:55] DEPRECATION WARNING: please use MorganGenerator
[11:41:55] DEPRECATION WARNING: please use MorganGenerator
[11:41:55] DEPRECATION WARNING: please use MorganGenerator
[11:41:55] DEPRECATION WARNING: please use MorganGenerator
[11:41:55] DEPRECATION WARNING: please use MorganGenerator
[11:41:55] DEPRECATION WARNING: please use MorganGenerator
[11:41:55] DEPRECATION WARNING: please use MorganGenerator
[11:41:55] DEPRECATION WARNING: please use MorganGenerator
[11:41:55] DEPRECATION WARNING: please use MorganGenerator
[11:41:55] DEPRECATION WARNING: please use MorganGenerator
[11:41:55] DEPRECATION WARNING: please use MorganGenerator
[11:41:55] DEPRECATION WARNING: please use MorganGenerator
[11:41:55] DEPRECATION WARNING: please use MorganGenerator
MaxMin selection:  68%|██████▊   | 68/100 [00:02<00:01, 30.26it/s][11:41:55] Explicit valence for atom # 30 O, 3, is greater than permitted
[11:41:55] ERROR: Could not sanitize molecule ending on line 75
[11:41:55] ERROR: Explicit valence for atom # 30 O, 3, is greater than permitted
[11:41:55] Explicit valence for atom # 9 N, 4, is greater than permitted
[11:41:55] ERROR: Could not sanitize molecule ending on line 84
[11:41:55] ERROR: Explicit valence for atom # 9 N, 4, is greater than permitted
[11:41:55] Explicit valence for atom # 36 C, 5, is greater than permitted
[11:41:55] ERROR: Could not sanitize molecule ending on line 90
[11:41:55] ERROR: Explicit valence for atom # 36 C, 5, is greater than permitted
[11:41:55] Explicit valence for atom # 13 C, 5, is greater than permitted
[11:41:55] ERROR: Could not sanitize molecule ending on line 71
[11:41:55] ERROR: Explicit valence for atom # 13 C, 5, is greater than permitted
[11:41:55] Explicit valence for atom # 4 O, 3, is greater than permitted
[11:41:55] ERROR: Could not sanitize molecule ending on line 139
[11:41:55] ERROR: Explicit valence for atom # 4 O, 3, is greater than permitted
[11:41:55] Can't kekulize mol.  Unkekulized atoms: 0 11 12 21 31
[11:41:55] ERROR: Could not sanitize molecule ending on line 77
[11:41:55] ERROR: Can't kekulize mol.  Unkekulized atoms: 0 11 12 21 31
[11:41:55] Can't kekulize mol.  Unkekulized atoms: 1 5 6 8 14 18 20 21 25 26 33
[11:41:55] ERROR: Could not sanitize molecule ending on line 79
[11:41:55] ERROR: Can't kekulize mol.  Unkekulized atoms: 1 5 6 8 14 18 20 21 25 26 33
[11:41:55] Can't kekulize mol.  Unkekulized atoms: 1 3 5 34 36
[11:41:55] ERROR: Could not sanitize molecule ending on line 81
[11:41:55] ERROR: Can't kekulize mol.  Unkekulized atoms: 1 3 5 34 36
[11:41:55] Explicit valence for atom # 12 C, 5, is greater than permitted
[11:41:55] ERROR: Could not sanitize molecule ending on line 110
[11:41:55] ERROR: Explicit valence for atom # 12 C, 5, is greater than permitted
[11:41:55] Explicit valence for atom # 19 N, 4, is greater than permitted
[11:41:55] ERROR: Could not sanitize molecule ending on line 76
[11:41:55] ERROR: Explicit valence for atom # 19 N, 4, is greater than permitted
[11:41:55] Can't kekulize mol.  Unkekulized atoms: 3 6 11 13 30
[11:41:55] ERROR: Could not sanitize molecule ending on line 106
[11:41:55] ERROR: Can't kekulize mol.  Unkekulized atoms: 3 6 11 13 30
[11:41:55] DEPRECATION WARNING: please use MorganGenerator
[11:41:55] DEPRECATION WARNING: please use MorganGenerator
[11:41:55] DEPRECATION WARNING: please use MorganGenerator
[11:41:55] DEPRECATION WARNING: please use MorganGenerator
[11:41:55] DEPRECATION WARNING: please use MorganGenerator
[11:41:55] DEPRECATION WARNING: please use MorganGenerator
[11:41:55] DEPRECATION WARNING: please use MorganGenerator
[11:41:55] DEPRECATION WARNING: please use MorganGenerator
[11:41:55] DEPRECATION WARNING: please use MorganGenerator
[11:41:55] DEPRECATION WARNING: please use MorganGenerator
[11:41:55] DEPRECATION WARNING: please use MorganGenerator
[11:41:55] DEPRECATION WARNING: please use MorganGenerator
[11:41:55] DEPRECATION WARNING: please use MorganGenerator
[11:41:55] DEPRECATION WARNING: please use MorganGenerator
[11:41:55] DEPRECATION WARNING: please use MorganGenerator
[11:41:55] DEPRECATION WARNING: please use MorganGenerator
[11:41:55] DEPRECATION WARNING: please use MorganGenerator
[11:41:55] DEPRECATION WARNING: please use MorganGenerator
[11:41:55] DEPRECATION WARNING: please use MorganGenerator
[11:41:55] DEPRECATION WARNING: please use MorganGenerator
[11:41:55] DEPRECATION WARNING: please use MorganGenerator
[11:41:55] DEPRECATION WARNING: please use MorganGenerator
[11:41:55] DEPRECATION WARNING: please use MorganGenerator
[11:41:55] DEPRECATION WARNING: please use MorganGenerator
[11:41:55] DEPRECATION WARNING: please use MorganGenerator
[11:41:55] DEPRECATION WARNING: please use MorganGenerator
[11:41:55] DEPRECATION WARNING: please use MorganGenerator
[11:41:55] DEPRECATION WARNING: please use MorganGenerator
[11:41:55] DEPRECATION WARNING: please use MorganGenerator
[11:41:55] DEPRECATION WARNING: please use MorganGenerator
[11:41:55] DEPRECATION WARNING: please use MorganGenerator
[11:41:55] DEPRECATION WARNING: please use MorganGenerator
[11:41:55] DEPRECATION WARNING: please use MorganGenerator
[11:41:55] DEPRECATION WARNING: please use MorganGenerator
[11:41:55] DEPRECATION WARNING: please use MorganGenerator
[11:41:55] DEPRECATION WARNING: please use MorganGenerator
[11:41:55] DEPRECATION WARNING: please use MorganGenerator
[11:41:55] DEPRECATION WARNING: please use MorganGenerator
[11:41:55] DEPRECATION WARNING: please use MorganGenerator
[11:41:55] DEPRECATION WARNING: please use MorganGenerator
[11:41:55] DEPRECATION WARNING: please use MorganGenerator
[11:41:55] DEPRECATION WARNING: please use MorganGenerator
[11:41:55] DEPRECATION WARNING: please use MorganGenerator
[11:41:55] DEPRECATION WARNING: please use MorganGenerator
[11:41:55] DEPRECATION WARNING: please use MorganGenerator
[11:41:55] DEPRECATION WARNING: please use MorganGenerator
[11:41:55] DEPRECATION WARNING: please use MorganGenerator
[11:41:55] DEPRECATION WARNING: please use MorganGenerator
[11:41:55] DEPRECATION WARNING: please use MorganGenerator
[11:41:55] DEPRECATION WARNING: please use MorganGenerator
[11:41:55] DEPRECATION WARNING: please use MorganGenerator
[11:41:55] DEPRECATION WARNING: please use MorganGenerator
[11:41:55] DEPRECATION WARNING: please use MorganGenerator
[11:41:55] DEPRECATION WARNING: please use MorganGenerator
[11:41:55] DEPRECATION WARNING: please use MorganGenerator
[11:41:55] DEPRECATION WARNING: please use MorganGenerator
[11:41:55] DEPRECATION WARNING: please use MorganGenerator
[11:41:55] DEPRECATION WARNING: please use MorganGenerator
[11:41:55] DEPRECATION WARNING: please use MorganGenerator
[11:41:55] DEPRECATION WARNING: please use MorganGenerator
[11:41:55] DEPRECATION WARNING: please use MorganGenerator
[11:41:55] DEPRECATION WARNING: please use MorganGenerator
[11:41:55] DEPRECATION WARNING: please use MorganGenerator
[11:41:55] DEPRECATION WARNING: please use MorganGenerator
[11:41:55] DEPRECATION WARNING: please use MorganGenerator
[11:41:55] DEPRECATION WARNING: please use MorganGenerator
[11:41:55] DEPRECATION WARNING: please use MorganGenerator
[11:41:55] DEPRECATION WARNING: please use MorganGenerator
[11:41:55] DEPRECATION WARNING: please use MorganGenerator
[11:41:55] DEPRECATION WARNING: please use MorganGenerator
[11:41:55] DEPRECATION WARNING: please use MorganGenerator
[11:41:55] DEPRECATION WARNING: please use MorganGenerator
[11:41:55] DEPRECATION WARNING: please use MorganGenerator
[11:41:55] DEPRECATION WARNING: please use MorganGenerator
[11:41:55] DEPRECATION WARNING: please use MorganGenerator
[11:41:55] DEPRECATION WARNING: please use MorganGenerator
[11:41:55] DEPRECATION WARNING: please use MorganGenerator
[11:41:55] DEPRECATION WARNING: please use MorganGenerator
[11:41:55] DEPRECATION WARNING: please use MorganGenerator
[11:41:55] DEPRECATION WARNING: please use MorganGenerator
[11:41:55] DEPRECATION WARNING: please use MorganGenerator
[11:41:55] DEPRECATION WARNING: please use MorganGenerator
[11:41:55] DEPRECATION WARNING: please use MorganGenerator
[11:41:55] DEPRECATION WARNING: please use MorganGenerator
[11:41:55] DEPRECATION WARNING: please use MorganGenerator
[11:41:55] DEPRECATION WARNING: please use MorganGenerator
[11:41:55] DEPRECATION WARNING: please use MorganGenerator
[11:41:55] DEPRECATION WARNING: please use MorganGenerator
[11:41:55] Can't kekulize mol.  Unkekulized atoms: 1 7 11 20 22
[11:41:55] ERROR: Could not sanitize molecule ending on line 54
[11:41:55] ERROR: Can't kekulize mol.  Unkekulized atoms: 1 7 11 20 22
[11:41:55] Can't kekulize mol.  Unkekulized atoms: 2 4 7 10 11 13 15 16 17 18 20 23 24 25 26 29 30 31 35 39 40
[11:41:55] ERROR: Could not sanitize molecule ending on line 93
[11:41:55] ERROR: Can't kekulize mol.  Unkekulized atoms: 2 4 7 10 11 13 15 16 17 18 20 23 24 25 26 29 30 31 35 39 40
[11:41:55] Can't kekulize mol.  Unkekulized atoms: 4 12 22
[11:41:55] ERROR: Could not sanitize molecule ending on line 89
[11:41:55] ERROR: Can't kekulize mol.  Unkekulized atoms: 4 12 22
[11:41:55] Can't kekulize mol.  Unkekulized atoms: 0 2 6 9 10 11 14 21 31
[11:41:55] ERROR: Could not sanitize molecule ending on line 88
[11:41:55] ERROR: Can't kekulize mol.  Unkekulized atoms: 0 2 6 9 10 11 14 21 31
[11:41:55] Can't kekulize mol.  Unkekulized atoms: 3 4 12 13 20
[11:41:55] ERROR: Could not sanitize molecule ending on line 64
[11:41:55] ERROR: Can't kekulize mol.  Unkekulized atoms: 3 4 12 13 20
[11:41:55] Can't kekulize mol.  Unkekulized atoms: 0 6 8 18 24
[11:41:55] ERROR: Could not sanitize molecule ending on line 64
[11:41:55] ERROR: Can't kekulize mol.  Unkekulized atoms: 0 6 8 18 24
[11:41:55] Can't kekulize mol.  Unkekulized atoms: 0 2 4 6 10 13 14 15 17 18 20
[11:41:55] ERROR: Could not sanitize molecule ending on line 53
[11:41:55] ERROR: Can't kekulize mol.  Unkekulized atoms: 0 2 4 6 10 13 14 15 17 18 20
[11:41:55] Can't kekulize mol.  Unkekulized atoms: 1 3 6 7 8 9 11 12 14 16 18 19 20
[11:41:55] ERROR: Could not sanitize molecule ending on line 52
[11:41:55] ERROR: Can't kekulize mol.  Unkekulized atoms: 1 3 6 7 8 9 11 12 14 16 18 19 20
[11:41:55] Can't kekulize mol.  Unkekulized atoms: 2 16 22
[11:41:55] ERROR: Could not sanitize molecule ending on line 53
[11:41:55] ERROR: Can't kekulize mol.  Unkekulized atoms: 2 16 22
[11:41:55] Can't kekulize mol.  Unkekulized atoms: 0 10 16 18 23
[11:41:55] ERROR: Could not sanitize molecule ending on line 55
[11:41:55] ERROR: Can't kekulize mol.  Unkekulized atoms: 0 10 16 18 23
[11:41:55] DEPRECATION WARNING: please use MorganGenerator
[11:41:55] DEPRECATION WARNING: please use MorganGenerator
[11:41:55] DEPRECATION WARNING: please use MorganGenerator
[11:41:55] DEPRECATION WARNING: please use MorganGenerator
[11:41:55] DEPRECATION WARNING: please use MorganGenerator
[11:41:55] DEPRECATION WARNING: please use MorganGenerator
[11:41:55] DEPRECATION WARNING: please use MorganGenerator
[11:41:55] DEPRECATION WARNING: please use MorganGenerator
[11:41:55] DEPRECATION WARNING: please use MorganGenerator
[11:41:55] DEPRECATION WARNING: please use MorganGenerator
[11:41:55] DEPRECATION WARNING: please use MorganGenerator
[11:41:55] DEPRECATION WARNING: please use MorganGenerator
[11:41:55] DEPRECATION WARNING: please use MorganGenerator
[11:41:55] DEPRECATION WARNING: please use MorganGenerator
[11:41:55] DEPRECATION WARNING: please use MorganGenerator
[11:41:55] DEPRECATION WARNING: please use MorganGenerator
[11:41:55] DEPRECATION WARNING: please use MorganGenerator
[11:41:55] DEPRECATION WARNING: please use MorganGenerator
[11:41:55] DEPRECATION WARNING: please use MorganGenerator
[11:41:55] DEPRECATION WARNING: please use MorganGenerator
[11:41:55] DEPRECATION WARNING: please use MorganGenerator
[11:41:55] DEPRECATION WARNING: please use MorganGenerator
[11:41:55] DEPRECATION WARNING: please use MorganGenerator
[11:41:55] DEPRECATION WARNING: please use MorganGenerator
[11:41:55] DEPRECATION WARNING: please use MorganGenerator
[11:41:55] DEPRECATION WARNING: please use MorganGenerator
[11:41:55] DEPRECATION WARNING: please use MorganGenerator
[11:41:55] DEPRECATION WARNING: please use MorganGenerator
[11:41:55] DEPRECATION WARNING: please use MorganGenerator
[11:41:55] DEPRECATION WARNING: please use MorganGenerator
[11:41:55] DEPRECATION WARNING: please use MorganGenerator
[11:41:55] DEPRECATION WARNING: please use MorganGenerator
[11:41:55] DEPRECATION WARNING: please use MorganGenerator
[11:41:55] DEPRECATION WARNING: please use MorganGenerator
[11:41:55] DEPRECATION WARNING: please use MorganGenerator
[11:41:55] DEPRECATION WARNING: please use MorganGenerator
[11:41:55] DEPRECATION WARNING: please use MorganGenerator
[11:41:55] DEPRECATION WARNING: please use MorganGenerator
[11:41:55] DEPRECATION WARNING: please use MorganGenerator
[11:41:55] DEPRECATION WARNING: please use MorganGenerator
[11:41:55] DEPRECATION WARNING: please use MorganGenerator
[11:41:55] DEPRECATION WARNING: please use MorganGenerator
[11:41:55] DEPRECATION WARNING: please use MorganGenerator
[11:41:55] DEPRECATION WARNING: please use MorganGenerator
[11:41:55] DEPRECATION WARNING: please use MorganGenerator
[11:41:55] DEPRECATION WARNING: please use MorganGenerator
[11:41:55] DEPRECATION WARNING: please use MorganGenerator
[11:41:55] DEPRECATION WARNING: please use MorganGenerator
[11:41:55] DEPRECATION WARNING: please use MorganGenerator
[11:41:55] DEPRECATION WARNING: please use MorganGenerator
[11:41:55] DEPRECATION WARNING: please use MorganGenerator
[11:41:55] DEPRECATION WARNING: please use MorganGenerator
[11:41:55] DEPRECATION WARNING: please use MorganGenerator
[11:41:55] DEPRECATION WARNING: please use MorganGenerator
[11:41:55] DEPRECATION WARNING: please use MorganGenerator
[11:41:55] DEPRECATION WARNING: please use MorganGenerator
[11:41:55] DEPRECATION WARNING: please use MorganGenerator
[11:41:55] DEPRECATION WARNING: please use MorganGenerator
[11:41:55] DEPRECATION WARNING: please use MorganGenerator
[11:41:55] DEPRECATION WARNING: please use MorganGenerator
[11:41:55] DEPRECATION WARNING: please use MorganGenerator
[11:41:55] DEPRECATION WARNING: please use MorganGenerator
[11:41:55] DEPRECATION WARNING: please use MorganGenerator
[11:41:55] DEPRECATION WARNING: please use MorganGenerator
[11:41:55] DEPRECATION WARNING: please use MorganGenerator
[11:41:55] DEPRECATION WARNING: please use MorganGenerator
[11:41:55] DEPRECATION WARNING: please use MorganGenerator
[11:41:55] DEPRECATION WARNING: please use MorganGenerator
[11:41:55] DEPRECATION WARNING: please use MorganGenerator
[11:41:55] DEPRECATION WARNING: please use MorganGenerator
[11:41:55] DEPRECATION WARNING: please use MorganGenerator
[11:41:55] DEPRECATION WARNING: please use MorganGenerator
[11:41:55] DEPRECATION WARNING: please use MorganGenerator
[11:41:55] DEPRECATION WARNING: please use MorganGenerator
[11:41:55] DEPRECATION WARNING: please use MorganGenerator
[11:41:55] DEPRECATION WARNING: please use MorganGenerator
[11:41:55] DEPRECATION WARNING: please use MorganGenerator
[11:41:55] DEPRECATION WARNING: please use MorganGenerator
[11:41:55] DEPRECATION WARNING: please use MorganGenerator
[11:41:55] DEPRECATION WARNING: please use MorganGenerator
[11:41:55] DEPRECATION WARNING: please use MorganGenerator
[11:41:55] DEPRECATION WARNING: please use MorganGenerator
[11:41:55] DEPRECATION WARNING: please use MorganGenerator
[11:41:55] DEPRECATION WARNING: please use MorganGenerator
[11:41:55] DEPRECATION WARNING: please use MorganGenerator
[11:41:55] DEPRECATION WARNING: please use MorganGenerator
[11:41:55] DEPRECATION WARNING: please use MorganGenerator
[11:41:55] DEPRECATION WARNING: please use MorganGenerator
[11:41:55] DEPRECATION WARNING: please use MorganGenerator
[11:41:55] DEPRECATION WARNING: please use MorganGenerator
[11:41:55] Can't kekulize mol.  Unkekulized atoms: 0 1 2 3 5 6 7 8 9 12 14 16 17 18 19 20 21
[11:41:55] ERROR: Could not sanitize molecule ending on line 54
[11:41:55] ERROR: Can't kekulize mol.  Unkekulized atoms: 0 1 2 3 5 6 7 8 9 12 14 16 17 18 19 20 21
[11:41:55] Explicit valence for atom # 10 O, 3, is greater than permitted
[11:41:55] ERROR: Could not sanitize molecule ending on line 31
[11:41:55] ERROR: Explicit valence for atom # 10 O, 3, is greater than permitted
[11:41:55] Can't kekulize mol.  Unkekulized atoms: 0 4 6 7 8 9 11 12 13 16 18 19 20 21 22 23
[11:41:55] ERROR: Could not sanitize molecule ending on line 59
[11:41:55] ERROR: Can't kekulize mol.  Unkekulized atoms: 0 4 6 7 8 9 11 12 13 16 18 19 20 21 22 23
[11:41:55] Can't kekulize mol.  Unkekulized atoms: 3 7 9 10 11 14 17 18 22
[11:41:55] ERROR: Could not sanitize molecule ending on line 55
[11:41:55] ERROR: Can't kekulize mol.  Unkekulized atoms: 3 7 9 10 11 14 17 18 22
[11:41:55] Can't kekulize mol.  Unkekulized atoms: 1 2 3 14 15 16 18 19 21 23 24
[11:41:55] ERROR: Could not sanitize molecule ending on line 60
[11:41:55] ERROR: Can't kekulize mol.  Unkekulized atoms: 1 2 3 14 15 16 18 19 21 23 24
[11:41:55] DEPRECATION WARNING: please use MorganGenerator
[11:41:55] DEPRECATION WARNING: please use MorganGenerator
[11:41:55] DEPRECATION WARNING: please use MorganGenerator
[11:41:55] DEPRECATION WARNING: please use MorganGenerator
[11:41:55] DEPRECATION WARNING: please use MorganGenerator
[11:41:55] DEPRECATION WARNING: please use MorganGenerator
[11:41:55] DEPRECATION WARNING: please use MorganGenerator
[11:41:55] DEPRECATION WARNING: please use MorganGenerator
[11:41:55] DEPRECATION WARNING: please use MorganGenerator
[11:41:55] DEPRECATION WARNING: please use MorganGenerator
[11:41:55] DEPRECATION WARNING: please use MorganGenerator
[11:41:55] DEPRECATION WARNING: please use MorganGenerator
[11:41:55] DEPRECATION WARNING: please use MorganGenerator
[11:41:55] DEPRECATION WARNING: please use MorganGenerator
[11:41:55] DEPRECATION WARNING: please use MorganGenerator
[11:41:55] DEPRECATION WARNING: please use MorganGenerator
[11:41:55] DEPRECATION WARNING: please use MorganGenerator
[11:41:55] DEPRECATION WARNING: please use MorganGenerator
[11:41:55] DEPRECATION WARNING: please use MorganGenerator
[11:41:55] DEPRECATION WARNING: please use MorganGenerator
[11:41:55] DEPRECATION WARNING: please use MorganGenerator
[11:41:55] DEPRECATION WARNING: please use MorganGenerator
[11:41:55] DEPRECATION WARNING: please use MorganGenerator
[11:41:55] DEPRECATION WARNING: please use MorganGenerator
[11:41:55] DEPRECATION WARNING: please use MorganGenerator
[11:41:55] DEPRECATION WARNING: please use MorganGenerator
[11:41:55] DEPRECATION WARNING: please use MorganGenerator
[11:41:55] DEPRECATION WARNING: please use MorganGenerator
[11:41:55] DEPRECATION WARNING: please use MorganGenerator
[11:41:55] DEPRECATION WARNING: please use MorganGenerator
[11:41:55] DEPRECATION WARNING: please use MorganGenerator
[11:41:55] DEPRECATION WARNING: please use MorganGenerator
[11:41:55] DEPRECATION WARNING: please use MorganGenerator
[11:41:55] DEPRECATION WARNING: please use MorganGenerator
[11:41:55] DEPRECATION WARNING: please use MorganGenerator
[11:41:55] DEPRECATION WARNING: please use MorganGenerator
[11:41:55] DEPRECATION WARNING: please use MorganGenerator
[11:41:55] DEPRECATION WARNING: please use MorganGenerator
[11:41:55] DEPRECATION WARNING: please use MorganGenerator
[11:41:55] DEPRECATION WARNING: please use MorganGenerator
[11:41:55] DEPRECATION WARNING: please use MorganGenerator
[11:41:55] DEPRECATION WARNING: please use MorganGenerator
[11:41:55] DEPRECATION WARNING: please use MorganGenerator
[11:41:55] DEPRECATION WARNING: please use MorganGenerator
[11:41:55] DEPRECATION WARNING: please use MorganGenerator
[11:41:55] DEPRECATION WARNING: please use MorganGenerator
[11:41:55] DEPRECATION WARNING: please use MorganGenerator
[11:41:55] DEPRECATION WARNING: please use MorganGenerator
[11:41:55] DEPRECATION WARNING: please use MorganGenerator
[11:41:55] DEPRECATION WARNING: please use MorganGenerator
[11:41:55] DEPRECATION WARNING: please use MorganGenerator
[11:41:55] DEPRECATION WARNING: please use MorganGenerator
[11:41:55] DEPRECATION WARNING: please use MorganGenerator
[11:41:55] DEPRECATION WARNING: please use MorganGenerator
[11:41:55] DEPRECATION WARNING: please use MorganGenerator
[11:41:55] DEPRECATION WARNING: please use MorganGenerator
[11:41:55] DEPRECATION WARNING: please use MorganGenerator
[11:41:55] DEPRECATION WARNING: please use MorganGenerator
[11:41:55] DEPRECATION WARNING: please use MorganGenerator
[11:41:55] DEPRECATION WARNING: please use MorganGenerator
[11:41:55] DEPRECATION WARNING: please use MorganGenerator
[11:41:55] DEPRECATION WARNING: please use MorganGenerator
[11:41:55] DEPRECATION WARNING: please use MorganGenerator
[11:41:55] DEPRECATION WARNING: please use MorganGenerator
[11:41:55] DEPRECATION WARNING: please use MorganGenerator
[11:41:55] DEPRECATION WARNING: please use MorganGenerator
[11:41:55] DEPRECATION WARNING: please use MorganGenerator
[11:41:55] DEPRECATION WARNING: please use MorganGenerator
[11:41:55] DEPRECATION WARNING: please use MorganGenerator
[11:41:55] DEPRECATION WARNING: please use MorganGenerator
[11:41:55] DEPRECATION WARNING: please use MorganGenerator
[11:41:55] DEPRECATION WARNING: please use MorganGenerator
[11:41:55] DEPRECATION WARNING: please use MorganGenerator
[11:41:55] DEPRECATION WARNING: please use MorganGenerator
[11:41:55] DEPRECATION WARNING: please use MorganGenerator
[11:41:55] DEPRECATION WARNING: please use MorganGenerator
[11:41:55] DEPRECATION WARNING: please use MorganGenerator
[11:41:55] DEPRECATION WARNING: please use MorganGenerator
[11:41:55] DEPRECATION WARNING: please use MorganGenerator
[11:41:55] DEPRECATION WARNING: please use MorganGenerator
[11:41:55] DEPRECATION WARNING: please use MorganGenerator
[11:41:55] DEPRECATION WARNING: please use MorganGenerator
[11:41:55] DEPRECATION WARNING: please use MorganGenerator
[11:41:55] DEPRECATION WARNING: please use MorganGenerator
[11:41:55] DEPRECATION WARNING: please use MorganGenerator
[11:41:55] DEPRECATION WARNING: please use MorganGenerator
[11:41:55] DEPRECATION WARNING: please use MorganGenerator
[11:41:55] DEPRECATION WARNING: please use MorganGenerator
[11:41:55] DEPRECATION WARNING: please use MorganGenerator
[11:41:55] DEPRECATION WARNING: please use MorganGenerator
[11:41:55] DEPRECATION WARNING: please use MorganGenerator
[11:41:55] DEPRECATION WARNING: please use MorganGenerator
[11:41:55] DEPRECATION WARNING: please use MorganGenerator
[11:41:55] DEPRECATION WARNING: please use MorganGenerator
[11:41:55] DEPRECATION WARNING: please use MorganGenerator
[11:41:55] DEPRECATION WARNING: please use MorganGenerator
[11:41:55] DEPRECATION WARNING: please use MorganGenerator
[11:41:55] DEPRECATION WARNING: please use MorganGenerator
[11:41:55] DEPRECATION WARNING: please use MorganGenerator
[11:41:55] DEPRECATION WARNING: please use MorganGenerator
[11:41:55] Can't kekulize mol.  Unkekulized atoms: 2 3 5 7 9 14 15 16 24 25 26
[11:41:55] ERROR: Could not sanitize molecule ending on line 63
[11:41:55] ERROR: Can't kekulize mol.  Unkekulized atoms: 2 3 5 7 9 14 15 16 24 25 26
[11:41:55] Can't kekulize mol.  Unkekulized atoms: 12 17 19 21 23
[11:41:55] ERROR: Could not sanitize molecule ending on line 58
[11:41:55] ERROR: Can't kekulize mol.  Unkekulized atoms: 12 17 19 21 23
[11:41:55] Explicit valence for atom # 4 C, 5, is greater than permitted
[11:41:55] ERROR: Could not sanitize molecule ending on line 67
[11:41:55] ERROR: Explicit valence for atom # 4 C, 5, is greater than permitted
[11:41:55] Can't kekulize mol.  Unkekulized atoms: 0 2 3 6 7 8 13 14 17
[11:41:55] ERROR: Could not sanitize molecule ending on line 44
[11:41:55] ERROR: Can't kekulize mol.  Unkekulized atoms: 0 2 3 6 7 8 13 14 17
[11:41:55] Can't kekulize mol.  Unkekulized atoms: 2 5 7 11 12 13 15 21 22
[11:41:55] ERROR: Could not sanitize molecule ending on line 56
[11:41:55] ERROR: Can't kekulize mol.  Unkekulized atoms: 2 5 7 11 12 13 15 21 22
[11:41:55] Can't kekulize mol.  Unkekulized atoms: 7 12 15 18 19 21 22
[11:41:55] ERROR: Could not sanitize molecule ending on line 62
[11:41:55] ERROR: Can't kekulize mol.  Unkekulized atoms: 7 12 15 18 19 21 22
[11:41:55] Explicit valence for atom # 14 Cl, 2, is greater than permitted
[11:41:55] ERROR: Could not sanitize molecule ending on line 41
[11:41:55] ERROR: Explicit valence for atom # 14 Cl, 2, is greater than permitted
[11:41:55] Can't kekulize mol.  Unkekulized atoms: 2 9 13 18 32
[11:41:55] ERROR: Could not sanitize molecule ending on line 84
[11:41:55] ERROR: Can't kekulize mol.  Unkekulized atoms: 2 9 13 18 32
[11:41:55] DEPRECATION WARNING: please use MorganGenerator
[11:41:55] DEPRECATION WARNING: please use MorganGenerator
[11:41:55] DEPRECATION WARNING: please use MorganGenerator
[11:41:55] DEPRECATION WARNING: please use MorganGenerator
[11:41:55] DEPRECATION WARNING: please use MorganGenerator
[11:41:55] DEPRECATION WARNING: please use MorganGenerator
[11:41:55] DEPRECATION WARNING: please use MorganGenerator
[11:41:55] DEPRECATION WARNING: please use MorganGenerator
[11:41:55] DEPRECATION WARNING: please use MorganGenerator
[11:41:55] DEPRECATION WARNING: please use MorganGenerator
[11:41:55] DEPRECATION WARNING: please use MorganGenerator
[11:41:55] DEPRECATION WARNING: please use MorganGenerator
[11:41:55] DEPRECATION WARNING: please use MorganGenerator
[11:41:55] DEPRECATION WARNING: please use MorganGenerator
[11:41:55] DEPRECATION WARNING: please use MorganGenerator
[11:41:55] DEPRECATION WARNING: please use MorganGenerator
[11:41:55] DEPRECATION WARNING: please use MorganGenerator
[11:41:55] DEPRECATION WARNING: please use MorganGenerator
[11:41:55] DEPRECATION WARNING: please use MorganGenerator
[11:41:55] DEPRECATION WARNING: please use MorganGenerator
[11:41:55] DEPRECATION WARNING: please use MorganGenerator
[11:41:55] DEPRECATION WARNING: please use MorganGenerator
[11:41:55] DEPRECATION WARNING: please use MorganGenerator
[11:41:55] DEPRECATION WARNING: please use MorganGenerator
[11:41:55] DEPRECATION WARNING: please use MorganGenerator
[11:41:55] DEPRECATION WARNING: please use MorganGenerator
[11:41:55] DEPRECATION WARNING: please use MorganGenerator
[11:41:55] DEPRECATION WARNING: please use MorganGenerator
[11:41:55] DEPRECATION WARNING: please use MorganGenerator
[11:41:55] DEPRECATION WARNING: please use MorganGenerator
[11:41:55] DEPRECATION WARNING: please use MorganGenerator
[11:41:55] DEPRECATION WARNING: please use MorganGenerator
[11:41:55] DEPRECATION WARNING: please use MorganGenerator
[11:41:55] DEPRECATION WARNING: please use MorganGenerator
[11:41:55] DEPRECATION WARNING: please use MorganGenerator
[11:41:55] DEPRECATION WARNING: please use MorganGenerator
[11:41:55] DEPRECATION WARNING: please use MorganGenerator
[11:41:55] DEPRECATION WARNING: please use MorganGenerator
[11:41:55] DEPRECATION WARNING: please use MorganGenerator
[11:41:55] DEPRECATION WARNING: please use MorganGenerator
[11:41:55] DEPRECATION WARNING: please use MorganGenerator
[11:41:55] DEPRECATION WARNING: please use MorganGenerator
[11:41:55] DEPRECATION WARNING: please use MorganGenerator
[11:41:55] DEPRECATION WARNING: please use MorganGenerator
[11:41:55] DEPRECATION WARNING: please use MorganGenerator
[11:41:55] DEPRECATION WARNING: please use MorganGenerator
[11:41:55] DEPRECATION WARNING: please use MorganGenerator
[11:41:55] DEPRECATION WARNING: please use MorganGenerator
[11:41:55] DEPRECATION WARNING: please use MorganGenerator
[11:41:55] DEPRECATION WARNING: please use MorganGenerator
[11:41:55] DEPRECATION WARNING: please use MorganGenerator
[11:41:55] DEPRECATION WARNING: please use MorganGenerator
[11:41:55] DEPRECATION WARNING: please use MorganGenerator
[11:41:55] DEPRECATION WARNING: please use MorganGenerator
[11:41:55] DEPRECATION WARNING: please use MorganGenerator
[11:41:55] DEPRECATION WARNING: please use MorganGenerator
[11:41:55] DEPRECATION WARNING: please use MorganGenerator
[11:41:55] DEPRECATION WARNING: please use MorganGenerator
[11:41:55] DEPRECATION WARNING: please use MorganGenerator
[11:41:55] DEPRECATION WARNING: please use MorganGenerator
[11:41:55] DEPRECATION WARNING: please use MorganGenerator
[11:41:55] DEPRECATION WARNING: please use MorganGenerator
[11:41:55] DEPRECATION WARNING: please use MorganGenerator
[11:41:55] DEPRECATION WARNING: please use MorganGenerator
[11:41:55] DEPRECATION WARNING: please use MorganGenerator
[11:41:55] DEPRECATION WARNING: please use MorganGenerator
[11:41:55] DEPRECATION WARNING: please use MorganGenerator
[11:41:55] DEPRECATION WARNING: please use MorganGenerator
[11:41:55] DEPRECATION WARNING: please use MorganGenerator
[11:41:55] DEPRECATION WARNING: please use MorganGenerator
[11:41:55] DEPRECATION WARNING: please use MorganGenerator
[11:41:55] DEPRECATION WARNING: please use MorganGenerator
[11:41:55] DEPRECATION WARNING: please use MorganGenerator
[11:41:55] DEPRECATION WARNING: please use MorganGenerator
[11:41:55] DEPRECATION WARNING: please use MorganGenerator
[11:41:55] DEPRECATION WARNING: please use MorganGenerator
[11:41:55] DEPRECATION WARNING: please use MorganGenerator
[11:41:55] DEPRECATION WARNING: please use MorganGenerator
[11:41:55] DEPRECATION WARNING: please use MorganGenerator
[11:41:55] DEPRECATION WARNING: please use MorganGenerator
[11:41:55] DEPRECATION WARNING: please use MorganGenerator
[11:41:55] DEPRECATION WARNING: please use MorganGenerator
[11:41:55] DEPRECATION WARNING: please use MorganGenerator
[11:41:55] DEPRECATION WARNING: please use MorganGenerator
[11:41:55] DEPRECATION WARNING: please use MorganGenerator
[11:41:55] DEPRECATION WARNING: please use MorganGenerator
[11:41:55] DEPRECATION WARNING: please use MorganGenerator
[11:41:55] DEPRECATION WARNING: please use MorganGenerator
[11:41:55] DEPRECATION WARNING: please use MorganGenerator
[11:41:55] DEPRECATION WARNING: please use MorganGenerator
[11:41:55] DEPRECATION WARNING: please use MorganGenerator
[11:41:55] DEPRECATION WARNING: please use MorganGenerator
[11:41:55] DEPRECATION WARNING: please use MorganGenerator
[11:41:55] DEPRECATION WARNING: please use MorganGenerator
MaxMin selection:  72%|███████▏  | 72/100 [00:02<00:00, 30.05it/s][11:41:55] Can't kekulize mol.  Unkekulized atoms: 4 7 19 22 23
[11:41:55] ERROR: Could not sanitize molecule ending on line 64
[11:41:55] ERROR: Can't kekulize mol.  Unkekulized atoms: 4 7 19 22 23
[11:41:55] Can't kekulize mol.  Unkekulized atoms: 3 10 13 20 21
[11:41:55] ERROR: Could not sanitize molecule ending on line 67
[11:41:55] ERROR: Can't kekulize mol.  Unkekulized atoms: 3 10 13 20 21
[11:41:55] Can't kekulize mol.  Unkekulized atoms: 0 5 11 14 15 17 18 20 21
[11:41:55] ERROR: Could not sanitize molecule ending on line 51
[11:41:55] ERROR: Can't kekulize mol.  Unkekulized atoms: 0 5 11 14 15 17 18 20 21
[11:41:55] Can't kekulize mol.  Unkekulized atoms: 2 3 4
[11:41:55] ERROR: Could not sanitize molecule ending on line 68
[11:41:55] ERROR: Can't kekulize mol.  Unkekulized atoms: 2 3 4
[11:41:55] Can't kekulize mol.  Unkekulized atoms: 6 12 15 17 20
[11:41:55] ERROR: Could not sanitize molecule ending on line 49
[11:41:55] ERROR: Can't kekulize mol.  Unkekulized atoms: 6 12 15 17 20
[11:41:55] Explicit valence for atom # 12 O, 3, is greater than permitted
[11:41:55] ERROR: Could not sanitize molecule ending on line 52
[11:41:55] ERROR: Explicit valence for atom # 12 O, 3, is greater than permitted
[11:41:55] Can't kekulize mol.  Unkekulized atoms: 1 2 3 4 8 11 24
[11:41:55] ERROR: Could not sanitize molecule ending on line 60
[11:41:55] ERROR: Can't kekulize mol.  Unkekulized atoms: 1 2 3 4 8 11 24
[11:41:55] Can't kekulize mol.  Unkekulized atoms: 0 3 4 5 16 23
[11:41:55] ERROR: Could not sanitize molecule ending on line 55
[11:41:55] ERROR: Can't kekulize mol.  Unkekulized atoms: 0 3 4 5 16 23
[11:41:55] Can't kekulize mol.  Unkekulized atoms: 1 2 3 9 11 14 16 17 19 22 23 26 28 32 41
[11:41:55] ERROR: Could not sanitize molecule ending on line 97
[11:41:55] ERROR: Can't kekulize mol.  Unkekulized atoms: 1 2 3 9 11 14 16 17 19 22 23 26 28 32 41
[11:41:55] Explicit valence for atom # 22 Cl, 2, is greater than permitted
[11:41:55] ERROR: Could not sanitize molecule ending on line 62
[11:41:55] ERROR: Explicit valence for atom # 22 Cl, 2, is greater than permitted
[11:41:55] DEPRECATION WARNING: please use MorganGenerator
[11:41:55] DEPRECATION WARNING: please use MorganGenerator
[11:41:55] DEPRECATION WARNING: please use MorganGenerator
[11:41:55] DEPRECATION WARNING: please use MorganGenerator
[11:41:55] DEPRECATION WARNING: please use MorganGenerator
[11:41:55] DEPRECATION WARNING: please use MorganGenerator
[11:41:55] DEPRECATION WARNING: please use MorganGenerator
[11:41:55] DEPRECATION WARNING: please use MorganGenerator
[11:41:55] DEPRECATION WARNING: please use MorganGenerator
[11:41:55] DEPRECATION WARNING: please use MorganGenerator
[11:41:55] DEPRECATION WARNING: please use MorganGenerator
[11:41:55] DEPRECATION WARNING: please use MorganGenerator
[11:41:55] DEPRECATION WARNING: please use MorganGenerator
[11:41:55] DEPRECATION WARNING: please use MorganGenerator
[11:41:55] DEPRECATION WARNING: please use MorganGenerator
[11:41:55] DEPRECATION WARNING: please use MorganGenerator
[11:41:55] DEPRECATION WARNING: please use MorganGenerator
[11:41:55] DEPRECATION WARNING: please use MorganGenerator
[11:41:55] DEPRECATION WARNING: please use MorganGenerator
[11:41:55] DEPRECATION WARNING: please use MorganGenerator
[11:41:55] DEPRECATION WARNING: please use MorganGenerator
[11:41:55] DEPRECATION WARNING: please use MorganGenerator
[11:41:55] DEPRECATION WARNING: please use MorganGenerator
[11:41:55] DEPRECATION WARNING: please use MorganGenerator
[11:41:55] DEPRECATION WARNING: please use MorganGenerator
[11:41:55] DEPRECATION WARNING: please use MorganGenerator
[11:41:55] DEPRECATION WARNING: please use MorganGenerator
[11:41:55] DEPRECATION WARNING: please use MorganGenerator
[11:41:55] DEPRECATION WARNING: please use MorganGenerator
[11:41:55] DEPRECATION WARNING: please use MorganGenerator
[11:41:55] DEPRECATION WARNING: please use MorganGenerator
[11:41:55] DEPRECATION WARNING: please use MorganGenerator
[11:41:55] DEPRECATION WARNING: please use MorganGenerator
[11:41:55] DEPRECATION WARNING: please use MorganGenerator
[11:41:55] DEPRECATION WARNING: please use MorganGenerator
[11:41:55] DEPRECATION WARNING: please use MorganGenerator
[11:41:55] DEPRECATION WARNING: please use MorganGenerator
[11:41:55] DEPRECATION WARNING: please use MorganGenerator
[11:41:55] DEPRECATION WARNING: please use MorganGenerator
[11:41:55] DEPRECATION WARNING: please use MorganGenerator
[11:41:55] DEPRECATION WARNING: please use MorganGenerator
[11:41:55] DEPRECATION WARNING: please use MorganGenerator
[11:41:55] DEPRECATION WARNING: please use MorganGenerator
[11:41:55] DEPRECATION WARNING: please use MorganGenerator
[11:41:55] DEPRECATION WARNING: please use MorganGenerator
[11:41:55] DEPRECATION WARNING: please use MorganGenerator
[11:41:55] DEPRECATION WARNING: please use MorganGenerator
[11:41:55] DEPRECATION WARNING: please use MorganGenerator
[11:41:55] DEPRECATION WARNING: please use MorganGenerator
[11:41:55] DEPRECATION WARNING: please use MorganGenerator
[11:41:55] DEPRECATION WARNING: please use MorganGenerator
[11:41:55] DEPRECATION WARNING: please use MorganGenerator
[11:41:55] DEPRECATION WARNING: please use MorganGenerator
[11:41:55] DEPRECATION WARNING: please use MorganGenerator
[11:41:55] DEPRECATION WARNING: please use MorganGenerator
[11:41:55] DEPRECATION WARNING: please use MorganGenerator
[11:41:55] DEPRECATION WARNING: please use MorganGenerator
[11:41:55] DEPRECATION WARNING: please use MorganGenerator
[11:41:55] DEPRECATION WARNING: please use MorganGenerator
[11:41:55] DEPRECATION WARNING: please use MorganGenerator
[11:41:55] DEPRECATION WARNING: please use MorganGenerator
[11:41:55] DEPRECATION WARNING: please use MorganGenerator
[11:41:55] DEPRECATION WARNING: please use MorganGenerator
[11:41:55] DEPRECATION WARNING: please use MorganGenerator
[11:41:55] DEPRECATION WARNING: please use MorganGenerator
[11:41:55] DEPRECATION WARNING: please use MorganGenerator
[11:41:55] DEPRECATION WARNING: please use MorganGenerator
[11:41:55] DEPRECATION WARNING: please use MorganGenerator
[11:41:55] DEPRECATION WARNING: please use MorganGenerator
[11:41:55] DEPRECATION WARNING: please use MorganGenerator
[11:41:55] DEPRECATION WARNING: please use MorganGenerator
[11:41:55] DEPRECATION WARNING: please use MorganGenerator
[11:41:55] DEPRECATION WARNING: please use MorganGenerator
[11:41:55] DEPRECATION WARNING: please use MorganGenerator
[11:41:55] DEPRECATION WARNING: please use MorganGenerator
[11:41:55] DEPRECATION WARNING: please use MorganGenerator
[11:41:55] DEPRECATION WARNING: please use MorganGenerator
[11:41:55] DEPRECATION WARNING: please use MorganGenerator
[11:41:55] DEPRECATION WARNING: please use MorganGenerator
[11:41:55] DEPRECATION WARNING: please use MorganGenerator
[11:41:55] DEPRECATION WARNING: please use MorganGenerator
[11:41:55] DEPRECATION WARNING: please use MorganGenerator
[11:41:55] DEPRECATION WARNING: please use MorganGenerator
[11:41:55] DEPRECATION WARNING: please use MorganGenerator
[11:41:55] DEPRECATION WARNING: please use MorganGenerator
[11:41:55] DEPRECATION WARNING: please use MorganGenerator
[11:41:55] DEPRECATION WARNING: please use MorganGenerator
[11:41:55] DEPRECATION WARNING: please use MorganGenerator
[11:41:55] DEPRECATION WARNING: please use MorganGenerator
[11:41:55] DEPRECATION WARNING: please use MorganGenerator
[11:41:55] Explicit valence for atom # 5 P, 6, is greater than permitted
[11:41:55] ERROR: Could not sanitize molecule ending on line 39
[11:41:55] ERROR: Explicit valence for atom # 5 P, 6, is greater than permitted
[11:41:55] Explicit valence for atom # 10 C, 5, is greater than permitted
[11:41:55] ERROR: Could not sanitize molecule ending on line 56
[11:41:55] ERROR: Explicit valence for atom # 10 C, 5, is greater than permitted
[11:41:55] Explicit valence for atom # 12 N, 4, is greater than permitted
[11:41:55] ERROR: Could not sanitize molecule ending on line 56
[11:41:55] ERROR: Explicit valence for atom # 12 N, 4, is greater than permitted
[11:41:55] Explicit valence for atom # 0 C, 5, is greater than permitted
[11:41:55] ERROR: Could not sanitize molecule ending on line 54
[11:41:55] ERROR: Explicit valence for atom # 0 C, 5, is greater than permitted
[11:41:55] Explicit valence for atom # 26 C, 5, is greater than permitted
[11:41:55] ERROR: Could not sanitize molecule ending on line 74
[11:41:55] ERROR: Explicit valence for atom # 26 C, 5, is greater than permitted
[11:41:55] Explicit valence for atom # 25 C, 5, is greater than permitted
[11:41:55] ERROR: Could not sanitize molecule ending on line 72
[11:41:55] ERROR: Explicit valence for atom # 25 C, 5, is greater than permitted
[11:41:55] Explicit valence for atom # 13 P, 6, is greater than permitted
[11:41:55] ERROR: Could not sanitize molecule ending on line 37
[11:41:55] ERROR: Explicit valence for atom # 13 P, 6, is greater than permitted
[11:41:55] DEPRECATION WARNING: please use MorganGenerator
[11:41:55] DEPRECATION WARNING: please use MorganGenerator
[11:41:55] DEPRECATION WARNING: please use MorganGenerator
[11:41:55] DEPRECATION WARNING: please use MorganGenerator
[11:41:55] DEPRECATION WARNING: please use MorganGenerator
[11:41:55] DEPRECATION WARNING: please use MorganGenerator
[11:41:55] DEPRECATION WARNING: please use MorganGenerator
[11:41:55] DEPRECATION WARNING: please use MorganGenerator
[11:41:55] DEPRECATION WARNING: please use MorganGenerator
[11:41:55] DEPRECATION WARNING: please use MorganGenerator
[11:41:55] DEPRECATION WARNING: please use MorganGenerator
[11:41:55] DEPRECATION WARNING: please use MorganGenerator
[11:41:55] DEPRECATION WARNING: please use MorganGenerator
[11:41:55] DEPRECATION WARNING: please use MorganGenerator
[11:41:55] DEPRECATION WARNING: please use MorganGenerator
[11:41:55] DEPRECATION WARNING: please use MorganGenerator
[11:41:55] DEPRECATION WARNING: please use MorganGenerator
[11:41:55] DEPRECATION WARNING: please use MorganGenerator
[11:41:55] DEPRECATION WARNING: please use MorganGenerator
[11:41:55] DEPRECATION WARNING: please use MorganGenerator
[11:41:55] DEPRECATION WARNING: please use MorganGenerator
[11:41:55] DEPRECATION WARNING: please use MorganGenerator
[11:41:55] DEPRECATION WARNING: please use MorganGenerator
[11:41:55] DEPRECATION WARNING: please use MorganGenerator
[11:41:55] DEPRECATION WARNING: please use MorganGenerator
[11:41:55] DEPRECATION WARNING: please use MorganGenerator
[11:41:55] DEPRECATION WARNING: please use MorganGenerator
[11:41:55] DEPRECATION WARNING: please use MorganGenerator
[11:41:55] DEPRECATION WARNING: please use MorganGenerator
[11:41:55] DEPRECATION WARNING: please use MorganGenerator
[11:41:55] DEPRECATION WARNING: please use MorganGenerator
[11:41:55] DEPRECATION WARNING: please use MorganGenerator
[11:41:55] DEPRECATION WARNING: please use MorganGenerator
[11:41:55] DEPRECATION WARNING: please use MorganGenerator
[11:41:55] DEPRECATION WARNING: please use MorganGenerator
[11:41:55] DEPRECATION WARNING: please use MorganGenerator
[11:41:55] DEPRECATION WARNING: please use MorganGenerator
[11:41:55] DEPRECATION WARNING: please use MorganGenerator
[11:41:55] DEPRECATION WARNING: please use MorganGenerator
[11:41:55] DEPRECATION WARNING: please use MorganGenerator
[11:41:55] DEPRECATION WARNING: please use MorganGenerator
[11:41:55] DEPRECATION WARNING: please use MorganGenerator
[11:41:55] DEPRECATION WARNING: please use MorganGenerator
[11:41:55] DEPRECATION WARNING: please use MorganGenerator
[11:41:55] DEPRECATION WARNING: please use MorganGenerator
[11:41:55] DEPRECATION WARNING: please use MorganGenerator
[11:41:55] DEPRECATION WARNING: please use MorganGenerator
[11:41:55] DEPRECATION WARNING: please use MorganGenerator
[11:41:55] DEPRECATION WARNING: please use MorganGenerator
[11:41:55] DEPRECATION WARNING: please use MorganGenerator
[11:41:55] DEPRECATION WARNING: please use MorganGenerator
[11:41:55] DEPRECATION WARNING: please use MorganGenerator
[11:41:55] DEPRECATION WARNING: please use MorganGenerator
[11:41:55] DEPRECATION WARNING: please use MorganGenerator
[11:41:55] DEPRECATION WARNING: please use MorganGenerator
[11:41:55] DEPRECATION WARNING: please use MorganGenerator
[11:41:55] DEPRECATION WARNING: please use MorganGenerator
[11:41:55] DEPRECATION WARNING: please use MorganGenerator
[11:41:55] DEPRECATION WARNING: please use MorganGenerator
[11:41:55] DEPRECATION WARNING: please use MorganGenerator
[11:41:55] DEPRECATION WARNING: please use MorganGenerator
[11:41:55] DEPRECATION WARNING: please use MorganGenerator
[11:41:55] DEPRECATION WARNING: please use MorganGenerator
[11:41:55] DEPRECATION WARNING: please use MorganGenerator
[11:41:55] DEPRECATION WARNING: please use MorganGenerator
[11:41:55] DEPRECATION WARNING: please use MorganGenerator
[11:41:55] DEPRECATION WARNING: please use MorganGenerator
[11:41:55] DEPRECATION WARNING: please use MorganGenerator
[11:41:55] DEPRECATION WARNING: please use MorganGenerator
[11:41:55] DEPRECATION WARNING: please use MorganGenerator
[11:41:55] DEPRECATION WARNING: please use MorganGenerator
[11:41:55] DEPRECATION WARNING: please use MorganGenerator
[11:41:55] DEPRECATION WARNING: please use MorganGenerator
[11:41:55] DEPRECATION WARNING: please use MorganGenerator
[11:41:55] DEPRECATION WARNING: please use MorganGenerator
[11:41:55] DEPRECATION WARNING: please use MorganGenerator
[11:41:55] DEPRECATION WARNING: please use MorganGenerator
[11:41:55] DEPRECATION WARNING: please use MorganGenerator
[11:41:55] DEPRECATION WARNING: please use MorganGenerator
[11:41:55] DEPRECATION WARNING: please use MorganGenerator
[11:41:55] DEPRECATION WARNING: please use MorganGenerator
[11:41:55] DEPRECATION WARNING: please use MorganGenerator
[11:41:55] DEPRECATION WARNING: please use MorganGenerator
[11:41:55] DEPRECATION WARNING: please use MorganGenerator
[11:41:55] DEPRECATION WARNING: please use MorganGenerator
[11:41:55] DEPRECATION WARNING: please use MorganGenerator
[11:41:55] DEPRECATION WARNING: please use MorganGenerator
[11:41:55] DEPRECATION WARNING: please use MorganGenerator
[11:41:55] DEPRECATION WARNING: please use MorganGenerator
[11:41:55] DEPRECATION WARNING: please use MorganGenerator
[11:41:55] DEPRECATION WARNING: please use MorganGenerator
[11:41:55] DEPRECATION WARNING: please use MorganGenerator
[11:41:55] DEPRECATION WARNING: please use MorganGenerator
[11:41:55] DEPRECATION WARNING: please use MorganGenerator
[11:41:55] DEPRECATION WARNING: please use MorganGenerator
[11:41:55] DEPRECATION WARNING: please use MorganGenerator
[11:41:55] Can't kekulize mol.  Unkekulized atoms: 2 5 7 8 15 17 22
[11:41:55] ERROR: Could not sanitize molecule ending on line 60
[11:41:55] ERROR: Can't kekulize mol.  Unkekulized atoms: 2 5 7 8 15 17 22
[11:41:55] Can't kekulize mol.  Unkekulized atoms: 1 23 27 28 34
[11:41:55] ERROR: Could not sanitize molecule ending on line 85
[11:41:55] ERROR: Can't kekulize mol.  Unkekulized atoms: 1 23 27 28 34
[11:41:55] Explicit valence for atom # 29 C, 6, is greater than permitted
[11:41:55] ERROR: Could not sanitize molecule ending on line 95
[11:41:55] ERROR: Explicit valence for atom # 29 C, 6, is greater than permitted
[11:41:55] Explicit valence for atom # 23 O, 3, is greater than permitted
[11:41:55] ERROR: Could not sanitize molecule ending on line 73
[11:41:55] ERROR: Explicit valence for atom # 23 O, 3, is greater than permitted
[11:41:55] Can't kekulize mol.  Unkekulized atoms: 1 5 6 10 12 14 15 18 22 28 31
[11:41:55] ERROR: Could not sanitize molecule ending on line 73
[11:41:55] ERROR: Can't kekulize mol.  Unkekulized atoms: 1 5 6 10 12 14 15 18 22 28 31
[11:41:55] Explicit valence for atom # 4 C, 5, is greater than permitted
[11:41:55] ERROR: Could not sanitize molecule ending on line 90
[11:41:55] ERROR: Explicit valence for atom # 4 C, 5, is greater than permitted
[11:41:55] DEPRECATION WARNING: please use MorganGenerator
[11:41:55] DEPRECATION WARNING: please use MorganGenerator
[11:41:55] DEPRECATION WARNING: please use MorganGenerator
[11:41:55] DEPRECATION WARNING: please use MorganGenerator
[11:41:55] DEPRECATION WARNING: please use MorganGenerator
[11:41:55] DEPRECATION WARNING: please use MorganGenerator
[11:41:55] DEPRECATION WARNING: please use MorganGenerator
[11:41:55] DEPRECATION WARNING: please use MorganGenerator
[11:41:55] DEPRECATION WARNING: please use MorganGenerator
[11:41:55] DEPRECATION WARNING: please use MorganGenerator
[11:41:55] DEPRECATION WARNING: please use MorganGenerator
[11:41:55] DEPRECATION WARNING: please use MorganGenerator
[11:41:55] DEPRECATION WARNING: please use MorganGenerator
[11:41:55] DEPRECATION WARNING: please use MorganGenerator
[11:41:55] DEPRECATION WARNING: please use MorganGenerator
[11:41:55] DEPRECATION WARNING: please use MorganGenerator
[11:41:55] DEPRECATION WARNING: please use MorganGenerator
[11:41:55] DEPRECATION WARNING: please use MorganGenerator
[11:41:55] DEPRECATION WARNING: please use MorganGenerator
[11:41:55] DEPRECATION WARNING: please use MorganGenerator
[11:41:55] DEPRECATION WARNING: please use MorganGenerator
[11:41:55] DEPRECATION WARNING: please use MorganGenerator
[11:41:55] DEPRECATION WARNING: please use MorganGenerator
[11:41:55] DEPRECATION WARNING: please use MorganGenerator
[11:41:55] DEPRECATION WARNING: please use MorganGenerator
[11:41:55] DEPRECATION WARNING: please use MorganGenerator
[11:41:55] DEPRECATION WARNING: please use MorganGenerator
[11:41:55] DEPRECATION WARNING: please use MorganGenerator
[11:41:55] DEPRECATION WARNING: please use MorganGenerator
[11:41:55] DEPRECATION WARNING: please use MorganGenerator
[11:41:55] DEPRECATION WARNING: please use MorganGenerator
[11:41:55] DEPRECATION WARNING: please use MorganGenerator
[11:41:55] DEPRECATION WARNING: please use MorganGenerator
[11:41:55] DEPRECATION WARNING: please use MorganGenerator
[11:41:55] DEPRECATION WARNING: please use MorganGenerator
[11:41:55] DEPRECATION WARNING: please use MorganGenerator
[11:41:55] DEPRECATION WARNING: please use MorganGenerator
[11:41:55] DEPRECATION WARNING: please use MorganGenerator
[11:41:55] DEPRECATION WARNING: please use MorganGenerator
[11:41:55] DEPRECATION WARNING: please use MorganGenerator
[11:41:55] DEPRECATION WARNING: please use MorganGenerator
[11:41:55] DEPRECATION WARNING: please use MorganGenerator
[11:41:55] DEPRECATION WARNING: please use MorganGenerator
[11:41:55] DEPRECATION WARNING: please use MorganGenerator
[11:41:55] DEPRECATION WARNING: please use MorganGenerator
[11:41:55] DEPRECATION WARNING: please use MorganGenerator
[11:41:55] DEPRECATION WARNING: please use MorganGenerator
[11:41:55] DEPRECATION WARNING: please use MorganGenerator
[11:41:55] DEPRECATION WARNING: please use MorganGenerator
[11:41:55] DEPRECATION WARNING: please use MorganGenerator
[11:41:55] DEPRECATION WARNING: please use MorganGenerator
[11:41:55] DEPRECATION WARNING: please use MorganGenerator
[11:41:55] DEPRECATION WARNING: please use MorganGenerator
[11:41:55] DEPRECATION WARNING: please use MorganGenerator
[11:41:55] DEPRECATION WARNING: please use MorganGenerator
[11:41:55] DEPRECATION WARNING: please use MorganGenerator
[11:41:55] DEPRECATION WARNING: please use MorganGenerator
[11:41:55] DEPRECATION WARNING: please use MorganGenerator
[11:41:55] DEPRECATION WARNING: please use MorganGenerator
[11:41:55] DEPRECATION WARNING: please use MorganGenerator
[11:41:55] DEPRECATION WARNING: please use MorganGenerator
[11:41:55] DEPRECATION WARNING: please use MorganGenerator
[11:41:55] DEPRECATION WARNING: please use MorganGenerator
[11:41:55] DEPRECATION WARNING: please use MorganGenerator
[11:41:55] DEPRECATION WARNING: please use MorganGenerator
[11:41:55] DEPRECATION WARNING: please use MorganGenerator
[11:41:55] DEPRECATION WARNING: please use MorganGenerator
[11:41:55] DEPRECATION WARNING: please use MorganGenerator
[11:41:55] DEPRECATION WARNING: please use MorganGenerator
[11:41:55] DEPRECATION WARNING: please use MorganGenerator
[11:41:55] DEPRECATION WARNING: please use MorganGenerator
[11:41:55] DEPRECATION WARNING: please use MorganGenerator
[11:41:55] DEPRECATION WARNING: please use MorganGenerator
[11:41:55] DEPRECATION WARNING: please use MorganGenerator
[11:41:55] DEPRECATION WARNING: please use MorganGenerator
[11:41:55] DEPRECATION WARNING: please use MorganGenerator
[11:41:55] DEPRECATION WARNING: please use MorganGenerator
[11:41:55] DEPRECATION WARNING: please use MorganGenerator
[11:41:55] DEPRECATION WARNING: please use MorganGenerator
[11:41:55] DEPRECATION WARNING: please use MorganGenerator
[11:41:55] DEPRECATION WARNING: please use MorganGenerator
[11:41:55] DEPRECATION WARNING: please use MorganGenerator
[11:41:55] DEPRECATION WARNING: please use MorganGenerator
[11:41:55] DEPRECATION WARNING: please use MorganGenerator
[11:41:55] DEPRECATION WARNING: please use MorganGenerator
[11:41:55] DEPRECATION WARNING: please use MorganGenerator
[11:41:55] DEPRECATION WARNING: please use MorganGenerator
[11:41:55] DEPRECATION WARNING: please use MorganGenerator
[11:41:55] DEPRECATION WARNING: please use MorganGenerator
[11:41:55] DEPRECATION WARNING: please use MorganGenerator
[11:41:55] DEPRECATION WARNING: please use MorganGenerator
[11:41:55] DEPRECATION WARNING: please use MorganGenerator
[11:41:55] DEPRECATION WARNING: please use MorganGenerator
[11:41:55] DEPRECATION WARNING: please use MorganGenerator
[11:41:55] DEPRECATION WARNING: please use MorganGenerator
[11:41:55] DEPRECATION WARNING: please use MorganGenerator
[11:41:55] DEPRECATION WARNING: please use MorganGenerator
[11:41:55] DEPRECATION WARNING: please use MorganGenerator
[11:41:55] Can't kekulize mol.  Unkekulized atoms: 4 6 7
[11:41:55] ERROR: Could not sanitize molecule ending on line 48
[11:41:55] ERROR: Can't kekulize mol.  Unkekulized atoms: 4 6 7
[11:41:55] Can't kekulize mol.  Unkekulized atoms: 0 1 9 10 12 14 15 16 17
[11:41:55] ERROR: Could not sanitize molecule ending on line 43
[11:41:55] ERROR: Can't kekulize mol.  Unkekulized atoms: 0 1 9 10 12 14 15 16 17
[11:41:55] Can't kekulize mol.  Unkekulized atoms: 0 1 5 6 7 8 9 10 14 16 18 19 21
[11:41:55] ERROR: Could not sanitize molecule ending on line 52
[11:41:55] ERROR: Can't kekulize mol.  Unkekulized atoms: 0 1 5 6 7 8 9 10 14 16 18 19 21
[11:41:55] Can't kekulize mol.  Unkekulized atoms: 1 3 5 7 17
[11:41:55] ERROR: Could not sanitize molecule ending on line 47
[11:41:55] ERROR: Can't kekulize mol.  Unkekulized atoms: 1 3 5 7 17
[11:41:55] Can't kekulize mol.  Unkekulized atoms: 1 2 3 6 11 13 15
[11:41:55] ERROR: Could not sanitize molecule ending on line 40
[11:41:55] ERROR: Can't kekulize mol.  Unkekulized atoms: 1 2 3 6 11 13 15
[11:41:55] Can't kekulize mol.  Unkekulized atoms: 0 19 20 23 31
[11:41:55] ERROR: Could not sanitize molecule ending on line 70
[11:41:55] ERROR: Can't kekulize mol.  Unkekulized atoms: 0 19 20 23 31
[11:41:55] Can't kekulize mol.  Unkekulized atoms: 0 2 5
[11:41:55] ERROR: Could not sanitize molecule ending on line 42
[11:41:55] ERROR: Can't kekulize mol.  Unkekulized atoms: 0 2 5
[11:41:55] DEPRECATION WARNING: please use MorganGenerator
[11:41:55] DEPRECATION WARNING: please use MorganGenerator
[11:41:55] DEPRECATION WARNING: please use MorganGenerator
[11:41:55] DEPRECATION WARNING: please use MorganGenerator
[11:41:55] DEPRECATION WARNING: please use MorganGenerator
[11:41:55] DEPRECATION WARNING: please use MorganGenerator
[11:41:55] DEPRECATION WARNING: please use MorganGenerator
[11:41:55] DEPRECATION WARNING: please use MorganGenerator
[11:41:55] DEPRECATION WARNING: please use MorganGenerator
[11:41:55] DEPRECATION WARNING: please use MorganGenerator
[11:41:55] DEPRECATION WARNING: please use MorganGenerator
[11:41:55] DEPRECATION WARNING: please use MorganGenerator
[11:41:55] DEPRECATION WARNING: please use MorganGenerator
[11:41:55] DEPRECATION WARNING: please use MorganGenerator
[11:41:55] DEPRECATION WARNING: please use MorganGenerator
[11:41:55] DEPRECATION WARNING: please use MorganGenerator
[11:41:55] DEPRECATION WARNING: please use MorganGenerator
[11:41:55] DEPRECATION WARNING: please use MorganGenerator
[11:41:55] DEPRECATION WARNING: please use MorganGenerator
[11:41:55] DEPRECATION WARNING: please use MorganGenerator
[11:41:55] DEPRECATION WARNING: please use MorganGenerator
[11:41:55] DEPRECATION WARNING: please use MorganGenerator
[11:41:55] DEPRECATION WARNING: please use MorganGenerator
[11:41:55] DEPRECATION WARNING: please use MorganGenerator
[11:41:55] DEPRECATION WARNING: please use MorganGenerator
[11:41:55] DEPRECATION WARNING: please use MorganGenerator
[11:41:55] DEPRECATION WARNING: please use MorganGenerator
[11:41:55] DEPRECATION WARNING: please use MorganGenerator
[11:41:55] DEPRECATION WARNING: please use MorganGenerator
[11:41:55] DEPRECATION WARNING: please use MorganGenerator
[11:41:55] DEPRECATION WARNING: please use MorganGenerator
[11:41:55] DEPRECATION WARNING: please use MorganGenerator
[11:41:55] DEPRECATION WARNING: please use MorganGenerator
[11:41:55] DEPRECATION WARNING: please use MorganGenerator
[11:41:55] DEPRECATION WARNING: please use MorganGenerator
[11:41:55] DEPRECATION WARNING: please use MorganGenerator
[11:41:55] DEPRECATION WARNING: please use MorganGenerator
[11:41:55] DEPRECATION WARNING: please use MorganGenerator
[11:41:55] DEPRECATION WARNING: please use MorganGenerator
[11:41:55] DEPRECATION WARNING: please use MorganGenerator
[11:41:55] DEPRECATION WARNING: please use MorganGenerator
[11:41:55] DEPRECATION WARNING: please use MorganGenerator
[11:41:55] DEPRECATION WARNING: please use MorganGenerator
[11:41:55] DEPRECATION WARNING: please use MorganGenerator
[11:41:55] DEPRECATION WARNING: please use MorganGenerator
[11:41:55] DEPRECATION WARNING: please use MorganGenerator
[11:41:55] DEPRECATION WARNING: please use MorganGenerator
[11:41:55] DEPRECATION WARNING: please use MorganGenerator
[11:41:55] DEPRECATION WARNING: please use MorganGenerator
[11:41:55] DEPRECATION WARNING: please use MorganGenerator
[11:41:55] DEPRECATION WARNING: please use MorganGenerator
[11:41:55] DEPRECATION WARNING: please use MorganGenerator
[11:41:55] DEPRECATION WARNING: please use MorganGenerator
[11:41:55] DEPRECATION WARNING: please use MorganGenerator
[11:41:55] DEPRECATION WARNING: please use MorganGenerator
[11:41:55] DEPRECATION WARNING: please use MorganGenerator
[11:41:55] DEPRECATION WARNING: please use MorganGenerator
[11:41:55] DEPRECATION WARNING: please use MorganGenerator
[11:41:55] DEPRECATION WARNING: please use MorganGenerator
[11:41:55] DEPRECATION WARNING: please use MorganGenerator
[11:41:55] DEPRECATION WARNING: please use MorganGenerator
[11:41:55] DEPRECATION WARNING: please use MorganGenerator
[11:41:55] DEPRECATION WARNING: please use MorganGenerator
[11:41:55] DEPRECATION WARNING: please use MorganGenerator
[11:41:55] DEPRECATION WARNING: please use MorganGenerator
[11:41:55] DEPRECATION WARNING: please use MorganGenerator
[11:41:55] DEPRECATION WARNING: please use MorganGenerator
[11:41:55] DEPRECATION WARNING: please use MorganGenerator
[11:41:55] DEPRECATION WARNING: please use MorganGenerator
[11:41:55] DEPRECATION WARNING: please use MorganGenerator
[11:41:55] DEPRECATION WARNING: please use MorganGenerator
[11:41:55] DEPRECATION WARNING: please use MorganGenerator
[11:41:55] DEPRECATION WARNING: please use MorganGenerator
[11:41:55] DEPRECATION WARNING: please use MorganGenerator
[11:41:55] DEPRECATION WARNING: please use MorganGenerator
[11:41:55] DEPRECATION WARNING: please use MorganGenerator
[11:41:55] DEPRECATION WARNING: please use MorganGenerator
[11:41:55] DEPRECATION WARNING: please use MorganGenerator
[11:41:55] DEPRECATION WARNING: please use MorganGenerator
[11:41:55] DEPRECATION WARNING: please use MorganGenerator
[11:41:55] DEPRECATION WARNING: please use MorganGenerator
[11:41:55] DEPRECATION WARNING: please use MorganGenerator
[11:41:55] DEPRECATION WARNING: please use MorganGenerator
[11:41:55] DEPRECATION WARNING: please use MorganGenerator
[11:41:55] DEPRECATION WARNING: please use MorganGenerator
[11:41:55] DEPRECATION WARNING: please use MorganGenerator
[11:41:55] DEPRECATION WARNING: please use MorganGenerator
[11:41:55] DEPRECATION WARNING: please use MorganGenerator
[11:41:55] DEPRECATION WARNING: please use MorganGenerator
[11:41:55] DEPRECATION WARNING: please use MorganGenerator
[11:41:55] DEPRECATION WARNING: please use MorganGenerator
[11:41:55] DEPRECATION WARNING: please use MorganGenerator
[11:41:55] DEPRECATION WARNING: please use MorganGenerator
[11:41:55] DEPRECATION WARNING: please use MorganGenerator
[11:41:55] DEPRECATION WARNING: please use MorganGenerator
[11:41:55] DEPRECATION WARNING: please use MorganGenerator
MaxMin selection:  76%|███████▌  | 76/100 [00:02<00:00, 29.93it/s][11:41:55] Can't kekulize mol.  Unkekulized atoms: 9 27 32
[11:41:55] ERROR: Could not sanitize molecule ending on line 74
[11:41:55] ERROR: Can't kekulize mol.  Unkekulized atoms: 9 27 32
[11:41:55] Can't kekulize mol.  Unkekulized atoms: 4 12 13 27 29
[11:41:55] ERROR: Could not sanitize molecule ending on line 73
[11:41:55] ERROR: Can't kekulize mol.  Unkekulized atoms: 4 12 13 27 29
[11:41:55] Can't kekulize mol.  Unkekulized atoms: 12 17 20 28 35
[11:41:55] ERROR: Could not sanitize molecule ending on line 85
[11:41:55] ERROR: Can't kekulize mol.  Unkekulized atoms: 12 17 20 28 35
[11:41:55] Can't kekulize mol.  Unkekulized atoms: 6 29 35 41 43
[11:41:55] ERROR: Could not sanitize molecule ending on line 99
[11:41:55] ERROR: Can't kekulize mol.  Unkekulized atoms: 6 29 35 41 43
[11:41:55] Explicit valence for atom # 1 O, 3, is greater than permitted
[11:41:55] ERROR: Could not sanitize molecule ending on line 89
[11:41:55] ERROR: Explicit valence for atom # 1 O, 3, is greater than permitted
[11:41:55] Explicit valence for atom # 19 N, 4, is greater than permitted
[11:41:55] ERROR: Could not sanitize molecule ending on line 86
[11:41:55] ERROR: Explicit valence for atom # 19 N, 4, is greater than permitted
[11:41:55] Can't kekulize mol.  Unkekulized atoms: 1 22 23 26 30
[11:41:55] ERROR: Could not sanitize molecule ending on line 82
[11:41:55] ERROR: Can't kekulize mol.  Unkekulized atoms: 1 22 23 26 30
[11:41:55] Can't kekulize mol.  Unkekulized atoms: 2 4 11
[11:41:55] ERROR: Could not sanitize molecule ending on line 72
[11:41:55] ERROR: Can't kekulize mol.  Unkekulized atoms: 2 4 11
[11:41:55] Can't kekulize mol.  Unkekulized atoms: 1 3 8 30 36
[11:41:55] ERROR: Could not sanitize molecule ending on line 96
[11:41:55] ERROR: Can't kekulize mol.  Unkekulized atoms: 1 3 8 30 36
[11:41:55] Can't kekulize mol.  Unkekulized atoms: 0 6 12 13 28
[11:41:55] ERROR: Could not sanitize molecule ending on line 72
[11:41:55] ERROR: Can't kekulize mol.  Unkekulized atoms: 0 6 12 13 28
[11:41:55] Can't kekulize mol.  Unkekulized atoms: 0 7 26 32 33
[11:41:55] ERROR: Could not sanitize molecule ending on line 77
[11:41:55] ERROR: Can't kekulize mol.  Unkekulized atoms: 0 7 26 32 33
[11:41:55] Can't kekulize mol.  Unkekulized atoms: 3 19 22 25 34
[11:41:55] ERROR: Could not sanitize molecule ending on line 79
[11:41:55] ERROR: Can't kekulize mol.  Unkekulized atoms: 3 19 22 25 34
[11:41:55] Explicit valence for atom # 10 C, 5, is greater than permitted
[11:41:55] ERROR: Could not sanitize molecule ending on line 76
[11:41:55] ERROR: Explicit valence for atom # 10 C, 5, is greater than permitted
[11:41:55] DEPRECATION WARNING: please use MorganGenerator
[11:41:55] DEPRECATION WARNING: please use MorganGenerator
[11:41:55] DEPRECATION WARNING: please use MorganGenerator
[11:41:55] DEPRECATION WARNING: please use MorganGenerator
[11:41:55] DEPRECATION WARNING: please use MorganGenerator
[11:41:55] DEPRECATION WARNING: please use MorganGenerator
[11:41:55] DEPRECATION WARNING: please use MorganGenerator
[11:41:55] DEPRECATION WARNING: please use MorganGenerator
[11:41:55] DEPRECATION WARNING: please use MorganGenerator
[11:41:55] DEPRECATION WARNING: please use MorganGenerator
[11:41:55] DEPRECATION WARNING: please use MorganGenerator
[11:41:55] DEPRECATION WARNING: please use MorganGenerator
[11:41:55] DEPRECATION WARNING: please use MorganGenerator
[11:41:55] DEPRECATION WARNING: please use MorganGenerator
[11:41:55] DEPRECATION WARNING: please use MorganGenerator
[11:41:55] DEPRECATION WARNING: please use MorganGenerator
[11:41:55] DEPRECATION WARNING: please use MorganGenerator
[11:41:55] DEPRECATION WARNING: please use MorganGenerator
[11:41:55] DEPRECATION WARNING: please use MorganGenerator
[11:41:55] DEPRECATION WARNING: please use MorganGenerator
[11:41:55] DEPRECATION WARNING: please use MorganGenerator
[11:41:55] DEPRECATION WARNING: please use MorganGenerator
[11:41:55] DEPRECATION WARNING: please use MorganGenerator
[11:41:55] DEPRECATION WARNING: please use MorganGenerator
[11:41:55] DEPRECATION WARNING: please use MorganGenerator
[11:41:55] DEPRECATION WARNING: please use MorganGenerator
[11:41:55] DEPRECATION WARNING: please use MorganGenerator
[11:41:55] DEPRECATION WARNING: please use MorganGenerator
[11:41:55] DEPRECATION WARNING: please use MorganGenerator
[11:41:55] DEPRECATION WARNING: please use MorganGenerator
[11:41:55] DEPRECATION WARNING: please use MorganGenerator
[11:41:55] DEPRECATION WARNING: please use MorganGenerator
[11:41:55] DEPRECATION WARNING: please use MorganGenerator
[11:41:55] DEPRECATION WARNING: please use MorganGenerator
[11:41:55] DEPRECATION WARNING: please use MorganGenerator
[11:41:55] DEPRECATION WARNING: please use MorganGenerator
[11:41:55] DEPRECATION WARNING: please use MorganGenerator
[11:41:55] DEPRECATION WARNING: please use MorganGenerator
[11:41:55] DEPRECATION WARNING: please use MorganGenerator
[11:41:55] DEPRECATION WARNING: please use MorganGenerator
[11:41:55] DEPRECATION WARNING: please use MorganGenerator
[11:41:55] DEPRECATION WARNING: please use MorganGenerator
[11:41:55] DEPRECATION WARNING: please use MorganGenerator
[11:41:55] DEPRECATION WARNING: please use MorganGenerator
[11:41:55] DEPRECATION WARNING: please use MorganGenerator
[11:41:55] DEPRECATION WARNING: please use MorganGenerator
[11:41:55] DEPRECATION WARNING: please use MorganGenerator
[11:41:55] DEPRECATION WARNING: please use MorganGenerator
[11:41:55] DEPRECATION WARNING: please use MorganGenerator
[11:41:55] DEPRECATION WARNING: please use MorganGenerator
[11:41:55] DEPRECATION WARNING: please use MorganGenerator
[11:41:55] DEPRECATION WARNING: please use MorganGenerator
[11:41:55] DEPRECATION WARNING: please use MorganGenerator
[11:41:55] DEPRECATION WARNING: please use MorganGenerator
[11:41:55] DEPRECATION WARNING: please use MorganGenerator
[11:41:55] DEPRECATION WARNING: please use MorganGenerator
[11:41:55] DEPRECATION WARNING: please use MorganGenerator
[11:41:55] DEPRECATION WARNING: please use MorganGenerator
[11:41:55] DEPRECATION WARNING: please use MorganGenerator
[11:41:55] DEPRECATION WARNING: please use MorganGenerator
[11:41:55] DEPRECATION WARNING: please use MorganGenerator
[11:41:55] DEPRECATION WARNING: please use MorganGenerator
[11:41:55] DEPRECATION WARNING: please use MorganGenerator
[11:41:55] DEPRECATION WARNING: please use MorganGenerator
[11:41:55] DEPRECATION WARNING: please use MorganGenerator
[11:41:55] DEPRECATION WARNING: please use MorganGenerator
[11:41:55] DEPRECATION WARNING: please use MorganGenerator
[11:41:55] DEPRECATION WARNING: please use MorganGenerator
[11:41:55] DEPRECATION WARNING: please use MorganGenerator
[11:41:55] DEPRECATION WARNING: please use MorganGenerator
[11:41:55] DEPRECATION WARNING: please use MorganGenerator
[11:41:55] DEPRECATION WARNING: please use MorganGenerator
[11:41:55] DEPRECATION WARNING: please use MorganGenerator
[11:41:55] DEPRECATION WARNING: please use MorganGenerator
[11:41:55] DEPRECATION WARNING: please use MorganGenerator
[11:41:55] DEPRECATION WARNING: please use MorganGenerator
[11:41:55] DEPRECATION WARNING: please use MorganGenerator
[11:41:55] DEPRECATION WARNING: please use MorganGenerator
[11:41:55] DEPRECATION WARNING: please use MorganGenerator
[11:41:55] DEPRECATION WARNING: please use MorganGenerator
[11:41:55] DEPRECATION WARNING: please use MorganGenerator
[11:41:55] DEPRECATION WARNING: please use MorganGenerator
[11:41:55] DEPRECATION WARNING: please use MorganGenerator
[11:41:55] DEPRECATION WARNING: please use MorganGenerator
[11:41:55] Explicit valence for atom # 23 C, 5, is greater than permitted
[11:41:55] ERROR: Could not sanitize molecule ending on line 68
[11:41:55] ERROR: Explicit valence for atom # 23 C, 5, is greater than permitted
[11:41:55] Explicit valence for atom # 12 C, 5, is greater than permitted
[11:41:55] ERROR: Could not sanitize molecule ending on line 80
[11:41:55] ERROR: Explicit valence for atom # 12 C, 5, is greater than permitted
[11:41:55] Can't kekulize mol.  Unkekulized atoms: 8 22 27 28 29
[11:41:55] ERROR: Could not sanitize molecule ending on line 67
[11:41:55] ERROR: Can't kekulize mol.  Unkekulized atoms: 8 22 27 28 29
[11:41:55] Explicit valence for atom # 29 C, 5, is greater than permitted
[11:41:55] ERROR: Could not sanitize molecule ending on line 68
[11:41:55] ERROR: Explicit valence for atom # 29 C, 5, is greater than permitted
[11:41:55] Explicit valence for atom # 12 C, 5, is greater than permitted
[11:41:55] ERROR: Could not sanitize molecule ending on line 70
[11:41:55] ERROR: Explicit valence for atom # 12 C, 5, is greater than permitted
[11:41:55] Can't kekulize mol.  Unkekulized atoms: 1 2 3 5 6 11 12 13 15 16 18 20 24 25 26
[11:41:55] ERROR: Could not sanitize molecule ending on line 71
[11:41:55] ERROR: Can't kekulize mol.  Unkekulized atoms: 1 2 3 5 6 11 12 13 15 16 18 20 24 25 26
[11:41:55] Explicit valence for atom # 21 C, 5, is greater than permitted
[11:41:55] ERROR: Could not sanitize molecule ending on line 65
[11:41:55] ERROR: Explicit valence for atom # 21 C, 5, is greater than permitted
[11:41:55] Can't kekulize mol.  Unkekulized atoms: 6 9 14 17 21
[11:41:55] ERROR: Could not sanitize molecule ending on line 55
[11:41:55] ERROR: Can't kekulize mol.  Unkekulized atoms: 6 9 14 17 21
[11:41:55] Can't kekulize mol.  Unkekulized atoms: 0 5 8 14 15 17 21 22 25 28 30 31 34
[11:41:55] ERROR: Could not sanitize molecule ending on line 83
[11:41:55] ERROR: Can't kekulize mol.  Unkekulized atoms: 0 5 8 14 15 17 21 22 25 28 30 31 34
[11:41:55] Explicit valence for atom # 21 C, 6, is greater than permitted
[11:41:55] ERROR: Could not sanitize molecule ending on line 56
[11:41:55] ERROR: Explicit valence for atom # 21 C, 6, is greater than permitted
[11:41:55] DEPRECATION WARNING: please use MorganGenerator
[11:41:55] DEPRECATION WARNING: please use MorganGenerator
[11:41:55] DEPRECATION WARNING: please use MorganGenerator
[11:41:55] DEPRECATION WARNING: please use MorganGenerator
[11:41:55] DEPRECATION WARNING: please use MorganGenerator
[11:41:55] DEPRECATION WARNING: please use MorganGenerator
[11:41:55] DEPRECATION WARNING: please use MorganGenerator
[11:41:55] DEPRECATION WARNING: please use MorganGenerator
[11:41:55] DEPRECATION WARNING: please use MorganGenerator
[11:41:55] DEPRECATION WARNING: please use MorganGenerator
[11:41:55] DEPRECATION WARNING: please use MorganGenerator
[11:41:55] DEPRECATION WARNING: please use MorganGenerator
[11:41:55] DEPRECATION WARNING: please use MorganGenerator
[11:41:55] DEPRECATION WARNING: please use MorganGenerator
[11:41:55] DEPRECATION WARNING: please use MorganGenerator
[11:41:55] DEPRECATION WARNING: please use MorganGenerator
[11:41:55] DEPRECATION WARNING: please use MorganGenerator
[11:41:55] DEPRECATION WARNING: please use MorganGenerator
[11:41:55] DEPRECATION WARNING: please use MorganGenerator
[11:41:55] DEPRECATION WARNING: please use MorganGenerator
[11:41:55] DEPRECATION WARNING: please use MorganGenerator
[11:41:55] DEPRECATION WARNING: please use MorganGenerator
[11:41:55] DEPRECATION WARNING: please use MorganGenerator
[11:41:55] DEPRECATION WARNING: please use MorganGenerator
[11:41:55] DEPRECATION WARNING: please use MorganGenerator
[11:41:55] DEPRECATION WARNING: please use MorganGenerator
[11:41:55] DEPRECATION WARNING: please use MorganGenerator
[11:41:55] DEPRECATION WARNING: please use MorganGenerator
[11:41:55] DEPRECATION WARNING: please use MorganGenerator
[11:41:55] DEPRECATION WARNING: please use MorganGenerator
[11:41:55] DEPRECATION WARNING: please use MorganGenerator
[11:41:55] DEPRECATION WARNING: please use MorganGenerator
[11:41:55] DEPRECATION WARNING: please use MorganGenerator
[11:41:55] DEPRECATION WARNING: please use MorganGenerator
[11:41:55] DEPRECATION WARNING: please use MorganGenerator
[11:41:55] DEPRECATION WARNING: please use MorganGenerator
[11:41:55] DEPRECATION WARNING: please use MorganGenerator
[11:41:55] DEPRECATION WARNING: please use MorganGenerator
[11:41:55] DEPRECATION WARNING: please use MorganGenerator
[11:41:55] DEPRECATION WARNING: please use MorganGenerator
[11:41:55] DEPRECATION WARNING: please use MorganGenerator
[11:41:55] DEPRECATION WARNING: please use MorganGenerator
[11:41:55] DEPRECATION WARNING: please use MorganGenerator
[11:41:55] DEPRECATION WARNING: please use MorganGenerator
[11:41:55] DEPRECATION WARNING: please use MorganGenerator
[11:41:55] DEPRECATION WARNING: please use MorganGenerator
[11:41:55] DEPRECATION WARNING: please use MorganGenerator
[11:41:55] DEPRECATION WARNING: please use MorganGenerator
[11:41:55] DEPRECATION WARNING: please use MorganGenerator
[11:41:55] DEPRECATION WARNING: please use MorganGenerator
[11:41:55] DEPRECATION WARNING: please use MorganGenerator
[11:41:55] DEPRECATION WARNING: please use MorganGenerator
[11:41:55] DEPRECATION WARNING: please use MorganGenerator
[11:41:55] DEPRECATION WARNING: please use MorganGenerator
[11:41:55] DEPRECATION WARNING: please use MorganGenerator
[11:41:55] DEPRECATION WARNING: please use MorganGenerator
[11:41:55] DEPRECATION WARNING: please use MorganGenerator
[11:41:55] DEPRECATION WARNING: please use MorganGenerator
[11:41:55] DEPRECATION WARNING: please use MorganGenerator
[11:41:55] DEPRECATION WARNING: please use MorganGenerator
[11:41:55] DEPRECATION WARNING: please use MorganGenerator
[11:41:55] DEPRECATION WARNING: please use MorganGenerator
[11:41:55] DEPRECATION WARNING: please use MorganGenerator
[11:41:55] DEPRECATION WARNING: please use MorganGenerator
[11:41:55] DEPRECATION WARNING: please use MorganGenerator
[11:41:55] DEPRECATION WARNING: please use MorganGenerator
[11:41:55] DEPRECATION WARNING: please use MorganGenerator
[11:41:55] DEPRECATION WARNING: please use MorganGenerator
[11:41:55] DEPRECATION WARNING: please use MorganGenerator
[11:41:55] DEPRECATION WARNING: please use MorganGenerator
[11:41:55] DEPRECATION WARNING: please use MorganGenerator
[11:41:55] DEPRECATION WARNING: please use MorganGenerator
[11:41:55] DEPRECATION WARNING: please use MorganGenerator
[11:41:55] DEPRECATION WARNING: please use MorganGenerator
[11:41:55] DEPRECATION WARNING: please use MorganGenerator
[11:41:55] DEPRECATION WARNING: please use MorganGenerator
[11:41:55] DEPRECATION WARNING: please use MorganGenerator
[11:41:55] DEPRECATION WARNING: please use MorganGenerator
[11:41:55] DEPRECATION WARNING: please use MorganGenerator
[11:41:55] DEPRECATION WARNING: please use MorganGenerator
[11:41:55] DEPRECATION WARNING: please use MorganGenerator
[11:41:55] DEPRECATION WARNING: please use MorganGenerator
[11:41:55] DEPRECATION WARNING: please use MorganGenerator
[11:41:55] DEPRECATION WARNING: please use MorganGenerator
[11:41:55] DEPRECATION WARNING: please use MorganGenerator
[11:41:55] DEPRECATION WARNING: please use MorganGenerator
[11:41:55] DEPRECATION WARNING: please use MorganGenerator
[11:41:55] DEPRECATION WARNING: please use MorganGenerator
[11:41:55] DEPRECATION WARNING: please use MorganGenerator
[11:41:55] DEPRECATION WARNING: please use MorganGenerator
[11:41:55] Explicit valence for atom # 18 F, 2, is greater than permitted
[11:41:55] ERROR: Could not sanitize molecule ending on line 69
[11:41:55] ERROR: Explicit valence for atom # 18 F, 2, is greater than permitted
[11:41:55] Can't kekulize mol.  Unkekulized atoms: 0 1 4 6 8 9 10 11 12 14 15 17 19
[11:41:55] ERROR: Could not sanitize molecule ending on line 49
[11:41:55] ERROR: Can't kekulize mol.  Unkekulized atoms: 0 1 4 6 8 9 10 11 12 14 15 17 19
[11:41:55] DEPRECATION WARNING: please use MorganGenerator
[11:41:55] DEPRECATION WARNING: please use MorganGenerator
[11:41:55] DEPRECATION WARNING: please use MorganGenerator
[11:41:55] DEPRECATION WARNING: please use MorganGenerator
[11:41:55] DEPRECATION WARNING: please use MorganGenerator
[11:41:55] DEPRECATION WARNING: please use MorganGenerator
[11:41:55] DEPRECATION WARNING: please use MorganGenerator
[11:41:55] DEPRECATION WARNING: please use MorganGenerator
[11:41:55] DEPRECATION WARNING: please use MorganGenerator
[11:41:55] DEPRECATION WARNING: please use MorganGenerator
[11:41:55] DEPRECATION WARNING: please use MorganGenerator
[11:41:55] DEPRECATION WARNING: please use MorganGenerator
[11:41:55] DEPRECATION WARNING: please use MorganGenerator
[11:41:55] DEPRECATION WARNING: please use MorganGenerator
[11:41:55] DEPRECATION WARNING: please use MorganGenerator
[11:41:55] DEPRECATION WARNING: please use MorganGenerator
[11:41:55] DEPRECATION WARNING: please use MorganGenerator
[11:41:55] DEPRECATION WARNING: please use MorganGenerator
[11:41:55] DEPRECATION WARNING: please use MorganGenerator
[11:41:55] DEPRECATION WARNING: please use MorganGenerator
[11:41:55] DEPRECATION WARNING: please use MorganGenerator
[11:41:55] DEPRECATION WARNING: please use MorganGenerator
[11:41:55] DEPRECATION WARNING: please use MorganGenerator
[11:41:55] DEPRECATION WARNING: please use MorganGenerator
[11:41:55] DEPRECATION WARNING: please use MorganGenerator
[11:41:55] DEPRECATION WARNING: please use MorganGenerator
[11:41:55] DEPRECATION WARNING: please use MorganGenerator
[11:41:55] DEPRECATION WARNING: please use MorganGenerator
[11:41:55] DEPRECATION WARNING: please use MorganGenerator
[11:41:55] DEPRECATION WARNING: please use MorganGenerator
[11:41:55] DEPRECATION WARNING: please use MorganGenerator
[11:41:55] DEPRECATION WARNING: please use MorganGenerator
[11:41:55] DEPRECATION WARNING: please use MorganGenerator
[11:41:55] DEPRECATION WARNING: please use MorganGenerator
[11:41:55] DEPRECATION WARNING: please use MorganGenerator
[11:41:55] DEPRECATION WARNING: please use MorganGenerator
[11:41:55] DEPRECATION WARNING: please use MorganGenerator
[11:41:55] DEPRECATION WARNING: please use MorganGenerator
[11:41:55] DEPRECATION WARNING: please use MorganGenerator
[11:41:55] DEPRECATION WARNING: please use MorganGenerator
[11:41:55] DEPRECATION WARNING: please use MorganGenerator
[11:41:55] DEPRECATION WARNING: please use MorganGenerator
[11:41:55] DEPRECATION WARNING: please use MorganGenerator
[11:41:55] DEPRECATION WARNING: please use MorganGenerator
[11:41:55] DEPRECATION WARNING: please use MorganGenerator
[11:41:55] DEPRECATION WARNING: please use MorganGenerator
[11:41:55] DEPRECATION WARNING: please use MorganGenerator
[11:41:55] DEPRECATION WARNING: please use MorganGenerator
[11:41:55] DEPRECATION WARNING: please use MorganGenerator
[11:41:55] DEPRECATION WARNING: please use MorganGenerator
[11:41:55] DEPRECATION WARNING: please use MorganGenerator
[11:41:55] DEPRECATION WARNING: please use MorganGenerator
[11:41:55] DEPRECATION WARNING: please use MorganGenerator
[11:41:55] DEPRECATION WARNING: please use MorganGenerator
[11:41:55] DEPRECATION WARNING: please use MorganGenerator
[11:41:55] DEPRECATION WARNING: please use MorganGenerator
[11:41:55] DEPRECATION WARNING: please use MorganGenerator
[11:41:55] DEPRECATION WARNING: please use MorganGenerator
[11:41:55] DEPRECATION WARNING: please use MorganGenerator
[11:41:55] DEPRECATION WARNING: please use MorganGenerator
[11:41:55] DEPRECATION WARNING: please use MorganGenerator
[11:41:55] DEPRECATION WARNING: please use MorganGenerator
[11:41:55] DEPRECATION WARNING: please use MorganGenerator
[11:41:55] DEPRECATION WARNING: please use MorganGenerator
[11:41:55] DEPRECATION WARNING: please use MorganGenerator
[11:41:55] DEPRECATION WARNING: please use MorganGenerator
[11:41:55] DEPRECATION WARNING: please use MorganGenerator
[11:41:55] DEPRECATION WARNING: please use MorganGenerator
[11:41:55] DEPRECATION WARNING: please use MorganGenerator
[11:41:55] DEPRECATION WARNING: please use MorganGenerator
[11:41:55] DEPRECATION WARNING: please use MorganGenerator
[11:41:55] DEPRECATION WARNING: please use MorganGenerator
[11:41:55] DEPRECATION WARNING: please use MorganGenerator
[11:41:55] DEPRECATION WARNING: please use MorganGenerator
[11:41:55] DEPRECATION WARNING: please use MorganGenerator
[11:41:55] DEPRECATION WARNING: please use MorganGenerator
[11:41:55] DEPRECATION WARNING: please use MorganGenerator
[11:41:55] DEPRECATION WARNING: please use MorganGenerator
[11:41:55] DEPRECATION WARNING: please use MorganGenerator
[11:41:55] DEPRECATION WARNING: please use MorganGenerator
[11:41:55] DEPRECATION WARNING: please use MorganGenerator
[11:41:55] DEPRECATION WARNING: please use MorganGenerator
[11:41:55] DEPRECATION WARNING: please use MorganGenerator
[11:41:55] DEPRECATION WARNING: please use MorganGenerator
[11:41:55] DEPRECATION WARNING: please use MorganGenerator
[11:41:55] DEPRECATION WARNING: please use MorganGenerator
[11:41:55] DEPRECATION WARNING: please use MorganGenerator
[11:41:55] DEPRECATION WARNING: please use MorganGenerator
[11:41:55] DEPRECATION WARNING: please use MorganGenerator
[11:41:55] DEPRECATION WARNING: please use MorganGenerator
[11:41:55] DEPRECATION WARNING: please use MorganGenerator
[11:41:55] DEPRECATION WARNING: please use MorganGenerator
[11:41:55] DEPRECATION WARNING: please use MorganGenerator
[11:41:55] DEPRECATION WARNING: please use MorganGenerator
[11:41:55] DEPRECATION WARNING: please use MorganGenerator
[11:41:55] DEPRECATION WARNING: please use MorganGenerator
[11:41:55] DEPRECATION WARNING: please use MorganGenerator
[11:41:55] DEPRECATION WARNING: please use MorganGenerator
[11:41:55] DEPRECATION WARNING: please use MorganGenerator
[11:41:55] DEPRECATION WARNING: please use MorganGenerator
[11:41:55] DEPRECATION WARNING: please use MorganGenerator
[11:41:55] DEPRECATION WARNING: please use MorganGenerator
[11:41:55] DEPRECATION WARNING: please use MorganGenerator
[11:41:55] DEPRECATION WARNING: please use MorganGenerator
[11:41:55] DEPRECATION WARNING: please use MorganGenerator
[11:41:55] DEPRECATION WARNING: please use MorganGenerator
[11:41:55] Explicit valence for atom # 19 C, 6, is greater than permitted
[11:41:55] ERROR: Could not sanitize molecule ending on line 45
[11:41:55] ERROR: Explicit valence for atom # 19 C, 6, is greater than permitted
[11:41:55] Can't kekulize mol.  Unkekulized atoms: 1 7 15 16 20
[11:41:55] ERROR: Could not sanitize molecule ending on line 48
[11:41:55] ERROR: Can't kekulize mol.  Unkekulized atoms: 1 7 15 16 20
[11:41:55] Can't kekulize mol.  Unkekulized atoms: 0 9 17
[11:41:55] ERROR: Could not sanitize molecule ending on line 44
[11:41:55] ERROR: Can't kekulize mol.  Unkekulized atoms: 0 9 17
[11:41:55] Explicit valence for atom # 17 P, 6, is greater than permitted
[11:41:55] ERROR: Could not sanitize molecule ending on line 69
[11:41:55] ERROR: Explicit valence for atom # 17 P, 6, is greater than permitted
[11:41:55] Can't kekulize mol.  Unkekulized atoms: 1 5 10
[11:41:55] ERROR: Could not sanitize molecule ending on line 46
[11:41:55] ERROR: Can't kekulize mol.  Unkekulized atoms: 1 5 10
[11:41:55] Can't kekulize mol.  Unkekulized atoms: 1 3 11 12 14
[11:41:55] ERROR: Could not sanitize molecule ending on line 53
[11:41:55] ERROR: Can't kekulize mol.  Unkekulized atoms: 1 3 11 12 14
[11:41:55] Can't kekulize mol.  Unkekulized atoms: 0 1 8 11
[11:41:55] ERROR: Could not sanitize molecule ending on line 48
[11:41:55] ERROR: Can't kekulize mol.  Unkekulized atoms: 0 1 8 11
[11:41:55] Can't kekulize mol.  Unkekulized atoms: 3 5 8 9 17
[11:41:55] ERROR: Could not sanitize molecule ending on line 49
[11:41:55] ERROR: Can't kekulize mol.  Unkekulized atoms: 3 5 8 9 17
[11:41:55] Explicit valence for atom # 10 O, 3, is greater than permitted
[11:41:55] ERROR: Could not sanitize molecule ending on line 60
[11:41:55] ERROR: Explicit valence for atom # 10 O, 3, is greater than permitted
[11:41:55] Can't kekulize mol.  Unkekulized atoms: 0 4 5 11 18
[11:41:55] ERROR: Could not sanitize molecule ending on line 46
[11:41:55] ERROR: Can't kekulize mol.  Unkekulized atoms: 0 4 5 11 18
[11:41:55] Can't kekulize mol.  Unkekulized atoms: 0 3 7 10 12
[11:41:55] ERROR: Could not sanitize molecule ending on line 44
[11:41:55] ERROR: Can't kekulize mol.  Unkekulized atoms: 0 3 7 10 12
[11:41:55] DEPRECATION WARNING: please use MorganGenerator
[11:41:55] DEPRECATION WARNING: please use MorganGenerator
[11:41:55] DEPRECATION WARNING: please use MorganGenerator
[11:41:55] DEPRECATION WARNING: please use MorganGenerator
[11:41:55] DEPRECATION WARNING: please use MorganGenerator
[11:41:55] DEPRECATION WARNING: please use MorganGenerator
[11:41:55] DEPRECATION WARNING: please use MorganGenerator
[11:41:55] DEPRECATION WARNING: please use MorganGenerator
[11:41:55] DEPRECATION WARNING: please use MorganGenerator
[11:41:55] DEPRECATION WARNING: please use MorganGenerator
[11:41:55] DEPRECATION WARNING: please use MorganGenerator
[11:41:55] DEPRECATION WARNING: please use MorganGenerator
[11:41:55] DEPRECATION WARNING: please use MorganGenerator
[11:41:55] DEPRECATION WARNING: please use MorganGenerator
[11:41:55] DEPRECATION WARNING: please use MorganGenerator
[11:41:55] DEPRECATION WARNING: please use MorganGenerator
[11:41:55] DEPRECATION WARNING: please use MorganGenerator
[11:41:55] DEPRECATION WARNING: please use MorganGenerator
[11:41:55] DEPRECATION WARNING: please use MorganGenerator
[11:41:55] DEPRECATION WARNING: please use MorganGenerator
[11:41:55] DEPRECATION WARNING: please use MorganGenerator
[11:41:55] DEPRECATION WARNING: please use MorganGenerator
[11:41:55] DEPRECATION WARNING: please use MorganGenerator
[11:41:55] DEPRECATION WARNING: please use MorganGenerator
[11:41:55] DEPRECATION WARNING: please use MorganGenerator
[11:41:55] DEPRECATION WARNING: please use MorganGenerator
[11:41:55] DEPRECATION WARNING: please use MorganGenerator
[11:41:55] DEPRECATION WARNING: please use MorganGenerator
[11:41:55] DEPRECATION WARNING: please use MorganGenerator
[11:41:55] DEPRECATION WARNING: please use MorganGenerator
[11:41:55] DEPRECATION WARNING: please use MorganGenerator
[11:41:55] DEPRECATION WARNING: please use MorganGenerator
[11:41:55] DEPRECATION WARNING: please use MorganGenerator
[11:41:55] DEPRECATION WARNING: please use MorganGenerator
[11:41:55] DEPRECATION WARNING: please use MorganGenerator
[11:41:55] DEPRECATION WARNING: please use MorganGenerator
[11:41:55] DEPRECATION WARNING: please use MorganGenerator
[11:41:55] DEPRECATION WARNING: please use MorganGenerator
[11:41:55] DEPRECATION WARNING: please use MorganGenerator
[11:41:55] DEPRECATION WARNING: please use MorganGenerator
[11:41:55] DEPRECATION WARNING: please use MorganGenerator
[11:41:55] DEPRECATION WARNING: please use MorganGenerator
[11:41:55] DEPRECATION WARNING: please use MorganGenerator
[11:41:55] DEPRECATION WARNING: please use MorganGenerator
[11:41:55] DEPRECATION WARNING: please use MorganGenerator
[11:41:55] DEPRECATION WARNING: please use MorganGenerator
[11:41:55] DEPRECATION WARNING: please use MorganGenerator
[11:41:55] DEPRECATION WARNING: please use MorganGenerator
[11:41:55] DEPRECATION WARNING: please use MorganGenerator
[11:41:55] DEPRECATION WARNING: please use MorganGenerator
[11:41:55] DEPRECATION WARNING: please use MorganGenerator
[11:41:55] DEPRECATION WARNING: please use MorganGenerator
[11:41:55] DEPRECATION WARNING: please use MorganGenerator
[11:41:55] DEPRECATION WARNING: please use MorganGenerator
[11:41:55] DEPRECATION WARNING: please use MorganGenerator
[11:41:55] DEPRECATION WARNING: please use MorganGenerator
[11:41:55] DEPRECATION WARNING: please use MorganGenerator
[11:41:55] DEPRECATION WARNING: please use MorganGenerator
[11:41:55] DEPRECATION WARNING: please use MorganGenerator
[11:41:55] DEPRECATION WARNING: please use MorganGenerator
[11:41:55] DEPRECATION WARNING: please use MorganGenerator
[11:41:55] DEPRECATION WARNING: please use MorganGenerator
[11:41:55] DEPRECATION WARNING: please use MorganGenerator
[11:41:55] DEPRECATION WARNING: please use MorganGenerator
[11:41:55] DEPRECATION WARNING: please use MorganGenerator
[11:41:55] DEPRECATION WARNING: please use MorganGenerator
[11:41:55] DEPRECATION WARNING: please use MorganGenerator
[11:41:55] DEPRECATION WARNING: please use MorganGenerator
[11:41:55] DEPRECATION WARNING: please use MorganGenerator
[11:41:55] DEPRECATION WARNING: please use MorganGenerator
[11:41:55] DEPRECATION WARNING: please use MorganGenerator
[11:41:55] DEPRECATION WARNING: please use MorganGenerator
[11:41:55] DEPRECATION WARNING: please use MorganGenerator
[11:41:55] DEPRECATION WARNING: please use MorganGenerator
[11:41:55] DEPRECATION WARNING: please use MorganGenerator
[11:41:55] DEPRECATION WARNING: please use MorganGenerator
[11:41:55] DEPRECATION WARNING: please use MorganGenerator
[11:41:55] DEPRECATION WARNING: please use MorganGenerator
[11:41:55] DEPRECATION WARNING: please use MorganGenerator
[11:41:55] DEPRECATION WARNING: please use MorganGenerator
[11:41:55] DEPRECATION WARNING: please use MorganGenerator
[11:41:55] DEPRECATION WARNING: please use MorganGenerator
[11:41:55] DEPRECATION WARNING: please use MorganGenerator
[11:41:55] DEPRECATION WARNING: please use MorganGenerator
[11:41:55] DEPRECATION WARNING: please use MorganGenerator
[11:41:55] DEPRECATION WARNING: please use MorganGenerator
[11:41:55] DEPRECATION WARNING: please use MorganGenerator
[11:41:55] DEPRECATION WARNING: please use MorganGenerator
MaxMin selection:  80%|████████  | 80/100 [00:02<00:00, 29.89it/s][11:41:55] Explicit valence for atom # 20 N, 4, is greater than permitted
[11:41:55] ERROR: Could not sanitize molecule ending on line 65
[11:41:55] ERROR: Explicit valence for atom # 20 N, 4, is greater than permitted
[11:41:55] Can't kekulize mol.  Unkekulized atoms: 1 2 3 5 6 18 20 22 23
[11:41:55] ERROR: Could not sanitize molecule ending on line 65
[11:41:55] ERROR: Can't kekulize mol.  Unkekulized atoms: 1 2 3 5 6 18 20 22 23
[11:41:55] Can't kekulize mol.  Unkekulized atoms: 3 13 33
[11:41:55] ERROR: Could not sanitize molecule ending on line 83
[11:41:55] ERROR: Can't kekulize mol.  Unkekulized atoms: 3 13 33
[11:41:55] Can't kekulize mol.  Unkekulized atoms: 0 2 4 5 8 9 11 21 24
[11:41:55] ERROR: Could not sanitize molecule ending on line 73
[11:41:55] ERROR: Can't kekulize mol.  Unkekulized atoms: 0 2 4 5 8 9 11 21 24
[11:41:55] Can't kekulize mol.  Unkekulized atoms: 3 4 9 13 17 18 19 25 27 30 32
[11:41:55] ERROR: Could not sanitize molecule ending on line 81
[11:41:55] ERROR: Can't kekulize mol.  Unkekulized atoms: 3 4 9 13 17 18 19 25 27 30 32
[11:41:55] Can't kekulize mol.  Unkekulized atoms: 0 7 8 18 19 22 24
[11:41:55] ERROR: Could not sanitize molecule ending on line 70
[11:41:55] ERROR: Can't kekulize mol.  Unkekulized atoms: 0 7 8 18 19 22 24
[11:41:55] Can't kekulize mol.  Unkekulized atoms: 10 14 15 26 30
[11:41:55] ERROR: Could not sanitize molecule ending on line 83
[11:41:55] ERROR: Can't kekulize mol.  Unkekulized atoms: 10 14 15 26 30
[11:41:55] DEPRECATION WARNING: please use MorganGenerator
[11:41:55] DEPRECATION WARNING: please use MorganGenerator
[11:41:55] DEPRECATION WARNING: please use MorganGenerator
[11:41:55] DEPRECATION WARNING: please use MorganGenerator
[11:41:55] DEPRECATION WARNING: please use MorganGenerator
[11:41:55] DEPRECATION WARNING: please use MorganGenerator
[11:41:55] DEPRECATION WARNING: please use MorganGenerator
[11:41:55] DEPRECATION WARNING: please use MorganGenerator
[11:41:55] DEPRECATION WARNING: please use MorganGenerator
[11:41:55] DEPRECATION WARNING: please use MorganGenerator
[11:41:55] DEPRECATION WARNING: please use MorganGenerator
[11:41:55] DEPRECATION WARNING: please use MorganGenerator
[11:41:55] DEPRECATION WARNING: please use MorganGenerator
[11:41:55] DEPRECATION WARNING: please use MorganGenerator
[11:41:55] DEPRECATION WARNING: please use MorganGenerator
[11:41:55] DEPRECATION WARNING: please use MorganGenerator
[11:41:55] DEPRECATION WARNING: please use MorganGenerator
[11:41:55] DEPRECATION WARNING: please use MorganGenerator
[11:41:55] DEPRECATION WARNING: please use MorganGenerator
[11:41:55] DEPRECATION WARNING: please use MorganGenerator
[11:41:55] DEPRECATION WARNING: please use MorganGenerator
[11:41:55] DEPRECATION WARNING: please use MorganGenerator
[11:41:55] DEPRECATION WARNING: please use MorganGenerator
[11:41:55] DEPRECATION WARNING: please use MorganGenerator
[11:41:55] DEPRECATION WARNING: please use MorganGenerator
[11:41:55] DEPRECATION WARNING: please use MorganGenerator
[11:41:55] DEPRECATION WARNING: please use MorganGenerator
[11:41:55] DEPRECATION WARNING: please use MorganGenerator
[11:41:55] DEPRECATION WARNING: please use MorganGenerator
[11:41:55] DEPRECATION WARNING: please use MorganGenerator
[11:41:55] DEPRECATION WARNING: please use MorganGenerator
[11:41:55] DEPRECATION WARNING: please use MorganGenerator
[11:41:55] DEPRECATION WARNING: please use MorganGenerator
[11:41:55] DEPRECATION WARNING: please use MorganGenerator
[11:41:55] DEPRECATION WARNING: please use MorganGenerator
[11:41:55] DEPRECATION WARNING: please use MorganGenerator
[11:41:55] DEPRECATION WARNING: please use MorganGenerator
[11:41:55] DEPRECATION WARNING: please use MorganGenerator
[11:41:55] DEPRECATION WARNING: please use MorganGenerator
[11:41:55] DEPRECATION WARNING: please use MorganGenerator
[11:41:55] DEPRECATION WARNING: please use MorganGenerator
[11:41:55] DEPRECATION WARNING: please use MorganGenerator
[11:41:55] DEPRECATION WARNING: please use MorganGenerator
[11:41:55] DEPRECATION WARNING: please use MorganGenerator
[11:41:55] DEPRECATION WARNING: please use MorganGenerator
[11:41:55] DEPRECATION WARNING: please use MorganGenerator
[11:41:55] DEPRECATION WARNING: please use MorganGenerator
[11:41:55] DEPRECATION WARNING: please use MorganGenerator
[11:41:55] DEPRECATION WARNING: please use MorganGenerator
[11:41:55] DEPRECATION WARNING: please use MorganGenerator
[11:41:55] DEPRECATION WARNING: please use MorganGenerator
[11:41:55] DEPRECATION WARNING: please use MorganGenerator
[11:41:55] DEPRECATION WARNING: please use MorganGenerator
[11:41:55] DEPRECATION WARNING: please use MorganGenerator
[11:41:55] DEPRECATION WARNING: please use MorganGenerator
[11:41:55] DEPRECATION WARNING: please use MorganGenerator
[11:41:55] DEPRECATION WARNING: please use MorganGenerator
[11:41:55] DEPRECATION WARNING: please use MorganGenerator
[11:41:55] DEPRECATION WARNING: please use MorganGenerator
[11:41:55] DEPRECATION WARNING: please use MorganGenerator
[11:41:55] DEPRECATION WARNING: please use MorganGenerator
[11:41:55] DEPRECATION WARNING: please use MorganGenerator
[11:41:55] DEPRECATION WARNING: please use MorganGenerator
[11:41:55] DEPRECATION WARNING: please use MorganGenerator
[11:41:55] DEPRECATION WARNING: please use MorganGenerator
[11:41:55] DEPRECATION WARNING: please use MorganGenerator
[11:41:55] DEPRECATION WARNING: please use MorganGenerator
[11:41:55] DEPRECATION WARNING: please use MorganGenerator
[11:41:55] DEPRECATION WARNING: please use MorganGenerator
[11:41:55] DEPRECATION WARNING: please use MorganGenerator
[11:41:55] DEPRECATION WARNING: please use MorganGenerator
[11:41:55] DEPRECATION WARNING: please use MorganGenerator
[11:41:55] DEPRECATION WARNING: please use MorganGenerator
[11:41:55] DEPRECATION WARNING: please use MorganGenerator
[11:41:55] DEPRECATION WARNING: please use MorganGenerator
[11:41:55] DEPRECATION WARNING: please use MorganGenerator
[11:41:55] DEPRECATION WARNING: please use MorganGenerator
[11:41:55] DEPRECATION WARNING: please use MorganGenerator
[11:41:55] DEPRECATION WARNING: please use MorganGenerator
[11:41:55] DEPRECATION WARNING: please use MorganGenerator
[11:41:55] DEPRECATION WARNING: please use MorganGenerator
[11:41:55] DEPRECATION WARNING: please use MorganGenerator
[11:41:55] DEPRECATION WARNING: please use MorganGenerator
[11:41:55] DEPRECATION WARNING: please use MorganGenerator
[11:41:55] DEPRECATION WARNING: please use MorganGenerator
[11:41:55] DEPRECATION WARNING: please use MorganGenerator
[11:41:55] DEPRECATION WARNING: please use MorganGenerator
[11:41:55] DEPRECATION WARNING: please use MorganGenerator
[11:41:55] DEPRECATION WARNING: please use MorganGenerator
[11:41:55] DEPRECATION WARNING: please use MorganGenerator
[11:41:55] DEPRECATION WARNING: please use MorganGenerator
[11:41:55] DEPRECATION WARNING: please use MorganGenerator
[11:41:55] DEPRECATION WARNING: please use MorganGenerator
[11:41:55] DEPRECATION WARNING: please use MorganGenerator
[11:41:55] DEPRECATION WARNING: please use MorganGenerator
[11:41:55] DEPRECATION WARNING: please use MorganGenerator
[11:41:55] Can't kekulize mol.  Unkekulized atoms: 0 5 6 15 17
[11:41:55] ERROR: Could not sanitize molecule ending on line 42
[11:41:55] ERROR: Can't kekulize mol.  Unkekulized atoms: 0 5 6 15 17
[11:41:55] Can't kekulize mol.  Unkekulized atoms: 2 4 7 8 9 10 19
[11:41:55] ERROR: Could not sanitize molecule ending on line 48
[11:41:55] ERROR: Can't kekulize mol.  Unkekulized atoms: 2 4 7 8 9 10 19
[11:41:55] Can't kekulize mol.  Unkekulized atoms: 1 5 13 15 16
[11:41:55] ERROR: Could not sanitize molecule ending on line 40
[11:41:55] ERROR: Can't kekulize mol.  Unkekulized atoms: 1 5 13 15 16
[11:41:55] Explicit valence for atom # 10 C, 6, is greater than permitted
[11:41:55] ERROR: Could not sanitize molecule ending on line 52
[11:41:55] ERROR: Explicit valence for atom # 10 C, 6, is greater than permitted
[11:41:55] DEPRECATION WARNING: please use MorganGenerator
[11:41:55] DEPRECATION WARNING: please use MorganGenerator
[11:41:55] DEPRECATION WARNING: please use MorganGenerator
[11:41:55] DEPRECATION WARNING: please use MorganGenerator
[11:41:55] DEPRECATION WARNING: please use MorganGenerator
[11:41:55] DEPRECATION WARNING: please use MorganGenerator
[11:41:55] DEPRECATION WARNING: please use MorganGenerator
[11:41:55] DEPRECATION WARNING: please use MorganGenerator
[11:41:55] DEPRECATION WARNING: please use MorganGenerator
[11:41:55] DEPRECATION WARNING: please use MorganGenerator
[11:41:55] DEPRECATION WARNING: please use MorganGenerator
[11:41:55] DEPRECATION WARNING: please use MorganGenerator
[11:41:55] DEPRECATION WARNING: please use MorganGenerator
[11:41:55] DEPRECATION WARNING: please use MorganGenerator
[11:41:55] DEPRECATION WARNING: please use MorganGenerator
[11:41:55] DEPRECATION WARNING: please use MorganGenerator
[11:41:55] DEPRECATION WARNING: please use MorganGenerator
[11:41:55] DEPRECATION WARNING: please use MorganGenerator
[11:41:55] DEPRECATION WARNING: please use MorganGenerator
[11:41:55] DEPRECATION WARNING: please use MorganGenerator
[11:41:55] DEPRECATION WARNING: please use MorganGenerator
[11:41:55] DEPRECATION WARNING: please use MorganGenerator
[11:41:55] DEPRECATION WARNING: please use MorganGenerator
[11:41:55] DEPRECATION WARNING: please use MorganGenerator
[11:41:55] DEPRECATION WARNING: please use MorganGenerator
[11:41:55] DEPRECATION WARNING: please use MorganGenerator
[11:41:55] DEPRECATION WARNING: please use MorganGenerator
[11:41:55] DEPRECATION WARNING: please use MorganGenerator
[11:41:55] DEPRECATION WARNING: please use MorganGenerator
[11:41:55] DEPRECATION WARNING: please use MorganGenerator
[11:41:55] DEPRECATION WARNING: please use MorganGenerator
[11:41:55] DEPRECATION WARNING: please use MorganGenerator
[11:41:55] DEPRECATION WARNING: please use MorganGenerator
[11:41:55] DEPRECATION WARNING: please use MorganGenerator
[11:41:55] DEPRECATION WARNING: please use MorganGenerator
[11:41:55] DEPRECATION WARNING: please use MorganGenerator
[11:41:55] DEPRECATION WARNING: please use MorganGenerator
[11:41:55] DEPRECATION WARNING: please use MorganGenerator
[11:41:55] DEPRECATION WARNING: please use MorganGenerator
[11:41:55] DEPRECATION WARNING: please use MorganGenerator
[11:41:55] DEPRECATION WARNING: please use MorganGenerator
[11:41:55] DEPRECATION WARNING: please use MorganGenerator
[11:41:55] DEPRECATION WARNING: please use MorganGenerator
[11:41:55] DEPRECATION WARNING: please use MorganGenerator
[11:41:55] DEPRECATION WARNING: please use MorganGenerator
[11:41:55] DEPRECATION WARNING: please use MorganGenerator
[11:41:55] DEPRECATION WARNING: please use MorganGenerator
[11:41:55] DEPRECATION WARNING: please use MorganGenerator
[11:41:55] DEPRECATION WARNING: please use MorganGenerator
[11:41:55] DEPRECATION WARNING: please use MorganGenerator
[11:41:55] DEPRECATION WARNING: please use MorganGenerator
[11:41:55] DEPRECATION WARNING: please use MorganGenerator
[11:41:55] DEPRECATION WARNING: please use MorganGenerator
[11:41:55] DEPRECATION WARNING: please use MorganGenerator
[11:41:55] DEPRECATION WARNING: please use MorganGenerator
[11:41:55] DEPRECATION WARNING: please use MorganGenerator
[11:41:55] DEPRECATION WARNING: please use MorganGenerator
[11:41:55] DEPRECATION WARNING: please use MorganGenerator
[11:41:55] DEPRECATION WARNING: please use MorganGenerator
[11:41:55] DEPRECATION WARNING: please use MorganGenerator
[11:41:55] DEPRECATION WARNING: please use MorganGenerator
[11:41:55] DEPRECATION WARNING: please use MorganGenerator
[11:41:55] DEPRECATION WARNING: please use MorganGenerator
[11:41:55] DEPRECATION WARNING: please use MorganGenerator
[11:41:55] DEPRECATION WARNING: please use MorganGenerator
[11:41:55] DEPRECATION WARNING: please use MorganGenerator
[11:41:55] DEPRECATION WARNING: please use MorganGenerator
[11:41:55] DEPRECATION WARNING: please use MorganGenerator
[11:41:55] DEPRECATION WARNING: please use MorganGenerator
[11:41:55] DEPRECATION WARNING: please use MorganGenerator
[11:41:55] DEPRECATION WARNING: please use MorganGenerator
[11:41:55] DEPRECATION WARNING: please use MorganGenerator
[11:41:55] DEPRECATION WARNING: please use MorganGenerator
[11:41:55] DEPRECATION WARNING: please use MorganGenerator
[11:41:55] DEPRECATION WARNING: please use MorganGenerator
[11:41:55] DEPRECATION WARNING: please use MorganGenerator
[11:41:55] DEPRECATION WARNING: please use MorganGenerator
[11:41:55] DEPRECATION WARNING: please use MorganGenerator
[11:41:55] DEPRECATION WARNING: please use MorganGenerator
[11:41:55] DEPRECATION WARNING: please use MorganGenerator
[11:41:55] DEPRECATION WARNING: please use MorganGenerator
[11:41:55] DEPRECATION WARNING: please use MorganGenerator
[11:41:55] DEPRECATION WARNING: please use MorganGenerator
[11:41:55] DEPRECATION WARNING: please use MorganGenerator
[11:41:55] DEPRECATION WARNING: please use MorganGenerator
[11:41:55] DEPRECATION WARNING: please use MorganGenerator
[11:41:55] DEPRECATION WARNING: please use MorganGenerator
[11:41:55] DEPRECATION WARNING: please use MorganGenerator
[11:41:55] DEPRECATION WARNING: please use MorganGenerator
[11:41:55] DEPRECATION WARNING: please use MorganGenerator
[11:41:55] DEPRECATION WARNING: please use MorganGenerator
[11:41:55] DEPRECATION WARNING: please use MorganGenerator
[11:41:55] DEPRECATION WARNING: please use MorganGenerator
[11:41:55] DEPRECATION WARNING: please use MorganGenerator
[11:41:55] DEPRECATION WARNING: please use MorganGenerator
[11:41:55] DEPRECATION WARNING: please use MorganGenerator
[11:41:55] DEPRECATION WARNING: please use MorganGenerator
[11:41:55] DEPRECATION WARNING: please use MorganGenerator
[11:41:55] DEPRECATION WARNING: please use MorganGenerator
[11:41:55] DEPRECATION WARNING: please use MorganGenerator
[11:41:55] DEPRECATION WARNING: please use MorganGenerator
[11:41:55] DEPRECATION WARNING: please use MorganGenerator
[11:41:55] Explicit valence for atom # 12 O, 3, is greater than permitted
[11:41:55] ERROR: Could not sanitize molecule ending on line 34
[11:41:55] ERROR: Explicit valence for atom # 12 O, 3, is greater than permitted
[11:41:55] Explicit valence for atom # 5 O, 3, is greater than permitted
[11:41:55] ERROR: Could not sanitize molecule ending on line 81
[11:41:55] ERROR: Explicit valence for atom # 5 O, 3, is greater than permitted
[11:41:55] DEPRECATION WARNING: please use MorganGenerator
[11:41:55] DEPRECATION WARNING: please use MorganGenerator
[11:41:55] DEPRECATION WARNING: please use MorganGenerator
[11:41:55] DEPRECATION WARNING: please use MorganGenerator
[11:41:55] DEPRECATION WARNING: please use MorganGenerator
[11:41:55] DEPRECATION WARNING: please use MorganGenerator
[11:41:55] DEPRECATION WARNING: please use MorganGenerator
[11:41:55] DEPRECATION WARNING: please use MorganGenerator
[11:41:55] DEPRECATION WARNING: please use MorganGenerator
[11:41:55] DEPRECATION WARNING: please use MorganGenerator
[11:41:55] DEPRECATION WARNING: please use MorganGenerator
[11:41:55] DEPRECATION WARNING: please use MorganGenerator
[11:41:55] DEPRECATION WARNING: please use MorganGenerator
[11:41:55] DEPRECATION WARNING: please use MorganGenerator
[11:41:55] DEPRECATION WARNING: please use MorganGenerator
[11:41:55] DEPRECATION WARNING: please use MorganGenerator
[11:41:55] DEPRECATION WARNING: please use MorganGenerator
[11:41:55] DEPRECATION WARNING: please use MorganGenerator
[11:41:55] DEPRECATION WARNING: please use MorganGenerator
[11:41:55] DEPRECATION WARNING: please use MorganGenerator
[11:41:55] DEPRECATION WARNING: please use MorganGenerator
[11:41:55] DEPRECATION WARNING: please use MorganGenerator
[11:41:55] DEPRECATION WARNING: please use MorganGenerator
[11:41:55] DEPRECATION WARNING: please use MorganGenerator
[11:41:55] DEPRECATION WARNING: please use MorganGenerator
[11:41:55] DEPRECATION WARNING: please use MorganGenerator
[11:41:55] DEPRECATION WARNING: please use MorganGenerator
[11:41:55] DEPRECATION WARNING: please use MorganGenerator
[11:41:55] DEPRECATION WARNING: please use MorganGenerator
[11:41:55] DEPRECATION WARNING: please use MorganGenerator
[11:41:55] DEPRECATION WARNING: please use MorganGenerator
[11:41:55] DEPRECATION WARNING: please use MorganGenerator
[11:41:55] DEPRECATION WARNING: please use MorganGenerator
[11:41:55] DEPRECATION WARNING: please use MorganGenerator
[11:41:55] DEPRECATION WARNING: please use MorganGenerator
[11:41:55] DEPRECATION WARNING: please use MorganGenerator
[11:41:55] DEPRECATION WARNING: please use MorganGenerator
[11:41:55] DEPRECATION WARNING: please use MorganGenerator
[11:41:55] DEPRECATION WARNING: please use MorganGenerator
[11:41:55] DEPRECATION WARNING: please use MorganGenerator
[11:41:55] DEPRECATION WARNING: please use MorganGenerator
[11:41:55] DEPRECATION WARNING: please use MorganGenerator
[11:41:55] DEPRECATION WARNING: please use MorganGenerator
[11:41:55] DEPRECATION WARNING: please use MorganGenerator
[11:41:55] DEPRECATION WARNING: please use MorganGenerator
[11:41:55] DEPRECATION WARNING: please use MorganGenerator
[11:41:55] DEPRECATION WARNING: please use MorganGenerator
[11:41:55] DEPRECATION WARNING: please use MorganGenerator
[11:41:55] DEPRECATION WARNING: please use MorganGenerator
[11:41:55] DEPRECATION WARNING: please use MorganGenerator
[11:41:55] DEPRECATION WARNING: please use MorganGenerator
[11:41:55] DEPRECATION WARNING: please use MorganGenerator
[11:41:55] DEPRECATION WARNING: please use MorganGenerator
[11:41:55] DEPRECATION WARNING: please use MorganGenerator
[11:41:55] DEPRECATION WARNING: please use MorganGenerator
[11:41:55] DEPRECATION WARNING: please use MorganGenerator
[11:41:55] DEPRECATION WARNING: please use MorganGenerator
[11:41:55] DEPRECATION WARNING: please use MorganGenerator
[11:41:55] DEPRECATION WARNING: please use MorganGenerator
[11:41:55] DEPRECATION WARNING: please use MorganGenerator
[11:41:55] DEPRECATION WARNING: please use MorganGenerator
[11:41:55] DEPRECATION WARNING: please use MorganGenerator
[11:41:55] DEPRECATION WARNING: please use MorganGenerator
[11:41:55] DEPRECATION WARNING: please use MorganGenerator
[11:41:55] DEPRECATION WARNING: please use MorganGenerator
[11:41:55] DEPRECATION WARNING: please use MorganGenerator
[11:41:55] DEPRECATION WARNING: please use MorganGenerator
[11:41:55] DEPRECATION WARNING: please use MorganGenerator
[11:41:55] DEPRECATION WARNING: please use MorganGenerator
[11:41:55] DEPRECATION WARNING: please use MorganGenerator
[11:41:55] DEPRECATION WARNING: please use MorganGenerator
[11:41:55] DEPRECATION WARNING: please use MorganGenerator
[11:41:55] DEPRECATION WARNING: please use MorganGenerator
[11:41:55] DEPRECATION WARNING: please use MorganGenerator
[11:41:55] DEPRECATION WARNING: please use MorganGenerator
[11:41:55] DEPRECATION WARNING: please use MorganGenerator
[11:41:55] DEPRECATION WARNING: please use MorganGenerator
[11:41:55] DEPRECATION WARNING: please use MorganGenerator
[11:41:55] DEPRECATION WARNING: please use MorganGenerator
[11:41:55] DEPRECATION WARNING: please use MorganGenerator
[11:41:55] DEPRECATION WARNING: please use MorganGenerator
[11:41:55] DEPRECATION WARNING: please use MorganGenerator
[11:41:55] DEPRECATION WARNING: please use MorganGenerator
[11:41:55] DEPRECATION WARNING: please use MorganGenerator
[11:41:55] DEPRECATION WARNING: please use MorganGenerator
[11:41:55] DEPRECATION WARNING: please use MorganGenerator
[11:41:55] DEPRECATION WARNING: please use MorganGenerator
[11:41:55] DEPRECATION WARNING: please use MorganGenerator
[11:41:55] DEPRECATION WARNING: please use MorganGenerator
[11:41:55] DEPRECATION WARNING: please use MorganGenerator
[11:41:55] DEPRECATION WARNING: please use MorganGenerator
[11:41:55] DEPRECATION WARNING: please use MorganGenerator
[11:41:55] DEPRECATION WARNING: please use MorganGenerator
[11:41:55] DEPRECATION WARNING: please use MorganGenerator
[11:41:55] DEPRECATION WARNING: please use MorganGenerator
[11:41:55] DEPRECATION WARNING: please use MorganGenerator
[11:41:55] DEPRECATION WARNING: please use MorganGenerator
[11:41:55] DEPRECATION WARNING: please use MorganGenerator
[11:41:55] DEPRECATION WARNING: please use MorganGenerator
[11:41:55] DEPRECATION WARNING: please use MorganGenerator
[11:41:55] DEPRECATION WARNING: please use MorganGenerator
[11:41:55] DEPRECATION WARNING: please use MorganGenerator
[11:41:55] DEPRECATION WARNING: please use MorganGenerator
[11:41:55] DEPRECATION WARNING: please use MorganGenerator
[11:41:55] DEPRECATION WARNING: please use MorganGenerator
[11:41:55] DEPRECATION WARNING: please use MorganGenerator
[11:41:55] Can't kekulize mol.  Unkekulized atoms: 9 10 12 13 15 17 18 19 22 24 25
[11:41:55] ERROR: Could not sanitize molecule ending on line 61
[11:41:55] ERROR: Can't kekulize mol.  Unkekulized atoms: 9 10 12 13 15 17 18 19 22 24 25
[11:41:55] Can't kekulize mol.  Unkekulized atoms: 1 4 5 7 8 9 11 12 13 15 16 17 18 20 22 23 25 26 28 30 31 32 33 36 38
[11:41:55] ERROR: Could not sanitize molecule ending on line 89
[11:41:55] ERROR: Can't kekulize mol.  Unkekulized atoms: 1 4 5 7 8 9 11 12 13 15 16 17 18 20 22 23 25 26 28 30 31 32 33 36 38
[11:41:55] Explicit valence for atom # 19 C, 6, is greater than permitted
[11:41:55] ERROR: Could not sanitize molecule ending on line 61
[11:41:55] ERROR: Explicit valence for atom # 19 C, 6, is greater than permitted
[11:41:55] DEPRECATION WARNING: please use MorganGenerator
[11:41:55] DEPRECATION WARNING: please use MorganGenerator
[11:41:55] DEPRECATION WARNING: please use MorganGenerator
[11:41:55] DEPRECATION WARNING: please use MorganGenerator
[11:41:55] DEPRECATION WARNING: please use MorganGenerator
[11:41:55] DEPRECATION WARNING: please use MorganGenerator
[11:41:55] DEPRECATION WARNING: please use MorganGenerator
[11:41:55] DEPRECATION WARNING: please use MorganGenerator
[11:41:55] DEPRECATION WARNING: please use MorganGenerator
[11:41:55] DEPRECATION WARNING: please use MorganGenerator
[11:41:55] DEPRECATION WARNING: please use MorganGenerator
[11:41:55] DEPRECATION WARNING: please use MorganGenerator
[11:41:55] DEPRECATION WARNING: please use MorganGenerator
[11:41:55] DEPRECATION WARNING: please use MorganGenerator
[11:41:55] DEPRECATION WARNING: please use MorganGenerator
[11:41:55] DEPRECATION WARNING: please use MorganGenerator
[11:41:55] DEPRECATION WARNING: please use MorganGenerator
[11:41:55] DEPRECATION WARNING: please use MorganGenerator
[11:41:55] DEPRECATION WARNING: please use MorganGenerator
[11:41:55] DEPRECATION WARNING: please use MorganGenerator
[11:41:55] DEPRECATION WARNING: please use MorganGenerator
[11:41:55] DEPRECATION WARNING: please use MorganGenerator
[11:41:55] DEPRECATION WARNING: please use MorganGenerator
[11:41:55] DEPRECATION WARNING: please use MorganGenerator
[11:41:55] DEPRECATION WARNING: please use MorganGenerator
[11:41:55] DEPRECATION WARNING: please use MorganGenerator
[11:41:55] DEPRECATION WARNING: please use MorganGenerator
[11:41:55] DEPRECATION WARNING: please use MorganGenerator
[11:41:55] DEPRECATION WARNING: please use MorganGenerator
[11:41:55] DEPRECATION WARNING: please use MorganGenerator
[11:41:55] DEPRECATION WARNING: please use MorganGenerator
[11:41:55] DEPRECATION WARNING: please use MorganGenerator
[11:41:55] DEPRECATION WARNING: please use MorganGenerator
[11:41:55] DEPRECATION WARNING: please use MorganGenerator
[11:41:55] DEPRECATION WARNING: please use MorganGenerator
[11:41:55] DEPRECATION WARNING: please use MorganGenerator
[11:41:55] DEPRECATION WARNING: please use MorganGenerator
[11:41:55] DEPRECATION WARNING: please use MorganGenerator
[11:41:55] DEPRECATION WARNING: please use MorganGenerator
[11:41:55] DEPRECATION WARNING: please use MorganGenerator
[11:41:55] DEPRECATION WARNING: please use MorganGenerator
[11:41:55] DEPRECATION WARNING: please use MorganGenerator
[11:41:55] DEPRECATION WARNING: please use MorganGenerator
[11:41:55] DEPRECATION WARNING: please use MorganGenerator
[11:41:55] DEPRECATION WARNING: please use MorganGenerator
[11:41:55] DEPRECATION WARNING: please use MorganGenerator
[11:41:55] DEPRECATION WARNING: please use MorganGenerator
[11:41:55] DEPRECATION WARNING: please use MorganGenerator
[11:41:55] DEPRECATION WARNING: please use MorganGenerator
[11:41:55] DEPRECATION WARNING: please use MorganGenerator
[11:41:55] DEPRECATION WARNING: please use MorganGenerator
[11:41:55] DEPRECATION WARNING: please use MorganGenerator
[11:41:55] DEPRECATION WARNING: please use MorganGenerator
[11:41:55] DEPRECATION WARNING: please use MorganGenerator
[11:41:55] DEPRECATION WARNING: please use MorganGenerator
[11:41:55] DEPRECATION WARNING: please use MorganGenerator
[11:41:55] DEPRECATION WARNING: please use MorganGenerator
[11:41:55] DEPRECATION WARNING: please use MorganGenerator
[11:41:55] DEPRECATION WARNING: please use MorganGenerator
[11:41:55] DEPRECATION WARNING: please use MorganGenerator
[11:41:55] DEPRECATION WARNING: please use MorganGenerator
[11:41:55] DEPRECATION WARNING: please use MorganGenerator
[11:41:55] DEPRECATION WARNING: please use MorganGenerator
[11:41:55] DEPRECATION WARNING: please use MorganGenerator
[11:41:55] DEPRECATION WARNING: please use MorganGenerator
[11:41:55] DEPRECATION WARNING: please use MorganGenerator
[11:41:55] DEPRECATION WARNING: please use MorganGenerator
[11:41:55] DEPRECATION WARNING: please use MorganGenerator
[11:41:55] DEPRECATION WARNING: please use MorganGenerator
[11:41:55] DEPRECATION WARNING: please use MorganGenerator
[11:41:55] DEPRECATION WARNING: please use MorganGenerator
[11:41:55] DEPRECATION WARNING: please use MorganGenerator
[11:41:55] DEPRECATION WARNING: please use MorganGenerator
[11:41:55] DEPRECATION WARNING: please use MorganGenerator
[11:41:55] DEPRECATION WARNING: please use MorganGenerator
[11:41:55] DEPRECATION WARNING: please use MorganGenerator
[11:41:55] DEPRECATION WARNING: please use MorganGenerator
[11:41:55] DEPRECATION WARNING: please use MorganGenerator
[11:41:55] DEPRECATION WARNING: please use MorganGenerator
[11:41:55] DEPRECATION WARNING: please use MorganGenerator
[11:41:55] DEPRECATION WARNING: please use MorganGenerator
[11:41:55] DEPRECATION WARNING: please use MorganGenerator
[11:41:55] DEPRECATION WARNING: please use MorganGenerator
[11:41:55] DEPRECATION WARNING: please use MorganGenerator
[11:41:55] DEPRECATION WARNING: please use MorganGenerator
[11:41:55] DEPRECATION WARNING: please use MorganGenerator
[11:41:55] DEPRECATION WARNING: please use MorganGenerator
[11:41:55] DEPRECATION WARNING: please use MorganGenerator
[11:41:55] DEPRECATION WARNING: please use MorganGenerator
[11:41:55] DEPRECATION WARNING: please use MorganGenerator
[11:41:55] DEPRECATION WARNING: please use MorganGenerator
[11:41:55] DEPRECATION WARNING: please use MorganGenerator
[11:41:55] DEPRECATION WARNING: please use MorganGenerator
[11:41:55] DEPRECATION WARNING: please use MorganGenerator
[11:41:55] DEPRECATION WARNING: please use MorganGenerator
[11:41:55] DEPRECATION WARNING: please use MorganGenerator
[11:41:55] DEPRECATION WARNING: please use MorganGenerator
[11:41:55] DEPRECATION WARNING: please use MorganGenerator
[11:41:55] DEPRECATION WARNING: please use MorganGenerator
[11:41:55] DEPRECATION WARNING: please use MorganGenerator
[11:41:55] DEPRECATION WARNING: please use MorganGenerator
[11:41:55] DEPRECATION WARNING: please use MorganGenerator
[11:41:55] DEPRECATION WARNING: please use MorganGenerator
[11:41:55] DEPRECATION WARNING: please use MorganGenerator
MaxMin selection:  84%|████████▍ | 84/100 [00:02<00:00, 30.18it/s][11:41:55] Explicit valence for atom # 15 N, 4, is greater than permitted
[11:41:55] ERROR: Could not sanitize molecule ending on line 65
[11:41:55] ERROR: Explicit valence for atom # 15 N, 4, is greater than permitted
[11:41:55] Explicit valence for atom # 20 C, 5, is greater than permitted
[11:41:55] ERROR: Could not sanitize molecule ending on line 63
[11:41:55] ERROR: Explicit valence for atom # 20 C, 5, is greater than permitted
[11:41:55] Can't kekulize mol.  Unkekulized atoms: 0 5 8 12 13 14 17 22 23
[11:41:55] ERROR: Could not sanitize molecule ending on line 57
[11:41:55] ERROR: Can't kekulize mol.  Unkekulized atoms: 0 5 8 12 13 14 17 22 23
[11:41:55] Can't kekulize mol.  Unkekulized atoms: 1 3 4 5 7 8 10 11 12 18 20 21 23 24 25
[11:41:55] ERROR: Could not sanitize molecule ending on line 60
[11:41:55] ERROR: Can't kekulize mol.  Unkekulized atoms: 1 3 4 5 7 8 10 11 12 18 20 21 23 24 25
[11:41:55] Explicit valence for atom # 18 O, 3, is greater than permitted
[11:41:55] ERROR: Could not sanitize molecule ending on line 58
[11:41:55] ERROR: Explicit valence for atom # 18 O, 3, is greater than permitted
[11:41:55] Explicit valence for atom # 18 C, 5, is greater than permitted
[11:41:55] ERROR: Could not sanitize molecule ending on line 64
[11:41:55] ERROR: Explicit valence for atom # 18 C, 5, is greater than permitted
[11:41:55] Can't kekulize mol.  Unkekulized atoms: 0 5 6 10 13 16 17 18 19 21 22
[11:41:55] ERROR: Could not sanitize molecule ending on line 61
[11:41:55] ERROR: Can't kekulize mol.  Unkekulized atoms: 0 5 6 10 13 16 17 18 19 21 22
[11:41:55] Can't kekulize mol.  Unkekulized atoms: 1 2 4 7 11 15 16 18 19 21 22 23 24
[11:41:55] ERROR: Could not sanitize molecule ending on line 57
[11:41:55] ERROR: Can't kekulize mol.  Unkekulized atoms: 1 2 4 7 11 15 16 18 19 21 22 23 24
[11:41:55] Can't kekulize mol.  Unkekulized atoms: 1 2 4 8 10 13 14 17 20
[11:41:55] ERROR: Could not sanitize molecule ending on line 52
[11:41:55] ERROR: Can't kekulize mol.  Unkekulized atoms: 1 2 4 8 10 13 14 17 20
[11:41:55] DEPRECATION WARNING: please use MorganGenerator
[11:41:55] DEPRECATION WARNING: please use MorganGenerator
[11:41:55] DEPRECATION WARNING: please use MorganGenerator
[11:41:55] DEPRECATION WARNING: please use MorganGenerator
[11:41:55] DEPRECATION WARNING: please use MorganGenerator
[11:41:55] DEPRECATION WARNING: please use MorganGenerator
[11:41:55] DEPRECATION WARNING: please use MorganGenerator
[11:41:55] DEPRECATION WARNING: please use MorganGenerator
[11:41:55] DEPRECATION WARNING: please use MorganGenerator
[11:41:55] DEPRECATION WARNING: please use MorganGenerator
[11:41:55] DEPRECATION WARNING: please use MorganGenerator
[11:41:55] DEPRECATION WARNING: please use MorganGenerator
[11:41:55] DEPRECATION WARNING: please use MorganGenerator
[11:41:55] DEPRECATION WARNING: please use MorganGenerator
[11:41:55] DEPRECATION WARNING: please use MorganGenerator
[11:41:55] DEPRECATION WARNING: please use MorganGenerator
[11:41:55] DEPRECATION WARNING: please use MorganGenerator
[11:41:55] DEPRECATION WARNING: please use MorganGenerator
[11:41:55] DEPRECATION WARNING: please use MorganGenerator
[11:41:55] DEPRECATION WARNING: please use MorganGenerator
[11:41:55] DEPRECATION WARNING: please use MorganGenerator
[11:41:55] DEPRECATION WARNING: please use MorganGenerator
[11:41:55] DEPRECATION WARNING: please use MorganGenerator
[11:41:55] DEPRECATION WARNING: please use MorganGenerator
[11:41:55] DEPRECATION WARNING: please use MorganGenerator
[11:41:55] DEPRECATION WARNING: please use MorganGenerator
[11:41:55] DEPRECATION WARNING: please use MorganGenerator
[11:41:55] DEPRECATION WARNING: please use MorganGenerator
[11:41:55] DEPRECATION WARNING: please use MorganGenerator
[11:41:55] DEPRECATION WARNING: please use MorganGenerator
[11:41:55] DEPRECATION WARNING: please use MorganGenerator
[11:41:55] DEPRECATION WARNING: please use MorganGenerator
[11:41:55] DEPRECATION WARNING: please use MorganGenerator
[11:41:55] DEPRECATION WARNING: please use MorganGenerator
[11:41:55] DEPRECATION WARNING: please use MorganGenerator
[11:41:55] DEPRECATION WARNING: please use MorganGenerator
[11:41:55] DEPRECATION WARNING: please use MorganGenerator
[11:41:55] DEPRECATION WARNING: please use MorganGenerator
[11:41:55] DEPRECATION WARNING: please use MorganGenerator
[11:41:55] DEPRECATION WARNING: please use MorganGenerator
[11:41:55] DEPRECATION WARNING: please use MorganGenerator
[11:41:55] DEPRECATION WARNING: please use MorganGenerator
[11:41:55] DEPRECATION WARNING: please use MorganGenerator
[11:41:55] DEPRECATION WARNING: please use MorganGenerator
[11:41:55] DEPRECATION WARNING: please use MorganGenerator
[11:41:55] DEPRECATION WARNING: please use MorganGenerator
[11:41:55] DEPRECATION WARNING: please use MorganGenerator
[11:41:55] DEPRECATION WARNING: please use MorganGenerator
[11:41:55] DEPRECATION WARNING: please use MorganGenerator
[11:41:55] DEPRECATION WARNING: please use MorganGenerator
[11:41:55] DEPRECATION WARNING: please use MorganGenerator
[11:41:55] DEPRECATION WARNING: please use MorganGenerator
[11:41:55] DEPRECATION WARNING: please use MorganGenerator
[11:41:55] DEPRECATION WARNING: please use MorganGenerator
[11:41:55] DEPRECATION WARNING: please use MorganGenerator
[11:41:55] DEPRECATION WARNING: please use MorganGenerator
[11:41:55] DEPRECATION WARNING: please use MorganGenerator
[11:41:55] DEPRECATION WARNING: please use MorganGenerator
[11:41:55] DEPRECATION WARNING: please use MorganGenerator
[11:41:55] DEPRECATION WARNING: please use MorganGenerator
[11:41:55] DEPRECATION WARNING: please use MorganGenerator
[11:41:55] DEPRECATION WARNING: please use MorganGenerator
[11:41:55] DEPRECATION WARNING: please use MorganGenerator
[11:41:55] DEPRECATION WARNING: please use MorganGenerator
[11:41:55] DEPRECATION WARNING: please use MorganGenerator
[11:41:55] DEPRECATION WARNING: please use MorganGenerator
[11:41:55] DEPRECATION WARNING: please use MorganGenerator
[11:41:55] DEPRECATION WARNING: please use MorganGenerator
[11:41:55] DEPRECATION WARNING: please use MorganGenerator
[11:41:55] DEPRECATION WARNING: please use MorganGenerator
[11:41:55] DEPRECATION WARNING: please use MorganGenerator
[11:41:55] DEPRECATION WARNING: please use MorganGenerator
[11:41:55] DEPRECATION WARNING: please use MorganGenerator
[11:41:55] DEPRECATION WARNING: please use MorganGenerator
[11:41:55] DEPRECATION WARNING: please use MorganGenerator
[11:41:55] DEPRECATION WARNING: please use MorganGenerator
[11:41:55] DEPRECATION WARNING: please use MorganGenerator
[11:41:55] DEPRECATION WARNING: please use MorganGenerator
[11:41:55] DEPRECATION WARNING: please use MorganGenerator
[11:41:55] DEPRECATION WARNING: please use MorganGenerator
[11:41:55] DEPRECATION WARNING: please use MorganGenerator
[11:41:55] DEPRECATION WARNING: please use MorganGenerator
[11:41:55] DEPRECATION WARNING: please use MorganGenerator
[11:41:55] DEPRECATION WARNING: please use MorganGenerator
[11:41:55] DEPRECATION WARNING: please use MorganGenerator
[11:41:55] DEPRECATION WARNING: please use MorganGenerator
[11:41:55] DEPRECATION WARNING: please use MorganGenerator
[11:41:55] DEPRECATION WARNING: please use MorganGenerator
[11:41:55] DEPRECATION WARNING: please use MorganGenerator
[11:41:55] DEPRECATION WARNING: please use MorganGenerator
[11:41:55] DEPRECATION WARNING: please use MorganGenerator
[11:41:55] DEPRECATION WARNING: please use MorganGenerator
[11:41:55] Explicit valence for atom # 7 O, 3, is greater than permitted
[11:41:55] ERROR: Could not sanitize molecule ending on line 98
[11:41:55] ERROR: Explicit valence for atom # 7 O, 3, is greater than permitted
[11:41:55] Can't kekulize mol.  Unkekulized atoms: 3 4 6 9 13 23 24 28 30
[11:41:55] ERROR: Could not sanitize molecule ending on line 74
[11:41:55] ERROR: Can't kekulize mol.  Unkekulized atoms: 3 4 6 9 13 23 24 28 30
[11:41:55] Explicit valence for atom # 32 O, 3, is greater than permitted
[11:41:55] ERROR: Could not sanitize molecule ending on line 97
[11:41:55] ERROR: Explicit valence for atom # 32 O, 3, is greater than permitted
[11:41:55] DEPRECATION WARNING: please use MorganGenerator
[11:41:55] DEPRECATION WARNING: please use MorganGenerator
[11:41:55] DEPRECATION WARNING: please use MorganGenerator
[11:41:55] DEPRECATION WARNING: please use MorganGenerator
[11:41:55] DEPRECATION WARNING: please use MorganGenerator
[11:41:55] DEPRECATION WARNING: please use MorganGenerator
[11:41:55] DEPRECATION WARNING: please use MorganGenerator
[11:41:55] DEPRECATION WARNING: please use MorganGenerator
[11:41:55] DEPRECATION WARNING: please use MorganGenerator
[11:41:55] DEPRECATION WARNING: please use MorganGenerator
[11:41:55] DEPRECATION WARNING: please use MorganGenerator
[11:41:55] DEPRECATION WARNING: please use MorganGenerator
[11:41:55] DEPRECATION WARNING: please use MorganGenerator
[11:41:55] DEPRECATION WARNING: please use MorganGenerator
[11:41:55] DEPRECATION WARNING: please use MorganGenerator
[11:41:55] DEPRECATION WARNING: please use MorganGenerator
[11:41:55] DEPRECATION WARNING: please use MorganGenerator
[11:41:55] DEPRECATION WARNING: please use MorganGenerator
[11:41:55] DEPRECATION WARNING: please use MorganGenerator
[11:41:55] DEPRECATION WARNING: please use MorganGenerator
[11:41:55] DEPRECATION WARNING: please use MorganGenerator
[11:41:55] DEPRECATION WARNING: please use MorganGenerator
[11:41:55] DEPRECATION WARNING: please use MorganGenerator
[11:41:55] DEPRECATION WARNING: please use MorganGenerator
[11:41:55] DEPRECATION WARNING: please use MorganGenerator
[11:41:55] DEPRECATION WARNING: please use MorganGenerator
[11:41:55] DEPRECATION WARNING: please use MorganGenerator
[11:41:55] DEPRECATION WARNING: please use MorganGenerator
[11:41:55] DEPRECATION WARNING: please use MorganGenerator
[11:41:55] DEPRECATION WARNING: please use MorganGenerator
[11:41:55] DEPRECATION WARNING: please use MorganGenerator
[11:41:55] DEPRECATION WARNING: please use MorganGenerator
[11:41:55] DEPRECATION WARNING: please use MorganGenerator
[11:41:55] DEPRECATION WARNING: please use MorganGenerator
[11:41:55] DEPRECATION WARNING: please use MorganGenerator
[11:41:55] DEPRECATION WARNING: please use MorganGenerator
[11:41:55] DEPRECATION WARNING: please use MorganGenerator
[11:41:55] DEPRECATION WARNING: please use MorganGenerator
[11:41:55] DEPRECATION WARNING: please use MorganGenerator
[11:41:55] DEPRECATION WARNING: please use MorganGenerator
[11:41:55] DEPRECATION WARNING: please use MorganGenerator
[11:41:55] DEPRECATION WARNING: please use MorganGenerator
[11:41:55] DEPRECATION WARNING: please use MorganGenerator
[11:41:55] DEPRECATION WARNING: please use MorganGenerator
[11:41:55] DEPRECATION WARNING: please use MorganGenerator
[11:41:55] DEPRECATION WARNING: please use MorganGenerator
[11:41:55] DEPRECATION WARNING: please use MorganGenerator
[11:41:55] DEPRECATION WARNING: please use MorganGenerator
[11:41:55] DEPRECATION WARNING: please use MorganGenerator
[11:41:55] DEPRECATION WARNING: please use MorganGenerator
[11:41:55] DEPRECATION WARNING: please use MorganGenerator
[11:41:55] DEPRECATION WARNING: please use MorganGenerator
[11:41:55] DEPRECATION WARNING: please use MorganGenerator
[11:41:55] DEPRECATION WARNING: please use MorganGenerator
[11:41:55] DEPRECATION WARNING: please use MorganGenerator
[11:41:55] DEPRECATION WARNING: please use MorganGenerator
[11:41:55] DEPRECATION WARNING: please use MorganGenerator
[11:41:55] DEPRECATION WARNING: please use MorganGenerator
[11:41:55] DEPRECATION WARNING: please use MorganGenerator
[11:41:55] DEPRECATION WARNING: please use MorganGenerator
[11:41:55] DEPRECATION WARNING: please use MorganGenerator
[11:41:55] DEPRECATION WARNING: please use MorganGenerator
[11:41:55] DEPRECATION WARNING: please use MorganGenerator
[11:41:55] DEPRECATION WARNING: please use MorganGenerator
[11:41:55] DEPRECATION WARNING: please use MorganGenerator
[11:41:55] DEPRECATION WARNING: please use MorganGenerator
[11:41:55] DEPRECATION WARNING: please use MorganGenerator
[11:41:55] DEPRECATION WARNING: please use MorganGenerator
[11:41:55] DEPRECATION WARNING: please use MorganGenerator
[11:41:55] DEPRECATION WARNING: please use MorganGenerator
[11:41:55] DEPRECATION WARNING: please use MorganGenerator
[11:41:55] DEPRECATION WARNING: please use MorganGenerator
[11:41:55] DEPRECATION WARNING: please use MorganGenerator
[11:41:55] DEPRECATION WARNING: please use MorganGenerator
[11:41:55] DEPRECATION WARNING: please use MorganGenerator
[11:41:55] DEPRECATION WARNING: please use MorganGenerator
[11:41:55] DEPRECATION WARNING: please use MorganGenerator
[11:41:55] DEPRECATION WARNING: please use MorganGenerator
[11:41:55] DEPRECATION WARNING: please use MorganGenerator
[11:41:55] DEPRECATION WARNING: please use MorganGenerator
[11:41:55] DEPRECATION WARNING: please use MorganGenerator
[11:41:55] DEPRECATION WARNING: please use MorganGenerator
[11:41:55] DEPRECATION WARNING: please use MorganGenerator
[11:41:55] DEPRECATION WARNING: please use MorganGenerator
[11:41:55] DEPRECATION WARNING: please use MorganGenerator
[11:41:55] DEPRECATION WARNING: please use MorganGenerator
[11:41:55] DEPRECATION WARNING: please use MorganGenerator
[11:41:55] DEPRECATION WARNING: please use MorganGenerator
[11:41:55] DEPRECATION WARNING: please use MorganGenerator
[11:41:55] DEPRECATION WARNING: please use MorganGenerator
[11:41:55] DEPRECATION WARNING: please use MorganGenerator
[11:41:55] DEPRECATION WARNING: please use MorganGenerator
[11:41:55] DEPRECATION WARNING: please use MorganGenerator
[11:41:55] DEPRECATION WARNING: please use MorganGenerator
[11:41:55] DEPRECATION WARNING: please use MorganGenerator
[11:41:55] DEPRECATION WARNING: please use MorganGenerator
[11:41:55] DEPRECATION WARNING: please use MorganGenerator
[11:41:55] DEPRECATION WARNING: please use MorganGenerator
[11:41:55] DEPRECATION WARNING: please use MorganGenerator
[11:41:55] DEPRECATION WARNING: please use MorganGenerator
[11:41:55] DEPRECATION WARNING: please use MorganGenerator
[11:41:55] DEPRECATION WARNING: please use MorganGenerator
[11:41:55] DEPRECATION WARNING: please use MorganGenerator
[11:41:55] DEPRECATION WARNING: please use MorganGenerator
[11:41:55] Can't kekulize mol.  Unkekulized atoms: 15 16 21
[11:41:55] ERROR: Could not sanitize molecule ending on line 60
[11:41:55] ERROR: Can't kekulize mol.  Unkekulized atoms: 15 16 21
[11:41:55] Can't kekulize mol.  Unkekulized atoms: 2 14 16 25 26
[11:41:55] ERROR: Could not sanitize molecule ending on line 71
[11:41:55] ERROR: Can't kekulize mol.  Unkekulized atoms: 2 14 16 25 26
[11:41:55] Can't kekulize mol.  Unkekulized atoms: 0 3 4 7 11 14 19
[11:41:55] ERROR: Could not sanitize molecule ending on line 54
[11:41:55] ERROR: Can't kekulize mol.  Unkekulized atoms: 0 3 4 7 11 14 19
[11:41:55] Can't kekulize mol.  Unkekulized atoms: 4 9 10 14 15 20 25 26 31
[11:41:55] ERROR: Could not sanitize molecule ending on line 80
[11:41:55] ERROR: Can't kekulize mol.  Unkekulized atoms: 4 9 10 14 15 20 25 26 31
[11:41:55] Explicit valence for atom # 31 C, 5, is greater than permitted
[11:41:55] ERROR: Could not sanitize molecule ending on line 74
[11:41:55] ERROR: Explicit valence for atom # 31 C, 5, is greater than permitted
[11:41:55] DEPRECATION WARNING: please use MorganGenerator
[11:41:55] DEPRECATION WARNING: please use MorganGenerator
[11:41:55] DEPRECATION WARNING: please use MorganGenerator
[11:41:55] DEPRECATION WARNING: please use MorganGenerator
[11:41:55] DEPRECATION WARNING: please use MorganGenerator
[11:41:55] DEPRECATION WARNING: please use MorganGenerator
[11:41:55] DEPRECATION WARNING: please use MorganGenerator
[11:41:55] DEPRECATION WARNING: please use MorganGenerator
[11:41:55] DEPRECATION WARNING: please use MorganGenerator
[11:41:55] DEPRECATION WARNING: please use MorganGenerator
[11:41:55] DEPRECATION WARNING: please use MorganGenerator
[11:41:55] DEPRECATION WARNING: please use MorganGenerator
[11:41:55] DEPRECATION WARNING: please use MorganGenerator
[11:41:55] DEPRECATION WARNING: please use MorganGenerator
[11:41:55] DEPRECATION WARNING: please use MorganGenerator
[11:41:55] DEPRECATION WARNING: please use MorganGenerator
[11:41:55] DEPRECATION WARNING: please use MorganGenerator
[11:41:55] DEPRECATION WARNING: please use MorganGenerator
[11:41:55] DEPRECATION WARNING: please use MorganGenerator
[11:41:55] DEPRECATION WARNING: please use MorganGenerator
[11:41:55] DEPRECATION WARNING: please use MorganGenerator
[11:41:55] DEPRECATION WARNING: please use MorganGenerator
[11:41:55] DEPRECATION WARNING: please use MorganGenerator
[11:41:55] DEPRECATION WARNING: please use MorganGenerator
[11:41:55] DEPRECATION WARNING: please use MorganGenerator
[11:41:55] DEPRECATION WARNING: please use MorganGenerator
[11:41:55] DEPRECATION WARNING: please use MorganGenerator
[11:41:55] DEPRECATION WARNING: please use MorganGenerator
[11:41:55] DEPRECATION WARNING: please use MorganGenerator
[11:41:55] DEPRECATION WARNING: please use MorganGenerator
[11:41:55] DEPRECATION WARNING: please use MorganGenerator
[11:41:55] DEPRECATION WARNING: please use MorganGenerator
[11:41:55] DEPRECATION WARNING: please use MorganGenerator
[11:41:55] DEPRECATION WARNING: please use MorganGenerator
[11:41:55] DEPRECATION WARNING: please use MorganGenerator
[11:41:55] DEPRECATION WARNING: please use MorganGenerator
[11:41:55] DEPRECATION WARNING: please use MorganGenerator
[11:41:55] DEPRECATION WARNING: please use MorganGenerator
[11:41:55] DEPRECATION WARNING: please use MorganGenerator
[11:41:55] DEPRECATION WARNING: please use MorganGenerator
[11:41:55] DEPRECATION WARNING: please use MorganGenerator
[11:41:55] DEPRECATION WARNING: please use MorganGenerator
[11:41:55] DEPRECATION WARNING: please use MorganGenerator
[11:41:55] DEPRECATION WARNING: please use MorganGenerator
[11:41:55] DEPRECATION WARNING: please use MorganGenerator
[11:41:55] DEPRECATION WARNING: please use MorganGenerator
[11:41:55] DEPRECATION WARNING: please use MorganGenerator
[11:41:55] DEPRECATION WARNING: please use MorganGenerator
[11:41:55] DEPRECATION WARNING: please use MorganGenerator
[11:41:55] DEPRECATION WARNING: please use MorganGenerator
[11:41:55] DEPRECATION WARNING: please use MorganGenerator
[11:41:55] DEPRECATION WARNING: please use MorganGenerator
[11:41:55] DEPRECATION WARNING: please use MorganGenerator
[11:41:55] DEPRECATION WARNING: please use MorganGenerator
[11:41:55] DEPRECATION WARNING: please use MorganGenerator
[11:41:55] DEPRECATION WARNING: please use MorganGenerator
[11:41:55] DEPRECATION WARNING: please use MorganGenerator
[11:41:55] DEPRECATION WARNING: please use MorganGenerator
[11:41:55] DEPRECATION WARNING: please use MorganGenerator
[11:41:55] DEPRECATION WARNING: please use MorganGenerator
[11:41:55] DEPRECATION WARNING: please use MorganGenerator
[11:41:55] DEPRECATION WARNING: please use MorganGenerator
[11:41:55] DEPRECATION WARNING: please use MorganGenerator
[11:41:55] DEPRECATION WARNING: please use MorganGenerator
[11:41:55] DEPRECATION WARNING: please use MorganGenerator
[11:41:55] DEPRECATION WARNING: please use MorganGenerator
[11:41:55] DEPRECATION WARNING: please use MorganGenerator
[11:41:55] DEPRECATION WARNING: please use MorganGenerator
[11:41:55] DEPRECATION WARNING: please use MorganGenerator
[11:41:55] DEPRECATION WARNING: please use MorganGenerator
[11:41:55] DEPRECATION WARNING: please use MorganGenerator
[11:41:55] DEPRECATION WARNING: please use MorganGenerator
[11:41:55] DEPRECATION WARNING: please use MorganGenerator
[11:41:55] DEPRECATION WARNING: please use MorganGenerator
[11:41:55] DEPRECATION WARNING: please use MorganGenerator
[11:41:55] DEPRECATION WARNING: please use MorganGenerator
[11:41:55] DEPRECATION WARNING: please use MorganGenerator
[11:41:55] DEPRECATION WARNING: please use MorganGenerator
[11:41:55] DEPRECATION WARNING: please use MorganGenerator
[11:41:55] DEPRECATION WARNING: please use MorganGenerator
[11:41:55] DEPRECATION WARNING: please use MorganGenerator
[11:41:55] DEPRECATION WARNING: please use MorganGenerator
[11:41:55] DEPRECATION WARNING: please use MorganGenerator
[11:41:55] DEPRECATION WARNING: please use MorganGenerator
[11:41:55] DEPRECATION WARNING: please use MorganGenerator
[11:41:55] DEPRECATION WARNING: please use MorganGenerator
[11:41:55] DEPRECATION WARNING: please use MorganGenerator
[11:41:55] DEPRECATION WARNING: please use MorganGenerator
[11:41:55] DEPRECATION WARNING: please use MorganGenerator
[11:41:55] DEPRECATION WARNING: please use MorganGenerator
[11:41:55] DEPRECATION WARNING: please use MorganGenerator
[11:41:55] DEPRECATION WARNING: please use MorganGenerator
[11:41:55] DEPRECATION WARNING: please use MorganGenerator
[11:41:55] DEPRECATION WARNING: please use MorganGenerator
[11:41:55] DEPRECATION WARNING: please use MorganGenerator
[11:41:55] DEPRECATION WARNING: please use MorganGenerator
[11:41:55] DEPRECATION WARNING: please use MorganGenerator
[11:41:55] DEPRECATION WARNING: please use MorganGenerator
[11:41:55] DEPRECATION WARNING: please use MorganGenerator
[11:41:55] DEPRECATION WARNING: please use MorganGenerator
[11:41:55] Explicit valence for atom # 1 Cl, 2, is greater than permitted
[11:41:55] ERROR: Could not sanitize molecule ending on line 52
[11:41:55] ERROR: Explicit valence for atom # 1 Cl, 2, is greater than permitted
[11:41:55] Can't kekulize mol.  Unkekulized atoms: 2 17 18
[11:41:55] ERROR: Could not sanitize molecule ending on line 51
[11:41:55] ERROR: Can't kekulize mol.  Unkekulized atoms: 2 17 18
[11:41:55] Can't kekulize mol.  Unkekulized atoms: 5 16 29
[11:41:55] ERROR: Could not sanitize molecule ending on line 70
[11:41:55] ERROR: Can't kekulize mol.  Unkekulized atoms: 5 16 29
[11:41:55] Explicit valence for atom # 5 C, 5, is greater than permitted
[11:41:55] ERROR: Could not sanitize molecule ending on line 47
[11:41:55] ERROR: Explicit valence for atom # 5 C, 5, is greater than permitted
[11:41:55] DEPRECATION WARNING: please use MorganGenerator
[11:41:55] DEPRECATION WARNING: please use MorganGenerator
[11:41:55] DEPRECATION WARNING: please use MorganGenerator
[11:41:55] DEPRECATION WARNING: please use MorganGenerator
[11:41:55] DEPRECATION WARNING: please use MorganGenerator
[11:41:55] DEPRECATION WARNING: please use MorganGenerator
[11:41:55] DEPRECATION WARNING: please use MorganGenerator
[11:41:55] DEPRECATION WARNING: please use MorganGenerator
[11:41:55] DEPRECATION WARNING: please use MorganGenerator
[11:41:55] DEPRECATION WARNING: please use MorganGenerator
[11:41:55] DEPRECATION WARNING: please use MorganGenerator
[11:41:55] DEPRECATION WARNING: please use MorganGenerator
[11:41:55] DEPRECATION WARNING: please use MorganGenerator
[11:41:55] DEPRECATION WARNING: please use MorganGenerator
[11:41:55] DEPRECATION WARNING: please use MorganGenerator
[11:41:55] DEPRECATION WARNING: please use MorganGenerator
[11:41:55] DEPRECATION WARNING: please use MorganGenerator
[11:41:55] DEPRECATION WARNING: please use MorganGenerator
[11:41:55] DEPRECATION WARNING: please use MorganGenerator
[11:41:55] DEPRECATION WARNING: please use MorganGenerator
[11:41:55] DEPRECATION WARNING: please use MorganGenerator
[11:41:55] DEPRECATION WARNING: please use MorganGenerator
[11:41:55] DEPRECATION WARNING: please use MorganGenerator
[11:41:55] DEPRECATION WARNING: please use MorganGenerator
[11:41:55] DEPRECATION WARNING: please use MorganGenerator
[11:41:55] DEPRECATION WARNING: please use MorganGenerator
[11:41:55] DEPRECATION WARNING: please use MorganGenerator
[11:41:55] DEPRECATION WARNING: please use MorganGenerator
[11:41:55] DEPRECATION WARNING: please use MorganGenerator
[11:41:55] DEPRECATION WARNING: please use MorganGenerator
[11:41:55] DEPRECATION WARNING: please use MorganGenerator
[11:41:55] DEPRECATION WARNING: please use MorganGenerator
[11:41:55] DEPRECATION WARNING: please use MorganGenerator
[11:41:55] DEPRECATION WARNING: please use MorganGenerator
[11:41:55] DEPRECATION WARNING: please use MorganGenerator
[11:41:55] DEPRECATION WARNING: please use MorganGenerator
[11:41:55] DEPRECATION WARNING: please use MorganGenerator
[11:41:55] DEPRECATION WARNING: please use MorganGenerator
[11:41:55] DEPRECATION WARNING: please use MorganGenerator
[11:41:55] DEPRECATION WARNING: please use MorganGenerator
[11:41:55] DEPRECATION WARNING: please use MorganGenerator
[11:41:55] DEPRECATION WARNING: please use MorganGenerator
[11:41:55] DEPRECATION WARNING: please use MorganGenerator
[11:41:55] DEPRECATION WARNING: please use MorganGenerator
[11:41:55] DEPRECATION WARNING: please use MorganGenerator
[11:41:55] DEPRECATION WARNING: please use MorganGenerator
[11:41:55] DEPRECATION WARNING: please use MorganGenerator
[11:41:55] DEPRECATION WARNING: please use MorganGenerator
[11:41:55] DEPRECATION WARNING: please use MorganGenerator
[11:41:55] DEPRECATION WARNING: please use MorganGenerator
[11:41:55] DEPRECATION WARNING: please use MorganGenerator
[11:41:55] DEPRECATION WARNING: please use MorganGenerator
[11:41:55] DEPRECATION WARNING: please use MorganGenerator
[11:41:55] DEPRECATION WARNING: please use MorganGenerator
[11:41:55] DEPRECATION WARNING: please use MorganGenerator
[11:41:55] DEPRECATION WARNING: please use MorganGenerator
[11:41:55] DEPRECATION WARNING: please use MorganGenerator
[11:41:55] DEPRECATION WARNING: please use MorganGenerator
[11:41:55] DEPRECATION WARNING: please use MorganGenerator
[11:41:55] DEPRECATION WARNING: please use MorganGenerator
[11:41:55] DEPRECATION WARNING: please use MorganGenerator
[11:41:55] DEPRECATION WARNING: please use MorganGenerator
[11:41:55] DEPRECATION WARNING: please use MorganGenerator
[11:41:55] DEPRECATION WARNING: please use MorganGenerator
[11:41:55] DEPRECATION WARNING: please use MorganGenerator
[11:41:55] DEPRECATION WARNING: please use MorganGenerator
[11:41:55] DEPRECATION WARNING: please use MorganGenerator
[11:41:55] DEPRECATION WARNING: please use MorganGenerator
[11:41:55] DEPRECATION WARNING: please use MorganGenerator
[11:41:55] DEPRECATION WARNING: please use MorganGenerator
[11:41:55] DEPRECATION WARNING: please use MorganGenerator
[11:41:55] DEPRECATION WARNING: please use MorganGenerator
[11:41:55] DEPRECATION WARNING: please use MorganGenerator
[11:41:55] DEPRECATION WARNING: please use MorganGenerator
[11:41:55] DEPRECATION WARNING: please use MorganGenerator
[11:41:55] DEPRECATION WARNING: please use MorganGenerator
[11:41:55] DEPRECATION WARNING: please use MorganGenerator
[11:41:55] DEPRECATION WARNING: please use MorganGenerator
[11:41:55] DEPRECATION WARNING: please use MorganGenerator
[11:41:55] DEPRECATION WARNING: please use MorganGenerator
[11:41:55] DEPRECATION WARNING: please use MorganGenerator
[11:41:55] DEPRECATION WARNING: please use MorganGenerator
[11:41:55] DEPRECATION WARNING: please use MorganGenerator
[11:41:55] DEPRECATION WARNING: please use MorganGenerator
[11:41:55] DEPRECATION WARNING: please use MorganGenerator
[11:41:55] DEPRECATION WARNING: please use MorganGenerator
[11:41:55] DEPRECATION WARNING: please use MorganGenerator
[11:41:55] DEPRECATION WARNING: please use MorganGenerator
[11:41:55] DEPRECATION WARNING: please use MorganGenerator
[11:41:55] DEPRECATION WARNING: please use MorganGenerator
[11:41:55] DEPRECATION WARNING: please use MorganGenerator
[11:41:55] DEPRECATION WARNING: please use MorganGenerator
[11:41:55] DEPRECATION WARNING: please use MorganGenerator
[11:41:55] DEPRECATION WARNING: please use MorganGenerator
[11:41:55] DEPRECATION WARNING: please use MorganGenerator
[11:41:55] DEPRECATION WARNING: please use MorganGenerator
[11:41:55] DEPRECATION WARNING: please use MorganGenerator
[11:41:55] DEPRECATION WARNING: please use MorganGenerator
[11:41:55] DEPRECATION WARNING: please use MorganGenerator
[11:41:55] DEPRECATION WARNING: please use MorganGenerator
[11:41:55] DEPRECATION WARNING: please use MorganGenerator
[11:41:55] DEPRECATION WARNING: please use MorganGenerator
MaxMin selection:  88%|████████▊ | 88/100 [00:02<00:00, 28.74it/s][11:41:55] Can't kekulize mol.  Unkekulized atoms: 1 5 6 10 11 12 14 15 16 17 18 19 20 21 22 23 25 26 27
[11:41:55] ERROR: Could not sanitize molecule ending on line 68
[11:41:55] ERROR: Can't kekulize mol.  Unkekulized atoms: 1 5 6 10 11 12 14 15 16 17 18 19 20 21 22 23 25 26 27
[11:41:55] Can't kekulize mol.  Unkekulized atoms: 3 4 5 6 7 9 10 12 13 14 15 16 17
[11:41:55] ERROR: Could not sanitize molecule ending on line 43
[11:41:55] ERROR: Can't kekulize mol.  Unkekulized atoms: 3 4 5 6 7 9 10 12 13 14 15 16 17
[11:41:55] Can't kekulize mol.  Unkekulized atoms: 3 8 12 13 21 22 36
[11:41:55] ERROR: Could not sanitize molecule ending on line 91
[11:41:55] ERROR: Can't kekulize mol.  Unkekulized atoms: 3 8 12 13 21 22 36
[11:41:55] Can't kekulize mol.  Unkekulized atoms: 0 2 4 5 6 7 9 10 11 12 13 15 16 17 18
[11:41:55] ERROR: Could not sanitize molecule ending on line 46
[11:41:55] ERROR: Can't kekulize mol.  Unkekulized atoms: 0 2 4 5 6 7 9 10 11 12 13 15 16 17 18
[11:41:55] Can't kekulize mol.  Unkekulized atoms: 1 4 14 16 21
[11:41:55] ERROR: Could not sanitize molecule ending on line 57
[11:41:55] ERROR: Can't kekulize mol.  Unkekulized atoms: 1 4 14 16 21
[11:41:55] Explicit valence for atom # 2 C, 6, is greater than permitted
[11:41:55] ERROR: Could not sanitize molecule ending on line 53
[11:41:55] ERROR: Explicit valence for atom # 2 C, 6, is greater than permitted
[11:41:55] DEPRECATION WARNING: please use MorganGenerator
[11:41:55] DEPRECATION WARNING: please use MorganGenerator
[11:41:55] DEPRECATION WARNING: please use MorganGenerator
[11:41:55] DEPRECATION WARNING: please use MorganGenerator
[11:41:55] DEPRECATION WARNING: please use MorganGenerator
[11:41:55] DEPRECATION WARNING: please use MorganGenerator
[11:41:55] DEPRECATION WARNING: please use MorganGenerator
[11:41:55] DEPRECATION WARNING: please use MorganGenerator
[11:41:55] DEPRECATION WARNING: please use MorganGenerator
[11:41:55] DEPRECATION WARNING: please use MorganGenerator
[11:41:55] DEPRECATION WARNING: please use MorganGenerator
[11:41:55] DEPRECATION WARNING: please use MorganGenerator
[11:41:55] DEPRECATION WARNING: please use MorganGenerator
[11:41:55] DEPRECATION WARNING: please use MorganGenerator
[11:41:55] DEPRECATION WARNING: please use MorganGenerator
[11:41:55] DEPRECATION WARNING: please use MorganGenerator
[11:41:55] DEPRECATION WARNING: please use MorganGenerator
[11:41:55] DEPRECATION WARNING: please use MorganGenerator
[11:41:55] DEPRECATION WARNING: please use MorganGenerator
[11:41:55] DEPRECATION WARNING: please use MorganGenerator
[11:41:55] DEPRECATION WARNING: please use MorganGenerator
[11:41:55] DEPRECATION WARNING: please use MorganGenerator
[11:41:55] DEPRECATION WARNING: please use MorganGenerator
[11:41:55] DEPRECATION WARNING: please use MorganGenerator
[11:41:55] DEPRECATION WARNING: please use MorganGenerator
[11:41:55] DEPRECATION WARNING: please use MorganGenerator
[11:41:55] DEPRECATION WARNING: please use MorganGenerator
[11:41:55] DEPRECATION WARNING: please use MorganGenerator
[11:41:55] DEPRECATION WARNING: please use MorganGenerator
[11:41:55] DEPRECATION WARNING: please use MorganGenerator
[11:41:55] DEPRECATION WARNING: please use MorganGenerator
[11:41:55] DEPRECATION WARNING: please use MorganGenerator
[11:41:55] DEPRECATION WARNING: please use MorganGenerator
[11:41:55] DEPRECATION WARNING: please use MorganGenerator
[11:41:55] DEPRECATION WARNING: please use MorganGenerator
[11:41:55] DEPRECATION WARNING: please use MorganGenerator
[11:41:55] DEPRECATION WARNING: please use MorganGenerator
[11:41:55] DEPRECATION WARNING: please use MorganGenerator
[11:41:55] DEPRECATION WARNING: please use MorganGenerator
[11:41:55] DEPRECATION WARNING: please use MorganGenerator
[11:41:55] DEPRECATION WARNING: please use MorganGenerator
[11:41:55] DEPRECATION WARNING: please use MorganGenerator
[11:41:55] DEPRECATION WARNING: please use MorganGenerator
[11:41:55] DEPRECATION WARNING: please use MorganGenerator
[11:41:55] DEPRECATION WARNING: please use MorganGenerator
[11:41:55] DEPRECATION WARNING: please use MorganGenerator
[11:41:55] DEPRECATION WARNING: please use MorganGenerator
[11:41:55] DEPRECATION WARNING: please use MorganGenerator
[11:41:55] DEPRECATION WARNING: please use MorganGenerator
[11:41:55] DEPRECATION WARNING: please use MorganGenerator
[11:41:55] DEPRECATION WARNING: please use MorganGenerator
[11:41:55] DEPRECATION WARNING: please use MorganGenerator
[11:41:55] DEPRECATION WARNING: please use MorganGenerator
[11:41:55] DEPRECATION WARNING: please use MorganGenerator
[11:41:55] DEPRECATION WARNING: please use MorganGenerator
[11:41:55] DEPRECATION WARNING: please use MorganGenerator
[11:41:55] DEPRECATION WARNING: please use MorganGenerator
[11:41:55] DEPRECATION WARNING: please use MorganGenerator
[11:41:55] DEPRECATION WARNING: please use MorganGenerator
[11:41:55] DEPRECATION WARNING: please use MorganGenerator
[11:41:55] DEPRECATION WARNING: please use MorganGenerator
[11:41:55] DEPRECATION WARNING: please use MorganGenerator
[11:41:55] DEPRECATION WARNING: please use MorganGenerator
[11:41:55] DEPRECATION WARNING: please use MorganGenerator
[11:41:55] DEPRECATION WARNING: please use MorganGenerator
[11:41:55] DEPRECATION WARNING: please use MorganGenerator
[11:41:55] DEPRECATION WARNING: please use MorganGenerator
[11:41:55] DEPRECATION WARNING: please use MorganGenerator
[11:41:55] DEPRECATION WARNING: please use MorganGenerator
[11:41:55] DEPRECATION WARNING: please use MorganGenerator
[11:41:55] DEPRECATION WARNING: please use MorganGenerator
[11:41:55] DEPRECATION WARNING: please use MorganGenerator
[11:41:55] DEPRECATION WARNING: please use MorganGenerator
[11:41:55] DEPRECATION WARNING: please use MorganGenerator
[11:41:55] DEPRECATION WARNING: please use MorganGenerator
[11:41:55] DEPRECATION WARNING: please use MorganGenerator
[11:41:55] DEPRECATION WARNING: please use MorganGenerator
[11:41:55] DEPRECATION WARNING: please use MorganGenerator
[11:41:55] DEPRECATION WARNING: please use MorganGenerator
[11:41:55] DEPRECATION WARNING: please use MorganGenerator
[11:41:55] DEPRECATION WARNING: please use MorganGenerator
[11:41:55] DEPRECATION WARNING: please use MorganGenerator
[11:41:55] DEPRECATION WARNING: please use MorganGenerator
[11:41:55] DEPRECATION WARNING: please use MorganGenerator
[11:41:55] DEPRECATION WARNING: please use MorganGenerator
[11:41:55] DEPRECATION WARNING: please use MorganGenerator
[11:41:55] DEPRECATION WARNING: please use MorganGenerator
[11:41:55] DEPRECATION WARNING: please use MorganGenerator
[11:41:55] DEPRECATION WARNING: please use MorganGenerator
[11:41:55] DEPRECATION WARNING: please use MorganGenerator
[11:41:55] DEPRECATION WARNING: please use MorganGenerator
[11:41:55] DEPRECATION WARNING: please use MorganGenerator
[11:41:55] DEPRECATION WARNING: please use MorganGenerator
[11:41:55] DEPRECATION WARNING: please use MorganGenerator
[11:41:55] DEPRECATION WARNING: please use MorganGenerator
[11:41:55] DEPRECATION WARNING: please use MorganGenerator
[11:41:55] DEPRECATION WARNING: please use MorganGenerator
[11:41:55] DEPRECATION WARNING: please use MorganGenerator
[11:41:55] Explicit valence for atom # 1 O, 3, is greater than permitted
[11:41:55] ERROR: Could not sanitize molecule ending on line 58
[11:41:55] ERROR: Explicit valence for atom # 1 O, 3, is greater than permitted
[11:41:55] Explicit valence for atom # 3 O, 3, is greater than permitted
[11:41:55] ERROR: Could not sanitize molecule ending on line 68
[11:41:55] ERROR: Explicit valence for atom # 3 O, 3, is greater than permitted
[11:41:55] Explicit valence for atom # 1 O, 3, is greater than permitted
[11:41:55] ERROR: Could not sanitize molecule ending on line 59
[11:41:55] ERROR: Explicit valence for atom # 1 O, 3, is greater than permitted
[11:41:55] Can't kekulize mol.  Unkekulized atoms: 9 12 15 18 23
[11:41:55] ERROR: Could not sanitize molecule ending on line 58
[11:41:55] ERROR: Can't kekulize mol.  Unkekulized atoms: 9 12 15 18 23
[11:41:55] Explicit valence for atom # 25 O, 3, is greater than permitted
[11:41:55] ERROR: Could not sanitize molecule ending on line 72
[11:41:55] ERROR: Explicit valence for atom # 25 O, 3, is greater than permitted
[11:41:55] Explicit valence for atom # 1 O, 3, is greater than permitted
[11:41:55] ERROR: Could not sanitize molecule ending on line 67
[11:41:55] ERROR: Explicit valence for atom # 1 O, 3, is greater than permitted
[11:41:55] Explicit valence for atom # 1 C, 6, is greater than permitted
[11:41:55] ERROR: Could not sanitize molecule ending on line 76
[11:41:55] ERROR: Explicit valence for atom # 1 C, 6, is greater than permitted
[11:41:55] Explicit valence for atom # 13 O, 3, is greater than permitted
[11:41:55] ERROR: Could not sanitize molecule ending on line 73
[11:41:55] ERROR: Explicit valence for atom # 13 O, 3, is greater than permitted
[11:41:55] Can't kekulize mol.  Unkekulized atoms: 3 8 10 11 24 28 29
[11:41:55] ERROR: Could not sanitize molecule ending on line 79
[11:41:55] ERROR: Can't kekulize mol.  Unkekulized atoms: 3 8 10 11 24 28 29
[11:41:55] Can't kekulize mol.  Unkekulized atoms: 14 18 22 24 25 32 35 38 47
[11:41:55] ERROR: Could not sanitize molecule ending on line 107
[11:41:55] ERROR: Can't kekulize mol.  Unkekulized atoms: 14 18 22 24 25 32 35 38 47
[11:41:55] Explicit valence for atom # 5 P, 6, is greater than permitted
[11:41:55] ERROR: Could not sanitize molecule ending on line 59
[11:41:55] ERROR: Explicit valence for atom # 5 P, 6, is greater than permitted
[11:41:55] Can't kekulize mol.  Unkekulized atoms: 2 7 13 15 17 23 25
[11:41:55] ERROR: Could not sanitize molecule ending on line 60
[11:41:55] ERROR: Can't kekulize mol.  Unkekulized atoms: 2 7 13 15 17 23 25
[11:41:55] Explicit valence for atom # 16 O, 3, is greater than permitted
[11:41:55] ERROR: Could not sanitize molecule ending on line 60
[11:41:55] ERROR: Explicit valence for atom # 16 O, 3, is greater than permitted
[11:41:55] DEPRECATION WARNING: please use MorganGenerator
[11:41:55] DEPRECATION WARNING: please use MorganGenerator
[11:41:55] DEPRECATION WARNING: please use MorganGenerator
[11:41:55] DEPRECATION WARNING: please use MorganGenerator
[11:41:55] DEPRECATION WARNING: please use MorganGenerator
[11:41:55] DEPRECATION WARNING: please use MorganGenerator
[11:41:55] DEPRECATION WARNING: please use MorganGenerator
[11:41:55] DEPRECATION WARNING: please use MorganGenerator
[11:41:55] DEPRECATION WARNING: please use MorganGenerator
[11:41:55] DEPRECATION WARNING: please use MorganGenerator
[11:41:55] DEPRECATION WARNING: please use MorganGenerator
[11:41:55] DEPRECATION WARNING: please use MorganGenerator
[11:41:55] DEPRECATION WARNING: please use MorganGenerator
[11:41:55] DEPRECATION WARNING: please use MorganGenerator
[11:41:55] DEPRECATION WARNING: please use MorganGenerator
[11:41:55] DEPRECATION WARNING: please use MorganGenerator
[11:41:55] DEPRECATION WARNING: please use MorganGenerator
[11:41:55] DEPRECATION WARNING: please use MorganGenerator
[11:41:55] DEPRECATION WARNING: please use MorganGenerator
[11:41:55] DEPRECATION WARNING: please use MorganGenerator
[11:41:55] DEPRECATION WARNING: please use MorganGenerator
[11:41:55] DEPRECATION WARNING: please use MorganGenerator
[11:41:55] DEPRECATION WARNING: please use MorganGenerator
[11:41:55] DEPRECATION WARNING: please use MorganGenerator
[11:41:55] DEPRECATION WARNING: please use MorganGenerator
[11:41:55] DEPRECATION WARNING: please use MorganGenerator
[11:41:55] DEPRECATION WARNING: please use MorganGenerator
[11:41:55] DEPRECATION WARNING: please use MorganGenerator
[11:41:55] DEPRECATION WARNING: please use MorganGenerator
[11:41:55] DEPRECATION WARNING: please use MorganGenerator
[11:41:55] DEPRECATION WARNING: please use MorganGenerator
[11:41:55] DEPRECATION WARNING: please use MorganGenerator
[11:41:55] DEPRECATION WARNING: please use MorganGenerator
[11:41:55] DEPRECATION WARNING: please use MorganGenerator
[11:41:55] DEPRECATION WARNING: please use MorganGenerator
[11:41:55] DEPRECATION WARNING: please use MorganGenerator
[11:41:55] DEPRECATION WARNING: please use MorganGenerator
[11:41:55] DEPRECATION WARNING: please use MorganGenerator
[11:41:55] DEPRECATION WARNING: please use MorganGenerator
[11:41:55] DEPRECATION WARNING: please use MorganGenerator
[11:41:55] DEPRECATION WARNING: please use MorganGenerator
[11:41:55] DEPRECATION WARNING: please use MorganGenerator
[11:41:55] DEPRECATION WARNING: please use MorganGenerator
[11:41:55] DEPRECATION WARNING: please use MorganGenerator
[11:41:55] DEPRECATION WARNING: please use MorganGenerator
[11:41:55] DEPRECATION WARNING: please use MorganGenerator
[11:41:55] DEPRECATION WARNING: please use MorganGenerator
[11:41:55] DEPRECATION WARNING: please use MorganGenerator
[11:41:55] DEPRECATION WARNING: please use MorganGenerator
[11:41:55] DEPRECATION WARNING: please use MorganGenerator
[11:41:55] DEPRECATION WARNING: please use MorganGenerator
[11:41:55] DEPRECATION WARNING: please use MorganGenerator
[11:41:55] DEPRECATION WARNING: please use MorganGenerator
[11:41:55] DEPRECATION WARNING: please use MorganGenerator
[11:41:55] DEPRECATION WARNING: please use MorganGenerator
[11:41:55] DEPRECATION WARNING: please use MorganGenerator
[11:41:55] DEPRECATION WARNING: please use MorganGenerator
[11:41:55] DEPRECATION WARNING: please use MorganGenerator
[11:41:55] DEPRECATION WARNING: please use MorganGenerator
[11:41:55] DEPRECATION WARNING: please use MorganGenerator
[11:41:55] DEPRECATION WARNING: please use MorganGenerator
[11:41:55] DEPRECATION WARNING: please use MorganGenerator
[11:41:55] DEPRECATION WARNING: please use MorganGenerator
[11:41:55] DEPRECATION WARNING: please use MorganGenerator
[11:41:55] DEPRECATION WARNING: please use MorganGenerator
[11:41:55] DEPRECATION WARNING: please use MorganGenerator
[11:41:55] DEPRECATION WARNING: please use MorganGenerator
[11:41:55] DEPRECATION WARNING: please use MorganGenerator
[11:41:55] DEPRECATION WARNING: please use MorganGenerator
[11:41:55] DEPRECATION WARNING: please use MorganGenerator
[11:41:55] DEPRECATION WARNING: please use MorganGenerator
[11:41:55] DEPRECATION WARNING: please use MorganGenerator
[11:41:55] DEPRECATION WARNING: please use MorganGenerator
[11:41:55] DEPRECATION WARNING: please use MorganGenerator
[11:41:55] DEPRECATION WARNING: please use MorganGenerator
[11:41:55] DEPRECATION WARNING: please use MorganGenerator
[11:41:55] DEPRECATION WARNING: please use MorganGenerator
[11:41:55] DEPRECATION WARNING: please use MorganGenerator
[11:41:55] DEPRECATION WARNING: please use MorganGenerator
[11:41:55] DEPRECATION WARNING: please use MorganGenerator
[11:41:55] DEPRECATION WARNING: please use MorganGenerator
[11:41:55] DEPRECATION WARNING: please use MorganGenerator
[11:41:55] DEPRECATION WARNING: please use MorganGenerator
[11:41:55] DEPRECATION WARNING: please use MorganGenerator
[11:41:55] Can't kekulize mol.  Unkekulized atoms: 0 3 4 5 11 12 26
[11:41:55] ERROR: Could not sanitize molecule ending on line 62
[11:41:55] ERROR: Can't kekulize mol.  Unkekulized atoms: 0 3 4 5 11 12 26
[11:41:55] Can't kekulize mol.  Unkekulized atoms: 0 7 12 15 23 30 32
[11:41:55] ERROR: Could not sanitize molecule ending on line 84
[11:41:55] ERROR: Can't kekulize mol.  Unkekulized atoms: 0 7 12 15 23 30 32
[11:41:55] Can't kekulize mol.  Unkekulized atoms: 10 18 23
[11:41:55] ERROR: Could not sanitize molecule ending on line 57
[11:41:55] ERROR: Can't kekulize mol.  Unkekulized atoms: 10 18 23
[11:41:55] Explicit valence for atom # 10 O, 3, is greater than permitted
[11:41:55] ERROR: Could not sanitize molecule ending on line 60
[11:41:55] ERROR: Explicit valence for atom # 10 O, 3, is greater than permitted
[11:41:55] Can't kekulize mol.  Unkekulized atoms: 2 13 21
[11:41:55] ERROR: Could not sanitize molecule ending on line 53
[11:41:55] ERROR: Can't kekulize mol.  Unkekulized atoms: 2 13 21
[11:41:55] Can't kekulize mol.  Unkekulized atoms: 2 3 6 11 13 18 19 24 25
[11:41:55] ERROR: Could not sanitize molecule ending on line 60
[11:41:55] ERROR: Can't kekulize mol.  Unkekulized atoms: 2 3 6 11 13 18 19 24 25
[11:41:55] Can't kekulize mol.  Unkekulized atoms: 0 9 16 18 20 21 22 24 26
[11:41:55] ERROR: Could not sanitize molecule ending on line 64
[11:41:55] ERROR: Can't kekulize mol.  Unkekulized atoms: 0 9 16 18 20 21 22 24 26
[11:41:55] DEPRECATION WARNING: please use MorganGenerator
[11:41:55] DEPRECATION WARNING: please use MorganGenerator
[11:41:55] DEPRECATION WARNING: please use MorganGenerator
[11:41:55] DEPRECATION WARNING: please use MorganGenerator
[11:41:55] DEPRECATION WARNING: please use MorganGenerator
[11:41:55] DEPRECATION WARNING: please use MorganGenerator
[11:41:55] DEPRECATION WARNING: please use MorganGenerator
[11:41:55] DEPRECATION WARNING: please use MorganGenerator
[11:41:55] DEPRECATION WARNING: please use MorganGenerator
[11:41:55] DEPRECATION WARNING: please use MorganGenerator
[11:41:55] DEPRECATION WARNING: please use MorganGenerator
[11:41:55] DEPRECATION WARNING: please use MorganGenerator
[11:41:55] DEPRECATION WARNING: please use MorganGenerator
[11:41:55] DEPRECATION WARNING: please use MorganGenerator
[11:41:55] DEPRECATION WARNING: please use MorganGenerator
[11:41:55] DEPRECATION WARNING: please use MorganGenerator
[11:41:55] DEPRECATION WARNING: please use MorganGenerator
[11:41:55] DEPRECATION WARNING: please use MorganGenerator
[11:41:55] DEPRECATION WARNING: please use MorganGenerator
[11:41:55] DEPRECATION WARNING: please use MorganGenerator
[11:41:55] DEPRECATION WARNING: please use MorganGenerator
[11:41:55] DEPRECATION WARNING: please use MorganGenerator
[11:41:55] DEPRECATION WARNING: please use MorganGenerator
[11:41:55] DEPRECATION WARNING: please use MorganGenerator
[11:41:55] DEPRECATION WARNING: please use MorganGenerator
[11:41:55] DEPRECATION WARNING: please use MorganGenerator
[11:41:55] DEPRECATION WARNING: please use MorganGenerator
[11:41:55] DEPRECATION WARNING: please use MorganGenerator
[11:41:55] DEPRECATION WARNING: please use MorganGenerator
[11:41:55] DEPRECATION WARNING: please use MorganGenerator
[11:41:55] DEPRECATION WARNING: please use MorganGenerator
[11:41:55] DEPRECATION WARNING: please use MorganGenerator
[11:41:55] DEPRECATION WARNING: please use MorganGenerator
[11:41:55] DEPRECATION WARNING: please use MorganGenerator
[11:41:55] DEPRECATION WARNING: please use MorganGenerator
[11:41:55] DEPRECATION WARNING: please use MorganGenerator
[11:41:55] DEPRECATION WARNING: please use MorganGenerator
[11:41:55] DEPRECATION WARNING: please use MorganGenerator
[11:41:55] DEPRECATION WARNING: please use MorganGenerator
[11:41:55] DEPRECATION WARNING: please use MorganGenerator
[11:41:55] DEPRECATION WARNING: please use MorganGenerator
[11:41:55] DEPRECATION WARNING: please use MorganGenerator
[11:41:55] DEPRECATION WARNING: please use MorganGenerator
[11:41:55] DEPRECATION WARNING: please use MorganGenerator
[11:41:55] DEPRECATION WARNING: please use MorganGenerator
[11:41:55] DEPRECATION WARNING: please use MorganGenerator
[11:41:55] DEPRECATION WARNING: please use MorganGenerator
[11:41:55] DEPRECATION WARNING: please use MorganGenerator
[11:41:55] DEPRECATION WARNING: please use MorganGenerator
[11:41:55] DEPRECATION WARNING: please use MorganGenerator
[11:41:55] DEPRECATION WARNING: please use MorganGenerator
[11:41:55] DEPRECATION WARNING: please use MorganGenerator
[11:41:55] DEPRECATION WARNING: please use MorganGenerator
[11:41:55] DEPRECATION WARNING: please use MorganGenerator
[11:41:55] DEPRECATION WARNING: please use MorganGenerator
[11:41:55] DEPRECATION WARNING: please use MorganGenerator
[11:41:55] DEPRECATION WARNING: please use MorganGenerator
[11:41:55] DEPRECATION WARNING: please use MorganGenerator
[11:41:55] DEPRECATION WARNING: please use MorganGenerator
[11:41:55] DEPRECATION WARNING: please use MorganGenerator
[11:41:55] DEPRECATION WARNING: please use MorganGenerator
[11:41:55] DEPRECATION WARNING: please use MorganGenerator
[11:41:55] DEPRECATION WARNING: please use MorganGenerator
[11:41:55] DEPRECATION WARNING: please use MorganGenerator
[11:41:55] DEPRECATION WARNING: please use MorganGenerator
[11:41:55] DEPRECATION WARNING: please use MorganGenerator
[11:41:55] DEPRECATION WARNING: please use MorganGenerator
[11:41:55] DEPRECATION WARNING: please use MorganGenerator
[11:41:55] DEPRECATION WARNING: please use MorganGenerator
[11:41:55] DEPRECATION WARNING: please use MorganGenerator
[11:41:55] DEPRECATION WARNING: please use MorganGenerator
[11:41:55] DEPRECATION WARNING: please use MorganGenerator
[11:41:55] DEPRECATION WARNING: please use MorganGenerator
[11:41:55] DEPRECATION WARNING: please use MorganGenerator
[11:41:55] DEPRECATION WARNING: please use MorganGenerator
[11:41:55] DEPRECATION WARNING: please use MorganGenerator
[11:41:55] DEPRECATION WARNING: please use MorganGenerator
[11:41:55] DEPRECATION WARNING: please use MorganGenerator
[11:41:55] DEPRECATION WARNING: please use MorganGenerator
[11:41:55] DEPRECATION WARNING: please use MorganGenerator
[11:41:55] DEPRECATION WARNING: please use MorganGenerator
[11:41:55] DEPRECATION WARNING: please use MorganGenerator
[11:41:55] DEPRECATION WARNING: please use MorganGenerator
[11:41:55] DEPRECATION WARNING: please use MorganGenerator
[11:41:55] DEPRECATION WARNING: please use MorganGenerator
[11:41:55] DEPRECATION WARNING: please use MorganGenerator
[11:41:55] DEPRECATION WARNING: please use MorganGenerator
[11:41:55] DEPRECATION WARNING: please use MorganGenerator
[11:41:55] DEPRECATION WARNING: please use MorganGenerator
[11:41:55] DEPRECATION WARNING: please use MorganGenerator
[11:41:55] DEPRECATION WARNING: please use MorganGenerator
[11:41:55] DEPRECATION WARNING: please use MorganGenerator
[11:41:55] DEPRECATION WARNING: please use MorganGenerator
[11:41:55] DEPRECATION WARNING: please use MorganGenerator
[11:41:55] DEPRECATION WARNING: please use MorganGenerator
[11:41:55] DEPRECATION WARNING: please use MorganGenerator
MaxMin selection:  91%|█████████ | 91/100 [00:02<00:00, 28.58it/s][11:41:55] Can't kekulize mol.  Unkekulized atoms: 0 14 22
[11:41:55] ERROR: Could not sanitize molecule ending on line 98
[11:41:55] ERROR: Can't kekulize mol.  Unkekulized atoms: 0 14 22
[11:41:55] Can't kekulize mol.  Unkekulized atoms: 1 2 4 5 7 9 10 14 18 19 20
[11:41:55] ERROR: Could not sanitize molecule ending on line 52
[11:41:55] ERROR: Can't kekulize mol.  Unkekulized atoms: 1 2 4 5 7 9 10 14 18 19 20
[11:41:55] Can't kekulize mol.  Unkekulized atoms: 5 6 7 8 10 11 13 14 16 17
[11:41:55] ERROR: Could not sanitize molecule ending on line 43
[11:41:55] ERROR: Can't kekulize mol.  Unkekulized atoms: 5 6 7 8 10 11 13 14 16 17
[11:41:55] Can't kekulize mol.  Unkekulized atoms: 2 5 6 8 17 20 23
[11:41:55] ERROR: Could not sanitize molecule ending on line 63
[11:41:55] ERROR: Can't kekulize mol.  Unkekulized atoms: 2 5 6 8 17 20 23
[11:41:55] Can't kekulize mol.  Unkekulized atoms: 1 2 5 6 7 9 10 13 14 16 17
[11:41:55] ERROR: Could not sanitize molecule ending on line 46
[11:41:55] ERROR: Can't kekulize mol.  Unkekulized atoms: 1 2 5 6 7 9 10 13 14 16 17
[11:41:55] Can't kekulize mol.  Unkekulized atoms: 0 1 12 14 15 16 18 19 21 22 23 28 30
[11:41:55] ERROR: Could not sanitize molecule ending on line 73
[11:41:55] ERROR: Can't kekulize mol.  Unkekulized atoms: 0 1 12 14 15 16 18 19 21 22 23 28 30
[11:41:55] Can't kekulize mol.  Unkekulized atoms: 0 4 6 8 9 11 12 13 14 15 16
[11:41:55] ERROR: Could not sanitize molecule ending on line 46
[11:41:55] ERROR: Can't kekulize mol.  Unkekulized atoms: 0 4 6 8 9 11 12 13 14 15 16
[11:41:55] DEPRECATION WARNING: please use MorganGenerator
[11:41:55] DEPRECATION WARNING: please use MorganGenerator
[11:41:55] DEPRECATION WARNING: please use MorganGenerator
[11:41:55] DEPRECATION WARNING: please use MorganGenerator
[11:41:55] DEPRECATION WARNING: please use MorganGenerator
[11:41:55] DEPRECATION WARNING: please use MorganGenerator
[11:41:55] DEPRECATION WARNING: please use MorganGenerator
[11:41:55] DEPRECATION WARNING: please use MorganGenerator
[11:41:55] DEPRECATION WARNING: please use MorganGenerator
[11:41:55] DEPRECATION WARNING: please use MorganGenerator
[11:41:55] DEPRECATION WARNING: please use MorganGenerator
[11:41:55] DEPRECATION WARNING: please use MorganGenerator
[11:41:55] DEPRECATION WARNING: please use MorganGenerator
[11:41:55] DEPRECATION WARNING: please use MorganGenerator
[11:41:55] DEPRECATION WARNING: please use MorganGenerator
[11:41:55] DEPRECATION WARNING: please use MorganGenerator
[11:41:55] DEPRECATION WARNING: please use MorganGenerator
[11:41:55] DEPRECATION WARNING: please use MorganGenerator
[11:41:55] DEPRECATION WARNING: please use MorganGenerator
[11:41:55] DEPRECATION WARNING: please use MorganGenerator
[11:41:55] DEPRECATION WARNING: please use MorganGenerator
[11:41:55] DEPRECATION WARNING: please use MorganGenerator
[11:41:55] DEPRECATION WARNING: please use MorganGenerator
[11:41:55] DEPRECATION WARNING: please use MorganGenerator
[11:41:55] DEPRECATION WARNING: please use MorganGenerator
[11:41:55] DEPRECATION WARNING: please use MorganGenerator
[11:41:55] DEPRECATION WARNING: please use MorganGenerator
[11:41:55] DEPRECATION WARNING: please use MorganGenerator
[11:41:55] DEPRECATION WARNING: please use MorganGenerator
[11:41:55] DEPRECATION WARNING: please use MorganGenerator
[11:41:55] DEPRECATION WARNING: please use MorganGenerator
[11:41:55] DEPRECATION WARNING: please use MorganGenerator
[11:41:55] DEPRECATION WARNING: please use MorganGenerator
[11:41:55] DEPRECATION WARNING: please use MorganGenerator
[11:41:55] DEPRECATION WARNING: please use MorganGenerator
[11:41:55] DEPRECATION WARNING: please use MorganGenerator
[11:41:55] DEPRECATION WARNING: please use MorganGenerator
[11:41:55] DEPRECATION WARNING: please use MorganGenerator
[11:41:55] DEPRECATION WARNING: please use MorganGenerator
[11:41:55] DEPRECATION WARNING: please use MorganGenerator
[11:41:55] DEPRECATION WARNING: please use MorganGenerator
[11:41:55] DEPRECATION WARNING: please use MorganGenerator
[11:41:55] DEPRECATION WARNING: please use MorganGenerator
[11:41:55] DEPRECATION WARNING: please use MorganGenerator
[11:41:55] DEPRECATION WARNING: please use MorganGenerator
[11:41:55] DEPRECATION WARNING: please use MorganGenerator
[11:41:55] DEPRECATION WARNING: please use MorganGenerator
[11:41:55] DEPRECATION WARNING: please use MorganGenerator
[11:41:55] DEPRECATION WARNING: please use MorganGenerator
[11:41:55] DEPRECATION WARNING: please use MorganGenerator
[11:41:55] DEPRECATION WARNING: please use MorganGenerator
[11:41:55] DEPRECATION WARNING: please use MorganGenerator
[11:41:55] DEPRECATION WARNING: please use MorganGenerator
[11:41:55] DEPRECATION WARNING: please use MorganGenerator
[11:41:55] DEPRECATION WARNING: please use MorganGenerator
[11:41:55] DEPRECATION WARNING: please use MorganGenerator
[11:41:55] DEPRECATION WARNING: please use MorganGenerator
[11:41:55] DEPRECATION WARNING: please use MorganGenerator
[11:41:55] DEPRECATION WARNING: please use MorganGenerator
[11:41:55] DEPRECATION WARNING: please use MorganGenerator
[11:41:55] DEPRECATION WARNING: please use MorganGenerator
[11:41:55] DEPRECATION WARNING: please use MorganGenerator
[11:41:55] DEPRECATION WARNING: please use MorganGenerator
[11:41:55] DEPRECATION WARNING: please use MorganGenerator
[11:41:55] DEPRECATION WARNING: please use MorganGenerator
[11:41:55] DEPRECATION WARNING: please use MorganGenerator
[11:41:55] DEPRECATION WARNING: please use MorganGenerator
[11:41:55] DEPRECATION WARNING: please use MorganGenerator
[11:41:55] DEPRECATION WARNING: please use MorganGenerator
[11:41:55] DEPRECATION WARNING: please use MorganGenerator
[11:41:55] DEPRECATION WARNING: please use MorganGenerator
[11:41:55] DEPRECATION WARNING: please use MorganGenerator
[11:41:55] DEPRECATION WARNING: please use MorganGenerator
[11:41:55] DEPRECATION WARNING: please use MorganGenerator
[11:41:55] DEPRECATION WARNING: please use MorganGenerator
[11:41:55] DEPRECATION WARNING: please use MorganGenerator
[11:41:55] DEPRECATION WARNING: please use MorganGenerator
[11:41:55] DEPRECATION WARNING: please use MorganGenerator
[11:41:55] DEPRECATION WARNING: please use MorganGenerator
[11:41:55] DEPRECATION WARNING: please use MorganGenerator
[11:41:55] DEPRECATION WARNING: please use MorganGenerator
[11:41:55] DEPRECATION WARNING: please use MorganGenerator
[11:41:55] DEPRECATION WARNING: please use MorganGenerator
[11:41:55] DEPRECATION WARNING: please use MorganGenerator
[11:41:55] DEPRECATION WARNING: please use MorganGenerator
[11:41:55] DEPRECATION WARNING: please use MorganGenerator
[11:41:55] DEPRECATION WARNING: please use MorganGenerator
[11:41:55] DEPRECATION WARNING: please use MorganGenerator
[11:41:55] DEPRECATION WARNING: please use MorganGenerator
[11:41:55] DEPRECATION WARNING: please use MorganGenerator
[11:41:55] DEPRECATION WARNING: please use MorganGenerator
[11:41:55] DEPRECATION WARNING: please use MorganGenerator
[11:41:55] DEPRECATION WARNING: please use MorganGenerator
[11:41:55] DEPRECATION WARNING: please use MorganGenerator
[11:41:55] DEPRECATION WARNING: please use MorganGenerator
[11:41:55] DEPRECATION WARNING: please use MorganGenerator
[11:41:56] Can't kekulize mol.  Unkekulized atoms: 4 6 7 10 19
[11:41:56] ERROR: Could not sanitize molecule ending on line 53
[11:41:56] ERROR: Can't kekulize mol.  Unkekulized atoms: 4 6 7 10 19
[11:41:56] Can't kekulize mol.  Unkekulized atoms: 4 8 9 10 12 13 15 21 22 25 26
[11:41:56] ERROR: Could not sanitize molecule ending on line 64
[11:41:56] ERROR: Can't kekulize mol.  Unkekulized atoms: 4 8 9 10 12 13 15 21 22 25 26
[11:41:56] Explicit valence for atom # 0 C, 5, is greater than permitted
[11:41:56] ERROR: Could not sanitize molecule ending on line 62
[11:41:56] ERROR: Explicit valence for atom # 0 C, 5, is greater than permitted
[11:41:56] Can't kekulize mol.  Unkekulized atoms: 3 14 17 18 20 22
[11:41:56] ERROR: Could not sanitize molecule ending on line 54
[11:41:56] ERROR: Can't kekulize mol.  Unkekulized atoms: 3 14 17 18 20 22
[11:41:56] Can't kekulize mol.  Unkekulized atoms: 3 14 16 18 20
[11:41:56] ERROR: Could not sanitize molecule ending on line 53
[11:41:56] ERROR: Can't kekulize mol.  Unkekulized atoms: 3 14 16 18 20
[11:41:56] DEPRECATION WARNING: please use MorganGenerator
[11:41:56] DEPRECATION WARNING: please use MorganGenerator
[11:41:56] DEPRECATION WARNING: please use MorganGenerator
[11:41:56] DEPRECATION WARNING: please use MorganGenerator
[11:41:56] DEPRECATION WARNING: please use MorganGenerator
[11:41:56] DEPRECATION WARNING: please use MorganGenerator
[11:41:56] DEPRECATION WARNING: please use MorganGenerator
[11:41:56] DEPRECATION WARNING: please use MorganGenerator
[11:41:56] DEPRECATION WARNING: please use MorganGenerator
[11:41:56] DEPRECATION WARNING: please use MorganGenerator
[11:41:56] DEPRECATION WARNING: please use MorganGenerator
[11:41:56] DEPRECATION WARNING: please use MorganGenerator
[11:41:56] DEPRECATION WARNING: please use MorganGenerator
[11:41:56] DEPRECATION WARNING: please use MorganGenerator
[11:41:56] DEPRECATION WARNING: please use MorganGenerator
[11:41:56] DEPRECATION WARNING: please use MorganGenerator
[11:41:56] DEPRECATION WARNING: please use MorganGenerator
[11:41:56] DEPRECATION WARNING: please use MorganGenerator
[11:41:56] DEPRECATION WARNING: please use MorganGenerator
[11:41:56] DEPRECATION WARNING: please use MorganGenerator
[11:41:56] DEPRECATION WARNING: please use MorganGenerator
[11:41:56] DEPRECATION WARNING: please use MorganGenerator
[11:41:56] DEPRECATION WARNING: please use MorganGenerator
[11:41:56] DEPRECATION WARNING: please use MorganGenerator
[11:41:56] DEPRECATION WARNING: please use MorganGenerator
[11:41:56] DEPRECATION WARNING: please use MorganGenerator
[11:41:56] DEPRECATION WARNING: please use MorganGenerator
[11:41:56] DEPRECATION WARNING: please use MorganGenerator
[11:41:56] DEPRECATION WARNING: please use MorganGenerator
[11:41:56] DEPRECATION WARNING: please use MorganGenerator
[11:41:56] DEPRECATION WARNING: please use MorganGenerator
[11:41:56] DEPRECATION WARNING: please use MorganGenerator
[11:41:56] DEPRECATION WARNING: please use MorganGenerator
[11:41:56] DEPRECATION WARNING: please use MorganGenerator
[11:41:56] DEPRECATION WARNING: please use MorganGenerator
[11:41:56] DEPRECATION WARNING: please use MorganGenerator
[11:41:56] DEPRECATION WARNING: please use MorganGenerator
[11:41:56] DEPRECATION WARNING: please use MorganGenerator
[11:41:56] DEPRECATION WARNING: please use MorganGenerator
[11:41:56] DEPRECATION WARNING: please use MorganGenerator
[11:41:56] DEPRECATION WARNING: please use MorganGenerator
[11:41:56] DEPRECATION WARNING: please use MorganGenerator
[11:41:56] DEPRECATION WARNING: please use MorganGenerator
[11:41:56] DEPRECATION WARNING: please use MorganGenerator
[11:41:56] DEPRECATION WARNING: please use MorganGenerator
[11:41:56] DEPRECATION WARNING: please use MorganGenerator
[11:41:56] DEPRECATION WARNING: please use MorganGenerator
[11:41:56] DEPRECATION WARNING: please use MorganGenerator
[11:41:56] DEPRECATION WARNING: please use MorganGenerator
[11:41:56] DEPRECATION WARNING: please use MorganGenerator
[11:41:56] DEPRECATION WARNING: please use MorganGenerator
[11:41:56] DEPRECATION WARNING: please use MorganGenerator
[11:41:56] DEPRECATION WARNING: please use MorganGenerator
[11:41:56] DEPRECATION WARNING: please use MorganGenerator
[11:41:56] DEPRECATION WARNING: please use MorganGenerator
[11:41:56] DEPRECATION WARNING: please use MorganGenerator
[11:41:56] DEPRECATION WARNING: please use MorganGenerator
[11:41:56] DEPRECATION WARNING: please use MorganGenerator
[11:41:56] DEPRECATION WARNING: please use MorganGenerator
[11:41:56] DEPRECATION WARNING: please use MorganGenerator
[11:41:56] DEPRECATION WARNING: please use MorganGenerator
[11:41:56] DEPRECATION WARNING: please use MorganGenerator
[11:41:56] DEPRECATION WARNING: please use MorganGenerator
[11:41:56] DEPRECATION WARNING: please use MorganGenerator
[11:41:56] DEPRECATION WARNING: please use MorganGenerator
[11:41:56] DEPRECATION WARNING: please use MorganGenerator
[11:41:56] DEPRECATION WARNING: please use MorganGenerator
[11:41:56] DEPRECATION WARNING: please use MorganGenerator
[11:41:56] DEPRECATION WARNING: please use MorganGenerator
[11:41:56] DEPRECATION WARNING: please use MorganGenerator
[11:41:56] DEPRECATION WARNING: please use MorganGenerator
[11:41:56] DEPRECATION WARNING: please use MorganGenerator
[11:41:56] DEPRECATION WARNING: please use MorganGenerator
[11:41:56] DEPRECATION WARNING: please use MorganGenerator
[11:41:56] DEPRECATION WARNING: please use MorganGenerator
[11:41:56] DEPRECATION WARNING: please use MorganGenerator
[11:41:56] DEPRECATION WARNING: please use MorganGenerator
[11:41:56] DEPRECATION WARNING: please use MorganGenerator
[11:41:56] DEPRECATION WARNING: please use MorganGenerator
[11:41:56] DEPRECATION WARNING: please use MorganGenerator
[11:41:56] DEPRECATION WARNING: please use MorganGenerator
[11:41:56] DEPRECATION WARNING: please use MorganGenerator
[11:41:56] DEPRECATION WARNING: please use MorganGenerator
[11:41:56] DEPRECATION WARNING: please use MorganGenerator
[11:41:56] DEPRECATION WARNING: please use MorganGenerator
[11:41:56] DEPRECATION WARNING: please use MorganGenerator
[11:41:56] DEPRECATION WARNING: please use MorganGenerator
[11:41:56] DEPRECATION WARNING: please use MorganGenerator
[11:41:56] DEPRECATION WARNING: please use MorganGenerator
[11:41:56] DEPRECATION WARNING: please use MorganGenerator
[11:41:56] DEPRECATION WARNING: please use MorganGenerator
[11:41:56] DEPRECATION WARNING: please use MorganGenerator
[11:41:56] DEPRECATION WARNING: please use MorganGenerator
[11:41:56] DEPRECATION WARNING: please use MorganGenerator
[11:41:56] DEPRECATION WARNING: please use MorganGenerator
[11:41:56] DEPRECATION WARNING: please use MorganGenerator
[11:41:56] DEPRECATION WARNING: please use MorganGenerator
[11:41:56] DEPRECATION WARNING: please use MorganGenerator
[11:41:56] DEPRECATION WARNING: please use MorganGenerator
[11:41:56] DEPRECATION WARNING: please use MorganGenerator
[11:41:56] Can't kekulize mol.  Unkekulized atoms: 1 6 10 12 16 17 19
[11:41:56] ERROR: Could not sanitize molecule ending on line 51
[11:41:56] ERROR: Can't kekulize mol.  Unkekulized atoms: 1 6 10 12 16 17 19
[11:41:56] Explicit valence for atom # 30 C, 5, is greater than permitted
[11:41:56] ERROR: Could not sanitize molecule ending on line 84
[11:41:56] ERROR: Explicit valence for atom # 30 C, 5, is greater than permitted
[11:41:56] Can't kekulize mol.  Unkekulized atoms: 1 2 4 12 13
[11:41:56] ERROR: Could not sanitize molecule ending on line 44
[11:41:56] ERROR: Can't kekulize mol.  Unkekulized atoms: 1 2 4 12 13
[11:41:56] DEPRECATION WARNING: please use MorganGenerator
[11:41:56] DEPRECATION WARNING: please use MorganGenerator
[11:41:56] DEPRECATION WARNING: please use MorganGenerator
[11:41:56] DEPRECATION WARNING: please use MorganGenerator
[11:41:56] DEPRECATION WARNING: please use MorganGenerator
[11:41:56] DEPRECATION WARNING: please use MorganGenerator
[11:41:56] DEPRECATION WARNING: please use MorganGenerator
[11:41:56] DEPRECATION WARNING: please use MorganGenerator
[11:41:56] DEPRECATION WARNING: please use MorganGenerator
[11:41:56] DEPRECATION WARNING: please use MorganGenerator
[11:41:56] DEPRECATION WARNING: please use MorganGenerator
[11:41:56] DEPRECATION WARNING: please use MorganGenerator
[11:41:56] DEPRECATION WARNING: please use MorganGenerator
[11:41:56] DEPRECATION WARNING: please use MorganGenerator
[11:41:56] DEPRECATION WARNING: please use MorganGenerator
[11:41:56] DEPRECATION WARNING: please use MorganGenerator
[11:41:56] DEPRECATION WARNING: please use MorganGenerator
[11:41:56] DEPRECATION WARNING: please use MorganGenerator
[11:41:56] DEPRECATION WARNING: please use MorganGenerator
[11:41:56] DEPRECATION WARNING: please use MorganGenerator
[11:41:56] DEPRECATION WARNING: please use MorganGenerator
[11:41:56] DEPRECATION WARNING: please use MorganGenerator
[11:41:56] DEPRECATION WARNING: please use MorganGenerator
[11:41:56] DEPRECATION WARNING: please use MorganGenerator
[11:41:56] DEPRECATION WARNING: please use MorganGenerator
[11:41:56] DEPRECATION WARNING: please use MorganGenerator
[11:41:56] DEPRECATION WARNING: please use MorganGenerator
[11:41:56] DEPRECATION WARNING: please use MorganGenerator
[11:41:56] DEPRECATION WARNING: please use MorganGenerator
[11:41:56] DEPRECATION WARNING: please use MorganGenerator
[11:41:56] DEPRECATION WARNING: please use MorganGenerator
[11:41:56] DEPRECATION WARNING: please use MorganGenerator
[11:41:56] DEPRECATION WARNING: please use MorganGenerator
[11:41:56] DEPRECATION WARNING: please use MorganGenerator
[11:41:56] DEPRECATION WARNING: please use MorganGenerator
[11:41:56] DEPRECATION WARNING: please use MorganGenerator
[11:41:56] DEPRECATION WARNING: please use MorganGenerator
[11:41:56] DEPRECATION WARNING: please use MorganGenerator
[11:41:56] DEPRECATION WARNING: please use MorganGenerator
[11:41:56] DEPRECATION WARNING: please use MorganGenerator
[11:41:56] DEPRECATION WARNING: please use MorganGenerator
[11:41:56] DEPRECATION WARNING: please use MorganGenerator
[11:41:56] DEPRECATION WARNING: please use MorganGenerator
[11:41:56] DEPRECATION WARNING: please use MorganGenerator
[11:41:56] DEPRECATION WARNING: please use MorganGenerator
[11:41:56] DEPRECATION WARNING: please use MorganGenerator
[11:41:56] DEPRECATION WARNING: please use MorganGenerator
[11:41:56] DEPRECATION WARNING: please use MorganGenerator
[11:41:56] DEPRECATION WARNING: please use MorganGenerator
[11:41:56] DEPRECATION WARNING: please use MorganGenerator
[11:41:56] DEPRECATION WARNING: please use MorganGenerator
[11:41:56] DEPRECATION WARNING: please use MorganGenerator
[11:41:56] DEPRECATION WARNING: please use MorganGenerator
[11:41:56] DEPRECATION WARNING: please use MorganGenerator
[11:41:56] DEPRECATION WARNING: please use MorganGenerator
[11:41:56] DEPRECATION WARNING: please use MorganGenerator
[11:41:56] DEPRECATION WARNING: please use MorganGenerator
[11:41:56] DEPRECATION WARNING: please use MorganGenerator
[11:41:56] DEPRECATION WARNING: please use MorganGenerator
[11:41:56] DEPRECATION WARNING: please use MorganGenerator
[11:41:56] DEPRECATION WARNING: please use MorganGenerator
[11:41:56] DEPRECATION WARNING: please use MorganGenerator
[11:41:56] DEPRECATION WARNING: please use MorganGenerator
[11:41:56] DEPRECATION WARNING: please use MorganGenerator
[11:41:56] DEPRECATION WARNING: please use MorganGenerator
[11:41:56] DEPRECATION WARNING: please use MorganGenerator
[11:41:56] DEPRECATION WARNING: please use MorganGenerator
[11:41:56] DEPRECATION WARNING: please use MorganGenerator
[11:41:56] DEPRECATION WARNING: please use MorganGenerator
[11:41:56] DEPRECATION WARNING: please use MorganGenerator
[11:41:56] DEPRECATION WARNING: please use MorganGenerator
[11:41:56] DEPRECATION WARNING: please use MorganGenerator
[11:41:56] DEPRECATION WARNING: please use MorganGenerator
[11:41:56] DEPRECATION WARNING: please use MorganGenerator
[11:41:56] DEPRECATION WARNING: please use MorganGenerator
[11:41:56] DEPRECATION WARNING: please use MorganGenerator
[11:41:56] DEPRECATION WARNING: please use MorganGenerator
[11:41:56] DEPRECATION WARNING: please use MorganGenerator
[11:41:56] DEPRECATION WARNING: please use MorganGenerator
[11:41:56] DEPRECATION WARNING: please use MorganGenerator
[11:41:56] DEPRECATION WARNING: please use MorganGenerator
[11:41:56] DEPRECATION WARNING: please use MorganGenerator
[11:41:56] DEPRECATION WARNING: please use MorganGenerator
[11:41:56] DEPRECATION WARNING: please use MorganGenerator
[11:41:56] DEPRECATION WARNING: please use MorganGenerator
[11:41:56] DEPRECATION WARNING: please use MorganGenerator
[11:41:56] DEPRECATION WARNING: please use MorganGenerator
[11:41:56] DEPRECATION WARNING: please use MorganGenerator
[11:41:56] DEPRECATION WARNING: please use MorganGenerator
[11:41:56] DEPRECATION WARNING: please use MorganGenerator
[11:41:56] DEPRECATION WARNING: please use MorganGenerator
[11:41:56] DEPRECATION WARNING: please use MorganGenerator
[11:41:56] DEPRECATION WARNING: please use MorganGenerator
[11:41:56] DEPRECATION WARNING: please use MorganGenerator
[11:41:56] DEPRECATION WARNING: please use MorganGenerator
[11:41:56] DEPRECATION WARNING: please use MorganGenerator
[11:41:56] DEPRECATION WARNING: please use MorganGenerator
[11:41:56] DEPRECATION WARNING: please use MorganGenerator
[11:41:56] DEPRECATION WARNING: please use MorganGenerator
[11:41:56] DEPRECATION WARNING: please use MorganGenerator
[11:41:56] DEPRECATION WARNING: please use MorganGenerator
[11:41:56] DEPRECATION WARNING: please use MorganGenerator
[11:41:56] DEPRECATION WARNING: please use MorganGenerator
[11:41:56] DEPRECATION WARNING: please use MorganGenerator
MaxMin selection:  94%|█████████▍| 94/100 [00:03<00:00, 28.78it/s][11:41:56] Can't kekulize mol.  Unkekulized atoms: 0 3 4 5 9
[11:41:56] ERROR: Could not sanitize molecule ending on line 34
[11:41:56] ERROR: Can't kekulize mol.  Unkekulized atoms: 0 3 4 5 9
[11:41:56] Can't kekulize mol.  Unkekulized atoms: 2 7 10
[11:41:56] ERROR: Could not sanitize molecule ending on line 32
[11:41:56] ERROR: Can't kekulize mol.  Unkekulized atoms: 2 7 10
[11:41:56] Can't kekulize mol.  Unkekulized atoms: 2 4 7
[11:41:56] ERROR: Could not sanitize molecule ending on line 32
[11:41:56] ERROR: Can't kekulize mol.  Unkekulized atoms: 2 4 7
[11:41:56] Can't kekulize mol.  Unkekulized atoms: 1 2 7 9 11
[11:41:56] ERROR: Could not sanitize molecule ending on line 29
[11:41:56] ERROR: Can't kekulize mol.  Unkekulized atoms: 1 2 7 9 11
[11:41:56] Can't kekulize mol.  Unkekulized atoms: 2 6 8
[11:41:56] ERROR: Could not sanitize molecule ending on line 32
[11:41:56] ERROR: Can't kekulize mol.  Unkekulized atoms: 2 6 8
[11:41:56] Can't kekulize mol.  Unkekulized atoms: 1 2 3 8 11
[11:41:56] ERROR: Could not sanitize molecule ending on line 34
[11:41:56] ERROR: Can't kekulize mol.  Unkekulized atoms: 1 2 3 8 11
[11:41:56] Can't kekulize mol.  Unkekulized atoms: 0 2 6
[11:41:56] ERROR: Could not sanitize molecule ending on line 32
[11:41:56] ERROR: Can't kekulize mol.  Unkekulized atoms: 0 2 6
[11:41:56] Can't kekulize mol.  Unkekulized atoms: 0 3 6 8 10
[11:41:56] ERROR: Could not sanitize molecule ending on line 31
[11:41:56] ERROR: Can't kekulize mol.  Unkekulized atoms: 0 3 6 8 10
[11:41:56] Can't kekulize mol.  Unkekulized atoms: 0 4 11
[11:41:56] ERROR: Could not sanitize molecule ending on line 32
[11:41:56] ERROR: Can't kekulize mol.  Unkekulized atoms: 0 4 11
[11:41:56] Can't kekulize mol.  Unkekulized atoms: 0 4 5
[11:41:56] ERROR: Could not sanitize molecule ending on line 29
[11:41:56] ERROR: Can't kekulize mol.  Unkekulized atoms: 0 4 5
[11:41:56] Can't kekulize mol.  Unkekulized atoms: 3 5 6 7 12
[11:41:56] ERROR: Could not sanitize molecule ending on line 32
[11:41:56] ERROR: Can't kekulize mol.  Unkekulized atoms: 3 5 6 7 12
[11:41:56] Can't kekulize mol.  Unkekulized atoms: 2 3 7
[11:41:56] ERROR: Could not sanitize molecule ending on line 32
[11:41:56] ERROR: Can't kekulize mol.  Unkekulized atoms: 2 3 7
[11:41:56] DEPRECATION WARNING: please use MorganGenerator
[11:41:56] DEPRECATION WARNING: please use MorganGenerator
[11:41:56] DEPRECATION WARNING: please use MorganGenerator
[11:41:56] DEPRECATION WARNING: please use MorganGenerator
[11:41:56] DEPRECATION WARNING: please use MorganGenerator
[11:41:56] DEPRECATION WARNING: please use MorganGenerator
[11:41:56] DEPRECATION WARNING: please use MorganGenerator
[11:41:56] DEPRECATION WARNING: please use MorganGenerator
[11:41:56] DEPRECATION WARNING: please use MorganGenerator
[11:41:56] DEPRECATION WARNING: please use MorganGenerator
[11:41:56] DEPRECATION WARNING: please use MorganGenerator
[11:41:56] DEPRECATION WARNING: please use MorganGenerator
[11:41:56] DEPRECATION WARNING: please use MorganGenerator
[11:41:56] DEPRECATION WARNING: please use MorganGenerator
[11:41:56] DEPRECATION WARNING: please use MorganGenerator
[11:41:56] DEPRECATION WARNING: please use MorganGenerator
[11:41:56] DEPRECATION WARNING: please use MorganGenerator
[11:41:56] DEPRECATION WARNING: please use MorganGenerator
[11:41:56] DEPRECATION WARNING: please use MorganGenerator
[11:41:56] DEPRECATION WARNING: please use MorganGenerator
[11:41:56] DEPRECATION WARNING: please use MorganGenerator
[11:41:56] DEPRECATION WARNING: please use MorganGenerator
[11:41:56] DEPRECATION WARNING: please use MorganGenerator
[11:41:56] DEPRECATION WARNING: please use MorganGenerator
[11:41:56] DEPRECATION WARNING: please use MorganGenerator
[11:41:56] DEPRECATION WARNING: please use MorganGenerator
[11:41:56] DEPRECATION WARNING: please use MorganGenerator
[11:41:56] DEPRECATION WARNING: please use MorganGenerator
[11:41:56] DEPRECATION WARNING: please use MorganGenerator
[11:41:56] DEPRECATION WARNING: please use MorganGenerator
[11:41:56] DEPRECATION WARNING: please use MorganGenerator
[11:41:56] DEPRECATION WARNING: please use MorganGenerator
[11:41:56] DEPRECATION WARNING: please use MorganGenerator
[11:41:56] DEPRECATION WARNING: please use MorganGenerator
[11:41:56] DEPRECATION WARNING: please use MorganGenerator
[11:41:56] DEPRECATION WARNING: please use MorganGenerator
[11:41:56] DEPRECATION WARNING: please use MorganGenerator
[11:41:56] DEPRECATION WARNING: please use MorganGenerator
[11:41:56] DEPRECATION WARNING: please use MorganGenerator
[11:41:56] DEPRECATION WARNING: please use MorganGenerator
[11:41:56] DEPRECATION WARNING: please use MorganGenerator
[11:41:56] DEPRECATION WARNING: please use MorganGenerator
[11:41:56] DEPRECATION WARNING: please use MorganGenerator
[11:41:56] DEPRECATION WARNING: please use MorganGenerator
[11:41:56] DEPRECATION WARNING: please use MorganGenerator
[11:41:56] DEPRECATION WARNING: please use MorganGenerator
[11:41:56] DEPRECATION WARNING: please use MorganGenerator
[11:41:56] DEPRECATION WARNING: please use MorganGenerator
[11:41:56] DEPRECATION WARNING: please use MorganGenerator
[11:41:56] DEPRECATION WARNING: please use MorganGenerator
[11:41:56] DEPRECATION WARNING: please use MorganGenerator
[11:41:56] DEPRECATION WARNING: please use MorganGenerator
[11:41:56] DEPRECATION WARNING: please use MorganGenerator
[11:41:56] DEPRECATION WARNING: please use MorganGenerator
[11:41:56] DEPRECATION WARNING: please use MorganGenerator
[11:41:56] DEPRECATION WARNING: please use MorganGenerator
[11:41:56] DEPRECATION WARNING: please use MorganGenerator
[11:41:56] DEPRECATION WARNING: please use MorganGenerator
[11:41:56] DEPRECATION WARNING: please use MorganGenerator
[11:41:56] DEPRECATION WARNING: please use MorganGenerator
[11:41:56] DEPRECATION WARNING: please use MorganGenerator
[11:41:56] DEPRECATION WARNING: please use MorganGenerator
[11:41:56] DEPRECATION WARNING: please use MorganGenerator
[11:41:56] DEPRECATION WARNING: please use MorganGenerator
[11:41:56] DEPRECATION WARNING: please use MorganGenerator
[11:41:56] DEPRECATION WARNING: please use MorganGenerator
[11:41:56] DEPRECATION WARNING: please use MorganGenerator
[11:41:56] DEPRECATION WARNING: please use MorganGenerator
[11:41:56] DEPRECATION WARNING: please use MorganGenerator
[11:41:56] DEPRECATION WARNING: please use MorganGenerator
[11:41:56] DEPRECATION WARNING: please use MorganGenerator
[11:41:56] DEPRECATION WARNING: please use MorganGenerator
[11:41:56] DEPRECATION WARNING: please use MorganGenerator
[11:41:56] DEPRECATION WARNING: please use MorganGenerator
[11:41:56] DEPRECATION WARNING: please use MorganGenerator
[11:41:56] DEPRECATION WARNING: please use MorganGenerator
[11:41:56] DEPRECATION WARNING: please use MorganGenerator
[11:41:56] DEPRECATION WARNING: please use MorganGenerator
[11:41:56] DEPRECATION WARNING: please use MorganGenerator
[11:41:56] DEPRECATION WARNING: please use MorganGenerator
[11:41:56] DEPRECATION WARNING: please use MorganGenerator
[11:41:56] DEPRECATION WARNING: please use MorganGenerator
[11:41:56] DEPRECATION WARNING: please use MorganGenerator
[11:41:56] DEPRECATION WARNING: please use MorganGenerator
[11:41:56] DEPRECATION WARNING: please use MorganGenerator
[11:41:56] DEPRECATION WARNING: please use MorganGenerator
[11:41:56] Explicit valence for atom # 5 C, 5, is greater than permitted
[11:41:56] ERROR: Could not sanitize molecule ending on line 52
[11:41:56] ERROR: Explicit valence for atom # 5 C, 5, is greater than permitted
[11:41:56] Can't kekulize mol.  Unkekulized atoms: 3 7 12 16 17
[11:41:56] ERROR: Could not sanitize molecule ending on line 45
[11:41:56] ERROR: Can't kekulize mol.  Unkekulized atoms: 3 7 12 16 17
[11:41:56] Can't kekulize mol.  Unkekulized atoms: 0 1 9 17 18
[11:41:56] ERROR: Could not sanitize molecule ending on line 44
[11:41:56] ERROR: Can't kekulize mol.  Unkekulized atoms: 0 1 9 17 18
[11:41:56] DEPRECATION WARNING: please use MorganGenerator
[11:41:56] DEPRECATION WARNING: please use MorganGenerator
[11:41:56] DEPRECATION WARNING: please use MorganGenerator
[11:41:56] DEPRECATION WARNING: please use MorganGenerator
[11:41:56] DEPRECATION WARNING: please use MorganGenerator
[11:41:56] DEPRECATION WARNING: please use MorganGenerator
[11:41:56] DEPRECATION WARNING: please use MorganGenerator
[11:41:56] DEPRECATION WARNING: please use MorganGenerator
[11:41:56] DEPRECATION WARNING: please use MorganGenerator
[11:41:56] DEPRECATION WARNING: please use MorganGenerator
[11:41:56] DEPRECATION WARNING: please use MorganGenerator
[11:41:56] DEPRECATION WARNING: please use MorganGenerator
[11:41:56] DEPRECATION WARNING: please use MorganGenerator
[11:41:56] DEPRECATION WARNING: please use MorganGenerator
[11:41:56] DEPRECATION WARNING: please use MorganGenerator
[11:41:56] DEPRECATION WARNING: please use MorganGenerator
[11:41:56] DEPRECATION WARNING: please use MorganGenerator
[11:41:56] DEPRECATION WARNING: please use MorganGenerator
[11:41:56] DEPRECATION WARNING: please use MorganGenerator
[11:41:56] DEPRECATION WARNING: please use MorganGenerator
[11:41:56] DEPRECATION WARNING: please use MorganGenerator
[11:41:56] DEPRECATION WARNING: please use MorganGenerator
[11:41:56] DEPRECATION WARNING: please use MorganGenerator
[11:41:56] DEPRECATION WARNING: please use MorganGenerator
[11:41:56] DEPRECATION WARNING: please use MorganGenerator
[11:41:56] DEPRECATION WARNING: please use MorganGenerator
[11:41:56] DEPRECATION WARNING: please use MorganGenerator
[11:41:56] DEPRECATION WARNING: please use MorganGenerator
[11:41:56] DEPRECATION WARNING: please use MorganGenerator
[11:41:56] DEPRECATION WARNING: please use MorganGenerator
[11:41:56] DEPRECATION WARNING: please use MorganGenerator
[11:41:56] DEPRECATION WARNING: please use MorganGenerator
[11:41:56] DEPRECATION WARNING: please use MorganGenerator
[11:41:56] DEPRECATION WARNING: please use MorganGenerator
[11:41:56] DEPRECATION WARNING: please use MorganGenerator
[11:41:56] DEPRECATION WARNING: please use MorganGenerator
[11:41:56] DEPRECATION WARNING: please use MorganGenerator
[11:41:56] DEPRECATION WARNING: please use MorganGenerator
[11:41:56] DEPRECATION WARNING: please use MorganGenerator
[11:41:56] DEPRECATION WARNING: please use MorganGenerator
[11:41:56] DEPRECATION WARNING: please use MorganGenerator
[11:41:56] DEPRECATION WARNING: please use MorganGenerator
[11:41:56] DEPRECATION WARNING: please use MorganGenerator
[11:41:56] DEPRECATION WARNING: please use MorganGenerator
[11:41:56] DEPRECATION WARNING: please use MorganGenerator
[11:41:56] DEPRECATION WARNING: please use MorganGenerator
[11:41:56] DEPRECATION WARNING: please use MorganGenerator
[11:41:56] DEPRECATION WARNING: please use MorganGenerator
[11:41:56] DEPRECATION WARNING: please use MorganGenerator
[11:41:56] DEPRECATION WARNING: please use MorganGenerator
[11:41:56] DEPRECATION WARNING: please use MorganGenerator
[11:41:56] DEPRECATION WARNING: please use MorganGenerator
[11:41:56] DEPRECATION WARNING: please use MorganGenerator
[11:41:56] DEPRECATION WARNING: please use MorganGenerator
[11:41:56] DEPRECATION WARNING: please use MorganGenerator
[11:41:56] DEPRECATION WARNING: please use MorganGenerator
[11:41:56] DEPRECATION WARNING: please use MorganGenerator
[11:41:56] DEPRECATION WARNING: please use MorganGenerator
[11:41:56] DEPRECATION WARNING: please use MorganGenerator
[11:41:56] DEPRECATION WARNING: please use MorganGenerator
[11:41:56] DEPRECATION WARNING: please use MorganGenerator
[11:41:56] DEPRECATION WARNING: please use MorganGenerator
[11:41:56] DEPRECATION WARNING: please use MorganGenerator
[11:41:56] DEPRECATION WARNING: please use MorganGenerator
[11:41:56] DEPRECATION WARNING: please use MorganGenerator
[11:41:56] DEPRECATION WARNING: please use MorganGenerator
[11:41:56] DEPRECATION WARNING: please use MorganGenerator
[11:41:56] DEPRECATION WARNING: please use MorganGenerator
[11:41:56] DEPRECATION WARNING: please use MorganGenerator
[11:41:56] DEPRECATION WARNING: please use MorganGenerator
[11:41:56] DEPRECATION WARNING: please use MorganGenerator
[11:41:56] DEPRECATION WARNING: please use MorganGenerator
[11:41:56] DEPRECATION WARNING: please use MorganGenerator
[11:41:56] DEPRECATION WARNING: please use MorganGenerator
[11:41:56] DEPRECATION WARNING: please use MorganGenerator
[11:41:56] DEPRECATION WARNING: please use MorganGenerator
[11:41:56] DEPRECATION WARNING: please use MorganGenerator
[11:41:56] DEPRECATION WARNING: please use MorganGenerator
[11:41:56] DEPRECATION WARNING: please use MorganGenerator
[11:41:56] DEPRECATION WARNING: please use MorganGenerator
[11:41:56] DEPRECATION WARNING: please use MorganGenerator
[11:41:56] DEPRECATION WARNING: please use MorganGenerator
[11:41:56] DEPRECATION WARNING: please use MorganGenerator
[11:41:56] DEPRECATION WARNING: please use MorganGenerator
[11:41:56] DEPRECATION WARNING: please use MorganGenerator
[11:41:56] DEPRECATION WARNING: please use MorganGenerator
[11:41:56] DEPRECATION WARNING: please use MorganGenerator
[11:41:56] DEPRECATION WARNING: please use MorganGenerator
[11:41:56] DEPRECATION WARNING: please use MorganGenerator
[11:41:56] DEPRECATION WARNING: please use MorganGenerator
[11:41:56] DEPRECATION WARNING: please use MorganGenerator
[11:41:56] DEPRECATION WARNING: please use MorganGenerator
[11:41:56] DEPRECATION WARNING: please use MorganGenerator
[11:41:56] DEPRECATION WARNING: please use MorganGenerator
[11:41:56] DEPRECATION WARNING: please use MorganGenerator
[11:41:56] DEPRECATION WARNING: please use MorganGenerator
[11:41:56] DEPRECATION WARNING: please use MorganGenerator
[11:41:56] DEPRECATION WARNING: please use MorganGenerator
[11:41:56] DEPRECATION WARNING: please use MorganGenerator
[11:41:56] DEPRECATION WARNING: please use MorganGenerator
[11:41:56] DEPRECATION WARNING: please use MorganGenerator
[11:41:56] DEPRECATION WARNING: please use MorganGenerator
[11:41:56] DEPRECATION WARNING: please use MorganGenerator
[11:41:56] DEPRECATION WARNING: please use MorganGenerator
[11:41:56] Can't kekulize mol.  Unkekulized atoms: 6 7 9
[11:41:56] ERROR: Could not sanitize molecule ending on line 30
[11:41:56] ERROR: Can't kekulize mol.  Unkekulized atoms: 6 7 9
[11:41:56] Can't kekulize mol.  Unkekulized atoms: 0 1 2 4 6 9 10
[11:41:56] ERROR: Could not sanitize molecule ending on line 30
[11:41:56] ERROR: Can't kekulize mol.  Unkekulized atoms: 0 1 2 4 6 9 10
[11:41:56] DEPRECATION WARNING: please use MorganGenerator
[11:41:56] DEPRECATION WARNING: please use MorganGenerator
[11:41:56] DEPRECATION WARNING: please use MorganGenerator
[11:41:56] DEPRECATION WARNING: please use MorganGenerator
[11:41:56] DEPRECATION WARNING: please use MorganGenerator
[11:41:56] DEPRECATION WARNING: please use MorganGenerator
[11:41:56] DEPRECATION WARNING: please use MorganGenerator
[11:41:56] DEPRECATION WARNING: please use MorganGenerator
[11:41:56] DEPRECATION WARNING: please use MorganGenerator
[11:41:56] DEPRECATION WARNING: please use MorganGenerator
[11:41:56] DEPRECATION WARNING: please use MorganGenerator
[11:41:56] DEPRECATION WARNING: please use MorganGenerator
[11:41:56] DEPRECATION WARNING: please use MorganGenerator
[11:41:56] DEPRECATION WARNING: please use MorganGenerator
[11:41:56] DEPRECATION WARNING: please use MorganGenerator
[11:41:56] DEPRECATION WARNING: please use MorganGenerator
[11:41:56] DEPRECATION WARNING: please use MorganGenerator
[11:41:56] DEPRECATION WARNING: please use MorganGenerator
[11:41:56] DEPRECATION WARNING: please use MorganGenerator
[11:41:56] DEPRECATION WARNING: please use MorganGenerator
[11:41:56] DEPRECATION WARNING: please use MorganGenerator
[11:41:56] DEPRECATION WARNING: please use MorganGenerator
[11:41:56] DEPRECATION WARNING: please use MorganGenerator
[11:41:56] DEPRECATION WARNING: please use MorganGenerator
[11:41:56] DEPRECATION WARNING: please use MorganGenerator
[11:41:56] DEPRECATION WARNING: please use MorganGenerator
[11:41:56] DEPRECATION WARNING: please use MorganGenerator
[11:41:56] DEPRECATION WARNING: please use MorganGenerator
[11:41:56] DEPRECATION WARNING: please use MorganGenerator
[11:41:56] DEPRECATION WARNING: please use MorganGenerator
[11:41:56] DEPRECATION WARNING: please use MorganGenerator
[11:41:56] DEPRECATION WARNING: please use MorganGenerator
[11:41:56] DEPRECATION WARNING: please use MorganGenerator
[11:41:56] DEPRECATION WARNING: please use MorganGenerator
[11:41:56] DEPRECATION WARNING: please use MorganGenerator
[11:41:56] DEPRECATION WARNING: please use MorganGenerator
[11:41:56] DEPRECATION WARNING: please use MorganGenerator
[11:41:56] DEPRECATION WARNING: please use MorganGenerator
[11:41:56] DEPRECATION WARNING: please use MorganGenerator
[11:41:56] DEPRECATION WARNING: please use MorganGenerator
[11:41:56] DEPRECATION WARNING: please use MorganGenerator
[11:41:56] DEPRECATION WARNING: please use MorganGenerator
[11:41:56] DEPRECATION WARNING: please use MorganGenerator
[11:41:56] DEPRECATION WARNING: please use MorganGenerator
[11:41:56] DEPRECATION WARNING: please use MorganGenerator
[11:41:56] DEPRECATION WARNING: please use MorganGenerator
[11:41:56] DEPRECATION WARNING: please use MorganGenerator
[11:41:56] DEPRECATION WARNING: please use MorganGenerator
[11:41:56] DEPRECATION WARNING: please use MorganGenerator
[11:41:56] DEPRECATION WARNING: please use MorganGenerator
[11:41:56] DEPRECATION WARNING: please use MorganGenerator
[11:41:56] DEPRECATION WARNING: please use MorganGenerator
[11:41:56] DEPRECATION WARNING: please use MorganGenerator
[11:41:56] DEPRECATION WARNING: please use MorganGenerator
[11:41:56] DEPRECATION WARNING: please use MorganGenerator
[11:41:56] DEPRECATION WARNING: please use MorganGenerator
[11:41:56] DEPRECATION WARNING: please use MorganGenerator
[11:41:56] DEPRECATION WARNING: please use MorganGenerator
[11:41:56] DEPRECATION WARNING: please use MorganGenerator
[11:41:56] DEPRECATION WARNING: please use MorganGenerator
[11:41:56] DEPRECATION WARNING: please use MorganGenerator
[11:41:56] DEPRECATION WARNING: please use MorganGenerator
[11:41:56] DEPRECATION WARNING: please use MorganGenerator
[11:41:56] DEPRECATION WARNING: please use MorganGenerator
[11:41:56] DEPRECATION WARNING: please use MorganGenerator
[11:41:56] DEPRECATION WARNING: please use MorganGenerator
[11:41:56] DEPRECATION WARNING: please use MorganGenerator
[11:41:56] DEPRECATION WARNING: please use MorganGenerator
[11:41:56] DEPRECATION WARNING: please use MorganGenerator
[11:41:56] DEPRECATION WARNING: please use MorganGenerator
[11:41:56] DEPRECATION WARNING: please use MorganGenerator
[11:41:56] DEPRECATION WARNING: please use MorganGenerator
[11:41:56] DEPRECATION WARNING: please use MorganGenerator
[11:41:56] DEPRECATION WARNING: please use MorganGenerator
[11:41:56] DEPRECATION WARNING: please use MorganGenerator
[11:41:56] DEPRECATION WARNING: please use MorganGenerator
[11:41:56] DEPRECATION WARNING: please use MorganGenerator
[11:41:56] DEPRECATION WARNING: please use MorganGenerator
[11:41:56] DEPRECATION WARNING: please use MorganGenerator
[11:41:56] DEPRECATION WARNING: please use MorganGenerator
[11:41:56] DEPRECATION WARNING: please use MorganGenerator
[11:41:56] DEPRECATION WARNING: please use MorganGenerator
[11:41:56] DEPRECATION WARNING: please use MorganGenerator
[11:41:56] DEPRECATION WARNING: please use MorganGenerator
[11:41:56] DEPRECATION WARNING: please use MorganGenerator
[11:41:56] DEPRECATION WARNING: please use MorganGenerator
[11:41:56] DEPRECATION WARNING: please use MorganGenerator
[11:41:56] DEPRECATION WARNING: please use MorganGenerator
[11:41:56] DEPRECATION WARNING: please use MorganGenerator
[11:41:56] DEPRECATION WARNING: please use MorganGenerator
[11:41:56] DEPRECATION WARNING: please use MorganGenerator
[11:41:56] DEPRECATION WARNING: please use MorganGenerator
[11:41:56] DEPRECATION WARNING: please use MorganGenerator
[11:41:56] DEPRECATION WARNING: please use MorganGenerator
[11:41:56] DEPRECATION WARNING: please use MorganGenerator
[11:41:56] DEPRECATION WARNING: please use MorganGenerator
[11:41:56] DEPRECATION WARNING: please use MorganGenerator
[11:41:56] DEPRECATION WARNING: please use MorganGenerator
[11:41:56] DEPRECATION WARNING: please use MorganGenerator
[11:41:56] DEPRECATION WARNING: please use MorganGenerator
[11:41:56] DEPRECATION WARNING: please use MorganGenerator
[11:41:56] DEPRECATION WARNING: please use MorganGenerator
[11:41:56] DEPRECATION WARNING: please use MorganGenerator
[11:41:56] DEPRECATION WARNING: please use MorganGenerator
[11:41:56] DEPRECATION WARNING: please use MorganGenerator
[11:41:56] DEPRECATION WARNING: please use MorganGenerator
[11:41:56] Can't kekulize mol.  Unkekulized atoms: 1 15 16 17 20
[11:41:56] ERROR: Could not sanitize molecule ending on line 61
[11:41:56] ERROR: Can't kekulize mol.  Unkekulized atoms: 1 15 16 17 20
[11:41:56] Can't kekulize mol.  Unkekulized atoms: 5 6 8 9 15 16 17 18 20 22 23
[11:41:56] ERROR: Could not sanitize molecule ending on line 64
[11:41:56] ERROR: Can't kekulize mol.  Unkekulized atoms: 5 6 8 9 15 16 17 18 20 22 23
[11:41:56] Explicit valence for atom # 3 N, 6, is greater than permitted
[11:41:56] ERROR: Could not sanitize molecule ending on line 79
[11:41:56] ERROR: Explicit valence for atom # 3 N, 6, is greater than permitted
[11:41:56] Can't kekulize mol.  Unkekulized atoms: 0 1 6 8 9 10 12 14 27 28 29
[11:41:56] ERROR: Could not sanitize molecule ending on line 75
[11:41:56] ERROR: Can't kekulize mol.  Unkekulized atoms: 0 1 6 8 9 10 12 14 27 28 29
[11:41:56] Can't kekulize mol.  Unkekulized atoms: 7 15 17
[11:41:56] ERROR: Could not sanitize molecule ending on line 80
[11:41:56] ERROR: Can't kekulize mol.  Unkekulized atoms: 7 15 17
[11:41:56] Can't kekulize mol.  Unkekulized atoms: 4 10 12 16 18 21 22 24 33
[11:41:56] ERROR: Could not sanitize molecule ending on line 82
[11:41:56] ERROR: Can't kekulize mol.  Unkekulized atoms: 4 10 12 16 18 21 22 24 33
[11:41:56] Explicit valence for atom # 25 Cl, 2, is greater than permitted
[11:41:56] ERROR: Could not sanitize molecule ending on line 62
[11:41:56] ERROR: Explicit valence for atom # 25 Cl, 2, is greater than permitted
[11:41:56] Explicit valence for atom # 11 Cl, 2, is greater than permitted
[11:41:56] ERROR: Could not sanitize molecule ending on line 68
[11:41:56] ERROR: Explicit valence for atom # 11 Cl, 2, is greater than permitted
[11:41:56] Explicit valence for atom # 21 C, 5, is greater than permitted
[11:41:56] ERROR: Could not sanitize molecule ending on line 95
[11:41:56] ERROR: Explicit valence for atom # 21 C, 5, is greater than permitted
[11:41:56] DEPRECATION WARNING: please use MorganGenerator
[11:41:56] DEPRECATION WARNING: please use MorganGenerator
[11:41:56] DEPRECATION WARNING: please use MorganGenerator
[11:41:56] DEPRECATION WARNING: please use MorganGenerator
[11:41:56] DEPRECATION WARNING: please use MorganGenerator
[11:41:56] DEPRECATION WARNING: please use MorganGenerator
[11:41:56] DEPRECATION WARNING: please use MorganGenerator
[11:41:56] DEPRECATION WARNING: please use MorganGenerator
[11:41:56] DEPRECATION WARNING: please use MorganGenerator
[11:41:56] DEPRECATION WARNING: please use MorganGenerator
[11:41:56] DEPRECATION WARNING: please use MorganGenerator
[11:41:56] DEPRECATION WARNING: please use MorganGenerator
[11:41:56] DEPRECATION WARNING: please use MorganGenerator
[11:41:56] DEPRECATION WARNING: please use MorganGenerator
[11:41:56] DEPRECATION WARNING: please use MorganGenerator
[11:41:56] DEPRECATION WARNING: please use MorganGenerator
[11:41:56] DEPRECATION WARNING: please use MorganGenerator
[11:41:56] DEPRECATION WARNING: please use MorganGenerator
[11:41:56] DEPRECATION WARNING: please use MorganGenerator
[11:41:56] DEPRECATION WARNING: please use MorganGenerator
[11:41:56] DEPRECATION WARNING: please use MorganGenerator
[11:41:56] DEPRECATION WARNING: please use MorganGenerator
[11:41:56] DEPRECATION WARNING: please use MorganGenerator
[11:41:56] DEPRECATION WARNING: please use MorganGenerator
[11:41:56] DEPRECATION WARNING: please use MorganGenerator
[11:41:56] DEPRECATION WARNING: please use MorganGenerator
[11:41:56] DEPRECATION WARNING: please use MorganGenerator
[11:41:56] DEPRECATION WARNING: please use MorganGenerator
[11:41:56] DEPRECATION WARNING: please use MorganGenerator
[11:41:56] DEPRECATION WARNING: please use MorganGenerator
[11:41:56] DEPRECATION WARNING: please use MorganGenerator
[11:41:56] DEPRECATION WARNING: please use MorganGenerator
[11:41:56] DEPRECATION WARNING: please use MorganGenerator
[11:41:56] DEPRECATION WARNING: please use MorganGenerator
[11:41:56] DEPRECATION WARNING: please use MorganGenerator
[11:41:56] DEPRECATION WARNING: please use MorganGenerator
[11:41:56] DEPRECATION WARNING: please use MorganGenerator
[11:41:56] DEPRECATION WARNING: please use MorganGenerator
[11:41:56] DEPRECATION WARNING: please use MorganGenerator
[11:41:56] DEPRECATION WARNING: please use MorganGenerator
[11:41:56] DEPRECATION WARNING: please use MorganGenerator
[11:41:56] DEPRECATION WARNING: please use MorganGenerator
[11:41:56] DEPRECATION WARNING: please use MorganGenerator
[11:41:56] DEPRECATION WARNING: please use MorganGenerator
[11:41:56] DEPRECATION WARNING: please use MorganGenerator
[11:41:56] DEPRECATION WARNING: please use MorganGenerator
[11:41:56] DEPRECATION WARNING: please use MorganGenerator
[11:41:56] DEPRECATION WARNING: please use MorganGenerator
[11:41:56] DEPRECATION WARNING: please use MorganGenerator
[11:41:56] DEPRECATION WARNING: please use MorganGenerator
[11:41:56] DEPRECATION WARNING: please use MorganGenerator
[11:41:56] DEPRECATION WARNING: please use MorganGenerator
[11:41:56] DEPRECATION WARNING: please use MorganGenerator
[11:41:56] DEPRECATION WARNING: please use MorganGenerator
[11:41:56] DEPRECATION WARNING: please use MorganGenerator
[11:41:56] DEPRECATION WARNING: please use MorganGenerator
[11:41:56] DEPRECATION WARNING: please use MorganGenerator
[11:41:56] DEPRECATION WARNING: please use MorganGenerator
[11:41:56] DEPRECATION WARNING: please use MorganGenerator
[11:41:56] DEPRECATION WARNING: please use MorganGenerator
[11:41:56] DEPRECATION WARNING: please use MorganGenerator
[11:41:56] DEPRECATION WARNING: please use MorganGenerator
[11:41:56] DEPRECATION WARNING: please use MorganGenerator
[11:41:56] DEPRECATION WARNING: please use MorganGenerator
[11:41:56] DEPRECATION WARNING: please use MorganGenerator
[11:41:56] DEPRECATION WARNING: please use MorganGenerator
[11:41:56] DEPRECATION WARNING: please use MorganGenerator
[11:41:56] DEPRECATION WARNING: please use MorganGenerator
[11:41:56] DEPRECATION WARNING: please use MorganGenerator
[11:41:56] DEPRECATION WARNING: please use MorganGenerator
[11:41:56] DEPRECATION WARNING: please use MorganGenerator
[11:41:56] DEPRECATION WARNING: please use MorganGenerator
[11:41:56] DEPRECATION WARNING: please use MorganGenerator
[11:41:56] DEPRECATION WARNING: please use MorganGenerator
[11:41:56] DEPRECATION WARNING: please use MorganGenerator
[11:41:56] DEPRECATION WARNING: please use MorganGenerator
[11:41:56] DEPRECATION WARNING: please use MorganGenerator
[11:41:56] DEPRECATION WARNING: please use MorganGenerator
[11:41:56] DEPRECATION WARNING: please use MorganGenerator
[11:41:56] DEPRECATION WARNING: please use MorganGenerator
[11:41:56] DEPRECATION WARNING: please use MorganGenerator
[11:41:56] DEPRECATION WARNING: please use MorganGenerator
[11:41:56] DEPRECATION WARNING: please use MorganGenerator
[11:41:56] DEPRECATION WARNING: please use MorganGenerator
[11:41:56] DEPRECATION WARNING: please use MorganGenerator
[11:41:56] DEPRECATION WARNING: please use MorganGenerator
[11:41:56] DEPRECATION WARNING: please use MorganGenerator
[11:41:56] DEPRECATION WARNING: please use MorganGenerator
[11:41:56] DEPRECATION WARNING: please use MorganGenerator
[11:41:56] DEPRECATION WARNING: please use MorganGenerator
[11:41:56] DEPRECATION WARNING: please use MorganGenerator
[11:41:56] DEPRECATION WARNING: please use MorganGenerator
MaxMin selection:  98%|█████████▊| 98/100 [00:03<00:00, 29.95it/s][11:41:56] Explicit valence for atom # 17 N, 4, is greater than permitted
[11:41:56] ERROR: Could not sanitize molecule ending on line 60
[11:41:56] ERROR: Explicit valence for atom # 17 N, 4, is greater than permitted
[11:41:56] Can't kekulize mol.  Unkekulized atoms: 0 6 7 14 17
[11:41:56] ERROR: Could not sanitize molecule ending on line 52
[11:41:56] ERROR: Can't kekulize mol.  Unkekulized atoms: 0 6 7 14 17
[11:41:56] Can't kekulize mol.  Unkekulized atoms: 1 2 13 14 15
[11:41:56] ERROR: Could not sanitize molecule ending on line 41
[11:41:56] ERROR: Can't kekulize mol.  Unkekulized atoms: 1 2 13 14 15
[11:41:56] Can't kekulize mol.  Unkekulized atoms: 3 4 7 8 10
[11:41:56] ERROR: Could not sanitize molecule ending on line 33
[11:41:56] ERROR: Can't kekulize mol.  Unkekulized atoms: 3 4 7 8 10
[11:41:56] Can't kekulize mol.  Unkekulized atoms: 3 4 5 10 16
[11:41:56] ERROR: Could not sanitize molecule ending on line 47
[11:41:56] ERROR: Can't kekulize mol.  Unkekulized atoms: 3 4 5 10 16
[11:41:56] DEPRECATION WARNING: please use MorganGenerator
[11:41:56] DEPRECATION WARNING: please use MorganGenerator
[11:41:56] DEPRECATION WARNING: please use MorganGenerator
[11:41:56] DEPRECATION WARNING: please use MorganGenerator
[11:41:56] DEPRECATION WARNING: please use MorganGenerator
[11:41:56] DEPRECATION WARNING: please use MorganGenerator
[11:41:56] DEPRECATION WARNING: please use MorganGenerator
[11:41:56] DEPRECATION WARNING: please use MorganGenerator
[11:41:56] DEPRECATION WARNING: please use MorganGenerator
[11:41:56] DEPRECATION WARNING: please use MorganGenerator
[11:41:56] DEPRECATION WARNING: please use MorganGenerator
[11:41:56] DEPRECATION WARNING: please use MorganGenerator
[11:41:56] DEPRECATION WARNING: please use MorganGenerator
[11:41:56] DEPRECATION WARNING: please use MorganGenerator
[11:41:56] DEPRECATION WARNING: please use MorganGenerator
[11:41:56] DEPRECATION WARNING: please use MorganGenerator
[11:41:56] DEPRECATION WARNING: please use MorganGenerator
[11:41:56] DEPRECATION WARNING: please use MorganGenerator
[11:41:56] DEPRECATION WARNING: please use MorganGenerator
[11:41:56] DEPRECATION WARNING: please use MorganGenerator
[11:41:56] DEPRECATION WARNING: please use MorganGenerator
[11:41:56] DEPRECATION WARNING: please use MorganGenerator
[11:41:56] DEPRECATION WARNING: please use MorganGenerator
[11:41:56] DEPRECATION WARNING: please use MorganGenerator
[11:41:56] DEPRECATION WARNING: please use MorganGenerator
[11:41:56] DEPRECATION WARNING: please use MorganGenerator
[11:41:56] DEPRECATION WARNING: please use MorganGenerator
[11:41:56] DEPRECATION WARNING: please use MorganGenerator
[11:41:56] DEPRECATION WARNING: please use MorganGenerator
[11:41:56] DEPRECATION WARNING: please use MorganGenerator
[11:41:56] DEPRECATION WARNING: please use MorganGenerator
[11:41:56] DEPRECATION WARNING: please use MorganGenerator
[11:41:56] DEPRECATION WARNING: please use MorganGenerator
[11:41:56] DEPRECATION WARNING: please use MorganGenerator
[11:41:56] DEPRECATION WARNING: please use MorganGenerator
[11:41:56] DEPRECATION WARNING: please use MorganGenerator
[11:41:56] DEPRECATION WARNING: please use MorganGenerator
[11:41:56] DEPRECATION WARNING: please use MorganGenerator
[11:41:56] DEPRECATION WARNING: please use MorganGenerator
[11:41:56] DEPRECATION WARNING: please use MorganGenerator
[11:41:56] DEPRECATION WARNING: please use MorganGenerator
[11:41:56] DEPRECATION WARNING: please use MorganGenerator
[11:41:56] DEPRECATION WARNING: please use MorganGenerator
[11:41:56] DEPRECATION WARNING: please use MorganGenerator
[11:41:56] DEPRECATION WARNING: please use MorganGenerator
[11:41:56] DEPRECATION WARNING: please use MorganGenerator
[11:41:56] DEPRECATION WARNING: please use MorganGenerator
[11:41:56] DEPRECATION WARNING: please use MorganGenerator
[11:41:56] DEPRECATION WARNING: please use MorganGenerator
[11:41:56] DEPRECATION WARNING: please use MorganGenerator
[11:41:56] DEPRECATION WARNING: please use MorganGenerator
[11:41:56] DEPRECATION WARNING: please use MorganGenerator
[11:41:56] DEPRECATION WARNING: please use MorganGenerator
[11:41:56] DEPRECATION WARNING: please use MorganGenerator
[11:41:56] DEPRECATION WARNING: please use MorganGenerator
[11:41:56] DEPRECATION WARNING: please use MorganGenerator
[11:41:56] DEPRECATION WARNING: please use MorganGenerator
[11:41:56] DEPRECATION WARNING: please use MorganGenerator
[11:41:56] DEPRECATION WARNING: please use MorganGenerator
[11:41:56] DEPRECATION WARNING: please use MorganGenerator
[11:41:56] DEPRECATION WARNING: please use MorganGenerator
[11:41:56] DEPRECATION WARNING: please use MorganGenerator
[11:41:56] DEPRECATION WARNING: please use MorganGenerator
[11:41:56] DEPRECATION WARNING: please use MorganGenerator
[11:41:56] DEPRECATION WARNING: please use MorganGenerator
[11:41:56] DEPRECATION WARNING: please use MorganGenerator
[11:41:56] DEPRECATION WARNING: please use MorganGenerator
[11:41:56] DEPRECATION WARNING: please use MorganGenerator
[11:41:56] DEPRECATION WARNING: please use MorganGenerator
[11:41:56] DEPRECATION WARNING: please use MorganGenerator
[11:41:56] DEPRECATION WARNING: please use MorganGenerator
[11:41:56] DEPRECATION WARNING: please use MorganGenerator
[11:41:56] DEPRECATION WARNING: please use MorganGenerator
[11:41:56] DEPRECATION WARNING: please use MorganGenerator
[11:41:56] DEPRECATION WARNING: please use MorganGenerator
[11:41:56] DEPRECATION WARNING: please use MorganGenerator
[11:41:56] DEPRECATION WARNING: please use MorganGenerator
[11:41:56] DEPRECATION WARNING: please use MorganGenerator
[11:41:56] DEPRECATION WARNING: please use MorganGenerator
[11:41:56] DEPRECATION WARNING: please use MorganGenerator
[11:41:56] DEPRECATION WARNING: please use MorganGenerator
[11:41:56] DEPRECATION WARNING: please use MorganGenerator
[11:41:56] DEPRECATION WARNING: please use MorganGenerator
[11:41:56] DEPRECATION WARNING: please use MorganGenerator
[11:41:56] DEPRECATION WARNING: please use MorganGenerator
[11:41:56] DEPRECATION WARNING: please use MorganGenerator
[11:41:56] DEPRECATION WARNING: please use MorganGenerator
[11:41:56] DEPRECATION WARNING: please use MorganGenerator
[11:41:56] DEPRECATION WARNING: please use MorganGenerator
[11:41:56] DEPRECATION WARNING: please use MorganGenerator
[11:41:56] DEPRECATION WARNING: please use MorganGenerator
[11:41:56] DEPRECATION WARNING: please use MorganGenerator
[11:41:56] DEPRECATION WARNING: please use MorganGenerator
[11:41:56] DEPRECATION WARNING: please use MorganGenerator
[11:41:56] DEPRECATION WARNING: please use MorganGenerator
[11:41:56] DEPRECATION WARNING: please use MorganGenerator
[11:41:56] DEPRECATION WARNING: please use MorganGenerator
[11:41:56] DEPRECATION WARNING: please use MorganGenerator
[11:41:56] DEPRECATION WARNING: please use MorganGenerator
[11:41:56] DEPRECATION WARNING: please use MorganGenerator
[11:41:56] Explicit valence for atom # 0 O, 3, is greater than permitted
[11:41:56] ERROR: Could not sanitize molecule ending on line 53
[11:41:56] ERROR: Explicit valence for atom # 0 O, 3, is greater than permitted
[11:41:56] Can't kekulize mol.  Unkekulized atoms: 0 1 12 13 16 18 21
[11:41:56] ERROR: Could not sanitize molecule ending on line 61
[11:41:56] ERROR: Can't kekulize mol.  Unkekulized atoms: 0 1 12 13 16 18 21
[11:41:56] Explicit valence for atom # 19 O, 3, is greater than permitted
[11:41:56] ERROR: Could not sanitize molecule ending on line 70
[11:41:56] ERROR: Explicit valence for atom # 19 O, 3, is greater than permitted
[11:41:56] Explicit valence for atom # 10 C, 6, is greater than permitted
[11:41:56] ERROR: Could not sanitize molecule ending on line 62
[11:41:56] ERROR: Explicit valence for atom # 10 C, 6, is greater than permitted
[11:41:56] Explicit valence for atom # 4 O, 4, is greater than permitted
[11:41:56] ERROR: Could not sanitize molecule ending on line 56
[11:41:56] ERROR: Explicit valence for atom # 4 O, 4, is greater than permitted
[11:41:56] Explicit valence for atom # 14 O, 3, is greater than permitted
[11:41:56] ERROR: Could not sanitize molecule ending on line 63
[11:41:56] ERROR: Explicit valence for atom # 14 O, 3, is greater than permitted
[11:41:56] DEPRECATION WARNING: please use MorganGenerator
[11:41:56] DEPRECATION WARNING: please use MorganGenerator
[11:41:56] DEPRECATION WARNING: please use MorganGenerator
[11:41:56] DEPRECATION WARNING: please use MorganGenerator
[11:41:56] DEPRECATION WARNING: please use MorganGenerator
[11:41:56] DEPRECATION WARNING: please use MorganGenerator
[11:41:56] DEPRECATION WARNING: please use MorganGenerator
[11:41:56] DEPRECATION WARNING: please use MorganGenerator
[11:41:56] DEPRECATION WARNING: please use MorganGenerator
[11:41:56] DEPRECATION WARNING: please use MorganGenerator
[11:41:56] DEPRECATION WARNING: please use MorganGenerator
[11:41:56] DEPRECATION WARNING: please use MorganGenerator
[11:41:56] DEPRECATION WARNING: please use MorganGenerator
[11:41:56] DEPRECATION WARNING: please use MorganGenerator
[11:41:56] DEPRECATION WARNING: please use MorganGenerator
[11:41:56] DEPRECATION WARNING: please use MorganGenerator
[11:41:56] DEPRECATION WARNING: please use MorganGenerator
[11:41:56] DEPRECATION WARNING: please use MorganGenerator
[11:41:56] DEPRECATION WARNING: please use MorganGenerator
[11:41:56] DEPRECATION WARNING: please use MorganGenerator
[11:41:56] DEPRECATION WARNING: please use MorganGenerator
[11:41:56] DEPRECATION WARNING: please use MorganGenerator
[11:41:56] DEPRECATION WARNING: please use MorganGenerator
[11:41:56] DEPRECATION WARNING: please use MorganGenerator
[11:41:56] DEPRECATION WARNING: please use MorganGenerator
[11:41:56] DEPRECATION WARNING: please use MorganGenerator
[11:41:56] DEPRECATION WARNING: please use MorganGenerator
[11:41:56] DEPRECATION WARNING: please use MorganGenerator
[11:41:56] DEPRECATION WARNING: please use MorganGenerator
[11:41:56] DEPRECATION WARNING: please use MorganGenerator
[11:41:56] DEPRECATION WARNING: please use MorganGenerator
[11:41:56] DEPRECATION WARNING: please use MorganGenerator
[11:41:56] DEPRECATION WARNING: please use MorganGenerator
[11:41:56] DEPRECATION WARNING: please use MorganGenerator
[11:41:56] DEPRECATION WARNING: please use MorganGenerator
[11:41:56] DEPRECATION WARNING: please use MorganGenerator
[11:41:56] DEPRECATION WARNING: please use MorganGenerator
[11:41:56] DEPRECATION WARNING: please use MorganGenerator
[11:41:56] DEPRECATION WARNING: please use MorganGenerator
[11:41:56] DEPRECATION WARNING: please use MorganGenerator
[11:41:56] DEPRECATION WARNING: please use MorganGenerator
[11:41:56] DEPRECATION WARNING: please use MorganGenerator
[11:41:56] DEPRECATION WARNING: please use MorganGenerator
[11:41:56] DEPRECATION WARNING: please use MorganGenerator
[11:41:56] DEPRECATION WARNING: please use MorganGenerator
[11:41:56] DEPRECATION WARNING: please use MorganGenerator
[11:41:56] DEPRECATION WARNING: please use MorganGenerator
[11:41:56] DEPRECATION WARNING: please use MorganGenerator
[11:41:56] DEPRECATION WARNING: please use MorganGenerator
[11:41:56] DEPRECATION WARNING: please use MorganGenerator
[11:41:56] DEPRECATION WARNING: please use MorganGenerator
[11:41:56] DEPRECATION WARNING: please use MorganGenerator
[11:41:56] DEPRECATION WARNING: please use MorganGenerator
[11:41:56] DEPRECATION WARNING: please use MorganGenerator
[11:41:56] DEPRECATION WARNING: please use MorganGenerator
[11:41:56] DEPRECATION WARNING: please use MorganGenerator
[11:41:56] DEPRECATION WARNING: please use MorganGenerator
[11:41:56] DEPRECATION WARNING: please use MorganGenerator
[11:41:56] DEPRECATION WARNING: please use MorganGenerator
[11:41:56] DEPRECATION WARNING: please use MorganGenerator
[11:41:56] DEPRECATION WARNING: please use MorganGenerator
[11:41:56] DEPRECATION WARNING: please use MorganGenerator
[11:41:56] DEPRECATION WARNING: please use MorganGenerator
[11:41:56] DEPRECATION WARNING: please use MorganGenerator
[11:41:56] DEPRECATION WARNING: please use MorganGenerator
[11:41:56] DEPRECATION WARNING: please use MorganGenerator
[11:41:56] DEPRECATION WARNING: please use MorganGenerator
[11:41:56] DEPRECATION WARNING: please use MorganGenerator
[11:41:56] DEPRECATION WARNING: please use MorganGenerator
[11:41:56] DEPRECATION WARNING: please use MorganGenerator
[11:41:56] DEPRECATION WARNING: please use MorganGenerator
[11:41:56] DEPRECATION WARNING: please use MorganGenerator
[11:41:56] DEPRECATION WARNING: please use MorganGenerator
[11:41:56] DEPRECATION WARNING: please use MorganGenerator
[11:41:56] DEPRECATION WARNING: please use MorganGenerator
[11:41:56] DEPRECATION WARNING: please use MorganGenerator
[11:41:56] DEPRECATION WARNING: please use MorganGenerator
[11:41:56] DEPRECATION WARNING: please use MorganGenerator
[11:41:56] DEPRECATION WARNING: please use MorganGenerator
[11:41:56] DEPRECATION WARNING: please use MorganGenerator
[11:41:56] DEPRECATION WARNING: please use MorganGenerator
[11:41:56] DEPRECATION WARNING: please use MorganGenerator
[11:41:56] DEPRECATION WARNING: please use MorganGenerator
[11:41:56] DEPRECATION WARNING: please use MorganGenerator
[11:41:56] DEPRECATION WARNING: please use MorganGenerator
[11:41:56] DEPRECATION WARNING: please use MorganGenerator
[11:41:56] DEPRECATION WARNING: please use MorganGenerator
[11:41:56] DEPRECATION WARNING: please use MorganGenerator
[11:41:56] DEPRECATION WARNING: please use MorganGenerator
[11:41:56] DEPRECATION WARNING: please use MorganGenerator
[11:41:56] DEPRECATION WARNING: please use MorganGenerator
[11:41:56] DEPRECATION WARNING: please use MorganGenerator
[11:41:56] DEPRECATION WARNING: please use MorganGenerator
[11:41:56] DEPRECATION WARNING: please use MorganGenerator
[11:41:56] DEPRECATION WARNING: please use MorganGenerator
[11:41:56] DEPRECATION WARNING: please use MorganGenerator
[11:41:56] DEPRECATION WARNING: please use MorganGenerator
[11:41:56] DEPRECATION WARNING: please use MorganGenerator
MaxMin selection: 100%|██████████| 100/100 [00:03<00:00, 30.58it/s]

============================================================
MaxMin Selection Summary (100 pockets)
============================================================
  Full pool diversity (N=10):     0.8505
  Post-MaxMin diversity (K=10):   0.9024
  Diversity gain from selection:        0.0519

Selected molecules saved to output/maxmin_selected
