[11:46:48] Can't kekulize mol.  Unkekulized atoms: 6 9 12 19 20
[11:46:48] ERROR: Could not sanitize molecule ending on line 50
[11:46:48] ERROR: Can't kekulize mol.  Unkekulized atoms: 6 9 12 19 20
[11:46:48] Can't kekulize mol.  Unkekulized atoms: 0 1 3 4 6 16 17 18 19 20 21
[11:46:48] ERROR: Could not sanitize molecule ending on line 53
[11:46:48] ERROR: Can't kekulize mol.  Unkekulized atoms: 0 1 3 4 6 16 17 18 19 20 21
[11:46:48] Can't kekulize mol.  Unkekulized atoms: 4 7 11 12 13 18 24
[11:46:48] ERROR: Could not sanitize molecule ending on line 65
[11:46:48] ERROR: Can't kekulize mol.  Unkekulized atoms: 4 7 11 12 13 18 24
[11:46:48] Can't kekulize mol.  Unkekulized atoms: 0 2 4 5 8 9 10 12 13 16 18
[11:46:48] ERROR: Could not sanitize molecule ending on line 48
[11:46:48] ERROR: Can't kekulize mol.  Unkekulized atoms: 0 2 4 5 8 9 10 12 13 16 18
[11:46:48] Can't kekulize mol.  Unkekulized atoms: 9 13 15 18 21 26 33
[11:46:48] ERROR: Could not sanitize molecule ending on line 78
[11:46:48] ERROR: Can't kekulize mol.  Unkekulized atoms: 9 13 15 18 21 26 33
[11:46:48] Can't kekulize mol.  Unkekulized atoms: 0 2 3 7 8 12 13 14 17 18 21 22 23
[11:46:48] ERROR: Could not sanitize molecule ending on line 57
[11:46:48] ERROR: Can't kekulize mol.  Unkekulized atoms: 0 2 3 7 8 12 13 14 17 18 21 22 23
[11:46:48] Can't kekulize mol.  Unkekulized atoms: 0 1 4 9 13 15 16 17 18 20 23
[11:46:48] ERROR: Could not sanitize molecule ending on line 65
[11:46:48] ERROR: Can't kekulize mol.  Unkekulized atoms: 0 1 4 9 13 15 16 17 18 20 23
[11:46:48] Can't kekulize mol.  Unkekulized atoms: 1 2 3 4 5 6 7 8 9 11 12 14 15
[11:46:48] ERROR: Could not sanitize molecule ending on line 39
[11:46:48] ERROR: Can't kekulize mol.  Unkekulized atoms: 1 2 3 4 5 6 7 8 9 11 12 14 15
[11:46:48] Can't kekulize mol.  Unkekulized atoms: 1 3 4 7 9 11 12 13 14 16 17 19 20 22 23
[11:46:48] ERROR: Could not sanitize molecule ending on line 60
[11:46:48] ERROR: Can't kekulize mol.  Unkekulized atoms: 1 3 4 7 9 11 12 13 14 16 17 19 20 22 23
[11:46:48] Explicit valence for atom # 11 C, 5, is greater than permitted
[11:46:48] ERROR: Could not sanitize molecule ending on line 79
[11:46:48] ERROR: Explicit valence for atom # 11 C, 5, is greater than permitted
[11:46:48] Can't kekulize mol.  Unkekulized atoms: 3 5 14 20 21 23 24
[11:46:48] ERROR: Could not sanitize molecule ending on line 61
[11:46:48] ERROR: Can't kekulize mol.  Unkekulized atoms: 3 5 14 20 21 23 24
[11:46:48] Explicit valence for atom # 11 C, 5, is greater than permitted
[11:46:48] ERROR: Could not sanitize molecule ending on line 73
[11:46:48] ERROR: Explicit valence for atom # 11 C, 5, is greater than permitted
[11:46:48] Can't kekulize mol.  Unkekulized atoms: 17 26 33
[11:46:48] ERROR: Could not sanitize molecule ending on line 91
[11:46:48] ERROR: Can't kekulize mol.  Unkekulized atoms: 17 26 33
[11:46:48] Can't kekulize mol.  Unkekulized atoms: 1 2 5 9 15 16 21 22 24
[11:46:48] ERROR: Could not sanitize molecule ending on line 59
[11:46:48] ERROR: Can't kekulize mol.  Unkekulized atoms: 1 2 5 9 15 16 21 22 24
[11:46:48] Explicit valence for atom # 4 C, 5, is greater than permitted
[11:46:48] ERROR: Could not sanitize molecule ending on line 38
[11:46:48] ERROR: Explicit valence for atom # 4 C, 5, is greater than permitted
[11:46:48] Can't kekulize mol.  Unkekulized atoms: 10 14 15
[11:46:48] ERROR: Could not sanitize molecule ending on line 66
[11:46:48] ERROR: Can't kekulize mol.  Unkekulized atoms: 10 14 15
[11:46:48] Can't kekulize mol.  Unkekulized atoms: 0 2 3 8 19
[11:46:48] ERROR: Could not sanitize molecule ending on line 46
[11:46:48] ERROR: Can't kekulize mol.  Unkekulized atoms: 0 2 3 8 19
[11:46:48] Explicit valence for atom # 4 C, 5, is greater than permitted
[11:46:48] ERROR: Could not sanitize molecule ending on line 53
[11:46:48] ERROR: Explicit valence for atom # 4 C, 5, is greater than permitted
[11:46:48] Explicit valence for atom # 13 C, 5, is greater than permitted
[11:46:48] ERROR: Could not sanitize molecule ending on line 65
[11:46:48] ERROR: Explicit valence for atom # 13 C, 5, is greater than permitted
[11:46:48] Explicit valence for atom # 20 C, 5, is greater than permitted
[11:46:48] ERROR: Could not sanitize molecule ending on line 61
[11:46:48] ERROR: Explicit valence for atom # 20 C, 5, is greater than permitted
[11:46:48] Explicit valence for atom # 14 C, 5, is greater than permitted
[11:46:48] ERROR: Could not sanitize molecule ending on line 69
[11:46:48] ERROR: Explicit valence for atom # 14 C, 5, is greater than permitted
[11:46:48] Can't kekulize mol.  Unkekulized atoms: 4 5 9 17 21
[11:46:48] ERROR: Could not sanitize molecule ending on line 58
[11:46:48] ERROR: Can't kekulize mol.  Unkekulized atoms: 4 5 9 17 21
[11:46:48] Explicit valence for atom # 16 Cl, 2, is greater than permitted
[11:46:48] ERROR: Could not sanitize molecule ending on line 64
[11:46:48] ERROR: Explicit valence for atom # 16 Cl, 2, is greater than permitted
[11:46:48] Can't kekulize mol.  Unkekulized atoms: 3 23 25 26 27
[11:46:48] ERROR: Could not sanitize molecule ending on line 66
[11:46:48] ERROR: Can't kekulize mol.  Unkekulized atoms: 3 23 25 26 27
[11:46:48] Explicit valence for atom # 16 C, 5, is greater than permitted
[11:46:48] ERROR: Could not sanitize molecule ending on line 85
[11:46:48] ERROR: Explicit valence for atom # 16 C, 5, is greater than permitted
[11:46:48] Explicit valence for atom # 12 C, 5, is greater than permitted
[11:46:48] ERROR: Could not sanitize molecule ending on line 69
[11:46:48] ERROR: Explicit valence for atom # 12 C, 5, is greater than permitted
[11:46:48] Explicit valence for atom # 15 C, 5, is greater than permitted
[11:46:48] ERROR: Could not sanitize molecule ending on line 61
[11:46:48] ERROR: Explicit valence for atom # 15 C, 5, is greater than permitted
[11:46:48] Explicit valence for atom # 5 C, 5, is greater than permitted
[11:46:48] ERROR: Could not sanitize molecule ending on line 67
[11:46:48] ERROR: Explicit valence for atom # 5 C, 5, is greater than permitted
[11:46:48] Explicit valence for atom # 14 C, 5, is greater than permitted
[11:46:48] ERROR: Could not sanitize molecule ending on line 49
[11:46:48] ERROR: Explicit valence for atom # 14 C, 5, is greater than permitted
[11:46:48] Explicit valence for atom # 20 C, 5, is greater than permitted
[11:46:48] ERROR: Could not sanitize molecule ending on line 60
[11:46:48] ERROR: Explicit valence for atom # 20 C, 5, is greater than permitted
[11:46:48] Explicit valence for atom # 4 C, 5, is greater than permitted
[11:46:48] ERROR: Could not sanitize molecule ending on line 63
[11:46:48] ERROR: Explicit valence for atom # 4 C, 5, is greater than permitted
[11:46:48] Explicit valence for atom # 10 C, 5, is greater than permitted
[11:46:48] ERROR: Could not sanitize molecule ending on line 49
[11:46:48] ERROR: Explicit valence for atom # 10 C, 5, is greater than permitted
[11:46:48] Explicit valence for atom # 7 Cl, 2, is greater than permitted
[11:46:48] ERROR: Could not sanitize molecule ending on line 56
[11:46:48] ERROR: Explicit valence for atom # 7 Cl, 2, is greater than permitted
[11:46:48] Explicit valence for atom # 21 N, 4, is greater than permitted
[11:46:48] ERROR: Could not sanitize molecule ending on line 76
[11:46:48] ERROR: Explicit valence for atom # 21 N, 4, is greater than permitted
[11:46:48] Explicit valence for atom # 9 Cl, 2, is greater than permitted
[11:46:48] ERROR: Could not sanitize molecule ending on line 94
[11:46:48] ERROR: Explicit valence for atom # 9 Cl, 2, is greater than permitted
[11:46:48] Can't kekulize mol.  Unkekulized atoms: 0 1 2 4 7 8 9 12 13 15 17 22 23 24 25 26 28 30 31
[11:46:48] ERROR: Could not sanitize molecule ending on line 75
[11:46:48] ERROR: Can't kekulize mol.  Unkekulized atoms: 0 1 2 4 7 8 9 12 13 15 17 22 23 24 25 26 28 30 31
[11:46:48] Can't kekulize mol.  Unkekulized atoms: 2 4 5 7 8 11 13 19 22
[11:46:48] ERROR: Could not sanitize molecule ending on line 53
[11:46:48] ERROR: Can't kekulize mol.  Unkekulized atoms: 2 4 5 7 8 11 13 19 22
[11:46:48] Can't kekulize mol.  Unkekulized atoms: 0 3 5 12 19
[11:46:48] ERROR: Could not sanitize molecule ending on line 54
[11:46:48] ERROR: Can't kekulize mol.  Unkekulized atoms: 0 3 5 12 19
[11:46:48] Explicit valence for atom # 15 C, 5, is greater than permitted
[11:46:48] ERROR: Could not sanitize molecule ending on line 46
[11:46:48] ERROR: Explicit valence for atom # 15 C, 5, is greater than permitted
[11:46:48] Can't kekulize mol.  Unkekulized atoms: 0 1 2 4 5 6 8 9 11 12 14 16 17
[11:46:48] ERROR: Could not sanitize molecule ending on line 46
[11:46:48] ERROR: Can't kekulize mol.  Unkekulized atoms: 0 1 2 4 5 6 8 9 11 12 14 16 17
[11:46:48] Can't kekulize mol.  Unkekulized atoms: 1 2 8 13 14
[11:46:48] ERROR: Could not sanitize molecule ending on line 54
[11:46:48] ERROR: Can't kekulize mol.  Unkekulized atoms: 1 2 8 13 14
[11:46:48] Explicit valence for atom # 2 C, 5, is greater than permitted
[11:46:48] ERROR: Could not sanitize molecule ending on line 38
[11:46:48] ERROR: Explicit valence for atom # 2 C, 5, is greater than permitted
[11:46:48] Can't kekulize mol.  Unkekulized atoms: 0 1 3 7 11 12 13 14 15
[11:46:48] ERROR: Could not sanitize molecule ending on line 45
[11:46:48] ERROR: Can't kekulize mol.  Unkekulized atoms: 0 1 3 7 11 12 13 14 15
[11:46:48] Explicit valence for atom # 24 O, 3, is greater than permitted
[11:46:48] ERROR: Could not sanitize molecule ending on line 62
[11:46:48] ERROR: Explicit valence for atom # 24 O, 3, is greater than permitted
[11:46:48] Can't kekulize mol.  Unkekulized atoms: 0 1 2 3 4 5 7 10 11 12 16 17
[11:46:48] ERROR: Could not sanitize molecule ending on line 44
[11:46:48] ERROR: Can't kekulize mol.  Unkekulized atoms: 0 1 2 3 4 5 7 10 11 12 16 17
[11:46:48] Can't kekulize mol.  Unkekulized atoms: 4 5 11 13 19
[11:46:48] ERROR: Could not sanitize molecule ending on line 47
[11:46:48] ERROR: Can't kekulize mol.  Unkekulized atoms: 4 5 11 13 19
[11:46:48] Can't kekulize mol.  Unkekulized atoms: 3 10 12 15 16
[11:46:48] ERROR: Could not sanitize molecule ending on line 41
[11:46:48] ERROR: Can't kekulize mol.  Unkekulized atoms: 3 10 12 15 16
[11:46:48] Can't kekulize mol.  Unkekulized atoms: 4 15 20
[11:46:48] ERROR: Could not sanitize molecule ending on line 59
[11:46:48] ERROR: Can't kekulize mol.  Unkekulized atoms: 4 15 20
[11:46:48] Explicit valence for atom # 5 O, 3, is greater than permitted
[11:46:48] ERROR: Could not sanitize molecule ending on line 75
[11:46:48] ERROR: Explicit valence for atom # 5 O, 3, is greater than permitted
[11:46:48] Explicit valence for atom # 4 O, 3, is greater than permitted
[11:46:48] ERROR: Could not sanitize molecule ending on line 61
[11:46:48] ERROR: Explicit valence for atom # 4 O, 3, is greater than permitted
[11:46:48] Explicit valence for atom # 5 C, 5, is greater than permitted
[11:46:48] ERROR: Could not sanitize molecule ending on line 87
[11:46:48] ERROR: Explicit valence for atom # 5 C, 5, is greater than permitted
[11:46:48] Explicit valence for atom # 12 C, 6, is greater than permitted
[11:46:48] ERROR: Could not sanitize molecule ending on line 84
[11:46:48] ERROR: Explicit valence for atom # 12 C, 6, is greater than permitted
[11:46:48] Can't kekulize mol.  Unkekulized atoms: 1 3 5 11 18
[11:46:48] ERROR: Could not sanitize molecule ending on line 52
[11:46:48] ERROR: Can't kekulize mol.  Unkekulized atoms: 1 3 5 11 18
[11:46:48] Can't kekulize mol.  Unkekulized atoms: 0 5 9 10 13 16 28
[11:46:48] ERROR: Could not sanitize molecule ending on line 65
[11:46:48] ERROR: Can't kekulize mol.  Unkekulized atoms: 0 5 9 10 13 16 28
[11:46:48] Explicit valence for atom # 10 P, 6, is greater than permitted
[11:46:48] ERROR: Could not sanitize molecule ending on line 71
[11:46:48] ERROR: Explicit valence for atom # 10 P, 6, is greater than permitted
[11:46:48] Can't kekulize mol.  Unkekulized atoms: 2 3 8 12 16 20 31 37 40
[11:46:48] ERROR: Could not sanitize molecule ending on line 91
[11:46:48] ERROR: Can't kekulize mol.  Unkekulized atoms: 2 3 8 12 16 20 31 37 40
[11:46:48] Explicit valence for atom # 21 O, 3, is greater than permitted
[11:46:48] ERROR: Could not sanitize molecule ending on line 70
[11:46:48] ERROR: Explicit valence for atom # 21 O, 3, is greater than permitted
[11:46:48] Explicit valence for atom # 5 O, 3, is greater than permitted
[11:46:48] ERROR: Could not sanitize molecule ending on line 85
[11:46:48] ERROR: Explicit valence for atom # 5 O, 3, is greater than permitted
[11:46:48] Can't kekulize mol.  Unkekulized atoms: 7 10 11 15 16 18 23
[11:46:48] ERROR: Could not sanitize molecule ending on line 56
[11:46:48] ERROR: Can't kekulize mol.  Unkekulized atoms: 7 10 11 15 16 18 23
[11:46:48] Can't kekulize mol.  Unkekulized atoms: 2 4 9 10 11 16 17
[11:46:48] ERROR: Could not sanitize molecule ending on line 58
[11:46:48] ERROR: Can't kekulize mol.  Unkekulized atoms: 2 4 9 10 11 16 17
[11:46:48] Can't kekulize mol.  Unkekulized atoms: 2 3 8 14 16 18 20
[11:46:48] ERROR: Could not sanitize molecule ending on line 65
[11:46:48] ERROR: Can't kekulize mol.  Unkekulized atoms: 2 3 8 14 16 18 20
[11:46:48] Can't kekulize mol.  Unkekulized atoms: 22 23 27
[11:46:48] ERROR: Could not sanitize molecule ending on line 62
[11:46:48] ERROR: Can't kekulize mol.  Unkekulized atoms: 22 23 27
[11:46:48] Explicit valence for atom # 3 O, 3, is greater than permitted
[11:46:48] ERROR: Could not sanitize molecule ending on line 63
[11:46:48] ERROR: Explicit valence for atom # 3 O, 3, is greater than permitted
[11:46:48] Can't kekulize mol.  Unkekulized atoms: 1 2 5 6 7 8 9 11 12 15 16 17 19 20 22
[11:46:48] ERROR: Could not sanitize molecule ending on line 56
[11:46:48] ERROR: Can't kekulize mol.  Unkekulized atoms: 1 2 5 6 7 8 9 11 12 15 16 17 19 20 22
[11:46:48] Can't kekulize mol.  Unkekulized atoms: 1 3 6 10 11
[11:46:48] ERROR: Could not sanitize molecule ending on line 43
[11:46:48] ERROR: Can't kekulize mol.  Unkekulized atoms: 1 3 6 10 11
[11:46:48] Can't kekulize mol.  Unkekulized atoms: 4 8 21 23 25
[11:46:48] ERROR: Could not sanitize molecule ending on line 61
[11:46:48] ERROR: Can't kekulize mol.  Unkekulized atoms: 4 8 21 23 25
[11:46:48] Can't kekulize mol.  Unkekulized atoms: 2 5 7 17 19 29 32
[11:46:48] ERROR: Could not sanitize molecule ending on line 88
[11:46:48] ERROR: Can't kekulize mol.  Unkekulized atoms: 2 5 7 17 19 29 32
[11:46:48] Explicit valence for atom # 21 N, 4, is greater than permitted
[11:46:48] ERROR: Could not sanitize molecule ending on line 70
[11:46:48] ERROR: Explicit valence for atom # 21 N, 4, is greater than permitted
[11:46:48] Can't kekulize mol.  Unkekulized atoms: 0 1 4 5 8 9 10 13 14 15 17 18
[11:46:48] ERROR: Could not sanitize molecule ending on line 45
[11:46:48] ERROR: Can't kekulize mol.  Unkekulized atoms: 0 1 4 5 8 9 10 13 14 15 17 18
[11:46:48] Can't kekulize mol.  Unkekulized atoms: 0 1 2 6 9 10 12 14 15 16
[11:46:48] ERROR: Could not sanitize molecule ending on line 46
[11:46:48] ERROR: Can't kekulize mol.  Unkekulized atoms: 0 1 2 6 9 10 12 14 15 16
[11:46:48] Can't kekulize mol.  Unkekulized atoms: 0 1 2 3 4 5 8 10 12 13 16 19
[11:46:48] ERROR: Could not sanitize molecule ending on line 48
[11:46:48] ERROR: Can't kekulize mol.  Unkekulized atoms: 0 1 2 3 4 5 8 10 12 13 16 19
[11:46:48] Can't kekulize mol.  Unkekulized atoms: 0 2 3 4 6 7 9 11 13 14 15 16
[11:46:48] ERROR: Could not sanitize molecule ending on line 48
[11:46:48] ERROR: Can't kekulize mol.  Unkekulized atoms: 0 2 3 4 6 7 9 11 13 14 15 16
[11:46:48] Can't kekulize mol.  Unkekulized atoms: 2 11 13 18 20
[11:46:48] ERROR: Could not sanitize molecule ending on line 50
[11:46:48] ERROR: Can't kekulize mol.  Unkekulized atoms: 2 11 13 18 20
[11:46:48] Explicit valence for atom # 0 O, 3, is greater than permitted
[11:46:48] ERROR: Could not sanitize molecule ending on line 132
[11:46:48] ERROR: Explicit valence for atom # 0 O, 3, is greater than permitted
[11:46:48] Can't kekulize mol.  Unkekulized atoms: 7 10 14 21 24 25 36
[11:46:48] ERROR: Could not sanitize molecule ending on line 84
[11:46:48] ERROR: Can't kekulize mol.  Unkekulized atoms: 7 10 14 21 24 25 36
[11:46:48] Can't kekulize mol.  Unkekulized atoms: 1 2 4 7 10 12 13 25 29 30 32
[11:46:48] ERROR: Could not sanitize molecule ending on line 91
[11:46:48] ERROR: Can't kekulize mol.  Unkekulized atoms: 1 2 4 7 10 12 13 25 29 30 32
[11:46:48] Can't kekulize mol.  Unkekulized atoms: 7 15 31
[11:46:48] ERROR: Could not sanitize molecule ending on line 83
[11:46:48] ERROR: Can't kekulize mol.  Unkekulized atoms: 7 15 31
[11:46:48] Can't kekulize mol.  Unkekulized atoms: 4 11 15 17 40
[11:46:48] ERROR: Could not sanitize molecule ending on line 89
[11:46:48] ERROR: Can't kekulize mol.  Unkekulized atoms: 4 11 15 17 40
[11:46:48] Can't kekulize mol.  Unkekulized atoms: 4 8 22 29 31
[11:46:48] ERROR: Could not sanitize molecule ending on line 81
[11:46:48] ERROR: Can't kekulize mol.  Unkekulized atoms: 4 8 22 29 31
[11:46:48] Can't kekulize mol.  Unkekulized atoms: 6 11 26 30 31
[11:46:48] ERROR: Could not sanitize molecule ending on line 72
[11:46:48] ERROR: Can't kekulize mol.  Unkekulized atoms: 6 11 26 30 31
[11:46:48] Can't kekulize mol.  Unkekulized atoms: 3 9 18 28 29
[11:46:48] ERROR: Could not sanitize molecule ending on line 81
[11:46:48] ERROR: Can't kekulize mol.  Unkekulized atoms: 3 9 18 28 29
[11:46:48] Can't kekulize mol.  Unkekulized atoms: 10 13 17 28 33
[11:46:48] ERROR: Could not sanitize molecule ending on line 78
[11:46:48] ERROR: Can't kekulize mol.  Unkekulized atoms: 10 13 17 28 33
[11:46:48] Can't kekulize mol.  Unkekulized atoms: 3 9 18 22 30
[11:46:48] ERROR: Could not sanitize molecule ending on line 80
[11:46:48] ERROR: Can't kekulize mol.  Unkekulized atoms: 3 9 18 22 30
[11:46:48] Can't kekulize mol.  Unkekulized atoms: 0 8 15 18 24
[11:46:48] ERROR: Could not sanitize molecule ending on line 75
[11:46:48] ERROR: Can't kekulize mol.  Unkekulized atoms: 0 8 15 18 24
[11:46:48] Can't kekulize mol.  Unkekulized atoms: 1 4 8 12 13 14 21 25 33
[11:46:48] ERROR: Could not sanitize molecule ending on line 78
[11:46:48] ERROR: Can't kekulize mol.  Unkekulized atoms: 1 4 8 12 13 14 21 25 33
[11:46:48] Explicit valence for atom # 7 C, 5, is greater than permitted
[11:46:48] ERROR: Could not sanitize molecule ending on line 104
[11:46:48] ERROR: Explicit valence for atom # 7 C, 5, is greater than permitted
[11:46:48] Explicit valence for atom # 1 N, 4, is greater than permitted
[11:46:48] ERROR: Could not sanitize molecule ending on line 88
[11:46:48] ERROR: Explicit valence for atom # 1 N, 4, is greater than permitted
[11:46:48] Can't kekulize mol.  Unkekulized atoms: 1 6 8 13 18
[11:46:48] ERROR: Could not sanitize molecule ending on line 78
[11:46:48] ERROR: Can't kekulize mol.  Unkekulized atoms: 1 6 8 13 18
[11:46:48] Can't kekulize mol.  Unkekulized atoms: 5 7 14 16 18 22 25 38 39
[11:46:48] ERROR: Could not sanitize molecule ending on line 95
[11:46:48] ERROR: Can't kekulize mol.  Unkekulized atoms: 5 7 14 16 18 22 25 38 39
[11:46:48] Can't kekulize mol.  Unkekulized atoms: 0 8 15 20 22
[11:46:48] ERROR: Could not sanitize molecule ending on line 58
[11:46:48] ERROR: Can't kekulize mol.  Unkekulized atoms: 0 8 15 20 22
[11:46:48] Can't kekulize mol.  Unkekulized atoms: 7 14 15 18 19 22 23
[11:46:48] ERROR: Could not sanitize molecule ending on line 54
[11:46:48] ERROR: Can't kekulize mol.  Unkekulized atoms: 7 14 15 18 19 22 23
[11:46:48] Explicit valence for atom # 6 C, 5, is greater than permitted
[11:46:48] ERROR: Could not sanitize molecule ending on line 27
[11:46:48] ERROR: Explicit valence for atom # 6 C, 5, is greater than permitted
[11:46:48] Explicit valence for atom # 9 C, 5, is greater than permitted
[11:46:48] ERROR: Could not sanitize molecule ending on line 42
[11:46:48] ERROR: Explicit valence for atom # 9 C, 5, is greater than permitted
[11:46:48] Explicit valence for atom # 24 O, 3, is greater than permitted
[11:46:48] ERROR: Could not sanitize molecule ending on line 84
[11:46:48] ERROR: Explicit valence for atom # 24 O, 3, is greater than permitted
[11:46:49] Explicit valence for atom # 36 N, 4, is greater than permitted
[11:46:49] ERROR: Could not sanitize molecule ending on line 93
[11:46:49] ERROR: Explicit valence for atom # 36 N, 4, is greater than permitted
[11:46:49] Can't kekulize mol.  Unkekulized atoms: 3 7 9 14 16 17 19 20 21
[11:46:49] ERROR: Could not sanitize molecule ending on line 56
[11:46:49] ERROR: Can't kekulize mol.  Unkekulized atoms: 3 7 9 14 16 17 19 20 21
[11:46:49] Explicit valence for atom # 21 C, 5, is greater than permitted
[11:46:49] ERROR: Could not sanitize molecule ending on line 76
[11:46:49] ERROR: Explicit valence for atom # 21 C, 5, is greater than permitted
[11:46:49] Explicit valence for atom # 14 N, 4, is greater than permitted
[11:46:49] ERROR: Could not sanitize molecule ending on line 65
[11:46:49] ERROR: Explicit valence for atom # 14 N, 4, is greater than permitted
[11:46:49] Can't kekulize mol.  Unkekulized atoms: 5 8 10 11 12 14 16 17 18 22 24
[11:46:49] ERROR: Could not sanitize molecule ending on line 60
[11:46:49] ERROR: Can't kekulize mol.  Unkekulized atoms: 5 8 10 11 12 14 16 17 18 22 24
[11:46:49] Can't kekulize mol.  Unkekulized atoms: 2 7 8 10 11 12 13 14 15 18 19
[11:46:49] ERROR: Could not sanitize molecule ending on line 50
[11:46:49] ERROR: Can't kekulize mol.  Unkekulized atoms: 2 7 8 10 11 12 13 14 15 18 19
[11:46:49] Explicit valence for atom # 5 N, 4, is greater than permitted
[11:46:49] ERROR: Could not sanitize molecule ending on line 55
[11:46:49] ERROR: Explicit valence for atom # 5 N, 4, is greater than permitted
[11:46:49] Can't kekulize mol.  Unkekulized atoms: 2 4 6 7 8 11 12 13 14 15 18
[11:46:49] ERROR: Could not sanitize molecule ending on line 48
[11:46:49] ERROR: Can't kekulize mol.  Unkekulized atoms: 2 4 6 7 8 11 12 13 14 15 18
[11:46:49] Explicit valence for atom # 10 O, 3, is greater than permitted
[11:46:49] ERROR: Could not sanitize molecule ending on line 80
[11:46:49] ERROR: Explicit valence for atom # 10 O, 3, is greater than permitted
[11:46:49] Explicit valence for atom # 4 O, 3, is greater than permitted
[11:46:49] ERROR: Could not sanitize molecule ending on line 65
[11:46:49] ERROR: Explicit valence for atom # 4 O, 3, is greater than permitted
[11:46:49] Can't kekulize mol.  Unkekulized atoms: 6 9 13 14 22 24 27
[11:46:49] ERROR: Could not sanitize molecule ending on line 67
[11:46:49] ERROR: Can't kekulize mol.  Unkekulized atoms: 6 9 13 14 22 24 27
[11:46:49] Can't kekulize mol.  Unkekulized atoms: 5 10 20 26 28
[11:46:49] ERROR: Could not sanitize molecule ending on line 69
[11:46:49] ERROR: Can't kekulize mol.  Unkekulized atoms: 5 10 20 26 28
[11:46:49] Can't kekulize mol.  Unkekulized atoms: 1 3 6 7 10 12 16 20 24
[11:46:49] ERROR: Could not sanitize molecule ending on line 68
[11:46:49] ERROR: Can't kekulize mol.  Unkekulized atoms: 1 3 6 7 10 12 16 20 24
[11:46:49] Explicit valence for atom # 8 O, 3, is greater than permitted
[11:46:49] ERROR: Could not sanitize molecule ending on line 64
[11:46:49] ERROR: Explicit valence for atom # 8 O, 3, is greater than permitted
[11:46:49] Explicit valence for atom # 9 O, 3, is greater than permitted
[11:46:49] ERROR: Could not sanitize molecule ending on line 68
[11:46:49] ERROR: Explicit valence for atom # 9 O, 3, is greater than permitted
[11:46:49] Can't kekulize mol.  Unkekulized atoms: 10 15 16 18 19
[11:46:49] ERROR: Could not sanitize molecule ending on line 46
[11:46:49] ERROR: Can't kekulize mol.  Unkekulized atoms: 10 15 16 18 19
[11:46:49] Can't kekulize mol.  Unkekulized atoms: 0 13 14 18 20
[11:46:49] ERROR: Could not sanitize molecule ending on line 59
[11:46:49] ERROR: Can't kekulize mol.  Unkekulized atoms: 0 13 14 18 20
[11:46:49] Can't kekulize mol.  Unkekulized atoms: 3 4 8 10 11 12 27
[11:46:49] ERROR: Could not sanitize molecule ending on line 67
[11:46:49] ERROR: Can't kekulize mol.  Unkekulized atoms: 3 4 8 10 11 12 27
[11:46:49] Can't kekulize mol.  Unkekulized atoms: 7 11 12 13 15 21 23
[11:46:49] ERROR: Could not sanitize molecule ending on line 61
[11:46:49] ERROR: Can't kekulize mol.  Unkekulized atoms: 7 11 12 13 15 21 23
[11:46:49] Can't kekulize mol.  Unkekulized atoms: 9 13 15 24 25 26 28
[11:46:49] ERROR: Could not sanitize molecule ending on line 65
[11:46:49] ERROR: Can't kekulize mol.  Unkekulized atoms: 9 13 15 24 25 26 28
[11:46:49] Explicit valence for atom # 17 O, 2, is greater than permitted
[11:46:49] ERROR: Could not sanitize molecule ending on line 68
[11:46:49] ERROR: Explicit valence for atom # 17 O, 2, is greater than permitted
[11:46:49] Explicit valence for atom # 15 O, 3, is greater than permitted
[11:46:49] ERROR: Could not sanitize molecule ending on line 56
[11:46:49] ERROR: Explicit valence for atom # 15 O, 3, is greater than permitted
[11:46:49] Can't kekulize mol.  Unkekulized atoms: 1 2 10 15 16
[11:46:49] ERROR: Could not sanitize molecule ending on line 60
[11:46:49] ERROR: Can't kekulize mol.  Unkekulized atoms: 1 2 10 15 16
[11:46:49] Explicit valence for atom # 5 O, 4, is greater than permitted
[11:46:49] ERROR: Could not sanitize molecule ending on line 69
[11:46:49] ERROR: Explicit valence for atom # 5 O, 4, is greater than permitted
[11:46:49] Explicit valence for atom # 16 O, 3, is greater than permitted
[11:46:49] ERROR: Could not sanitize molecule ending on line 69
[11:46:49] ERROR: Explicit valence for atom # 16 O, 3, is greater than permitted
[11:46:49] Can't kekulize mol.  Unkekulized atoms: 4 11 13 15 17
[11:46:49] ERROR: Could not sanitize molecule ending on line 55
[11:46:49] ERROR: Can't kekulize mol.  Unkekulized atoms: 4 11 13 15 17
[11:46:49] Explicit valence for atom # 5 P, 6, is greater than permitted
[11:46:49] ERROR: Could not sanitize molecule ending on line 76
[11:46:49] ERROR: Explicit valence for atom # 5 P, 6, is greater than permitted
[11:46:49] Explicit valence for atom # 5 O, 3, is greater than permitted
[11:46:49] ERROR: Could not sanitize molecule ending on line 72
[11:46:49] ERROR: Explicit valence for atom # 5 O, 3, is greater than permitted
[11:46:49] Can't kekulize mol.  Unkekulized atoms: 3 11 15 21 24 25 36 40 42
[11:46:49] ERROR: Could not sanitize molecule ending on line 101
[11:46:49] ERROR: Can't kekulize mol.  Unkekulized atoms: 3 11 15 21 24 25 36 40 42
[11:46:49] Explicit valence for atom # 6 O, 3, is greater than permitted
[11:46:49] ERROR: Could not sanitize molecule ending on line 72
[11:46:49] ERROR: Explicit valence for atom # 6 O, 3, is greater than permitted
[11:46:49] Explicit valence for atom # 11 C, 5, is greater than permitted
[11:46:49] ERROR: Could not sanitize molecule ending on line 82
[11:46:49] ERROR: Explicit valence for atom # 11 C, 5, is greater than permitted
[11:46:49] Can't kekulize mol.  Unkekulized atoms: 3 9 13 15 16
[11:46:49] ERROR: Could not sanitize molecule ending on line 47
[11:46:49] ERROR: Can't kekulize mol.  Unkekulized atoms: 3 9 13 15 16
[11:46:49] Explicit valence for atom # 11 O, 3, is greater than permitted
[11:46:49] ERROR: Could not sanitize molecule ending on line 70
[11:46:49] ERROR: Explicit valence for atom # 11 O, 3, is greater than permitted
[11:46:49] Can't kekulize mol.  Unkekulized atoms: 2 7 10 13 19
[11:46:49] ERROR: Could not sanitize molecule ending on line 46
[11:46:49] ERROR: Can't kekulize mol.  Unkekulized atoms: 2 7 10 13 19
[11:46:49] Can't kekulize mol.  Unkekulized atoms: 7 8 19
[11:46:49] ERROR: Could not sanitize molecule ending on line 81
[11:46:49] ERROR: Can't kekulize mol.  Unkekulized atoms: 7 8 19
[11:46:49] Explicit valence for atom # 5 C, 5, is greater than permitted
[11:46:49] ERROR: Could not sanitize molecule ending on line 50
[11:46:49] ERROR: Explicit valence for atom # 5 C, 5, is greater than permitted
[11:46:49] Can't kekulize mol.  Unkekulized atoms: 2 3 4 5 6 12 13 14 15
[11:46:49] ERROR: Could not sanitize molecule ending on line 47
[11:46:49] ERROR: Can't kekulize mol.  Unkekulized atoms: 2 3 4 5 6 12 13 14 15
[11:46:49] Explicit valence for atom # 2 O, 3, is greater than permitted
[11:46:49] ERROR: Could not sanitize molecule ending on line 85
[11:46:49] ERROR: Explicit valence for atom # 2 O, 3, is greater than permitted
[11:46:49] Explicit valence for atom # 9 C, 5, is greater than permitted
[11:46:49] ERROR: Could not sanitize molecule ending on line 64
[11:46:49] ERROR: Explicit valence for atom # 9 C, 5, is greater than permitted
[11:46:49] Explicit valence for atom # 12 C, 5, is greater than permitted
[11:46:49] ERROR: Could not sanitize molecule ending on line 87
[11:46:49] ERROR: Explicit valence for atom # 12 C, 5, is greater than permitted
[11:46:49] Explicit valence for atom # 22 C, 5, is greater than permitted
[11:46:49] ERROR: Could not sanitize molecule ending on line 77
[11:46:49] ERROR: Explicit valence for atom # 22 C, 5, is greater than permitted
[11:46:49] Explicit valence for atom # 5 C, 5, is greater than permitted
[11:46:49] ERROR: Could not sanitize molecule ending on line 47
[11:46:49] ERROR: Explicit valence for atom # 5 C, 5, is greater than permitted
[11:46:49] Explicit valence for atom # 7 C, 5, is greater than permitted
[11:46:49] ERROR: Could not sanitize molecule ending on line 60
[11:46:49] ERROR: Explicit valence for atom # 7 C, 5, is greater than permitted
[11:46:49] Explicit valence for atom # 5 C, 5, is greater than permitted
[11:46:49] ERROR: Could not sanitize molecule ending on line 76
[11:46:49] ERROR: Explicit valence for atom # 5 C, 5, is greater than permitted
[11:46:49] Explicit valence for atom # 9 C, 5, is greater than permitted
[11:46:49] ERROR: Could not sanitize molecule ending on line 96
[11:46:49] ERROR: Explicit valence for atom # 9 C, 5, is greater than permitted
[11:46:49] Can't kekulize mol.  Unkekulized atoms: 1 2 4 5 6 9 10 12 13 15 16
[11:46:49] ERROR: Could not sanitize molecule ending on line 43
[11:46:49] ERROR: Can't kekulize mol.  Unkekulized atoms: 1 2 4 5 6 9 10 12 13 15 16
[11:46:49] Explicit valence for atom # 25 N, 4, is greater than permitted
[11:46:49] ERROR: Could not sanitize molecule ending on line 65
[11:46:49] ERROR: Explicit valence for atom # 25 N, 4, is greater than permitted
[11:46:49] Explicit valence for atom # 11 C, 5, is greater than permitted
[11:46:49] ERROR: Could not sanitize molecule ending on line 40
[11:46:49] ERROR: Explicit valence for atom # 11 C, 5, is greater than permitted
[11:46:49] Explicit valence for atom # 7 C, 5, is greater than permitted
[11:46:49] ERROR: Could not sanitize molecule ending on line 61
[11:46:49] ERROR: Explicit valence for atom # 7 C, 5, is greater than permitted
[11:46:49] Explicit valence for atom # 4 O, 3, is greater than permitted
[11:46:49] ERROR: Could not sanitize molecule ending on line 45
[11:46:49] ERROR: Explicit valence for atom # 4 O, 3, is greater than permitted
[11:46:49] Explicit valence for atom # 7 C, 5, is greater than permitted
[11:46:49] ERROR: Could not sanitize molecule ending on line 51
[11:46:49] ERROR: Explicit valence for atom # 7 C, 5, is greater than permitted
[11:46:49] Explicit valence for atom # 0 C, 5, is greater than permitted
[11:46:49] ERROR: Could not sanitize molecule ending on line 27
[11:46:49] ERROR: Explicit valence for atom # 0 C, 5, is greater than permitted
[11:46:49] Explicit valence for atom # 25 C, 5, is greater than permitted
[11:46:49] ERROR: Could not sanitize molecule ending on line 63
[11:46:49] ERROR: Explicit valence for atom # 25 C, 5, is greater than permitted
[11:46:49] Can't kekulize mol.  Unkekulized atoms: 0 5 7 10 11 12 15 16 17
[11:46:49] ERROR: Could not sanitize molecule ending on line 43
[11:46:49] ERROR: Can't kekulize mol.  Unkekulized atoms: 0 5 7 10 11 12 15 16 17
[11:46:49] Can't kekulize mol.  Unkekulized atoms: 0 2 11 18 23
[11:46:49] ERROR: Could not sanitize molecule ending on line 65
[11:46:49] ERROR: Can't kekulize mol.  Unkekulized atoms: 0 2 11 18 23
[11:46:49] Can't kekulize mol.  Unkekulized atoms: 0 4 5 9 10 13 15
[11:46:49] ERROR: Could not sanitize molecule ending on line 48
[11:46:49] ERROR: Can't kekulize mol.  Unkekulized atoms: 0 4 5 9 10 13 15
[11:46:49] Can't kekulize mol.  Unkekulized atoms: 0 1 9 10 12
[11:46:49] ERROR: Could not sanitize molecule ending on line 41
[11:46:49] ERROR: Can't kekulize mol.  Unkekulized atoms: 0 1 9 10 12
[11:46:49] Can't kekulize mol.  Unkekulized atoms: 11 14 17 18 32 34 36 38 43
[11:46:49] ERROR: Could not sanitize molecule ending on line 122
[11:46:49] ERROR: Can't kekulize mol.  Unkekulized atoms: 11 14 17 18 32 34 36 38 43
[11:46:49] Explicit valence for atom # 15 N, 4, is greater than permitted
[11:46:49] ERROR: Could not sanitize molecule ending on line 38
[11:46:49] ERROR: Explicit valence for atom # 15 N, 4, is greater than permitted
[11:46:49] Can't kekulize mol.  Unkekulized atoms: 0 4 5 6 7 21 22 23 25
[11:46:49] ERROR: Could not sanitize molecule ending on line 60
[11:46:49] ERROR: Can't kekulize mol.  Unkekulized atoms: 0 4 5 6 7 21 22 23 25
[11:46:49] Can't kekulize mol.  Unkekulized atoms: 1 11 13 14 16 17 20
[11:46:49] ERROR: Could not sanitize molecule ending on line 54
[11:46:49] ERROR: Can't kekulize mol.  Unkekulized atoms: 1 11 13 14 16 17 20
[11:46:49] Explicit valence for atom # 12 O, 3, is greater than permitted
[11:46:49] ERROR: Could not sanitize molecule ending on line 67
[11:46:49] ERROR: Explicit valence for atom # 12 O, 3, is greater than permitted
[11:46:49] Explicit valence for atom # 22 O, 3, is greater than permitted
[11:46:49] ERROR: Could not sanitize molecule ending on line 64
[11:46:49] ERROR: Explicit valence for atom # 22 O, 3, is greater than permitted
[11:46:49] Can't kekulize mol.  Unkekulized atoms: 2 6 9 12 13
[11:46:49] ERROR: Could not sanitize molecule ending on line 48
[11:46:49] ERROR: Can't kekulize mol.  Unkekulized atoms: 2 6 9 12 13
[11:46:49] Can't kekulize mol.  Unkekulized atoms: 0 1 4 7 15
[11:46:49] ERROR: Could not sanitize molecule ending on line 45
[11:46:49] ERROR: Can't kekulize mol.  Unkekulized atoms: 0 1 4 7 15
[11:46:49] Can't kekulize mol.  Unkekulized atoms: 6 14 20
[11:46:49] ERROR: Could not sanitize molecule ending on line 48
[11:46:49] ERROR: Can't kekulize mol.  Unkekulized atoms: 6 14 20
[11:46:49] Explicit valence for atom # 2 C, 6, is greater than permitted
[11:46:49] ERROR: Could not sanitize molecule ending on line 64
[11:46:49] ERROR: Explicit valence for atom # 2 C, 6, is greater than permitted
[11:46:49] Explicit valence for atom # 1 N, 6, is greater than permitted
[11:46:49] ERROR: Could not sanitize molecule ending on line 74
[11:46:49] ERROR: Explicit valence for atom # 1 N, 6, is greater than permitted
[11:46:49] Can't kekulize mol.  Unkekulized atoms: 0 3 5 12 15
[11:46:49] ERROR: Could not sanitize molecule ending on line 43
[11:46:49] ERROR: Can't kekulize mol.  Unkekulized atoms: 0 3 5 12 15
[11:46:49] Explicit valence for atom # 13 O, 4, is greater than permitted
[11:46:49] ERROR: Could not sanitize molecule ending on line 77
[11:46:49] ERROR: Explicit valence for atom # 13 O, 4, is greater than permitted
[11:46:49] Explicit valence for atom # 6 O, 4, is greater than permitted
[11:46:49] ERROR: Could not sanitize molecule ending on line 66
[11:46:49] ERROR: Explicit valence for atom # 6 O, 4, is greater than permitted
[11:46:49] Explicit valence for atom # 2 O, 3, is greater than permitted
[11:46:49] ERROR: Could not sanitize molecule ending on line 86
[11:46:49] ERROR: Explicit valence for atom # 2 O, 3, is greater than permitted
[11:46:49] Explicit valence for atom # 4 P, 6, is greater than permitted
[11:46:49] ERROR: Could not sanitize molecule ending on line 66
[11:46:49] ERROR: Explicit valence for atom # 4 P, 6, is greater than permitted
[11:46:49] Explicit valence for atom # 6 C, 7, is greater than permitted
[11:46:49] ERROR: Could not sanitize molecule ending on line 61
[11:46:49] ERROR: Explicit valence for atom # 6 C, 7, is greater than permitted
[11:46:49] Can't kekulize mol.  Unkekulized atoms: 7 8 9 16 24
[11:46:49] ERROR: Could not sanitize molecule ending on line 57
[11:46:49] ERROR: Can't kekulize mol.  Unkekulized atoms: 7 8 9 16 24
[11:46:49] Can't kekulize mol.  Unkekulized atoms: 0 6 9 19 25
[11:46:49] ERROR: Could not sanitize molecule ending on line 61
[11:46:49] ERROR: Can't kekulize mol.  Unkekulized atoms: 0 6 9 19 25
[11:46:49] Can't kekulize mol.  Unkekulized atoms: 2 3 4 6 8
[11:46:49] ERROR: Could not sanitize molecule ending on line 32
[11:46:49] ERROR: Can't kekulize mol.  Unkekulized atoms: 2 3 4 6 8
[11:46:49] Can't kekulize mol.  Unkekulized atoms: 0 2 3 7 10
[11:46:49] ERROR: Could not sanitize molecule ending on line 32
[11:46:49] ERROR: Can't kekulize mol.  Unkekulized atoms: 0 2 3 7 10
[11:46:49] Can't kekulize mol.  Unkekulized atoms: 3 6 10 13 17 19 23
[11:46:49] ERROR: Could not sanitize molecule ending on line 56
[11:46:49] ERROR: Can't kekulize mol.  Unkekulized atoms: 3 6 10 13 17 19 23
[11:46:49] Can't kekulize mol.  Unkekulized atoms: 0 1 11
[11:46:49] ERROR: Could not sanitize molecule ending on line 32
[11:46:49] ERROR: Can't kekulize mol.  Unkekulized atoms: 0 1 11
[11:46:49] Explicit valence for atom # 11 O, 3, is greater than permitted
[11:46:49] ERROR: Could not sanitize molecule ending on line 39
[11:46:49] ERROR: Explicit valence for atom # 11 O, 3, is greater than permitted
[11:46:49] Explicit valence for atom # 2 C, 5, is greater than permitted
[11:46:49] ERROR: Could not sanitize molecule ending on line 45
[11:46:49] ERROR: Explicit valence for atom # 2 C, 5, is greater than permitted
[11:46:49] Explicit valence for atom # 0 C, 5, is greater than permitted
[11:46:49] ERROR: Could not sanitize molecule ending on line 41
[11:46:49] ERROR: Explicit valence for atom # 0 C, 5, is greater than permitted
[11:46:49] Explicit valence for atom # 1 C, 5, is greater than permitted
[11:46:49] ERROR: Could not sanitize molecule ending on line 28
[11:46:49] ERROR: Explicit valence for atom # 1 C, 5, is greater than permitted
[11:46:49] Explicit valence for atom # 22 O, 4, is greater than permitted
[11:46:49] ERROR: Could not sanitize molecule ending on line 84
[11:46:49] ERROR: Explicit valence for atom # 22 O, 4, is greater than permitted
[11:46:49] Explicit valence for atom # 5 N, 4, is greater than permitted
[11:46:49] ERROR: Could not sanitize molecule ending on line 24
[11:46:49] ERROR: Explicit valence for atom # 5 N, 4, is greater than permitted
[11:46:49] Explicit valence for atom # 23 C, 5, is greater than permitted
[11:46:49] ERROR: Could not sanitize molecule ending on line 70
[11:46:49] ERROR: Explicit valence for atom # 23 C, 5, is greater than permitted
[11:46:49] Explicit valence for atom # 20 C, 5, is greater than permitted
[11:46:49] ERROR: Could not sanitize molecule ending on line 59
[11:46:49] ERROR: Explicit valence for atom # 20 C, 5, is greater than permitted
[11:46:49] Explicit valence for atom # 8 C, 5, is greater than permitted
[11:46:49] ERROR: Could not sanitize molecule ending on line 49
[11:46:49] ERROR: Explicit valence for atom # 8 C, 5, is greater than permitted
[11:46:49] Explicit valence for atom # 12 C, 5, is greater than permitted
[11:46:49] ERROR: Could not sanitize molecule ending on line 39
[11:46:49] ERROR: Explicit valence for atom # 12 C, 5, is greater than permitted
[11:46:49] Explicit valence for atom # 8 C, 5, is greater than permitted
[11:46:49] ERROR: Could not sanitize molecule ending on line 80
[11:46:49] ERROR: Explicit valence for atom # 8 C, 5, is greater than permitted
[11:46:49] Explicit valence for atom # 3 C, 5, is greater than permitted
[11:46:49] ERROR: Could not sanitize molecule ending on line 44
[11:46:49] ERROR: Explicit valence for atom # 3 C, 5, is greater than permitted
[11:46:49] Explicit valence for atom # 20 C, 5, is greater than permitted
[11:46:49] ERROR: Could not sanitize molecule ending on line 58
[11:46:49] ERROR: Explicit valence for atom # 20 C, 5, is greater than permitted
[11:46:49] Can't kekulize mol.  Unkekulized atoms: 0 3 5 7 8
[11:46:49] ERROR: Could not sanitize molecule ending on line 40
[11:46:49] ERROR: Can't kekulize mol.  Unkekulized atoms: 0 3 5 7 8
[11:46:49] Can't kekulize mol.  Unkekulized atoms: 1 4 5 9 13
[11:46:49] ERROR: Could not sanitize molecule ending on line 46
[11:46:49] ERROR: Can't kekulize mol.  Unkekulized atoms: 1 4 5 9 13
[11:46:49] Can't kekulize mol.  Unkekulized atoms: 3 6 8 12 13
[11:46:49] ERROR: Could not sanitize molecule ending on line 37
[11:46:49] ERROR: Can't kekulize mol.  Unkekulized atoms: 3 6 8 12 13
[11:46:49] Explicit valence for atom # 3 C, 5, is greater than permitted
[11:46:49] ERROR: Could not sanitize molecule ending on line 25
[11:46:49] ERROR: Explicit valence for atom # 3 C, 5, is greater than permitted
[11:46:49] Explicit valence for atom # 2 O, 3, is greater than permitted
[11:46:49] ERROR: Could not sanitize molecule ending on line 27
[11:46:49] ERROR: Explicit valence for atom # 2 O, 3, is greater than permitted
[11:46:49] Can't kekulize mol.  Unkekulized atoms: 0 5 6 7 9 10 11
[11:46:49] ERROR: Could not sanitize molecule ending on line 34
[11:46:49] ERROR: Can't kekulize mol.  Unkekulized atoms: 0 5 6 7 9 10 11
[11:46:49] Explicit valence for atom # 4 C, 5, is greater than permitted
[11:46:49] ERROR: Could not sanitize molecule ending on line 55
[11:46:49] ERROR: Explicit valence for atom # 4 C, 5, is greater than permitted
[11:46:49] Explicit valence for atom # 32 C, 5, is greater than permitted
[11:46:49] ERROR: Could not sanitize molecule ending on line 77
[11:46:49] ERROR: Explicit valence for atom # 32 C, 5, is greater than permitted
[11:46:49] Explicit valence for atom # 8 O, 3, is greater than permitted
[11:46:49] ERROR: Could not sanitize molecule ending on line 59
[11:46:49] ERROR: Explicit valence for atom # 8 O, 3, is greater than permitted
[11:46:49] Explicit valence for atom # 3 C, 5, is greater than permitted
[11:46:49] ERROR: Could not sanitize molecule ending on line 94
[11:46:49] ERROR: Explicit valence for atom # 3 C, 5, is greater than permitted
[11:46:49] Explicit valence for atom # 15 O, 2, is greater than permitted
[11:46:49] ERROR: Could not sanitize molecule ending on line 38
[11:46:49] ERROR: Explicit valence for atom # 15 O, 2, is greater than permitted
[11:46:49] Explicit valence for atom # 23 O, 3, is greater than permitted
[11:46:49] ERROR: Could not sanitize molecule ending on line 64
[11:46:49] ERROR: Explicit valence for atom # 23 O, 3, is greater than permitted
[11:46:49] Can't kekulize mol.  Unkekulized atoms: 1 2 6
[11:46:49] ERROR: Could not sanitize molecule ending on line 60
[11:46:49] ERROR: Can't kekulize mol.  Unkekulized atoms: 1 2 6
[11:46:49] Explicit valence for atom # 0 N, 4, is greater than permitted
[11:46:49] ERROR: Could not sanitize molecule ending on line 55
[11:46:49] ERROR: Explicit valence for atom # 0 N, 4, is greater than permitted
[11:46:49] Can't kekulize mol.  Unkekulized atoms: 9 13 16
[11:46:49] ERROR: Could not sanitize molecule ending on line 40
[11:46:49] ERROR: Can't kekulize mol.  Unkekulized atoms: 9 13 16
[11:46:49] Explicit valence for atom # 19 N, 4, is greater than permitted
[11:46:49] ERROR: Could not sanitize molecule ending on line 84
[11:46:49] ERROR: Explicit valence for atom # 19 N, 4, is greater than permitted
[11:46:49] Can't kekulize mol.  Unkekulized atoms: 12 13 14 22 25
[11:46:49] ERROR: Could not sanitize molecule ending on line 64
[11:46:49] ERROR: Can't kekulize mol.  Unkekulized atoms: 12 13 14 22 25
[11:46:49] Can't kekulize mol.  Unkekulized atoms: 7 13 14 16 17
[11:46:49] ERROR: Could not sanitize molecule ending on line 46
[11:46:49] ERROR: Can't kekulize mol.  Unkekulized atoms: 7 13 14 16 17
[11:46:49] Explicit valence for atom # 17 N, 4, is greater than permitted
[11:46:49] ERROR: Could not sanitize molecule ending on line 55
[11:46:49] ERROR: Explicit valence for atom # 17 N, 4, is greater than permitted
[11:46:49] Explicit valence for atom # 2 C, 5, is greater than permitted
[11:46:49] ERROR: Could not sanitize molecule ending on line 44
[11:46:49] ERROR: Explicit valence for atom # 2 C, 5, is greater than permitted
[11:46:49] Can't kekulize mol.  Unkekulized atoms: 1 9 18
[11:46:49] ERROR: Could not sanitize molecule ending on line 48
[11:46:49] ERROR: Can't kekulize mol.  Unkekulized atoms: 1 9 18
[11:46:49] Explicit valence for atom # 1 C, 5, is greater than permitted
[11:46:49] ERROR: Could not sanitize molecule ending on line 33
[11:46:49] ERROR: Explicit valence for atom # 1 C, 5, is greater than permitted
[11:46:49] Explicit valence for atom # 2 C, 5, is greater than permitted
[11:46:49] ERROR: Could not sanitize molecule ending on line 53
[11:46:49] ERROR: Explicit valence for atom # 2 C, 5, is greater than permitted
[11:46:49] Explicit valence for atom # 4 N, 4, is greater than permitted
[11:46:49] ERROR: Could not sanitize molecule ending on line 42
[11:46:49] ERROR: Explicit valence for atom # 4 N, 4, is greater than permitted
[11:46:49] Can't kekulize mol.  Unkekulized atoms: 1 8 9 16 18 21 31
[11:46:49] ERROR: Could not sanitize molecule ending on line 78
[11:46:49] ERROR: Can't kekulize mol.  Unkekulized atoms: 1 8 9 16 18 21 31
[11:46:49] Explicit valence for atom # 3 P, 6, is greater than permitted
[11:46:49] ERROR: Could not sanitize molecule ending on line 63
[11:46:49] ERROR: Explicit valence for atom # 3 P, 6, is greater than permitted
[11:46:49] Can't kekulize mol.  Unkekulized atoms: 0 6 7 9 10 12 23
[11:46:49] ERROR: Could not sanitize molecule ending on line 63
[11:46:49] ERROR: Can't kekulize mol.  Unkekulized atoms: 0 6 7 9 10 12 23
[11:46:49] Explicit valence for atom # 22 O, 3, is greater than permitted
[11:46:49] ERROR: Could not sanitize molecule ending on line 73
[11:46:49] ERROR: Explicit valence for atom # 22 O, 3, is greater than permitted
[11:46:49] Explicit valence for atom # 11 O, 3, is greater than permitted
[11:46:49] ERROR: Could not sanitize molecule ending on line 55
[11:46:49] ERROR: Explicit valence for atom # 11 O, 3, is greater than permitted
[11:46:49] Explicit valence for atom # 3 O, 3, is greater than permitted
[11:46:49] ERROR: Could not sanitize molecule ending on line 62
[11:46:49] ERROR: Explicit valence for atom # 3 O, 3, is greater than permitted
[11:46:49] Explicit valence for atom # 5 O, 3, is greater than permitted
[11:46:49] ERROR: Could not sanitize molecule ending on line 63
[11:46:49] ERROR: Explicit valence for atom # 5 O, 3, is greater than permitted
[11:46:49] Explicit valence for atom # 25 O, 4, is greater than permitted
[11:46:49] ERROR: Could not sanitize molecule ending on line 67
[11:46:49] ERROR: Explicit valence for atom # 25 O, 4, is greater than permitted
[11:46:49] Can't kekulize mol.  Unkekulized atoms: 2
[11:46:49] ERROR: Could not sanitize molecule ending on line 59
[11:46:49] ERROR: Can't kekulize mol.  Unkekulized atoms: 2
[11:46:49] Can't kekulize mol.  Unkekulized atoms: 1 19 27
[11:46:49] ERROR: Could not sanitize molecule ending on line 65
[11:46:49] ERROR: Can't kekulize mol.  Unkekulized atoms: 1 19 27
[11:46:49] Explicit valence for atom # 3 O, 3, is greater than permitted
[11:46:49] ERROR: Could not sanitize molecule ending on line 67
[11:46:49] ERROR: Explicit valence for atom # 3 O, 3, is greater than permitted
[11:46:49] Explicit valence for atom # 17 O, 3, is greater than permitted
[11:46:49] ERROR: Could not sanitize molecule ending on line 66
[11:46:49] ERROR: Explicit valence for atom # 17 O, 3, is greater than permitted
[11:46:49] Can't kekulize mol.  Unkekulized atoms: 2 9 11 12 15 17 21
[11:46:49] ERROR: Could not sanitize molecule ending on line 62
[11:46:49] ERROR: Can't kekulize mol.  Unkekulized atoms: 2 9 11 12 15 17 21
[11:46:49] Can't kekulize mol.  Unkekulized atoms: 5 6 10 21 24 25 26
[11:46:49] ERROR: Could not sanitize molecule ending on line 63
[11:46:49] ERROR: Can't kekulize mol.  Unkekulized atoms: 5 6 10 21 24 25 26
[11:46:49] Can't kekulize mol.  Unkekulized atoms: 0 13 17 19 21 24 25
[11:46:49] ERROR: Could not sanitize molecule ending on line 60
[11:46:49] ERROR: Can't kekulize mol.  Unkekulized atoms: 0 13 17 19 21 24 25
[11:46:49] Can't kekulize mol.  Unkekulized atoms: 7 15 16 19 20 22 25 26 29
[11:46:49] ERROR: Could not sanitize molecule ending on line 68
[11:46:49] ERROR: Can't kekulize mol.  Unkekulized atoms: 7 15 16 19 20 22 25 26 29
[11:46:49] Can't kekulize mol.  Unkekulized atoms: 2 5 6 9 18
[11:46:49] ERROR: Could not sanitize molecule ending on line 53
[11:46:49] ERROR: Can't kekulize mol.  Unkekulized atoms: 2 5 6 9 18
[11:46:49] Explicit valence for atom # 1 C, 5, is greater than permitted
[11:46:49] ERROR: Could not sanitize molecule ending on line 39
[11:46:49] ERROR: Explicit valence for atom # 1 C, 5, is greater than permitted
[11:46:49] Explicit valence for atom # 3 N, 4, is greater than permitted
[11:46:49] ERROR: Could not sanitize molecule ending on line 55
[11:46:49] ERROR: Explicit valence for atom # 3 N, 4, is greater than permitted
[11:46:49] Explicit valence for atom # 16 C, 5, is greater than permitted
[11:46:49] ERROR: Could not sanitize molecule ending on line 43
[11:46:49] ERROR: Explicit valence for atom # 16 C, 5, is greater than permitted
[11:46:49] Explicit valence for atom # 13 C, 5, is greater than permitted
[11:46:49] ERROR: Could not sanitize molecule ending on line 53
[11:46:49] ERROR: Explicit valence for atom # 13 C, 5, is greater than permitted
[11:46:49] Explicit valence for atom # 6 C, 5, is greater than permitted
[11:46:49] ERROR: Could not sanitize molecule ending on line 58
[11:46:49] ERROR: Explicit valence for atom # 6 C, 5, is greater than permitted
[11:46:49] Can't kekulize mol.  Unkekulized atoms: 0 3 10 11 23
[11:46:49] ERROR: Could not sanitize molecule ending on line 58
[11:46:49] ERROR: Can't kekulize mol.  Unkekulized atoms: 0 3 10 11 23
[11:46:49] Explicit valence for atom # 21 C, 5, is greater than permitted
[11:46:49] ERROR: Could not sanitize molecule ending on line 66
[11:46:49] ERROR: Explicit valence for atom # 21 C, 5, is greater than permitted
[11:46:49] Can't kekulize mol.  Unkekulized atoms: 3 7 9 14 21
[11:46:49] ERROR: Could not sanitize molecule ending on line 53
[11:46:49] ERROR: Can't kekulize mol.  Unkekulized atoms: 3 7 9 14 21
[11:46:49] Explicit valence for atom # 7 C, 5, is greater than permitted
[11:46:49] ERROR: Could not sanitize molecule ending on line 61
[11:46:49] ERROR: Explicit valence for atom # 7 C, 5, is greater than permitted
[11:46:49] Explicit valence for atom # 29 C, 5, is greater than permitted
[11:46:49] ERROR: Could not sanitize molecule ending on line 73
[11:46:49] ERROR: Explicit valence for atom # 29 C, 5, is greater than permitted
[11:46:49] Explicit valence for atom # 3 C, 5, is greater than permitted
[11:46:49] ERROR: Could not sanitize molecule ending on line 52
[11:46:49] ERROR: Explicit valence for atom # 3 C, 5, is greater than permitted
[11:46:49] Explicit valence for atom # 4 C, 6, is greater than permitted
[11:46:49] ERROR: Could not sanitize molecule ending on line 65
[11:46:49] ERROR: Explicit valence for atom # 4 C, 6, is greater than permitted
[11:46:49] Can't kekulize mol.  Unkekulized atoms: 1 4 7 16 18 24 28 30 31
[11:46:49] ERROR: Could not sanitize molecule ending on line 73
[11:46:49] ERROR: Can't kekulize mol.  Unkekulized atoms: 1 4 7 16 18 24 28 30 31
[11:46:49] Can't kekulize mol.  Unkekulized atoms: 1 11 19 20 23
[11:46:49] ERROR: Could not sanitize molecule ending on line 84
[11:46:49] ERROR: Can't kekulize mol.  Unkekulized atoms: 1 11 19 20 23
[11:46:49] Explicit valence for atom # 16 O, 3, is greater than permitted
[11:46:49] ERROR: Could not sanitize molecule ending on line 73
[11:46:49] ERROR: Explicit valence for atom # 16 O, 3, is greater than permitted
[11:46:49] Can't kekulize mol.  Unkekulized atoms: 5 8 13 17 19 22 28 29 30
[11:46:49] ERROR: Could not sanitize molecule ending on line 82
[11:46:49] ERROR: Can't kekulize mol.  Unkekulized atoms: 5 8 13 17 19 22 28 29 30
[11:46:49] Can't kekulize mol.  Unkekulized atoms: 10 16 17 25
[11:46:49] ERROR: Could not sanitize molecule ending on line 80
[11:46:49] ERROR: Can't kekulize mol.  Unkekulized atoms: 10 16 17 25
[11:46:49] Explicit valence for atom # 5 C, 5, is greater than permitted
[11:46:49] ERROR: Could not sanitize molecule ending on line 84
[11:46:49] ERROR: Explicit valence for atom # 5 C, 5, is greater than permitted
[11:46:49] Can't kekulize mol.  Unkekulized atoms: 5 17 21 27 39
[11:46:49] ERROR: Could not sanitize molecule ending on line 91
[11:46:49] ERROR: Can't kekulize mol.  Unkekulized atoms: 5 17 21 27 39
[11:46:49] Can't kekulize mol.  Unkekulized atoms: 2 3 4 16 17 19 27 33 34
[11:46:49] ERROR: Could not sanitize molecule ending on line 78
[11:46:49] ERROR: Can't kekulize mol.  Unkekulized atoms: 2 3 4 16 17 19 27 33 34
[11:46:49] Explicit valence for atom # 37 C, 5, is greater than permitted
[11:46:49] ERROR: Could not sanitize molecule ending on line 85
[11:46:49] ERROR: Explicit valence for atom # 37 C, 5, is greater than permitted
[11:46:49] Can't kekulize mol.  Unkekulized atoms: 2 4 5 14 19 22 23
[11:46:49] ERROR: Could not sanitize molecule ending on line 73
[11:46:49] ERROR: Can't kekulize mol.  Unkekulized atoms: 2 4 5 14 19 22 23
[11:46:49] Can't kekulize mol.  Unkekulized atoms: 12 15 16 17 21 25 33 34 35
[11:46:49] ERROR: Could not sanitize molecule ending on line 88
[11:46:49] ERROR: Can't kekulize mol.  Unkekulized atoms: 12 15 16 17 21 25 33 34 35
[11:46:49] Can't kekulize mol.  Unkekulized atoms: 15 17 19 20 26 27 29
[11:46:49] ERROR: Could not sanitize molecule ending on line 71
[11:46:49] ERROR: Can't kekulize mol.  Unkekulized atoms: 15 17 19 20 26 27 29
[11:46:49] Can't kekulize mol.  Unkekulized atoms: 0 1 7 8 27 31 35
[11:46:49] ERROR: Could not sanitize molecule ending on line 83
[11:46:49] ERROR: Can't kekulize mol.  Unkekulized atoms: 0 1 7 8 27 31 35
[11:46:49] Can't kekulize mol.  Unkekulized atoms: 0 7 25 31 33
[11:46:49] ERROR: Could not sanitize molecule ending on line 87
[11:46:49] ERROR: Can't kekulize mol.  Unkekulized atoms: 0 7 25 31 33
[11:46:49] Can't kekulize mol.  Unkekulized atoms: 13 18 25 30 35
[11:46:49] ERROR: Could not sanitize molecule ending on line 84
[11:46:49] ERROR: Can't kekulize mol.  Unkekulized atoms: 13 18 25 30 35
[11:46:49] Can't kekulize mol.  Unkekulized atoms: 18 28 29 30 32 36
[11:46:49] ERROR: Could not sanitize molecule ending on line 85
[11:46:49] ERROR: Can't kekulize mol.  Unkekulized atoms: 18 28 29 30 32 36
[11:46:49] Can't kekulize mol.  Unkekulized atoms: 2 7 10 15 25 26 27 33 38
[11:46:49] ERROR: Could not sanitize molecule ending on line 88
[11:46:49] ERROR: Can't kekulize mol.  Unkekulized atoms: 2 7 10 15 25 26 27 33 38
[11:46:49] Can't kekulize mol.  Unkekulized atoms: 1 6 11 18 26
[11:46:49] ERROR: Could not sanitize molecule ending on line 81
[11:46:49] ERROR: Can't kekulize mol.  Unkekulized atoms: 1 6 11 18 26
[11:46:49] Can't kekulize mol.  Unkekulized atoms: 9 19 37 38 43
[11:46:49] ERROR: Could not sanitize molecule ending on line 101
[11:46:49] ERROR: Can't kekulize mol.  Unkekulized atoms: 9 19 37 38 43
[11:46:49] Can't kekulize mol.  Unkekulized atoms: 3 6 8 9 12 13 16 21 22 25 27 30 31 35 40
[11:46:49] ERROR: Could not sanitize molecule ending on line 100
[11:46:49] ERROR: Can't kekulize mol.  Unkekulized atoms: 3 6 8 9 12 13 16 21 22 25 27 30 31 35 40
[11:46:49] Can't kekulize mol.  Unkekulized atoms: 2 15 16 28 31
[11:46:49] ERROR: Could not sanitize molecule ending on line 76
[11:46:49] ERROR: Can't kekulize mol.  Unkekulized atoms: 2 15 16 28 31
[11:46:49] Can't kekulize mol.  Unkekulized atoms: 10 15 16 26 27 28 30
[11:46:49] ERROR: Could not sanitize molecule ending on line 74
[11:46:49] ERROR: Can't kekulize mol.  Unkekulized atoms: 10 15 16 26 27 28 30
[11:46:49] Can't kekulize mol.  Unkekulized atoms: 12 24 28
[11:46:49] ERROR: Could not sanitize molecule ending on line 65
[11:46:49] ERROR: Can't kekulize mol.  Unkekulized atoms: 12 24 28
[11:46:49] Can't kekulize mol.  Unkekulized atoms: 1 5 10 25 31
[11:46:49] ERROR: Could not sanitize molecule ending on line 78
[11:46:49] ERROR: Can't kekulize mol.  Unkekulized atoms: 1 5 10 25 31
[11:46:49] Can't kekulize mol.  Unkekulized atoms: 18 19 20 24 31
[11:46:49] ERROR: Could not sanitize molecule ending on line 74
[11:46:49] ERROR: Can't kekulize mol.  Unkekulized atoms: 18 19 20 24 31
[11:46:49] Explicit valence for atom # 24 N, 4, is greater than permitted
[11:46:49] ERROR: Could not sanitize molecule ending on line 64
[11:46:49] ERROR: Explicit valence for atom # 24 N, 4, is greater than permitted
[11:46:49] Explicit valence for atom # 30 O, 3, is greater than permitted
[11:46:49] ERROR: Could not sanitize molecule ending on line 71
[11:46:49] ERROR: Explicit valence for atom # 30 O, 3, is greater than permitted
[11:46:49] Explicit valence for atom # 11 P, 6, is greater than permitted
[11:46:49] ERROR: Could not sanitize molecule ending on line 66
[11:46:49] ERROR: Explicit valence for atom # 11 P, 6, is greater than permitted
[11:46:49] Explicit valence for atom # 1 C, 5, is greater than permitted
[11:46:49] ERROR: Could not sanitize molecule ending on line 49
[11:46:49] ERROR: Explicit valence for atom # 1 C, 5, is greater than permitted
[11:46:49] Explicit valence for atom # 11 C, 5, is greater than permitted
[11:46:49] ERROR: Could not sanitize molecule ending on line 51
[11:46:49] ERROR: Explicit valence for atom # 11 C, 5, is greater than permitted
[11:46:49] Explicit valence for atom # 10 C, 5, is greater than permitted
[11:46:49] ERROR: Could not sanitize molecule ending on line 30
[11:46:49] ERROR: Explicit valence for atom # 10 C, 5, is greater than permitted
[11:46:49] Explicit valence for atom # 15 O, 3, is greater than permitted
[11:46:49] ERROR: Could not sanitize molecule ending on line 66
[11:46:49] ERROR: Explicit valence for atom # 15 O, 3, is greater than permitted
[11:46:49] Explicit valence for atom # 20 N, 4, is greater than permitted
[11:46:49] ERROR: Could not sanitize molecule ending on line 63
[11:46:49] ERROR: Explicit valence for atom # 20 N, 4, is greater than permitted
[11:46:49] Explicit valence for atom # 11 C, 6, is greater than permitted
[11:46:49] ERROR: Could not sanitize molecule ending on line 71
[11:46:49] ERROR: Explicit valence for atom # 11 C, 6, is greater than permitted
[11:46:49] Can't kekulize mol.  Unkekulized atoms: 2 3 4 7 10 12 13 19 21 22 23
[11:46:49] ERROR: Could not sanitize molecule ending on line 67
[11:46:49] ERROR: Can't kekulize mol.  Unkekulized atoms: 2 3 4 7 10 12 13 19 21 22 23
[11:46:49] Can't kekulize mol.  Unkekulized atoms: 1 2 3 4 6 7 11 13 14 15 18 19 21
[11:46:49] ERROR: Could not sanitize molecule ending on line 51
[11:46:49] ERROR: Can't kekulize mol.  Unkekulized atoms: 1 2 3 4 6 7 11 13 14 15 18 19 21
[11:46:49] Explicit valence for atom # 15 O, 3, is greater than permitted
[11:46:49] ERROR: Could not sanitize molecule ending on line 55
[11:46:49] ERROR: Explicit valence for atom # 15 O, 3, is greater than permitted
[11:46:49] Can't kekulize mol.  Unkekulized atoms: 2 4 7 14 15 19 22 25 33
[11:46:49] ERROR: Could not sanitize molecule ending on line 77
[11:46:49] ERROR: Can't kekulize mol.  Unkekulized atoms: 2 4 7 14 15 19 22 25 33
[11:46:49] Can't kekulize mol.  Unkekulized atoms: 9 14 17 18 19 21 22 30 36
[11:46:49] ERROR: Could not sanitize molecule ending on line 81
[11:46:49] ERROR: Can't kekulize mol.  Unkekulized atoms: 9 14 17 18 19 21 22 30 36
[11:46:49] Explicit valence for atom # 0 O, 3, is greater than permitted
[11:46:49] ERROR: Could not sanitize molecule ending on line 51
[11:46:49] ERROR: Explicit valence for atom # 0 O, 3, is greater than permitted
[11:46:49] Explicit valence for atom # 5 P, 6, is greater than permitted
[11:46:49] ERROR: Could not sanitize molecule ending on line 47
[11:46:49] ERROR: Explicit valence for atom # 5 P, 6, is greater than permitted
[11:46:49] Can't kekulize mol.  Unkekulized atoms: 4 7 8 11 13 15 16
[11:46:49] ERROR: Could not sanitize molecule ending on line 47
[11:46:49] ERROR: Can't kekulize mol.  Unkekulized atoms: 4 7 8 11 13 15 16
[11:46:49] Explicit valence for atom # 22 P, 6, is greater than permitted
[11:46:49] ERROR: Could not sanitize molecule ending on line 61
[11:46:49] ERROR: Explicit valence for atom # 22 P, 6, is greater than permitted
[11:46:49] Explicit valence for atom # 6 O, 3, is greater than permitted
[11:46:49] ERROR: Could not sanitize molecule ending on line 46
[11:46:49] ERROR: Explicit valence for atom # 6 O, 3, is greater than permitted
[11:46:49] Explicit valence for atom # 4 O, 3, is greater than permitted
[11:46:49] ERROR: Could not sanitize molecule ending on line 72
[11:46:49] ERROR: Explicit valence for atom # 4 O, 3, is greater than permitted
[11:46:49] Explicit valence for atom # 5 O, 3, is greater than permitted
[11:46:49] ERROR: Could not sanitize molecule ending on line 63
[11:46:49] ERROR: Explicit valence for atom # 5 O, 3, is greater than permitted
[11:46:49] Explicit valence for atom # 2 O, 3, is greater than permitted
[11:46:49] ERROR: Could not sanitize molecule ending on line 41
[11:46:49] ERROR: Explicit valence for atom # 2 O, 3, is greater than permitted
[11:46:49] Explicit valence for atom # 15 O, 3, is greater than permitted
[11:46:49] ERROR: Could not sanitize molecule ending on line 61
[11:46:49] ERROR: Explicit valence for atom # 15 O, 3, is greater than permitted
[11:46:49] Can't kekulize mol.  Unkekulized atoms: 1 2 5 7 11
[11:46:49] ERROR: Could not sanitize molecule ending on line 43
[11:46:49] ERROR: Can't kekulize mol.  Unkekulized atoms: 1 2 5 7 11
[11:46:49] Explicit valence for atom # 15 N, 4, is greater than permitted
[11:46:49] ERROR: Could not sanitize molecule ending on line 49
[11:46:49] ERROR: Explicit valence for atom # 15 N, 4, is greater than permitted
[11:46:49] Explicit valence for atom # 31 C, 5, is greater than permitted
[11:46:49] ERROR: Could not sanitize molecule ending on line 72
[11:46:49] ERROR: Explicit valence for atom # 31 C, 5, is greater than permitted
[11:46:49] Explicit valence for atom # 0 C, 5, is greater than permitted
[11:46:49] ERROR: Could not sanitize molecule ending on line 44
[11:46:49] ERROR: Explicit valence for atom # 0 C, 5, is greater than permitted
[11:46:49] Explicit valence for atom # 0 C, 5, is greater than permitted
[11:46:49] ERROR: Could not sanitize molecule ending on line 56
[11:46:49] ERROR: Explicit valence for atom # 0 C, 5, is greater than permitted
[11:46:49] Explicit valence for atom # 11 C, 5, is greater than permitted
[11:46:49] ERROR: Could not sanitize molecule ending on line 55
[11:46:49] ERROR: Explicit valence for atom # 11 C, 5, is greater than permitted
[11:46:49] Explicit valence for atom # 14 C, 5, is greater than permitted
[11:46:49] ERROR: Could not sanitize molecule ending on line 45
[11:46:49] ERROR: Explicit valence for atom # 14 C, 5, is greater than permitted
[11:46:49] Explicit valence for atom # 39 C, 5, is greater than permitted
[11:46:49] ERROR: Could not sanitize molecule ending on line 104
[11:46:49] ERROR: Explicit valence for atom # 39 C, 5, is greater than permitted
[11:46:49] Explicit valence for atom # 4 N, 4, is greater than permitted
[11:46:49] ERROR: Could not sanitize molecule ending on line 57
[11:46:49] ERROR: Explicit valence for atom # 4 N, 4, is greater than permitted
[11:46:49] Explicit valence for atom # 17 C, 5, is greater than permitted
[11:46:49] ERROR: Could not sanitize molecule ending on line 53
[11:46:49] ERROR: Explicit valence for atom # 17 C, 5, is greater than permitted
[11:46:49] Explicit valence for atom # 1 C, 5, is greater than permitted
[11:46:49] ERROR: Could not sanitize molecule ending on line 29
[11:46:49] ERROR: Explicit valence for atom # 1 C, 5, is greater than permitted
[11:46:49] Can't kekulize mol.  Unkekulized atoms: 0 2 7 18 19
[11:46:49] ERROR: Could not sanitize molecule ending on line 66
[11:46:49] ERROR: Can't kekulize mol.  Unkekulized atoms: 0 2 7 18 19
[11:46:49] Can't kekulize mol.  Unkekulized atoms: 2 21 25 26 27 31 33 37 42
[11:46:49] ERROR: Could not sanitize molecule ending on line 94
[11:46:49] ERROR: Can't kekulize mol.  Unkekulized atoms: 2 21 25 26 27 31 33 37 42
[11:46:49] Can't kekulize mol.  Unkekulized atoms: 3 9 16 17 18
[11:46:49] ERROR: Could not sanitize molecule ending on line 44
[11:46:49] ERROR: Can't kekulize mol.  Unkekulized atoms: 3 9 16 17 18
[11:46:49] Explicit valence for atom # 4 O, 3, is greater than permitted
[11:46:49] ERROR: Could not sanitize molecule ending on line 79
[11:46:49] ERROR: Explicit valence for atom # 4 O, 3, is greater than permitted
[11:46:49] Can't kekulize mol.  Unkekulized atoms: 0 1 2 4 8 10 11
[11:46:49] ERROR: Could not sanitize molecule ending on line 36
[11:46:49] ERROR: Can't kekulize mol.  Unkekulized atoms: 0 1 2 4 8 10 11
[11:46:49] Can't kekulize mol.  Unkekulized atoms: 1 2 3 5 7
[11:46:49] ERROR: Could not sanitize molecule ending on line 27
[11:46:49] ERROR: Can't kekulize mol.  Unkekulized atoms: 1 2 3 5 7
[11:46:49] Explicit valence for atom # 0 O, 3, is greater than permitted
[11:46:49] ERROR: Could not sanitize molecule ending on line 40
[11:46:49] ERROR: Explicit valence for atom # 0 O, 3, is greater than permitted
[11:46:49] Explicit valence for atom # 11 C, 5, is greater than permitted
[11:46:49] ERROR: Could not sanitize molecule ending on line 43
[11:46:49] ERROR: Explicit valence for atom # 11 C, 5, is greater than permitted
[11:46:49] Explicit valence for atom # 24 C, 5, is greater than permitted
[11:46:49] ERROR: Could not sanitize molecule ending on line 65
[11:46:49] ERROR: Explicit valence for atom # 24 C, 5, is greater than permitted
[11:46:49] Can't kekulize mol.  Unkekulized atoms: 1 7 14 15 16
[11:46:49] ERROR: Could not sanitize molecule ending on line 44
[11:46:49] ERROR: Can't kekulize mol.  Unkekulized atoms: 1 7 14 15 16
[11:46:49] Explicit valence for atom # 14 C, 5, is greater than permitted
[11:46:49] ERROR: Could not sanitize molecule ending on line 60
[11:46:49] ERROR: Explicit valence for atom # 14 C, 5, is greater than permitted
[11:46:49] Can't kekulize mol.  Unkekulized atoms: 2 9 13 18 28
[11:46:49] ERROR: Could not sanitize molecule ending on line 65
[11:46:49] ERROR: Can't kekulize mol.  Unkekulized atoms: 2 9 13 18 28
[11:46:49] Can't kekulize mol.  Unkekulized atoms: 2 3 9 15 20
[11:46:49] ERROR: Could not sanitize molecule ending on line 59
[11:46:49] ERROR: Can't kekulize mol.  Unkekulized atoms: 2 3 9 15 20
[11:46:49] Can't kekulize mol.  Unkekulized atoms: 1 2 3 12 15
[11:46:49] ERROR: Could not sanitize molecule ending on line 42
[11:46:49] ERROR: Can't kekulize mol.  Unkekulized atoms: 1 2 3 12 15
[11:46:49] Explicit valence for atom # 20 Cl, 3, is greater than permitted
[11:46:49] ERROR: Could not sanitize molecule ending on line 75
[11:46:49] ERROR: Explicit valence for atom # 20 Cl, 3, is greater than permitted
[11:46:49] Can't kekulize mol.  Unkekulized atoms: 7 10 12 16 32
[11:46:49] ERROR: Could not sanitize molecule ending on line 77
[11:46:49] ERROR: Can't kekulize mol.  Unkekulized atoms: 7 10 12 16 32
[11:46:49] Can't kekulize mol.  Unkekulized atoms: 2 3 29 30 34
[11:46:49] ERROR: Could not sanitize molecule ending on line 79
[11:46:49] ERROR: Can't kekulize mol.  Unkekulized atoms: 2 3 29 30 34
[11:46:49] Can't kekulize mol.  Unkekulized atoms: 0 6 9 11 15
[11:46:49] ERROR: Could not sanitize molecule ending on line 56
[11:46:49] ERROR: Can't kekulize mol.  Unkekulized atoms: 0 6 9 11 15
[11:46:49] Can't kekulize mol.  Unkekulized atoms: 0 1 2 6 10
[11:46:49] ERROR: Could not sanitize molecule ending on line 34
[11:46:49] ERROR: Can't kekulize mol.  Unkekulized atoms: 0 1 2 6 10
[11:46:49] Can't kekulize mol.  Unkekulized atoms: 5 6 11 14 17
[11:46:49] ERROR: Could not sanitize molecule ending on line 51
[11:46:49] ERROR: Can't kekulize mol.  Unkekulized atoms: 5 6 11 14 17
[11:46:49] Can't kekulize mol.  Unkekulized atoms: 1 8 11 12 16 17 20
[11:46:49] ERROR: Could not sanitize molecule ending on line 53
[11:46:49] ERROR: Can't kekulize mol.  Unkekulized atoms: 1 8 11 12 16 17 20
[11:46:49] Can't kekulize mol.  Unkekulized atoms: 5 11 13 15 27
[11:46:49] ERROR: Could not sanitize molecule ending on line 83
[11:46:49] ERROR: Can't kekulize mol.  Unkekulized atoms: 5 11 13 15 27
[11:46:49] Explicit valence for atom # 17 Cl, 2, is greater than permitted
[11:46:49] ERROR: Could not sanitize molecule ending on line 66
[11:46:49] ERROR: Explicit valence for atom # 17 Cl, 2, is greater than permitted
[11:46:49] Explicit valence for atom # 10 C, 5, is greater than permitted
[11:46:49] ERROR: Could not sanitize molecule ending on line 42
[11:46:49] ERROR: Explicit valence for atom # 10 C, 5, is greater than permitted
[11:46:49] Explicit valence for atom # 1 C, 5, is greater than permitted
[11:46:49] ERROR: Could not sanitize molecule ending on line 26
[11:46:49] ERROR: Explicit valence for atom # 1 C, 5, is greater than permitted
[11:46:49] Explicit valence for atom # 0 C, 5, is greater than permitted
[11:46:49] ERROR: Could not sanitize molecule ending on line 52
[11:46:49] ERROR: Explicit valence for atom # 0 C, 5, is greater than permitted
[11:46:49] Explicit valence for atom # 3 C, 5, is greater than permitted
[11:46:49] ERROR: Could not sanitize molecule ending on line 28
[11:46:49] ERROR: Explicit valence for atom # 3 C, 5, is greater than permitted
[11:46:49] Explicit valence for atom # 9 C, 5, is greater than permitted
[11:46:49] ERROR: Could not sanitize molecule ending on line 44
[11:46:49] ERROR: Explicit valence for atom # 9 C, 5, is greater than permitted
[11:46:49] Explicit valence for atom # 0 C, 6, is greater than permitted
[11:46:49] ERROR: Could not sanitize molecule ending on line 31
[11:46:49] ERROR: Explicit valence for atom # 0 C, 6, is greater than permitted
[11:46:49] Explicit valence for atom # 7 N, 4, is greater than permitted
[11:46:49] ERROR: Could not sanitize molecule ending on line 41
[11:46:49] ERROR: Explicit valence for atom # 7 N, 4, is greater than permitted
[11:46:49] Explicit valence for atom # 14 C, 5, is greater than permitted
[11:46:49] ERROR: Could not sanitize molecule ending on line 45
[11:46:49] ERROR: Explicit valence for atom # 14 C, 5, is greater than permitted
[11:46:49] Explicit valence for atom # 5 C, 5, is greater than permitted
[11:46:49] ERROR: Could not sanitize molecule ending on line 37
[11:46:49] ERROR: Explicit valence for atom # 5 C, 5, is greater than permitted
[11:46:49] Can't kekulize mol.  Unkekulized atoms: 1 9 17
[11:46:49] ERROR: Could not sanitize molecule ending on line 50
[11:46:49] ERROR: Can't kekulize mol.  Unkekulized atoms: 1 9 17
[11:46:49] Can't kekulize mol.  Unkekulized atoms: 1 7 9 13 19 21 24
[11:46:49] ERROR: Could not sanitize molecule ending on line 60
[11:46:49] ERROR: Can't kekulize mol.  Unkekulized atoms: 1 7 9 13 19 21 24
[11:46:49] Can't kekulize mol.  Unkekulized atoms: 1 10 21
[11:46:49] ERROR: Could not sanitize molecule ending on line 52
[11:46:49] ERROR: Can't kekulize mol.  Unkekulized atoms: 1 10 21
[11:46:49] Explicit valence for atom # 9 N, 4, is greater than permitted
[11:46:49] ERROR: Could not sanitize molecule ending on line 63
[11:46:49] ERROR: Explicit valence for atom # 9 N, 4, is greater than permitted
[11:46:49] Can't kekulize mol.  Unkekulized atoms: 1 4 12 15 16 18 25 32 34
[11:46:49] ERROR: Could not sanitize molecule ending on line 78
[11:46:49] ERROR: Can't kekulize mol.  Unkekulized atoms: 1 4 12 15 16 18 25 32 34
[11:46:49] Explicit valence for atom # 15 O, 3, is greater than permitted
[11:46:49] ERROR: Could not sanitize molecule ending on line 66
[11:46:49] ERROR: Explicit valence for atom # 15 O, 3, is greater than permitted
[11:46:49] Can't kekulize mol.  Unkekulized atoms: 3 5 12
[11:46:49] ERROR: Could not sanitize molecule ending on line 51
[11:46:49] ERROR: Can't kekulize mol.  Unkekulized atoms: 3 5 12
[11:46:49] Can't kekulize mol.  Unkekulized atoms: 3 4 9 13 27 33 34
[11:46:49] ERROR: Could not sanitize molecule ending on line 80
[11:46:49] ERROR: Can't kekulize mol.  Unkekulized atoms: 3 4 9 13 27 33 34
[11:46:49] Explicit valence for atom # 2 C, 5, is greater than permitted
[11:46:49] ERROR: Could not sanitize molecule ending on line 69
[11:46:49] ERROR: Explicit valence for atom # 2 C, 5, is greater than permitted
[11:46:49] Explicit valence for atom # 0 N, 4, is greater than permitted
[11:46:49] ERROR: Could not sanitize molecule ending on line 50
[11:46:49] ERROR: Explicit valence for atom # 0 N, 4, is greater than permitted
[11:46:49] Explicit valence for atom # 12 C, 5, is greater than permitted
[11:46:49] ERROR: Could not sanitize molecule ending on line 47
[11:46:49] ERROR: Explicit valence for atom # 12 C, 5, is greater than permitted
[11:46:49] Can't kekulize mol.  Unkekulized atoms: 0 3 5 7 9 10 12 21 25
[11:46:49] ERROR: Could not sanitize molecule ending on line 63
[11:46:49] ERROR: Can't kekulize mol.  Unkekulized atoms: 0 3 5 7 9 10 12 21 25
[11:46:49] Explicit valence for atom # 5 C, 5, is greater than permitted
[11:46:49] ERROR: Could not sanitize molecule ending on line 63
[11:46:49] ERROR: Explicit valence for atom # 5 C, 5, is greater than permitted
[11:46:49] Can't kekulize mol.  Unkekulized atoms: 4 9 10 13 14 15 16 17 18
[11:46:49] ERROR: Could not sanitize molecule ending on line 47
[11:46:49] ERROR: Can't kekulize mol.  Unkekulized atoms: 4 9 10 13 14 15 16 17 18
[11:46:49] Explicit valence for atom # 9 O, 3, is greater than permitted
[11:46:49] ERROR: Could not sanitize molecule ending on line 49
[11:46:49] ERROR: Explicit valence for atom # 9 O, 3, is greater than permitted
[11:46:49] Explicit valence for atom # 4 O, 3, is greater than permitted
[11:46:49] ERROR: Could not sanitize molecule ending on line 59
[11:46:49] ERROR: Explicit valence for atom # 4 O, 3, is greater than permitted
[11:46:49] Explicit valence for atom # 16 P, 6, is greater than permitted
[11:46:49] ERROR: Could not sanitize molecule ending on line 62
[11:46:49] ERROR: Explicit valence for atom # 16 P, 6, is greater than permitted
[11:46:49] Explicit valence for atom # 10 C, 5, is greater than permitted
[11:46:49] ERROR: Could not sanitize molecule ending on line 30
[11:46:49] ERROR: Explicit valence for atom # 10 C, 5, is greater than permitted
[11:46:49] Explicit valence for atom # 0 C, 5, is greater than permitted
[11:46:49] ERROR: Could not sanitize molecule ending on line 39
[11:46:49] ERROR: Explicit valence for atom # 0 C, 5, is greater than permitted
[11:46:49] Explicit valence for atom # 20 O, 3, is greater than permitted
[11:46:49] ERROR: Could not sanitize molecule ending on line 51
[11:46:49] ERROR: Explicit valence for atom # 20 O, 3, is greater than permitted
[11:46:49] Explicit valence for atom # 15 O, 3, is greater than permitted
[11:46:49] ERROR: Could not sanitize molecule ending on line 119
[11:46:49] ERROR: Explicit valence for atom # 15 O, 3, is greater than permitted
[11:46:49] Explicit valence for atom # 9 C, 5, is greater than permitted
[11:46:49] ERROR: Could not sanitize molecule ending on line 44
[11:46:49] ERROR: Explicit valence for atom # 9 C, 5, is greater than permitted
[11:46:49] Explicit valence for atom # 6 C, 5, is greater than permitted
[11:46:49] ERROR: Could not sanitize molecule ending on line 34
[11:46:49] ERROR: Explicit valence for atom # 6 C, 5, is greater than permitted
[11:46:49] Explicit valence for atom # 0 C, 5, is greater than permitted
[11:46:49] ERROR: Could not sanitize molecule ending on line 32
[11:46:49] ERROR: Explicit valence for atom # 0 C, 5, is greater than permitted
[11:46:49] Can't kekulize mol.  Unkekulized atoms: 2 5 10 13 19
[11:46:49] ERROR: Could not sanitize molecule ending on line 50
[11:46:49] ERROR: Can't kekulize mol.  Unkekulized atoms: 2 5 10 13 19
[11:46:49] Can't kekulize mol.  Unkekulized atoms: 1 2 10 15 17
[11:46:49] ERROR: Could not sanitize molecule ending on line 47
[11:46:49] ERROR: Can't kekulize mol.  Unkekulized atoms: 1 2 10 15 17
[11:46:49] Can't kekulize mol.  Unkekulized atoms: 0 3 5 6 8
[11:46:49] ERROR: Could not sanitize molecule ending on line 37
[11:46:49] ERROR: Can't kekulize mol.  Unkekulized atoms: 0 3 5 6 8
[11:46:49] Can't kekulize mol.  Unkekulized atoms: 0 1 2 4 5 6 7 8 9 10 12 13 14
[11:46:49] ERROR: Could not sanitize molecule ending on line 39
[11:46:49] ERROR: Can't kekulize mol.  Unkekulized atoms: 0 1 2 4 5 6 7 8 9 10 12 13 14
[11:46:49] Explicit valence for atom # 22 O, 3, is greater than permitted
[11:46:49] ERROR: Could not sanitize molecule ending on line 67
[11:46:49] ERROR: Explicit valence for atom # 22 O, 3, is greater than permitted
[11:46:49] Can't kekulize mol.  Unkekulized atoms: 9 10 14 15 16 19 20 21 24
[11:46:49] ERROR: Could not sanitize molecule ending on line 60
[11:46:49] ERROR: Can't kekulize mol.  Unkekulized atoms: 9 10 14 15 16 19 20 21 24
[11:46:49] Can't kekulize mol.  Unkekulized atoms: 3 4 10 11 12 15 16 19 20
[11:46:49] ERROR: Could not sanitize molecule ending on line 54
[11:46:49] ERROR: Can't kekulize mol.  Unkekulized atoms: 3 4 10 11 12 15 16 19 20
[11:46:49] Can't kekulize mol.  Unkekulized atoms: 0 3 4 7 10 16 18
[11:46:49] ERROR: Could not sanitize molecule ending on line 47
[11:46:49] ERROR: Can't kekulize mol.  Unkekulized atoms: 0 3 4 7 10 16 18
[11:46:49] Can't kekulize mol.  Unkekulized atoms: 0 3 5 6 12
[11:46:49] ERROR: Could not sanitize molecule ending on line 55
[11:46:49] ERROR: Can't kekulize mol.  Unkekulized atoms: 0 3 5 6 12
[11:46:49] Can't kekulize mol.  Unkekulized atoms: 5 6 7 9 11 12 19
[11:46:49] ERROR: Could not sanitize molecule ending on line 51
[11:46:49] ERROR: Can't kekulize mol.  Unkekulized atoms: 5 6 7 9 11 12 19
[11:46:49] Can't kekulize mol.  Unkekulized atoms: 0 1 3 11 13 15 17
[11:46:49] ERROR: Could not sanitize molecule ending on line 45
[11:46:49] ERROR: Can't kekulize mol.  Unkekulized atoms: 0 1 3 11 13 15 17
[11:46:49] Explicit valence for atom # 16 C, 5, is greater than permitted
[11:46:49] ERROR: Could not sanitize molecule ending on line 68
[11:46:49] ERROR: Explicit valence for atom # 16 C, 5, is greater than permitted
[11:46:49] Can't kekulize mol.  Unkekulized atoms: 6 12 13 25 30
[11:46:49] ERROR: Could not sanitize molecule ending on line 73
[11:46:49] ERROR: Can't kekulize mol.  Unkekulized atoms: 6 12 13 25 30
[11:46:49] Can't kekulize mol.  Unkekulized atoms: 2 20 25 29 32
[11:46:49] ERROR: Could not sanitize molecule ending on line 78
[11:46:49] ERROR: Can't kekulize mol.  Unkekulized atoms: 2 20 25 29 32
[11:46:49] Explicit valence for atom # 15 C, 5, is greater than permitted
[11:46:49] ERROR: Could not sanitize molecule ending on line 77
[11:46:49] ERROR: Explicit valence for atom # 15 C, 5, is greater than permitted
[11:46:49] Explicit valence for atom # 19 F, 2, is greater than permitted
[11:46:49] ERROR: Could not sanitize molecule ending on line 80
[11:46:49] ERROR: Explicit valence for atom # 19 F, 2, is greater than permitted
[11:46:49] Explicit valence for atom # 4 C, 5, is greater than permitted
[11:46:49] ERROR: Could not sanitize molecule ending on line 72
[11:46:49] ERROR: Explicit valence for atom # 4 C, 5, is greater than permitted
[11:46:49] Can't kekulize mol.  Unkekulized atoms: 11 12 15 17 18 22 28
[11:46:49] ERROR: Could not sanitize molecule ending on line 72
[11:46:49] ERROR: Can't kekulize mol.  Unkekulized atoms: 11 12 15 17 18 22 28
[11:46:49] Can't kekulize mol.  Unkekulized atoms: 4 7 17
[11:46:49] ERROR: Could not sanitize molecule ending on line 57
[11:46:49] ERROR: Can't kekulize mol.  Unkekulized atoms: 4 7 17
[11:46:49] Can't kekulize mol.  Unkekulized atoms: 3 12 17 19 28
[11:46:49] ERROR: Could not sanitize molecule ending on line 64
[11:46:49] ERROR: Can't kekulize mol.  Unkekulized atoms: 3 12 17 19 28
[11:46:49] Can't kekulize mol.  Unkekulized atoms: 2 4 6 12 16 21 22 30 34
[11:46:49] ERROR: Could not sanitize molecule ending on line 79
[11:46:49] ERROR: Can't kekulize mol.  Unkekulized atoms: 2 4 6 12 16 21 22 30 34
[11:46:49] Can't kekulize mol.  Unkekulized atoms: 6 10 13 14 24
[11:46:49] ERROR: Could not sanitize molecule ending on line 61
[11:46:49] ERROR: Can't kekulize mol.  Unkekulized atoms: 6 10 13 14 24
[11:46:49] Can't kekulize mol.  Unkekulized atoms: 0 3 7 9 17
[11:46:49] ERROR: Could not sanitize molecule ending on line 55
[11:46:49] ERROR: Can't kekulize mol.  Unkekulized atoms: 0 3 7 9 17
[11:46:49] Explicit valence for atom # 18 N, 4, is greater than permitted
[11:46:49] ERROR: Could not sanitize molecule ending on line 78
[11:46:49] ERROR: Explicit valence for atom # 18 N, 4, is greater than permitted
[11:46:49] Can't kekulize mol.  Unkekulized atoms: 9 10 17 22 24 25 27
[11:46:49] ERROR: Could not sanitize molecule ending on line 68
[11:46:49] ERROR: Can't kekulize mol.  Unkekulized atoms: 9 10 17 22 24 25 27
[11:46:49] Explicit valence for atom # 11 O, 3, is greater than permitted
[11:46:49] ERROR: Could not sanitize molecule ending on line 67
[11:46:49] ERROR: Explicit valence for atom # 11 O, 3, is greater than permitted
[11:46:49] Can't kekulize mol.  Unkekulized atoms: 1 2 7 8 9 14 22
[11:46:49] ERROR: Could not sanitize molecule ending on line 57
[11:46:49] ERROR: Can't kekulize mol.  Unkekulized atoms: 1 2 7 8 9 14 22
[11:46:49] Explicit valence for atom # 10 C, 6, is greater than permitted
[11:46:49] ERROR: Could not sanitize molecule ending on line 68
[11:46:49] ERROR: Explicit valence for atom # 10 C, 6, is greater than permitted
[11:46:49] Can't kekulize mol.  Unkekulized atoms: 1 3 11 14 16 17
[11:46:49] ERROR: Could not sanitize molecule ending on line 46
[11:46:49] ERROR: Can't kekulize mol.  Unkekulized atoms: 1 3 11 14 16 17
[11:46:49] Explicit valence for atom # 4 O, 3, is greater than permitted
[11:46:49] ERROR: Could not sanitize molecule ending on line 64
[11:46:49] ERROR: Explicit valence for atom # 4 O, 3, is greater than permitted
[11:46:49] Explicit valence for atom # 9 O, 4, is greater than permitted
[11:46:49] ERROR: Could not sanitize molecule ending on line 71
[11:46:49] ERROR: Explicit valence for atom # 9 O, 4, is greater than permitted
[11:46:49] Can't kekulize mol.  Unkekulized atoms: 6 10 17
[11:46:49] ERROR: Could not sanitize molecule ending on line 65
[11:46:49] ERROR: Can't kekulize mol.  Unkekulized atoms: 6 10 17
[11:46:49] Can't kekulize mol.  Unkekulized atoms: 2 3 5 6 16 17 27
[11:46:49] ERROR: Could not sanitize molecule ending on line 63
[11:46:49] ERROR: Can't kekulize mol.  Unkekulized atoms: 2 3 5 6 16 17 27
[11:46:49] Explicit valence for atom # 9 O, 3, is greater than permitted
[11:46:49] ERROR: Could not sanitize molecule ending on line 72
[11:46:49] ERROR: Explicit valence for atom # 9 O, 3, is greater than permitted
[11:46:49] Explicit valence for atom # 22 O, 3, is greater than permitted
[11:46:49] ERROR: Could not sanitize molecule ending on line 58
[11:46:49] ERROR: Explicit valence for atom # 22 O, 3, is greater than permitted
[11:46:49] Explicit valence for atom # 1 O, 3, is greater than permitted
[11:46:49] ERROR: Could not sanitize molecule ending on line 73
[11:46:49] ERROR: Explicit valence for atom # 1 O, 3, is greater than permitted
[11:46:49] Can't kekulize mol.  Unkekulized atoms: 6 10 23
[11:46:49] ERROR: Could not sanitize molecule ending on line 69
[11:46:49] ERROR: Can't kekulize mol.  Unkekulized atoms: 6 10 23
[11:46:50] Explicit valence for atom # 30 O, 3, is greater than permitted
[11:46:50] ERROR: Could not sanitize molecule ending on line 69
[11:46:50] ERROR: Explicit valence for atom # 30 O, 3, is greater than permitted
[11:46:50] Explicit valence for atom # 11 C, 6, is greater than permitted
[11:46:50] ERROR: Could not sanitize molecule ending on line 76
[11:46:50] ERROR: Explicit valence for atom # 11 C, 6, is greater than permitted
[11:46:50] Explicit valence for atom # 7 O, 3, is greater than permitted
[11:46:50] ERROR: Could not sanitize molecule ending on line 68
[11:46:50] ERROR: Explicit valence for atom # 7 O, 3, is greater than permitted
[11:46:50] Explicit valence for atom # 10 C, 5, is greater than permitted
[11:46:50] ERROR: Could not sanitize molecule ending on line 58
[11:46:50] ERROR: Explicit valence for atom # 10 C, 5, is greater than permitted
[11:46:50] Explicit valence for atom # 28 C, 5, is greater than permitted
[11:46:50] ERROR: Could not sanitize molecule ending on line 67
[11:46:50] ERROR: Explicit valence for atom # 28 C, 5, is greater than permitted
[11:46:50] Can't kekulize mol.  Unkekulized atoms: 2 3 9 22 23
[11:46:50] ERROR: Could not sanitize molecule ending on line 70
[11:46:50] ERROR: Can't kekulize mol.  Unkekulized atoms: 2 3 9 22 23
[11:46:50] Can't kekulize mol.  Unkekulized atoms: 4 5 8 14 18
[11:46:50] ERROR: Could not sanitize molecule ending on line 55
[11:46:50] ERROR: Can't kekulize mol.  Unkekulized atoms: 4 5 8 14 18
[11:46:50] Can't kekulize mol.  Unkekulized atoms: 2 14 24 25 31
[11:46:50] ERROR: Could not sanitize molecule ending on line 74
[11:46:50] ERROR: Can't kekulize mol.  Unkekulized atoms: 2 14 24 25 31
[11:46:50] Can't kekulize mol.  Unkekulized atoms: 3 5 13
[11:46:50] ERROR: Could not sanitize molecule ending on line 74
[11:46:50] ERROR: Can't kekulize mol.  Unkekulized atoms: 3 5 13
[11:46:50] Explicit valence for atom # 37 N, 4, is greater than permitted
[11:46:50] ERROR: Could not sanitize molecule ending on line 104
[11:46:50] ERROR: Explicit valence for atom # 37 N, 4, is greater than permitted
[11:46:50] Explicit valence for atom # 5 C, 5, is greater than permitted
[11:46:50] ERROR: Could not sanitize molecule ending on line 54
[11:46:50] ERROR: Explicit valence for atom # 5 C, 5, is greater than permitted
[11:46:50] Explicit valence for atom # 4 C, 6, is greater than permitted
[11:46:50] ERROR: Could not sanitize molecule ending on line 45
[11:46:50] ERROR: Explicit valence for atom # 4 C, 6, is greater than permitted
[11:46:50] Explicit valence for atom # 15 O, 3, is greater than permitted
[11:46:50] ERROR: Could not sanitize molecule ending on line 42
[11:46:50] ERROR: Explicit valence for atom # 15 O, 3, is greater than permitted
[11:46:50] Can't kekulize mol.  Unkekulized atoms: 1 4 8 14 19
[11:46:50] ERROR: Could not sanitize molecule ending on line 49
[11:46:50] ERROR: Can't kekulize mol.  Unkekulized atoms: 1 4 8 14 19
[11:46:50] Explicit valence for atom # 5 C, 5, is greater than permitted
[11:46:50] ERROR: Could not sanitize molecule ending on line 36
[11:46:50] ERROR: Explicit valence for atom # 5 C, 5, is greater than permitted
[11:46:50] Can't kekulize mol.  Unkekulized atoms: 0 4 10 11 13 16 26
[11:46:50] ERROR: Could not sanitize molecule ending on line 66
[11:46:50] ERROR: Can't kekulize mol.  Unkekulized atoms: 0 4 10 11 13 16 26
[11:46:50] Can't kekulize mol.  Unkekulized atoms: 1 2 5 9 12 13 14 24 26 27 28
[11:46:50] ERROR: Could not sanitize molecule ending on line 71
[11:46:50] ERROR: Can't kekulize mol.  Unkekulized atoms: 1 2 5 9 12 13 14 24 26 27 28
[11:46:50] Can't kekulize mol.  Unkekulized atoms: 5 10 14 15 18 19 21 26 27 28 29
[11:46:50] ERROR: Could not sanitize molecule ending on line 72
[11:46:50] ERROR: Can't kekulize mol.  Unkekulized atoms: 5 10 14 15 18 19 21 26 27 28 29
[11:46:50] Can't kekulize mol.  Unkekulized atoms: 0 1 3 11 14
[11:46:50] ERROR: Could not sanitize molecule ending on line 64
[11:46:50] ERROR: Can't kekulize mol.  Unkekulized atoms: 0 1 3 11 14
[11:46:50] Explicit valence for atom # 4 O, 3, is greater than permitted
[11:46:50] ERROR: Could not sanitize molecule ending on line 71
[11:46:50] ERROR: Explicit valence for atom # 4 O, 3, is greater than permitted
[11:46:50] Explicit valence for atom # 8 P, 6, is greater than permitted
[11:46:50] ERROR: Could not sanitize molecule ending on line 66
[11:46:50] ERROR: Explicit valence for atom # 8 P, 6, is greater than permitted
[11:46:50] Can't kekulize mol.  Unkekulized atoms: 0 6 14 20 24
[11:46:50] ERROR: Could not sanitize molecule ending on line 68
[11:46:50] ERROR: Can't kekulize mol.  Unkekulized atoms: 0 6 14 20 24
[11:46:50] Explicit valence for atom # 3 F, 2, is greater than permitted
[11:46:50] ERROR: Could not sanitize molecule ending on line 63
[11:46:50] ERROR: Explicit valence for atom # 3 F, 2, is greater than permitted
[11:46:50] Explicit valence for atom # 23 O, 3, is greater than permitted
[11:46:50] ERROR: Could not sanitize molecule ending on line 62
[11:46:50] ERROR: Explicit valence for atom # 23 O, 3, is greater than permitted
[11:46:50] Can't kekulize mol.  Unkekulized atoms: 3 4 5 8 17 21 23 26 28 34 36
[11:46:50] ERROR: Could not sanitize molecule ending on line 83
[11:46:50] ERROR: Can't kekulize mol.  Unkekulized atoms: 3 4 5 8 17 21 23 26 28 34 36
[11:46:50] Explicit valence for atom # 24 O, 3, is greater than permitted
[11:46:50] ERROR: Could not sanitize molecule ending on line 74
[11:46:50] ERROR: Explicit valence for atom # 24 O, 3, is greater than permitted
[11:46:50] Explicit valence for atom # 1 O, 4, is greater than permitted
[11:46:50] ERROR: Could not sanitize molecule ending on line 78
[11:46:50] ERROR: Explicit valence for atom # 1 O, 4, is greater than permitted
[11:46:50] Explicit valence for atom # 30 C, 5, is greater than permitted
[11:46:50] ERROR: Could not sanitize molecule ending on line 74
[11:46:50] ERROR: Explicit valence for atom # 30 C, 5, is greater than permitted
[11:46:50] Explicit valence for atom # 19 P, 6, is greater than permitted
[11:46:50] ERROR: Could not sanitize molecule ending on line 65
[11:46:50] ERROR: Explicit valence for atom # 19 P, 6, is greater than permitted
[11:46:50] Can't kekulize mol.  Unkekulized atoms: 0 2 15 18 24 26 34
[11:46:50] ERROR: Could not sanitize molecule ending on line 84
[11:46:50] ERROR: Can't kekulize mol.  Unkekulized atoms: 0 2 15 18 24 26 34
[11:46:50] Can't kekulize mol.  Unkekulized atoms: 2 4 5 7 8 22 27 29 35
[11:46:50] ERROR: Could not sanitize molecule ending on line 79
[11:46:50] ERROR: Can't kekulize mol.  Unkekulized atoms: 2 4 5 7 8 22 27 29 35
[11:46:50] Can't kekulize mol.  Unkekulized atoms: 4 9 13 14 18 25 26 27 28
[11:46:50] ERROR: Could not sanitize molecule ending on line 72
[11:46:50] ERROR: Can't kekulize mol.  Unkekulized atoms: 4 9 13 14 18 25 26 27 28
[11:46:50] Explicit valence for atom # 24 P, 6, is greater than permitted
[11:46:50] ERROR: Could not sanitize molecule ending on line 60
[11:46:50] ERROR: Explicit valence for atom # 24 P, 6, is greater than permitted
[11:46:50] Explicit valence for atom # 18 O, 3, is greater than permitted
[11:46:50] ERROR: Could not sanitize molecule ending on line 80
[11:46:50] ERROR: Explicit valence for atom # 18 O, 3, is greater than permitted
[11:46:50] Can't kekulize mol.  Unkekulized atoms: 1 4 5 13 16 18 20
[11:46:50] ERROR: Could not sanitize molecule ending on line 63
[11:46:50] ERROR: Can't kekulize mol.  Unkekulized atoms: 1 4 5 13 16 18 20
[11:46:50] Can't kekulize mol.  Unkekulized atoms: 1 3 9 12 13 22 25
[11:46:50] ERROR: Could not sanitize molecule ending on line 73
[11:46:50] ERROR: Can't kekulize mol.  Unkekulized atoms: 1 3 9 12 13 22 25
[11:46:50] Explicit valence for atom # 8 O, 3, is greater than permitted
[11:46:50] ERROR: Could not sanitize molecule ending on line 62
[11:46:50] ERROR: Explicit valence for atom # 8 O, 3, is greater than permitted
[11:46:50] Can't kekulize mol.  Unkekulized atoms: 0 4 6 18 19
[11:46:50] ERROR: Could not sanitize molecule ending on line 49
[11:46:50] ERROR: Can't kekulize mol.  Unkekulized atoms: 0 4 6 18 19
[11:46:50] Can't kekulize mol.  Unkekulized atoms: 4 5 8 12 17 18 20 26 27
[11:46:50] ERROR: Could not sanitize molecule ending on line 69
[11:46:50] ERROR: Can't kekulize mol.  Unkekulized atoms: 4 5 8 12 17 18 20 26 27
[11:46:50] Can't kekulize mol.  Unkekulized atoms: 6 7 12 14 23 29 30 37 39
[11:46:50] ERROR: Could not sanitize molecule ending on line 93
[11:46:50] ERROR: Can't kekulize mol.  Unkekulized atoms: 6 7 12 14 23 29 30 37 39
[11:46:50] Can't kekulize mol.  Unkekulized atoms: 1 5 7 19 21
[11:46:50] ERROR: Could not sanitize molecule ending on line 51
[11:46:50] ERROR: Can't kekulize mol.  Unkekulized atoms: 1 5 7 19 21
[11:46:50] Explicit valence for atom # 30 O, 3, is greater than permitted
[11:46:50] ERROR: Could not sanitize molecule ending on line 75
[11:46:50] ERROR: Explicit valence for atom # 30 O, 3, is greater than permitted
[11:46:50] Explicit valence for atom # 9 N, 4, is greater than permitted
[11:46:50] ERROR: Could not sanitize molecule ending on line 84
[11:46:50] ERROR: Explicit valence for atom # 9 N, 4, is greater than permitted
[11:46:50] Explicit valence for atom # 36 C, 5, is greater than permitted
[11:46:50] ERROR: Could not sanitize molecule ending on line 90
[11:46:50] ERROR: Explicit valence for atom # 36 C, 5, is greater than permitted
[11:46:50] Explicit valence for atom # 13 C, 5, is greater than permitted
[11:46:50] ERROR: Could not sanitize molecule ending on line 71
[11:46:50] ERROR: Explicit valence for atom # 13 C, 5, is greater than permitted
[11:46:50] Explicit valence for atom # 4 O, 3, is greater than permitted
[11:46:50] ERROR: Could not sanitize molecule ending on line 139
[11:46:50] ERROR: Explicit valence for atom # 4 O, 3, is greater than permitted
[11:46:50] Can't kekulize mol.  Unkekulized atoms: 0 11 12 21 31
[11:46:50] ERROR: Could not sanitize molecule ending on line 77
[11:46:50] ERROR: Can't kekulize mol.  Unkekulized atoms: 0 11 12 21 31
[11:46:50] Can't kekulize mol.  Unkekulized atoms: 1 5 6 8 14 18 20 21 25 26 33
[11:46:50] ERROR: Could not sanitize molecule ending on line 79
[11:46:50] ERROR: Can't kekulize mol.  Unkekulized atoms: 1 5 6 8 14 18 20 21 25 26 33
[11:46:50] Can't kekulize mol.  Unkekulized atoms: 1 3 5 34 36
[11:46:50] ERROR: Could not sanitize molecule ending on line 81
[11:46:50] ERROR: Can't kekulize mol.  Unkekulized atoms: 1 3 5 34 36
[11:46:50] Explicit valence for atom # 12 C, 5, is greater than permitted
[11:46:50] ERROR: Could not sanitize molecule ending on line 110
[11:46:50] ERROR: Explicit valence for atom # 12 C, 5, is greater than permitted
[11:46:50] Explicit valence for atom # 19 N, 4, is greater than permitted
[11:46:50] ERROR: Could not sanitize molecule ending on line 76
[11:46:50] ERROR: Explicit valence for atom # 19 N, 4, is greater than permitted
[11:46:50] Can't kekulize mol.  Unkekulized atoms: 3 6 11 13 30
[11:46:50] ERROR: Could not sanitize molecule ending on line 106
[11:46:50] ERROR: Can't kekulize mol.  Unkekulized atoms: 3 6 11 13 30
[11:46:50] Can't kekulize mol.  Unkekulized atoms: 1 7 11 20 22
[11:46:50] ERROR: Could not sanitize molecule ending on line 54
[11:46:50] ERROR: Can't kekulize mol.  Unkekulized atoms: 1 7 11 20 22
[11:46:50] Can't kekulize mol.  Unkekulized atoms: 2 4 7 10 11 13 15 16 17 18 20 23 24 25 26 29 30 31 35 39 40
[11:46:50] ERROR: Could not sanitize molecule ending on line 93
[11:46:50] ERROR: Can't kekulize mol.  Unkekulized atoms: 2 4 7 10 11 13 15 16 17 18 20 23 24 25 26 29 30 31 35 39 40
[11:46:50] Can't kekulize mol.  Unkekulized atoms: 4 12 22
[11:46:50] ERROR: Could not sanitize molecule ending on line 89
[11:46:50] ERROR: Can't kekulize mol.  Unkekulized atoms: 4 12 22
[11:46:50] Can't kekulize mol.  Unkekulized atoms: 0 2 6 9 10 11 14 21 31
[11:46:50] ERROR: Could not sanitize molecule ending on line 88
[11:46:50] ERROR: Can't kekulize mol.  Unkekulized atoms: 0 2 6 9 10 11 14 21 31
[11:46:50] Can't kekulize mol.  Unkekulized atoms: 3 4 12 13 20
[11:46:50] ERROR: Could not sanitize molecule ending on line 64
[11:46:50] ERROR: Can't kekulize mol.  Unkekulized atoms: 3 4 12 13 20
[11:46:50] Can't kekulize mol.  Unkekulized atoms: 0 6 8 18 24
[11:46:50] ERROR: Could not sanitize molecule ending on line 64
[11:46:50] ERROR: Can't kekulize mol.  Unkekulized atoms: 0 6 8 18 24
[11:46:50] Can't kekulize mol.  Unkekulized atoms: 0 2 4 6 10 13 14 15 17 18 20
[11:46:50] ERROR: Could not sanitize molecule ending on line 53
[11:46:50] ERROR: Can't kekulize mol.  Unkekulized atoms: 0 2 4 6 10 13 14 15 17 18 20
[11:46:50] Can't kekulize mol.  Unkekulized atoms: 1 3 6 7 8 9 11 12 14 16 18 19 20
[11:46:50] ERROR: Could not sanitize molecule ending on line 52
[11:46:50] ERROR: Can't kekulize mol.  Unkekulized atoms: 1 3 6 7 8 9 11 12 14 16 18 19 20
[11:46:50] Can't kekulize mol.  Unkekulized atoms: 2 16 22
[11:46:50] ERROR: Could not sanitize molecule ending on line 53
[11:46:50] ERROR: Can't kekulize mol.  Unkekulized atoms: 2 16 22
[11:46:50] Can't kekulize mol.  Unkekulized atoms: 0 10 16 18 23
[11:46:50] ERROR: Could not sanitize molecule ending on line 55
[11:46:50] ERROR: Can't kekulize mol.  Unkekulized atoms: 0 10 16 18 23
[11:46:50] Can't kekulize mol.  Unkekulized atoms: 0 1 2 3 5 6 7 8 9 12 14 16 17 18 19 20 21
[11:46:50] ERROR: Could not sanitize molecule ending on line 54
[11:46:50] ERROR: Can't kekulize mol.  Unkekulized atoms: 0 1 2 3 5 6 7 8 9 12 14 16 17 18 19 20 21
[11:46:50] Explicit valence for atom # 10 O, 3, is greater than permitted
[11:46:50] ERROR: Could not sanitize molecule ending on line 31
[11:46:50] ERROR: Explicit valence for atom # 10 O, 3, is greater than permitted
[11:46:50] Can't kekulize mol.  Unkekulized atoms: 0 4 6 7 8 9 11 12 13 16 18 19 20 21 22 23
[11:46:50] ERROR: Could not sanitize molecule ending on line 59
[11:46:50] ERROR: Can't kekulize mol.  Unkekulized atoms: 0 4 6 7 8 9 11 12 13 16 18 19 20 21 22 23
[11:46:50] Can't kekulize mol.  Unkekulized atoms: 3 7 9 10 11 14 17 18 22
[11:46:50] ERROR: Could not sanitize molecule ending on line 55
[11:46:50] ERROR: Can't kekulize mol.  Unkekulized atoms: 3 7 9 10 11 14 17 18 22
[11:46:50] Can't kekulize mol.  Unkekulized atoms: 1 2 3 14 15 16 18 19 21 23 24
[11:46:50] ERROR: Could not sanitize molecule ending on line 60
[11:46:50] ERROR: Can't kekulize mol.  Unkekulized atoms: 1 2 3 14 15 16 18 19 21 23 24
[11:46:50] Can't kekulize mol.  Unkekulized atoms: 2 3 5 7 9 14 15 16 24 25 26
[11:46:50] ERROR: Could not sanitize molecule ending on line 63
[11:46:50] ERROR: Can't kekulize mol.  Unkekulized atoms: 2 3 5 7 9 14 15 16 24 25 26
[11:46:50] Can't kekulize mol.  Unkekulized atoms: 12 17 19 21 23
[11:46:50] ERROR: Could not sanitize molecule ending on line 58
[11:46:50] ERROR: Can't kekulize mol.  Unkekulized atoms: 12 17 19 21 23
[11:46:50] Explicit valence for atom # 4 C, 5, is greater than permitted
[11:46:50] ERROR: Could not sanitize molecule ending on line 67
[11:46:50] ERROR: Explicit valence for atom # 4 C, 5, is greater than permitted
[11:46:50] Can't kekulize mol.  Unkekulized atoms: 0 2 3 6 7 8 13 14 17
[11:46:50] ERROR: Could not sanitize molecule ending on line 44
[11:46:50] ERROR: Can't kekulize mol.  Unkekulized atoms: 0 2 3 6 7 8 13 14 17
[11:46:50] Can't kekulize mol.  Unkekulized atoms: 2 5 7 11 12 13 15 21 22
[11:46:50] ERROR: Could not sanitize molecule ending on line 56
[11:46:50] ERROR: Can't kekulize mol.  Unkekulized atoms: 2 5 7 11 12 13 15 21 22
[11:46:50] Can't kekulize mol.  Unkekulized atoms: 7 12 15 18 19 21 22
[11:46:50] ERROR: Could not sanitize molecule ending on line 62
[11:46:50] ERROR: Can't kekulize mol.  Unkekulized atoms: 7 12 15 18 19 21 22
[11:46:50] Explicit valence for atom # 14 Cl, 2, is greater than permitted
[11:46:50] ERROR: Could not sanitize molecule ending on line 41
[11:46:50] ERROR: Explicit valence for atom # 14 Cl, 2, is greater than permitted
[11:46:50] Can't kekulize mol.  Unkekulized atoms: 2 9 13 18 32
[11:46:50] ERROR: Could not sanitize molecule ending on line 84
[11:46:50] ERROR: Can't kekulize mol.  Unkekulized atoms: 2 9 13 18 32
[11:46:50] Can't kekulize mol.  Unkekulized atoms: 4 7 19 22 23
[11:46:50] ERROR: Could not sanitize molecule ending on line 64
[11:46:50] ERROR: Can't kekulize mol.  Unkekulized atoms: 4 7 19 22 23
[11:46:50] Can't kekulize mol.  Unkekulized atoms: 3 10 13 20 21
[11:46:50] ERROR: Could not sanitize molecule ending on line 67
[11:46:50] ERROR: Can't kekulize mol.  Unkekulized atoms: 3 10 13 20 21
[11:46:50] Can't kekulize mol.  Unkekulized atoms: 0 5 11 14 15 17 18 20 21
[11:46:50] ERROR: Could not sanitize molecule ending on line 51
[11:46:50] ERROR: Can't kekulize mol.  Unkekulized atoms: 0 5 11 14 15 17 18 20 21
[11:46:50] Can't kekulize mol.  Unkekulized atoms: 2 3 4
[11:46:50] ERROR: Could not sanitize molecule ending on line 68
[11:46:50] ERROR: Can't kekulize mol.  Unkekulized atoms: 2 3 4
[11:46:50] Can't kekulize mol.  Unkekulized atoms: 6 12 15 17 20
[11:46:50] ERROR: Could not sanitize molecule ending on line 49
[11:46:50] ERROR: Can't kekulize mol.  Unkekulized atoms: 6 12 15 17 20
[11:46:50] Explicit valence for atom # 12 O, 3, is greater than permitted
[11:46:50] ERROR: Could not sanitize molecule ending on line 52
[11:46:50] ERROR: Explicit valence for atom # 12 O, 3, is greater than permitted
[11:46:50] Can't kekulize mol.  Unkekulized atoms: 1 2 3 4 8 11 24
[11:46:50] ERROR: Could not sanitize molecule ending on line 60
[11:46:50] ERROR: Can't kekulize mol.  Unkekulized atoms: 1 2 3 4 8 11 24
[11:46:50] Can't kekulize mol.  Unkekulized atoms: 0 3 4 5 16 23
[11:46:50] ERROR: Could not sanitize molecule ending on line 55
[11:46:50] ERROR: Can't kekulize mol.  Unkekulized atoms: 0 3 4 5 16 23
[11:46:50] Can't kekulize mol.  Unkekulized atoms: 1 2 3 9 11 14 16 17 19 22 23 26 28 32 41
[11:46:50] ERROR: Could not sanitize molecule ending on line 97
[11:46:50] ERROR: Can't kekulize mol.  Unkekulized atoms: 1 2 3 9 11 14 16 17 19 22 23 26 28 32 41
[11:46:50] Explicit valence for atom # 22 Cl, 2, is greater than permitted
[11:46:50] ERROR: Could not sanitize molecule ending on line 62
[11:46:50] ERROR: Explicit valence for atom # 22 Cl, 2, is greater than permitted
[11:46:50] Explicit valence for atom # 5 P, 6, is greater than permitted
[11:46:50] ERROR: Could not sanitize molecule ending on line 39
[11:46:50] ERROR: Explicit valence for atom # 5 P, 6, is greater than permitted
[11:46:50] Explicit valence for atom # 10 C, 5, is greater than permitted
[11:46:50] ERROR: Could not sanitize molecule ending on line 56
[11:46:50] ERROR: Explicit valence for atom # 10 C, 5, is greater than permitted
[11:46:50] Explicit valence for atom # 12 N, 4, is greater than permitted
[11:46:50] ERROR: Could not sanitize molecule ending on line 56
[11:46:50] ERROR: Explicit valence for atom # 12 N, 4, is greater than permitted
[11:46:50] Explicit valence for atom # 0 C, 5, is greater than permitted
[11:46:50] ERROR: Could not sanitize molecule ending on line 54
[11:46:50] ERROR: Explicit valence for atom # 0 C, 5, is greater than permitted
[11:46:50] Explicit valence for atom # 26 C, 5, is greater than permitted
[11:46:50] ERROR: Could not sanitize molecule ending on line 74
[11:46:50] ERROR: Explicit valence for atom # 26 C, 5, is greater than permitted
[11:46:50] Explicit valence for atom # 25 C, 5, is greater than permitted
[11:46:50] ERROR: Could not sanitize molecule ending on line 72
[11:46:50] ERROR: Explicit valence for atom # 25 C, 5, is greater than permitted
[11:46:50] Explicit valence for atom # 13 P, 6, is greater than permitted
[11:46:50] ERROR: Could not sanitize molecule ending on line 37
[11:46:50] ERROR: Explicit valence for atom # 13 P, 6, is greater than permitted
[11:46:50] Can't kekulize mol.  Unkekulized atoms: 2 5 7 8 15 17 22
[11:46:50] ERROR: Could not sanitize molecule ending on line 60
[11:46:50] ERROR: Can't kekulize mol.  Unkekulized atoms: 2 5 7 8 15 17 22
[11:46:50] Can't kekulize mol.  Unkekulized atoms: 1 23 27 28 34
[11:46:50] ERROR: Could not sanitize molecule ending on line 85
[11:46:50] ERROR: Can't kekulize mol.  Unkekulized atoms: 1 23 27 28 34
[11:46:50] Explicit valence for atom # 29 C, 6, is greater than permitted
[11:46:50] ERROR: Could not sanitize molecule ending on line 95
[11:46:50] ERROR: Explicit valence for atom # 29 C, 6, is greater than permitted
[11:46:50] Explicit valence for atom # 23 O, 3, is greater than permitted
[11:46:50] ERROR: Could not sanitize molecule ending on line 73
[11:46:50] ERROR: Explicit valence for atom # 23 O, 3, is greater than permitted
[11:46:50] Can't kekulize mol.  Unkekulized atoms: 1 5 6 10 12 14 15 18 22 28 31
[11:46:50] ERROR: Could not sanitize molecule ending on line 73
[11:46:50] ERROR: Can't kekulize mol.  Unkekulized atoms: 1 5 6 10 12 14 15 18 22 28 31
[11:46:50] Explicit valence for atom # 4 C, 5, is greater than permitted
[11:46:50] ERROR: Could not sanitize molecule ending on line 90
[11:46:50] ERROR: Explicit valence for atom # 4 C, 5, is greater than permitted
[11:46:50] Can't kekulize mol.  Unkekulized atoms: 4 6 7
[11:46:50] ERROR: Could not sanitize molecule ending on line 48
[11:46:50] ERROR: Can't kekulize mol.  Unkekulized atoms: 4 6 7
[11:46:50] Can't kekulize mol.  Unkekulized atoms: 0 1 9 10 12 14 15 16 17
[11:46:50] ERROR: Could not sanitize molecule ending on line 43
[11:46:50] ERROR: Can't kekulize mol.  Unkekulized atoms: 0 1 9 10 12 14 15 16 17
[11:46:50] Can't kekulize mol.  Unkekulized atoms: 0 1 5 6 7 8 9 10 14 16 18 19 21
[11:46:50] ERROR: Could not sanitize molecule ending on line 52
[11:46:50] ERROR: Can't kekulize mol.  Unkekulized atoms: 0 1 5 6 7 8 9 10 14 16 18 19 21
[11:46:50] Can't kekulize mol.  Unkekulized atoms: 1 3 5 7 17
[11:46:50] ERROR: Could not sanitize molecule ending on line 47
[11:46:50] ERROR: Can't kekulize mol.  Unkekulized atoms: 1 3 5 7 17
[11:46:50] Can't kekulize mol.  Unkekulized atoms: 1 2 3 6 11 13 15
[11:46:50] ERROR: Could not sanitize molecule ending on line 40
[11:46:50] ERROR: Can't kekulize mol.  Unkekulized atoms: 1 2 3 6 11 13 15
[11:46:50] Can't kekulize mol.  Unkekulized atoms: 0 19 20 23 31
[11:46:50] ERROR: Could not sanitize molecule ending on line 70
[11:46:50] ERROR: Can't kekulize mol.  Unkekulized atoms: 0 19 20 23 31
[11:46:50] Can't kekulize mol.  Unkekulized atoms: 0 2 5
[11:46:50] ERROR: Could not sanitize molecule ending on line 42
[11:46:50] ERROR: Can't kekulize mol.  Unkekulized atoms: 0 2 5
[11:46:50] Can't kekulize mol.  Unkekulized atoms: 9 27 32
[11:46:50] ERROR: Could not sanitize molecule ending on line 74
[11:46:50] ERROR: Can't kekulize mol.  Unkekulized atoms: 9 27 32
[11:46:50] Can't kekulize mol.  Unkekulized atoms: 4 12 13 27 29
[11:46:50] ERROR: Could not sanitize molecule ending on line 73
[11:46:50] ERROR: Can't kekulize mol.  Unkekulized atoms: 4 12 13 27 29
[11:46:50] Can't kekulize mol.  Unkekulized atoms: 12 17 20 28 35
[11:46:50] ERROR: Could not sanitize molecule ending on line 85
[11:46:50] ERROR: Can't kekulize mol.  Unkekulized atoms: 12 17 20 28 35
[11:46:50] Can't kekulize mol.  Unkekulized atoms: 6 29 35 41 43
[11:46:50] ERROR: Could not sanitize molecule ending on line 99
[11:46:50] ERROR: Can't kekulize mol.  Unkekulized atoms: 6 29 35 41 43
[11:46:50] Explicit valence for atom # 1 O, 3, is greater than permitted
[11:46:50] ERROR: Could not sanitize molecule ending on line 89
[11:46:50] ERROR: Explicit valence for atom # 1 O, 3, is greater than permitted
[11:46:50] Explicit valence for atom # 19 N, 4, is greater than permitted
[11:46:50] ERROR: Could not sanitize molecule ending on line 86
[11:46:50] ERROR: Explicit valence for atom # 19 N, 4, is greater than permitted
[11:46:50] Can't kekulize mol.  Unkekulized atoms: 1 22 23 26 30
[11:46:50] ERROR: Could not sanitize molecule ending on line 82
[11:46:50] ERROR: Can't kekulize mol.  Unkekulized atoms: 1 22 23 26 30
[11:46:50] Can't kekulize mol.  Unkekulized atoms: 2 4 11
[11:46:50] ERROR: Could not sanitize molecule ending on line 72
[11:46:50] ERROR: Can't kekulize mol.  Unkekulized atoms: 2 4 11
[11:46:50] Can't kekulize mol.  Unkekulized atoms: 1 3 8 30 36
[11:46:50] ERROR: Could not sanitize molecule ending on line 96
[11:46:50] ERROR: Can't kekulize mol.  Unkekulized atoms: 1 3 8 30 36
[11:46:50] Can't kekulize mol.  Unkekulized atoms: 0 6 12 13 28
[11:46:50] ERROR: Could not sanitize molecule ending on line 72
[11:46:50] ERROR: Can't kekulize mol.  Unkekulized atoms: 0 6 12 13 28
[11:46:50] Can't kekulize mol.  Unkekulized atoms: 0 7 26 32 33
[11:46:50] ERROR: Could not sanitize molecule ending on line 77
[11:46:50] ERROR: Can't kekulize mol.  Unkekulized atoms: 0 7 26 32 33
[11:46:50] Can't kekulize mol.  Unkekulized atoms: 3 19 22 25 34
[11:46:50] ERROR: Could not sanitize molecule ending on line 79
[11:46:50] ERROR: Can't kekulize mol.  Unkekulized atoms: 3 19 22 25 34
[11:46:50] Explicit valence for atom # 10 C, 5, is greater than permitted
[11:46:50] ERROR: Could not sanitize molecule ending on line 76
[11:46:50] ERROR: Explicit valence for atom # 10 C, 5, is greater than permitted
[11:46:50] Explicit valence for atom # 23 C, 5, is greater than permitted
[11:46:50] ERROR: Could not sanitize molecule ending on line 68
[11:46:50] ERROR: Explicit valence for atom # 23 C, 5, is greater than permitted
[11:46:50] Explicit valence for atom # 12 C, 5, is greater than permitted
[11:46:50] ERROR: Could not sanitize molecule ending on line 80
[11:46:50] ERROR: Explicit valence for atom # 12 C, 5, is greater than permitted
[11:46:50] Can't kekulize mol.  Unkekulized atoms: 8 22 27 28 29
[11:46:50] ERROR: Could not sanitize molecule ending on line 67
[11:46:50] ERROR: Can't kekulize mol.  Unkekulized atoms: 8 22 27 28 29
[11:46:50] Explicit valence for atom # 29 C, 5, is greater than permitted
[11:46:50] ERROR: Could not sanitize molecule ending on line 68
[11:46:50] ERROR: Explicit valence for atom # 29 C, 5, is greater than permitted
[11:46:50] Explicit valence for atom # 12 C, 5, is greater than permitted
[11:46:50] ERROR: Could not sanitize molecule ending on line 70
[11:46:50] ERROR: Explicit valence for atom # 12 C, 5, is greater than permitted
[11:46:50] Can't kekulize mol.  Unkekulized atoms: 1 2 3 5 6 11 12 13 15 16 18 20 24 25 26
[11:46:50] ERROR: Could not sanitize molecule ending on line 71
[11:46:50] ERROR: Can't kekulize mol.  Unkekulized atoms: 1 2 3 5 6 11 12 13 15 16 18 20 24 25 26
[11:46:50] Explicit valence for atom # 21 C, 5, is greater than permitted
[11:46:50] ERROR: Could not sanitize molecule ending on line 65
[11:46:50] ERROR: Explicit valence for atom # 21 C, 5, is greater than permitted
[11:46:50] Can't kekulize mol.  Unkekulized atoms: 6 9 14 17 21
[11:46:50] ERROR: Could not sanitize molecule ending on line 55
[11:46:50] ERROR: Can't kekulize mol.  Unkekulized atoms: 6 9 14 17 21
[11:46:50] Can't kekulize mol.  Unkekulized atoms: 0 5 8 14 15 17 21 22 25 28 30 31 34
[11:46:50] ERROR: Could not sanitize molecule ending on line 83
[11:46:50] ERROR: Can't kekulize mol.  Unkekulized atoms: 0 5 8 14 15 17 21 22 25 28 30 31 34
[11:46:50] Explicit valence for atom # 21 C, 6, is greater than permitted
[11:46:50] ERROR: Could not sanitize molecule ending on line 56
[11:46:50] ERROR: Explicit valence for atom # 21 C, 6, is greater than permitted
[11:46:50] Explicit valence for atom # 18 F, 2, is greater than permitted
[11:46:50] ERROR: Could not sanitize molecule ending on line 69
[11:46:50] ERROR: Explicit valence for atom # 18 F, 2, is greater than permitted
[11:46:50] Can't kekulize mol.  Unkekulized atoms: 0 1 4 6 8 9 10 11 12 14 15 17 19
[11:46:50] ERROR: Could not sanitize molecule ending on line 49
[11:46:50] ERROR: Can't kekulize mol.  Unkekulized atoms: 0 1 4 6 8 9 10 11 12 14 15 17 19
[11:46:50] Explicit valence for atom # 19 C, 6, is greater than permitted
[11:46:50] ERROR: Could not sanitize molecule ending on line 45
[11:46:50] ERROR: Explicit valence for atom # 19 C, 6, is greater than permitted
[11:46:50] Can't kekulize mol.  Unkekulized atoms: 1 7 15 16 20
[11:46:50] ERROR: Could not sanitize molecule ending on line 48
[11:46:50] ERROR: Can't kekulize mol.  Unkekulized atoms: 1 7 15 16 20
[11:46:50] Can't kekulize mol.  Unkekulized atoms: 0 9 17
[11:46:50] ERROR: Could not sanitize molecule ending on line 44
[11:46:50] ERROR: Can't kekulize mol.  Unkekulized atoms: 0 9 17
[11:46:50] Explicit valence for atom # 17 P, 6, is greater than permitted
[11:46:50] ERROR: Could not sanitize molecule ending on line 69
[11:46:50] ERROR: Explicit valence for atom # 17 P, 6, is greater than permitted
[11:46:50] Can't kekulize mol.  Unkekulized atoms: 1 5 10
[11:46:50] ERROR: Could not sanitize molecule ending on line 46
[11:46:50] ERROR: Can't kekulize mol.  Unkekulized atoms: 1 5 10
[11:46:50] Can't kekulize mol.  Unkekulized atoms: 1 3 11 12 14
[11:46:50] ERROR: Could not sanitize molecule ending on line 53
[11:46:50] ERROR: Can't kekulize mol.  Unkekulized atoms: 1 3 11 12 14
[11:46:50] Can't kekulize mol.  Unkekulized atoms: 0 1 8 11
[11:46:50] ERROR: Could not sanitize molecule ending on line 48
[11:46:50] ERROR: Can't kekulize mol.  Unkekulized atoms: 0 1 8 11
[11:46:50] Can't kekulize mol.  Unkekulized atoms: 3 5 8 9 17
[11:46:50] ERROR: Could not sanitize molecule ending on line 49
[11:46:50] ERROR: Can't kekulize mol.  Unkekulized atoms: 3 5 8 9 17
[11:46:50] Explicit valence for atom # 10 O, 3, is greater than permitted
[11:46:50] ERROR: Could not sanitize molecule ending on line 60
[11:46:50] ERROR: Explicit valence for atom # 10 O, 3, is greater than permitted
[11:46:50] Can't kekulize mol.  Unkekulized atoms: 0 4 5 11 18
[11:46:50] ERROR: Could not sanitize molecule ending on line 46
[11:46:50] ERROR: Can't kekulize mol.  Unkekulized atoms: 0 4 5 11 18
[11:46:50] Can't kekulize mol.  Unkekulized atoms: 0 3 7 10 12
[11:46:50] ERROR: Could not sanitize molecule ending on line 44
[11:46:50] ERROR: Can't kekulize mol.  Unkekulized atoms: 0 3 7 10 12
[11:46:50] Explicit valence for atom # 20 N, 4, is greater than permitted
[11:46:50] ERROR: Could not sanitize molecule ending on line 65
[11:46:50] ERROR: Explicit valence for atom # 20 N, 4, is greater than permitted
[11:46:50] Can't kekulize mol.  Unkekulized atoms: 1 2 3 5 6 18 20 22 23
[11:46:50] ERROR: Could not sanitize molecule ending on line 65
[11:46:50] ERROR: Can't kekulize mol.  Unkekulized atoms: 1 2 3 5 6 18 20 22 23
[11:46:50] Can't kekulize mol.  Unkekulized atoms: 3 13 33
[11:46:50] ERROR: Could not sanitize molecule ending on line 83
[11:46:50] ERROR: Can't kekulize mol.  Unkekulized atoms: 3 13 33
[11:46:50] Can't kekulize mol.  Unkekulized atoms: 0 2 4 5 8 9 11 21 24
[11:46:50] ERROR: Could not sanitize molecule ending on line 73
[11:46:50] ERROR: Can't kekulize mol.  Unkekulized atoms: 0 2 4 5 8 9 11 21 24
[11:46:50] Can't kekulize mol.  Unkekulized atoms: 3 4 9 13 17 18 19 25 27 30 32
[11:46:50] ERROR: Could not sanitize molecule ending on line 81
[11:46:50] ERROR: Can't kekulize mol.  Unkekulized atoms: 3 4 9 13 17 18 19 25 27 30 32
[11:46:50] Can't kekulize mol.  Unkekulized atoms: 0 7 8 18 19 22 24
[11:46:50] ERROR: Could not sanitize molecule ending on line 70
[11:46:50] ERROR: Can't kekulize mol.  Unkekulized atoms: 0 7 8 18 19 22 24
[11:46:50] Can't kekulize mol.  Unkekulized atoms: 10 14 15 26 30
[11:46:50] ERROR: Could not sanitize molecule ending on line 83
[11:46:50] ERROR: Can't kekulize mol.  Unkekulized atoms: 10 14 15 26 30
[11:46:50] Can't kekulize mol.  Unkekulized atoms: 0 5 6 15 17
[11:46:50] ERROR: Could not sanitize molecule ending on line 42
[11:46:50] ERROR: Can't kekulize mol.  Unkekulized atoms: 0 5 6 15 17
[11:46:50] Can't kekulize mol.  Unkekulized atoms: 2 4 7 8 9 10 19
[11:46:50] ERROR: Could not sanitize molecule ending on line 48
[11:46:50] ERROR: Can't kekulize mol.  Unkekulized atoms: 2 4 7 8 9 10 19
[11:46:50] Can't kekulize mol.  Unkekulized atoms: 1 5 13 15 16
[11:46:50] ERROR: Could not sanitize molecule ending on line 40
[11:46:50] ERROR: Can't kekulize mol.  Unkekulized atoms: 1 5 13 15 16
[11:46:50] Explicit valence for atom # 10 C, 6, is greater than permitted
[11:46:50] ERROR: Could not sanitize molecule ending on line 52
[11:46:50] ERROR: Explicit valence for atom # 10 C, 6, is greater than permitted
[11:46:50] Explicit valence for atom # 12 O, 3, is greater than permitted
[11:46:50] ERROR: Could not sanitize molecule ending on line 34
[11:46:50] ERROR: Explicit valence for atom # 12 O, 3, is greater than permitted
[11:46:50] Explicit valence for atom # 5 O, 3, is greater than permitted
[11:46:50] ERROR: Could not sanitize molecule ending on line 81
[11:46:50] ERROR: Explicit valence for atom # 5 O, 3, is greater than permitted
[11:46:50] Can't kekulize mol.  Unkekulized atoms: 9 10 12 13 15 17 18 19 22 24 25
[11:46:50] ERROR: Could not sanitize molecule ending on line 61
[11:46:50] ERROR: Can't kekulize mol.  Unkekulized atoms: 9 10 12 13 15 17 18 19 22 24 25
[11:46:50] Can't kekulize mol.  Unkekulized atoms: 1 4 5 7 8 9 11 12 13 15 16 17 18 20 22 23 25 26 28 30 31 32 33 36 38
[11:46:50] ERROR: Could not sanitize molecule ending on line 89
[11:46:50] ERROR: Can't kekulize mol.  Unkekulized atoms: 1 4 5 7 8 9 11 12 13 15 16 17 18 20 22 23 25 26 28 30 31 32 33 36 38
[11:46:50] Explicit valence for atom # 19 C, 6, is greater than permitted
[11:46:50] ERROR: Could not sanitize molecule ending on line 61
[11:46:50] ERROR: Explicit valence for atom # 19 C, 6, is greater than permitted
[11:46:50] Explicit valence for atom # 15 N, 4, is greater than permitted
[11:46:50] ERROR: Could not sanitize molecule ending on line 65
[11:46:50] ERROR: Explicit valence for atom # 15 N, 4, is greater than permitted
[11:46:50] Explicit valence for atom # 20 C, 5, is greater than permitted
[11:46:50] ERROR: Could not sanitize molecule ending on line 63
[11:46:50] ERROR: Explicit valence for atom # 20 C, 5, is greater than permitted
[11:46:50] Can't kekulize mol.  Unkekulized atoms: 0 5 8 12 13 14 17 22 23
[11:46:50] ERROR: Could not sanitize molecule ending on line 57
[11:46:50] ERROR: Can't kekulize mol.  Unkekulized atoms: 0 5 8 12 13 14 17 22 23
[11:46:50] Can't kekulize mol.  Unkekulized atoms: 1 3 4 5 7 8 10 11 12 18 20 21 23 24 25
[11:46:50] ERROR: Could not sanitize molecule ending on line 60
[11:46:50] ERROR: Can't kekulize mol.  Unkekulized atoms: 1 3 4 5 7 8 10 11 12 18 20 21 23 24 25
[11:46:50] Explicit valence for atom # 18 O, 3, is greater than permitted
[11:46:50] ERROR: Could not sanitize molecule ending on line 58
[11:46:50] ERROR: Explicit valence for atom # 18 O, 3, is greater than permitted
[11:46:50] Explicit valence for atom # 18 C, 5, is greater than permitted
[11:46:50] ERROR: Could not sanitize molecule ending on line 64
[11:46:50] ERROR: Explicit valence for atom # 18 C, 5, is greater than permitted
[11:46:50] Can't kekulize mol.  Unkekulized atoms: 0 5 6 10 13 16 17 18 19 21 22
[11:46:50] ERROR: Could not sanitize molecule ending on line 61
[11:46:50] ERROR: Can't kekulize mol.  Unkekulized atoms: 0 5 6 10 13 16 17 18 19 21 22
[11:46:50] Can't kekulize mol.  Unkekulized atoms: 1 2 4 7 11 15 16 18 19 21 22 23 24
[11:46:50] ERROR: Could not sanitize molecule ending on line 57
[11:46:50] ERROR: Can't kekulize mol.  Unkekulized atoms: 1 2 4 7 11 15 16 18 19 21 22 23 24
[11:46:50] Can't kekulize mol.  Unkekulized atoms: 1 2 4 8 10 13 14 17 20
[11:46:50] ERROR: Could not sanitize molecule ending on line 52
[11:46:50] ERROR: Can't kekulize mol.  Unkekulized atoms: 1 2 4 8 10 13 14 17 20
[11:46:50] Explicit valence for atom # 7 O, 3, is greater than permitted
[11:46:50] ERROR: Could not sanitize molecule ending on line 98
[11:46:50] ERROR: Explicit valence for atom # 7 O, 3, is greater than permitted
[11:46:50] Can't kekulize mol.  Unkekulized atoms: 3 4 6 9 13 23 24 28 30
[11:46:50] ERROR: Could not sanitize molecule ending on line 74
[11:46:50] ERROR: Can't kekulize mol.  Unkekulized atoms: 3 4 6 9 13 23 24 28 30
[11:46:50] Explicit valence for atom # 32 O, 3, is greater than permitted
[11:46:50] ERROR: Could not sanitize molecule ending on line 97
[11:46:50] ERROR: Explicit valence for atom # 32 O, 3, is greater than permitted
[11:46:50] Can't kekulize mol.  Unkekulized atoms: 15 16 21
[11:46:50] ERROR: Could not sanitize molecule ending on line 60
[11:46:50] ERROR: Can't kekulize mol.  Unkekulized atoms: 15 16 21
[11:46:50] Can't kekulize mol.  Unkekulized atoms: 2 14 16 25 26
[11:46:50] ERROR: Could not sanitize molecule ending on line 71
[11:46:50] ERROR: Can't kekulize mol.  Unkekulized atoms: 2 14 16 25 26
[11:46:50] Can't kekulize mol.  Unkekulized atoms: 0 3 4 7 11 14 19
[11:46:50] ERROR: Could not sanitize molecule ending on line 54
[11:46:50] ERROR: Can't kekulize mol.  Unkekulized atoms: 0 3 4 7 11 14 19
[11:46:50] Can't kekulize mol.  Unkekulized atoms: 4 9 10 14 15 20 25 26 31
[11:46:50] ERROR: Could not sanitize molecule ending on line 80
[11:46:50] ERROR: Can't kekulize mol.  Unkekulized atoms: 4 9 10 14 15 20 25 26 31
[11:46:50] Explicit valence for atom # 31 C, 5, is greater than permitted
[11:46:50] ERROR: Could not sanitize molecule ending on line 74
[11:46:50] ERROR: Explicit valence for atom # 31 C, 5, is greater than permitted
[11:46:50] Explicit valence for atom # 1 Cl, 2, is greater than permitted
[11:46:50] ERROR: Could not sanitize molecule ending on line 52
[11:46:50] ERROR: Explicit valence for atom # 1 Cl, 2, is greater than permitted
[11:46:50] Can't kekulize mol.  Unkekulized atoms: 2 17 18
[11:46:50] ERROR: Could not sanitize molecule ending on line 51
[11:46:50] ERROR: Can't kekulize mol.  Unkekulized atoms: 2 17 18
[11:46:50] Can't kekulize mol.  Unkekulized atoms: 5 16 29
[11:46:50] ERROR: Could not sanitize molecule ending on line 70
[11:46:50] ERROR: Can't kekulize mol.  Unkekulized atoms: 5 16 29
[11:46:50] Explicit valence for atom # 5 C, 5, is greater than permitted
[11:46:50] ERROR: Could not sanitize molecule ending on line 47
[11:46:50] ERROR: Explicit valence for atom # 5 C, 5, is greater than permitted
[11:46:50] Can't kekulize mol.  Unkekulized atoms: 1 5 6 10 11 12 14 15 16 17 18 19 20 21 22 23 25 26 27
[11:46:50] ERROR: Could not sanitize molecule ending on line 68
[11:46:50] ERROR: Can't kekulize mol.  Unkekulized atoms: 1 5 6 10 11 12 14 15 16 17 18 19 20 21 22 23 25 26 27
[11:46:50] Can't kekulize mol.  Unkekulized atoms: 3 4 5 6 7 9 10 12 13 14 15 16 17
[11:46:50] ERROR: Could not sanitize molecule ending on line 43
[11:46:50] ERROR: Can't kekulize mol.  Unkekulized atoms: 3 4 5 6 7 9 10 12 13 14 15 16 17
[11:46:50] Can't kekulize mol.  Unkekulized atoms: 3 8 12 13 21 22 36
[11:46:50] ERROR: Could not sanitize molecule ending on line 91
[11:46:50] ERROR: Can't kekulize mol.  Unkekulized atoms: 3 8 12 13 21 22 36
[11:46:50] Can't kekulize mol.  Unkekulized atoms: 0 2 4 5 6 7 9 10 11 12 13 15 16 17 18
[11:46:50] ERROR: Could not sanitize molecule ending on line 46
[11:46:50] ERROR: Can't kekulize mol.  Unkekulized atoms: 0 2 4 5 6 7 9 10 11 12 13 15 16 17 18
[11:46:50] Can't kekulize mol.  Unkekulized atoms: 1 4 14 16 21
[11:46:50] ERROR: Could not sanitize molecule ending on line 57
[11:46:50] ERROR: Can't kekulize mol.  Unkekulized atoms: 1 4 14 16 21
[11:46:50] Explicit valence for atom # 2 C, 6, is greater than permitted
[11:46:50] ERROR: Could not sanitize molecule ending on line 53
[11:46:50] ERROR: Explicit valence for atom # 2 C, 6, is greater than permitted
[11:46:50] Explicit valence for atom # 1 O, 3, is greater than permitted
[11:46:50] ERROR: Could not sanitize molecule ending on line 58
[11:46:50] ERROR: Explicit valence for atom # 1 O, 3, is greater than permitted
[11:46:50] Explicit valence for atom # 3 O, 3, is greater than permitted
[11:46:50] ERROR: Could not sanitize molecule ending on line 68
[11:46:50] ERROR: Explicit valence for atom # 3 O, 3, is greater than permitted
[11:46:50] Explicit valence for atom # 1 O, 3, is greater than permitted
[11:46:50] ERROR: Could not sanitize molecule ending on line 59
[11:46:50] ERROR: Explicit valence for atom # 1 O, 3, is greater than permitted
[11:46:50] Can't kekulize mol.  Unkekulized atoms: 9 12 15 18 23
[11:46:50] ERROR: Could not sanitize molecule ending on line 58
[11:46:50] ERROR: Can't kekulize mol.  Unkekulized atoms: 9 12 15 18 23
[11:46:50] Explicit valence for atom # 25 O, 3, is greater than permitted
[11:46:50] ERROR: Could not sanitize molecule ending on line 72
[11:46:50] ERROR: Explicit valence for atom # 25 O, 3, is greater than permitted
[11:46:50] Explicit valence for atom # 1 O, 3, is greater than permitted
[11:46:50] ERROR: Could not sanitize molecule ending on line 67
[11:46:50] ERROR: Explicit valence for atom # 1 O, 3, is greater than permitted
[11:46:50] Explicit valence for atom # 1 C, 6, is greater than permitted
[11:46:50] ERROR: Could not sanitize molecule ending on line 76
[11:46:50] ERROR: Explicit valence for atom # 1 C, 6, is greater than permitted
[11:46:50] Explicit valence for atom # 13 O, 3, is greater than permitted
[11:46:50] ERROR: Could not sanitize molecule ending on line 73
[11:46:50] ERROR: Explicit valence for atom # 13 O, 3, is greater than permitted
[11:46:50] Can't kekulize mol.  Unkekulized atoms: 3 8 10 11 24 28 29
[11:46:50] ERROR: Could not sanitize molecule ending on line 79
[11:46:50] ERROR: Can't kekulize mol.  Unkekulized atoms: 3 8 10 11 24 28 29
[11:46:50] Can't kekulize mol.  Unkekulized atoms: 14 18 22 24 25 32 35 38 47
[11:46:50] ERROR: Could not sanitize molecule ending on line 107
[11:46:50] ERROR: Can't kekulize mol.  Unkekulized atoms: 14 18 22 24 25 32 35 38 47
[11:46:50] Explicit valence for atom # 5 P, 6, is greater than permitted
[11:46:50] ERROR: Could not sanitize molecule ending on line 59
[11:46:50] ERROR: Explicit valence for atom # 5 P, 6, is greater than permitted
[11:46:50] Can't kekulize mol.  Unkekulized atoms: 2 7 13 15 17 23 25
[11:46:50] ERROR: Could not sanitize molecule ending on line 60
[11:46:50] ERROR: Can't kekulize mol.  Unkekulized atoms: 2 7 13 15 17 23 25
[11:46:50] Explicit valence for atom # 16 O, 3, is greater than permitted
[11:46:50] ERROR: Could not sanitize molecule ending on line 60
[11:46:50] ERROR: Explicit valence for atom # 16 O, 3, is greater than permitted
[11:46:50] Can't kekulize mol.  Unkekulized atoms: 0 3 4 5 11 12 26
[11:46:50] ERROR: Could not sanitize molecule ending on line 62
[11:46:50] ERROR: Can't kekulize mol.  Unkekulized atoms: 0 3 4 5 11 12 26
[11:46:50] Can't kekulize mol.  Unkekulized atoms: 0 7 12 15 23 30 32
[11:46:50] ERROR: Could not sanitize molecule ending on line 84
[11:46:50] ERROR: Can't kekulize mol.  Unkekulized atoms: 0 7 12 15 23 30 32
[11:46:50] Can't kekulize mol.  Unkekulized atoms: 10 18 23
[11:46:50] ERROR: Could not sanitize molecule ending on line 57
[11:46:50] ERROR: Can't kekulize mol.  Unkekulized atoms: 10 18 23
[11:46:50] Explicit valence for atom # 10 O, 3, is greater than permitted
[11:46:50] ERROR: Could not sanitize molecule ending on line 60
[11:46:50] ERROR: Explicit valence for atom # 10 O, 3, is greater than permitted
[11:46:50] Can't kekulize mol.  Unkekulized atoms: 2 13 21
[11:46:50] ERROR: Could not sanitize molecule ending on line 53
[11:46:50] ERROR: Can't kekulize mol.  Unkekulized atoms: 2 13 21
[11:46:50] Can't kekulize mol.  Unkekulized atoms: 2 3 6 11 13 18 19 24 25
[11:46:50] ERROR: Could not sanitize molecule ending on line 60
[11:46:50] ERROR: Can't kekulize mol.  Unkekulized atoms: 2 3 6 11 13 18 19 24 25
[11:46:50] Can't kekulize mol.  Unkekulized atoms: 0 9 16 18 20 21 22 24 26
[11:46:50] ERROR: Could not sanitize molecule ending on line 64
[11:46:50] ERROR: Can't kekulize mol.  Unkekulized atoms: 0 9 16 18 20 21 22 24 26
[11:46:50] Can't kekulize mol.  Unkekulized atoms: 0 14 22
[11:46:50] ERROR: Could not sanitize molecule ending on line 98
[11:46:50] ERROR: Can't kekulize mol.  Unkekulized atoms: 0 14 22
[11:46:50] Can't kekulize mol.  Unkekulized atoms: 1 2 4 5 7 9 10 14 18 19 20
[11:46:50] ERROR: Could not sanitize molecule ending on line 52
[11:46:50] ERROR: Can't kekulize mol.  Unkekulized atoms: 1 2 4 5 7 9 10 14 18 19 20
[11:46:50] Can't kekulize mol.  Unkekulized atoms: 5 6 7 8 10 11 13 14 16 17
[11:46:50] ERROR: Could not sanitize molecule ending on line 43
[11:46:50] ERROR: Can't kekulize mol.  Unkekulized atoms: 5 6 7 8 10 11 13 14 16 17
[11:46:50] Can't kekulize mol.  Unkekulized atoms: 2 5 6 8 17 20 23
[11:46:50] ERROR: Could not sanitize molecule ending on line 63
[11:46:50] ERROR: Can't kekulize mol.  Unkekulized atoms: 2 5 6 8 17 20 23
[11:46:50] Can't kekulize mol.  Unkekulized atoms: 1 2 5 6 7 9 10 13 14 16 17
[11:46:50] ERROR: Could not sanitize molecule ending on line 46
[11:46:50] ERROR: Can't kekulize mol.  Unkekulized atoms: 1 2 5 6 7 9 10 13 14 16 17
[11:46:50] Can't kekulize mol.  Unkekulized atoms: 0 1 12 14 15 16 18 19 21 22 23 28 30
[11:46:50] ERROR: Could not sanitize molecule ending on line 73
[11:46:50] ERROR: Can't kekulize mol.  Unkekulized atoms: 0 1 12 14 15 16 18 19 21 22 23 28 30
[11:46:50] Can't kekulize mol.  Unkekulized atoms: 0 4 6 8 9 11 12 13 14 15 16
[11:46:50] ERROR: Could not sanitize molecule ending on line 46
[11:46:50] ERROR: Can't kekulize mol.  Unkekulized atoms: 0 4 6 8 9 11 12 13 14 15 16
[11:46:50] Can't kekulize mol.  Unkekulized atoms: 4 6 7 10 19
[11:46:50] ERROR: Could not sanitize molecule ending on line 53
[11:46:50] ERROR: Can't kekulize mol.  Unkekulized atoms: 4 6 7 10 19
[11:46:50] Can't kekulize mol.  Unkekulized atoms: 4 8 9 10 12 13 15 21 22 25 26
[11:46:50] ERROR: Could not sanitize molecule ending on line 64
[11:46:50] ERROR: Can't kekulize mol.  Unkekulized atoms: 4 8 9 10 12 13 15 21 22 25 26
[11:46:50] Explicit valence for atom # 0 C, 5, is greater than permitted
[11:46:50] ERROR: Could not sanitize molecule ending on line 62
[11:46:50] ERROR: Explicit valence for atom # 0 C, 5, is greater than permitted
[11:46:50] Can't kekulize mol.  Unkekulized atoms: 3 14 17 18 20 22
[11:46:50] ERROR: Could not sanitize molecule ending on line 54
[11:46:50] ERROR: Can't kekulize mol.  Unkekulized atoms: 3 14 17 18 20 22
[11:46:50] Can't kekulize mol.  Unkekulized atoms: 3 14 16 18 20
[11:46:50] ERROR: Could not sanitize molecule ending on line 53
[11:46:50] ERROR: Can't kekulize mol.  Unkekulized atoms: 3 14 16 18 20
[11:46:50] Can't kekulize mol.  Unkekulized atoms: 1 6 10 12 16 17 19
[11:46:50] ERROR: Could not sanitize molecule ending on line 51
[11:46:50] ERROR: Can't kekulize mol.  Unkekulized atoms: 1 6 10 12 16 17 19
[11:46:50] Explicit valence for atom # 30 C, 5, is greater than permitted
[11:46:50] ERROR: Could not sanitize molecule ending on line 84
[11:46:50] ERROR: Explicit valence for atom # 30 C, 5, is greater than permitted
[11:46:50] Can't kekulize mol.  Unkekulized atoms: 1 2 4 12 13
[11:46:50] ERROR: Could not sanitize molecule ending on line 44
[11:46:50] ERROR: Can't kekulize mol.  Unkekulized atoms: 1 2 4 12 13
[11:46:50] Can't kekulize mol.  Unkekulized atoms: 0 3 4 5 9
[11:46:50] ERROR: Could not sanitize molecule ending on line 34
[11:46:50] ERROR: Can't kekulize mol.  Unkekulized atoms: 0 3 4 5 9
[11:46:50] Can't kekulize mol.  Unkekulized atoms: 2 7 10
[11:46:50] ERROR: Could not sanitize molecule ending on line 32
[11:46:50] ERROR: Can't kekulize mol.  Unkekulized atoms: 2 7 10
[11:46:50] Can't kekulize mol.  Unkekulized atoms: 2 4 7
[11:46:50] ERROR: Could not sanitize molecule ending on line 32
[11:46:50] ERROR: Can't kekulize mol.  Unkekulized atoms: 2 4 7
[11:46:50] Can't kekulize mol.  Unkekulized atoms: 1 2 7 9 11
[11:46:50] ERROR: Could not sanitize molecule ending on line 29
[11:46:50] ERROR: Can't kekulize mol.  Unkekulized atoms: 1 2 7 9 11
[11:46:50] Can't kekulize mol.  Unkekulized atoms: 2 6 8
[11:46:50] ERROR: Could not sanitize molecule ending on line 32
[11:46:50] ERROR: Can't kekulize mol.  Unkekulized atoms: 2 6 8
[11:46:50] Can't kekulize mol.  Unkekulized atoms: 1 2 3 8 11
[11:46:50] ERROR: Could not sanitize molecule ending on line 34
[11:46:50] ERROR: Can't kekulize mol.  Unkekulized atoms: 1 2 3 8 11
[11:46:50] Can't kekulize mol.  Unkekulized atoms: 0 2 6
[11:46:50] ERROR: Could not sanitize molecule ending on line 32
[11:46:50] ERROR: Can't kekulize mol.  Unkekulized atoms: 0 2 6
[11:46:50] Can't kekulize mol.  Unkekulized atoms: 0 3 6 8 10
[11:46:50] ERROR: Could not sanitize molecule ending on line 31
[11:46:50] ERROR: Can't kekulize mol.  Unkekulized atoms: 0 3 6 8 10
[11:46:50] Can't kekulize mol.  Unkekulized atoms: 0 4 11
[11:46:50] ERROR: Could not sanitize molecule ending on line 32
[11:46:50] ERROR: Can't kekulize mol.  Unkekulized atoms: 0 4 11
[11:46:50] Can't kekulize mol.  Unkekulized atoms: 0 4 5
[11:46:50] ERROR: Could not sanitize molecule ending on line 29
[11:46:50] ERROR: Can't kekulize mol.  Unkekulized atoms: 0 4 5
[11:46:50] Can't kekulize mol.  Unkekulized atoms: 3 5 6 7 12
[11:46:50] ERROR: Could not sanitize molecule ending on line 32
[11:46:50] ERROR: Can't kekulize mol.  Unkekulized atoms: 3 5 6 7 12
[11:46:50] Can't kekulize mol.  Unkekulized atoms: 2 3 7
[11:46:50] ERROR: Could not sanitize molecule ending on line 32
[11:46:50] ERROR: Can't kekulize mol.  Unkekulized atoms: 2 3 7
[11:46:50] Explicit valence for atom # 5 C, 5, is greater than permitted
[11:46:50] ERROR: Could not sanitize molecule ending on line 52
[11:46:50] ERROR: Explicit valence for atom # 5 C, 5, is greater than permitted
[11:46:50] Can't kekulize mol.  Unkekulized atoms: 3 7 12 16 17
[11:46:50] ERROR: Could not sanitize molecule ending on line 45
[11:46:50] ERROR: Can't kekulize mol.  Unkekulized atoms: 3 7 12 16 17
[11:46:50] Can't kekulize mol.  Unkekulized atoms: 0 1 9 17 18
[11:46:50] ERROR: Could not sanitize molecule ending on line 44
[11:46:50] ERROR: Can't kekulize mol.  Unkekulized atoms: 0 1 9 17 18
[11:46:50] Can't kekulize mol.  Unkekulized atoms: 6 7 9
[11:46:50] ERROR: Could not sanitize molecule ending on line 30
[11:46:50] ERROR: Can't kekulize mol.  Unkekulized atoms: 6 7 9
[11:46:50] Can't kekulize mol.  Unkekulized atoms: 0 1 2 4 6 9 10
[11:46:50] ERROR: Could not sanitize molecule ending on line 30
[11:46:50] ERROR: Can't kekulize mol.  Unkekulized atoms: 0 1 2 4 6 9 10
[11:46:50] Can't kekulize mol.  Unkekulized atoms: 1 15 16 17 20
[11:46:50] ERROR: Could not sanitize molecule ending on line 61
[11:46:50] ERROR: Can't kekulize mol.  Unkekulized atoms: 1 15 16 17 20
[11:46:50] Can't kekulize mol.  Unkekulized atoms: 5 6 8 9 15 16 17 18 20 22 23
[11:46:50] ERROR: Could not sanitize molecule ending on line 64
[11:46:50] ERROR: Can't kekulize mol.  Unkekulized atoms: 5 6 8 9 15 16 17 18 20 22 23
[11:46:50] Explicit valence for atom # 3 N, 6, is greater than permitted
[11:46:50] ERROR: Could not sanitize molecule ending on line 79
[11:46:50] ERROR: Explicit valence for atom # 3 N, 6, is greater than permitted
[11:46:50] Can't kekulize mol.  Unkekulized atoms: 0 1 6 8 9 10 12 14 27 28 29
[11:46:50] ERROR: Could not sanitize molecule ending on line 75
[11:46:50] ERROR: Can't kekulize mol.  Unkekulized atoms: 0 1 6 8 9 10 12 14 27 28 29
[11:46:50] Can't kekulize mol.  Unkekulized atoms: 7 15 17
[11:46:50] ERROR: Could not sanitize molecule ending on line 80
[11:46:50] ERROR: Can't kekulize mol.  Unkekulized atoms: 7 15 17
[11:46:50] Can't kekulize mol.  Unkekulized atoms: 4 10 12 16 18 21 22 24 33
[11:46:50] ERROR: Could not sanitize molecule ending on line 82
[11:46:50] ERROR: Can't kekulize mol.  Unkekulized atoms: 4 10 12 16 18 21 22 24 33
[11:46:50] Explicit valence for atom # 25 Cl, 2, is greater than permitted
[11:46:50] ERROR: Could not sanitize molecule ending on line 62
[11:46:50] ERROR: Explicit valence for atom # 25 Cl, 2, is greater than permitted
[11:46:50] Explicit valence for atom # 11 Cl, 2, is greater than permitted
[11:46:50] ERROR: Could not sanitize molecule ending on line 68
[11:46:50] ERROR: Explicit valence for atom # 11 Cl, 2, is greater than permitted
[11:46:50] Explicit valence for atom # 21 C, 5, is greater than permitted
[11:46:50] ERROR: Could not sanitize molecule ending on line 95
[11:46:50] ERROR: Explicit valence for atom # 21 C, 5, is greater than permitted
[11:46:50] Explicit valence for atom # 17 N, 4, is greater than permitted
[11:46:50] ERROR: Could not sanitize molecule ending on line 60
[11:46:50] ERROR: Explicit valence for atom # 17 N, 4, is greater than permitted
[11:46:50] Can't kekulize mol.  Unkekulized atoms: 0 6 7 14 17
[11:46:50] ERROR: Could not sanitize molecule ending on line 52
[11:46:50] ERROR: Can't kekulize mol.  Unkekulized atoms: 0 6 7 14 17
[11:46:50] Can't kekulize mol.  Unkekulized atoms: 1 2 13 14 15
[11:46:50] ERROR: Could not sanitize molecule ending on line 41
[11:46:50] ERROR: Can't kekulize mol.  Unkekulized atoms: 1 2 13 14 15
[11:46:50] Can't kekulize mol.  Unkekulized atoms: 3 4 7 8 10
[11:46:50] ERROR: Could not sanitize molecule ending on line 33
[11:46:50] ERROR: Can't kekulize mol.  Unkekulized atoms: 3 4 7 8 10
[11:46:50] Can't kekulize mol.  Unkekulized atoms: 3 4 5 10 16
[11:46:50] ERROR: Could not sanitize molecule ending on line 47
[11:46:50] ERROR: Can't kekulize mol.  Unkekulized atoms: 3 4 5 10 16
[11:46:51] Explicit valence for atom # 0 O, 3, is greater than permitted
[11:46:51] ERROR: Could not sanitize molecule ending on line 53
[11:46:51] ERROR: Explicit valence for atom # 0 O, 3, is greater than permitted
[11:46:51] Can't kekulize mol.  Unkekulized atoms: 0 1 12 13 16 18 21
[11:46:51] ERROR: Could not sanitize molecule ending on line 61
[11:46:51] ERROR: Can't kekulize mol.  Unkekulized atoms: 0 1 12 13 16 18 21
[11:46:51] Explicit valence for atom # 19 O, 3, is greater than permitted
[11:46:51] ERROR: Could not sanitize molecule ending on line 70
[11:46:51] ERROR: Explicit valence for atom # 19 O, 3, is greater than permitted
[11:46:51] Explicit valence for atom # 10 C, 6, is greater than permitted
[11:46:51] ERROR: Could not sanitize molecule ending on line 62
[11:46:51] ERROR: Explicit valence for atom # 10 C, 6, is greater than permitted
[11:46:51] Explicit valence for atom # 4 O, 4, is greater than permitted
[11:46:51] ERROR: Could not sanitize molecule ending on line 56
[11:46:51] ERROR: Explicit valence for atom # 4 O, 4, is greater than permitted
[11:46:51] Explicit valence for atom # 14 O, 3, is greater than permitted
[11:46:51] ERROR: Could not sanitize molecule ending on line 63
[11:46:51] ERROR: Explicit valence for atom # 14 O, 3, is greater than permitted
[11:46:51] Can't kekulize mol.  Unkekulized atoms: 0 1 5 6 10
[11:46:51] ERROR: Could not sanitize molecule ending on line 34
[11:46:51] ERROR: Can't kekulize mol.  Unkekulized atoms: 0 1 5 6 10
[11:46:51] Explicit valence for atom # 14 O, 3, is greater than permitted
[11:46:51] ERROR: Could not sanitize molecule ending on line 37
[11:46:51] ERROR: Explicit valence for atom # 14 O, 3, is greater than permitted
[11:46:51] Can't kekulize mol.  Unkekulized atoms: 1 6 11 12 14 15 16
[11:46:51] ERROR: Could not sanitize molecule ending on line 40
[11:46:51] ERROR: Can't kekulize mol.  Unkekulized atoms: 1 6 11 12 14 15 16
[11:46:51] Explicit valence for atom # 4 N, 4, is greater than permitted
[11:46:51] ERROR: Could not sanitize molecule ending on line 36
[11:46:51] ERROR: Explicit valence for atom # 4 N, 4, is greater than permitted
[11:46:51] Explicit valence for atom # 7 C, 5, is greater than permitted
[11:46:51] ERROR: Could not sanitize molecule ending on line 63
[11:46:51] ERROR: Explicit valence for atom # 7 C, 5, is greater than permitted
[11:46:51] Can't kekulize mol.  Unkekulized atoms: 6 11 13
[11:46:51] ERROR: Could not sanitize molecule ending on line 40
[11:46:51] ERROR: Can't kekulize mol.  Unkekulized atoms: 6 11 13
[11:46:51] Explicit valence for atom # 5 N, 4, is greater than permitted
[11:46:51] ERROR: Could not sanitize molecule ending on line 34
[11:46:51] ERROR: Explicit valence for atom # 5 N, 4, is greater than permitted
[11:46:51] Explicit valence for atom # 13 C, 5, is greater than permitted
[11:46:51] ERROR: Could not sanitize molecule ending on line 51
[11:46:51] ERROR: Explicit valence for atom # 13 C, 5, is greater than permitted
[11:46:51] Can't kekulize mol.  Unkekulized atoms: 0 4 5 6 8
[11:46:51] ERROR: Could not sanitize molecule ending on line 38
[11:46:51] ERROR: Can't kekulize mol.  Unkekulized atoms: 0 4 5 6 8
[11:46:51] Explicit valence for atom # 4 C, 5, is greater than permitted
[11:46:51] ERROR: Could not sanitize molecule ending on line 48
[11:46:51] ERROR: Explicit valence for atom # 4 C, 5, is greater than permitted
[11:46:51] Explicit valence for atom # 17 O, 3, is greater than permitted
[11:46:51] ERROR: Could not sanitize molecule ending on line 54
[11:46:51] ERROR: Explicit valence for atom # 17 O, 3, is greater than permitted
[11:46:51] Explicit valence for atom # 11 O, 3, is greater than permitted
[11:46:51] ERROR: Could not sanitize molecule ending on line 61
[11:46:51] ERROR: Explicit valence for atom # 11 O, 3, is greater than permitted
[11:46:51] Explicit valence for atom # 15 C, 5, is greater than permitted
[11:46:51] ERROR: Could not sanitize molecule ending on line 49
[11:46:51] ERROR: Explicit valence for atom # 15 C, 5, is greater than permitted
[11:46:51] Can't kekulize mol.  Unkekulized atoms: 5 9 16
[11:46:51] ERROR: Could not sanitize molecule ending on line 44
[11:46:51] ERROR: Can't kekulize mol.  Unkekulized atoms: 5 9 16
[11:46:51] Can't kekulize mol.  Unkekulized atoms: 4 11 12 15 20
[11:46:51] ERROR: Could not sanitize molecule ending on line 50
[11:46:51] ERROR: Can't kekulize mol.  Unkekulized atoms: 4 11 12 15 20
[11:46:51] Can't kekulize mol.  Unkekulized atoms: 5 10 11 17 18
[11:46:51] ERROR: Could not sanitize molecule ending on line 46
[11:46:51] ERROR: Can't kekulize mol.  Unkekulized atoms: 5 10 11 17 18
[11:46:51] Can't kekulize mol.  Unkekulized atoms: 1 3 7 12 21
[11:46:51] ERROR: Could not sanitize molecule ending on line 58
[11:46:51] ERROR: Can't kekulize mol.  Unkekulized atoms: 1 3 7 12 21
[11:46:51] Can't kekulize mol.  Unkekulized atoms: 2 3 7 11 12 14 15 16 18
[11:46:51] ERROR: Could not sanitize molecule ending on line 45
[11:46:51] ERROR: Can't kekulize mol.  Unkekulized atoms: 2 3 7 11 12 14 15 16 18
[11:46:51] Can't kekulize mol.  Unkekulized atoms: 1 6 11 14 18
[11:46:51] ERROR: Could not sanitize molecule ending on line 52
[11:46:51] ERROR: Can't kekulize mol.  Unkekulized atoms: 1 6 11 14 18
[11:46:51] Explicit valence for atom # 14 Cl, 2, is greater than permitted
[11:46:51] ERROR: Could not sanitize molecule ending on line 50
[11:46:51] ERROR: Explicit valence for atom # 14 Cl, 2, is greater than permitted
[11:46:51] Explicit valence for atom # 5 C, 5, is greater than permitted
[11:46:51] ERROR: Could not sanitize molecule ending on line 59
[11:46:51] ERROR: Explicit valence for atom # 5 C, 5, is greater than permitted
[11:46:51] Can't kekulize mol.  Unkekulized atoms: 0 3 6 13 16 17 25
[11:46:51] ERROR: Could not sanitize molecule ending on line 69
[11:46:51] ERROR: Can't kekulize mol.  Unkekulized atoms: 0 3 6 13 16 17 25
[11:46:51] Explicit valence for atom # 28 O, 3, is greater than permitted
[11:46:51] ERROR: Could not sanitize molecule ending on line 89
[11:46:51] ERROR: Explicit valence for atom # 28 O, 3, is greater than permitted
[11:46:51] Can't kekulize mol.  Unkekulized atoms: 0 12 13 14 15 17 18
[11:46:51] ERROR: Could not sanitize molecule ending on line 56
[11:46:51] ERROR: Can't kekulize mol.  Unkekulized atoms: 0 12 13 14 15 17 18
[11:46:51] Can't kekulize mol.  Unkekulized atoms: 0 1 2 6 18 21 22
[11:46:51] ERROR: Could not sanitize molecule ending on line 63
[11:46:51] ERROR: Can't kekulize mol.  Unkekulized atoms: 0 1 2 6 18 21 22
[11:46:51] Can't kekulize mol.  Unkekulized atoms: 0 1 6 22 28
[11:46:51] ERROR: Could not sanitize molecule ending on line 82
[11:46:51] ERROR: Can't kekulize mol.  Unkekulized atoms: 0 1 6 22 28
[11:46:51] Explicit valence for atom # 11 N, 4, is greater than permitted
[11:46:51] ERROR: Could not sanitize molecule ending on line 77
[11:46:51] ERROR: Explicit valence for atom # 11 N, 4, is greater than permitted
[11:46:51] Explicit valence for atom # 0 Cl, 2, is greater than permitted
[11:46:51] ERROR: Could not sanitize molecule ending on line 32
[11:46:51] ERROR: Explicit valence for atom # 0 Cl, 2, is greater than permitted
[11:46:51] Can't kekulize mol.  Unkekulized atoms: 1 2 8 15 19
[11:46:51] ERROR: Could not sanitize molecule ending on line 53
[11:46:51] ERROR: Can't kekulize mol.  Unkekulized atoms: 1 2 8 15 19
[11:46:51] Can't kekulize mol.  Unkekulized atoms: 0 3 5 8 11
[11:46:51] ERROR: Could not sanitize molecule ending on line 33
[11:46:51] ERROR: Can't kekulize mol.  Unkekulized atoms: 0 3 5 8 11
[11:46:51] Can't kekulize mol.  Unkekulized atoms: 0 1 3 9 16
[11:46:51] ERROR: Could not sanitize molecule ending on line 40
[11:46:51] ERROR: Can't kekulize mol.  Unkekulized atoms: 0 1 3 9 16
[11:46:51] Explicit valence for atom # 1 P, 6, is greater than permitted
[11:46:51] ERROR: Could not sanitize molecule ending on line 57
[11:46:51] ERROR: Explicit valence for atom # 1 P, 6, is greater than permitted
[11:46:51] Explicit valence for atom # 17 C, 6, is greater than permitted
[11:46:51] ERROR: Could not sanitize molecule ending on line 71
[11:46:51] ERROR: Explicit valence for atom # 17 C, 6, is greater than permitted
[11:46:51] Can't kekulize mol.  Unkekulized atoms: 4 21 22
[11:46:51] ERROR: Could not sanitize molecule ending on line 64
[11:46:51] ERROR: Can't kekulize mol.  Unkekulized atoms: 4 21 22
[11:46:51] Can't kekulize mol.  Unkekulized atoms: 1 9 10 13 18 19 20 22 24
[11:46:51] ERROR: Could not sanitize molecule ending on line 64
[11:46:51] ERROR: Can't kekulize mol.  Unkekulized atoms: 1 9 10 13 18 19 20 22 24
[11:46:51] Explicit valence for atom # 14 N, 4, is greater than permitted
[11:46:51] ERROR: Could not sanitize molecule ending on line 47
[11:46:51] ERROR: Explicit valence for atom # 14 N, 4, is greater than permitted
[11:46:51] Can't kekulize mol.  Unkekulized atoms: 7 9 21 23 24
[11:46:51] ERROR: Could not sanitize molecule ending on line 56
[11:46:51] ERROR: Can't kekulize mol.  Unkekulized atoms: 7 9 21 23 24
[11:46:51] Can't kekulize mol.  Unkekulized atoms: 0 5 21 22 23 25 27
[11:46:51] ERROR: Could not sanitize molecule ending on line 62
[11:46:51] ERROR: Can't kekulize mol.  Unkekulized atoms: 0 5 21 22 23 25 27
[11:46:51] Can't kekulize mol.  Unkekulized atoms: 10 12 14 15 19
[11:46:51] ERROR: Could not sanitize molecule ending on line 46
[11:46:51] ERROR: Can't kekulize mol.  Unkekulized atoms: 10 12 14 15 19
[11:46:51] Can't kekulize mol.  Unkekulized atoms: 2 8 9 10 11 12 14
[11:46:51] ERROR: Could not sanitize molecule ending on line 48
[11:46:51] ERROR: Can't kekulize mol.  Unkekulized atoms: 2 8 9 10 11 12 14
[11:46:51] Can't kekulize mol.  Unkekulized atoms: 3 4 12 13 15
[11:46:51] ERROR: Could not sanitize molecule ending on line 45
[11:46:51] ERROR: Can't kekulize mol.  Unkekulized atoms: 3 4 12 13 15
[11:46:51] Can't kekulize mol.  Unkekulized atoms: 2 3 9 12 13 14 18
[11:46:51] ERROR: Could not sanitize molecule ending on line 54
[11:46:51] ERROR: Can't kekulize mol.  Unkekulized atoms: 2 3 9 12 13 14 18
[11:46:51] Explicit valence for atom # 16 P, 6, is greater than permitted
[11:46:51] ERROR: Could not sanitize molecule ending on line 64
[11:46:51] ERROR: Explicit valence for atom # 16 P, 6, is greater than permitted
[11:46:51] Can't kekulize mol.  Unkekulized atoms: 13 15 16 19 21
[11:46:51] ERROR: Could not sanitize molecule ending on line 55
[11:46:51] ERROR: Can't kekulize mol.  Unkekulized atoms: 13 15 16 19 21
[11:46:51] Explicit valence for atom # 2 O, 3, is greater than permitted
[11:46:51] ERROR: Could not sanitize molecule ending on line 54
[11:46:51] ERROR: Explicit valence for atom # 2 O, 3, is greater than permitted
[11:46:51] Can't kekulize mol.  Unkekulized atoms: 3 5 6 7 12
[11:46:51] ERROR: Could not sanitize molecule ending on line 38
[11:46:51] ERROR: Can't kekulize mol.  Unkekulized atoms: 3 5 6 7 12
[11:46:51] Explicit valence for atom # 8 C, 5, is greater than permitted
[11:46:51] ERROR: Could not sanitize molecule ending on line 33
[11:46:51] ERROR: Explicit valence for atom # 8 C, 5, is greater than permitted
[11:46:51] Explicit valence for atom # 8 C, 5, is greater than permitted
[11:46:51] ERROR: Could not sanitize molecule ending on line 32
[11:46:51] ERROR: Explicit valence for atom # 8 C, 5, is greater than permitted
[11:46:51] Can't kekulize mol.  Unkekulized atoms: 5 6 8 9 15
[11:46:51] ERROR: Could not sanitize molecule ending on line 46
[11:46:51] ERROR: Can't kekulize mol.  Unkekulized atoms: 5 6 8 9 15
[11:46:51] Explicit valence for atom # 0 C, 5, is greater than permitted
[11:46:51] ERROR: Could not sanitize molecule ending on line 32
[11:46:51] ERROR: Explicit valence for atom # 0 C, 5, is greater than permitted
[11:46:51] Can't kekulize mol.  Unkekulized atoms: 8 15 16 18 20
[11:46:51] ERROR: Could not sanitize molecule ending on line 49
[11:46:51] ERROR: Can't kekulize mol.  Unkekulized atoms: 8 15 16 18 20
[11:46:51] Explicit valence for atom # 18 C, 5, is greater than permitted
[11:46:51] ERROR: Could not sanitize molecule ending on line 46
[11:46:51] ERROR: Explicit valence for atom # 18 C, 5, is greater than permitted
[11:46:51] Can't kekulize mol.  Unkekulized atoms: 0 8 11 14 15 16 18 19 25
[11:46:51] ERROR: Could not sanitize molecule ending on line 57
[11:46:51] ERROR: Can't kekulize mol.  Unkekulized atoms: 0 8 11 14 15 16 18 19 25
[11:46:51] Explicit valence for atom # 4 P, 6, is greater than permitted
[11:46:51] ERROR: Could not sanitize molecule ending on line 19
[11:46:51] ERROR: Explicit valence for atom # 4 P, 6, is greater than permitted
[11:46:51] Can't kekulize mol.  Unkekulized atoms: 2 3 6 8 10 11 14
[11:46:51] ERROR: Could not sanitize molecule ending on line 34
[11:46:51] ERROR: Can't kekulize mol.  Unkekulized atoms: 2 3 6 8 10 11 14
[11:46:51] Can't kekulize mol.  Unkekulized atoms: 0 1 2 4 9
[11:46:51] ERROR: Could not sanitize molecule ending on line 34
[11:46:51] ERROR: Can't kekulize mol.  Unkekulized atoms: 0 1 2 4 9
[11:46:51] Explicit valence for atom # 10 C, 5, is greater than permitted
[11:46:51] ERROR: Could not sanitize molecule ending on line 46
[11:46:51] ERROR: Explicit valence for atom # 10 C, 5, is greater than permitted
[11:46:51] Can't kekulize mol.  Unkekulized atoms: 5 7 10 13 20
[11:46:51] ERROR: Could not sanitize molecule ending on line 51
[11:46:51] ERROR: Can't kekulize mol.  Unkekulized atoms: 5 7 10 13 20
[11:46:51] Can't kekulize mol.  Unkekulized atoms: 2 4 16 22 23
[11:46:51] ERROR: Could not sanitize molecule ending on line 56
[11:46:51] ERROR: Can't kekulize mol.  Unkekulized atoms: 2 4 16 22 23
[11:46:51] Can't kekulize mol.  Unkekulized atoms: 2 3 8 11 12
[11:46:51] ERROR: Could not sanitize molecule ending on line 37
[11:46:51] ERROR: Can't kekulize mol.  Unkekulized atoms: 2 3 8 11 12
[11:46:51] Can't kekulize mol.  Unkekulized atoms: 2 4 6 10 11
[11:46:51] ERROR: Could not sanitize molecule ending on line 35
[11:46:51] ERROR: Can't kekulize mol.  Unkekulized atoms: 2 4 6 10 11
[11:46:51] Can't kekulize mol.  Unkekulized atoms: 2 6 12
[11:46:51] ERROR: Could not sanitize molecule ending on line 44
[11:46:51] ERROR: Can't kekulize mol.  Unkekulized atoms: 2 6 12
[11:46:51] Explicit valence for atom # 4 O, 3, is greater than permitted
[11:46:51] ERROR: Could not sanitize molecule ending on line 45
[11:46:51] ERROR: Explicit valence for atom # 4 O, 3, is greater than permitted
[11:46:51] Explicit valence for atom # 4 C, 5, is greater than permitted
[11:46:51] ERROR: Could not sanitize molecule ending on line 34
[11:46:51] ERROR: Explicit valence for atom # 4 C, 5, is greater than permitted
[11:46:51] Explicit valence for atom # 26 P, 6, is greater than permitted
[11:46:51] ERROR: Could not sanitize molecule ending on line 77
[11:46:51] ERROR: Explicit valence for atom # 26 P, 6, is greater than permitted
[11:46:51] Can't kekulize mol.  Unkekulized atoms: 0 4 15 19 20
[11:46:51] ERROR: Could not sanitize molecule ending on line 47
[11:46:51] ERROR: Can't kekulize mol.  Unkekulized atoms: 0 4 15 19 20
[11:46:51] Explicit valence for atom # 22 C, 5, is greater than permitted
[11:46:51] ERROR: Could not sanitize molecule ending on line 54
[11:46:51] ERROR: Explicit valence for atom # 22 C, 5, is greater than permitted
[11:46:51] Can't kekulize mol.  Unkekulized atoms: 4 6 7 10 11 13 15
[11:46:51] ERROR: Could not sanitize molecule ending on line 39
[11:46:51] ERROR: Can't kekulize mol.  Unkekulized atoms: 4 6 7 10 11 13 15
[11:46:51] Explicit valence for atom # 1 O, 3, is greater than permitted
[11:46:51] ERROR: Could not sanitize molecule ending on line 28
[11:46:51] ERROR: Explicit valence for atom # 1 O, 3, is greater than permitted
[11:46:51] Explicit valence for atom # 5 O, 3, is greater than permitted
[11:46:51] ERROR: Could not sanitize molecule ending on line 31
[11:46:51] ERROR: Explicit valence for atom # 5 O, 3, is greater than permitted
[11:46:51] Explicit valence for atom # 27 O, 3, is greater than permitted
[11:46:51] ERROR: Could not sanitize molecule ending on line 80
[11:46:51] ERROR: Explicit valence for atom # 27 O, 3, is greater than permitted
[11:46:51] Explicit valence for atom # 19 C, 5, is greater than permitted
[11:46:51] ERROR: Could not sanitize molecule ending on line 61
[11:46:51] ERROR: Explicit valence for atom # 19 C, 5, is greater than permitted
[11:46:51] Can't kekulize mol.  Unkekulized atoms: 1 16 23 25 31
[11:46:51] ERROR: Could not sanitize molecule ending on line 79
[11:46:51] ERROR: Can't kekulize mol.  Unkekulized atoms: 1 16 23 25 31
[11:46:51] Explicit valence for atom # 12 F, 2, is greater than permitted
[11:46:51] ERROR: Could not sanitize molecule ending on line 79
[11:46:51] ERROR: Explicit valence for atom # 12 F, 2, is greater than permitted
[11:46:51] Can't kekulize mol.  Unkekulized atoms: 0 1 3 13 17
[11:46:51] ERROR: Could not sanitize molecule ending on line 59
[11:46:51] ERROR: Can't kekulize mol.  Unkekulized atoms: 0 1 3 13 17
[11:46:51] Explicit valence for atom # 4 N, 4, is greater than permitted
[11:46:51] ERROR: Could not sanitize molecule ending on line 50
[11:46:51] ERROR: Explicit valence for atom # 4 N, 4, is greater than permitted
[11:46:51] Can't kekulize mol.  Unkekulized atoms: 5 11 17 19 23
[11:46:51] ERROR: Could not sanitize molecule ending on line 69
[11:46:51] ERROR: Can't kekulize mol.  Unkekulized atoms: 5 11 17 19 23
[11:46:51] Explicit valence for atom # 0 P, 6, is greater than permitted
[11:46:51] ERROR: Could not sanitize molecule ending on line 60
[11:46:51] ERROR: Explicit valence for atom # 0 P, 6, is greater than permitted
[11:46:51] Can't kekulize mol.  Unkekulized atoms: 3 5 13 17 24
[11:46:51] ERROR: Could not sanitize molecule ending on line 62
[11:46:51] ERROR: Can't kekulize mol.  Unkekulized atoms: 3 5 13 17 24
[11:46:51] Explicit valence for atom # 22 C, 7, is greater than permitted
[11:46:51] ERROR: Could not sanitize molecule ending on line 75
[11:46:51] ERROR: Explicit valence for atom # 22 C, 7, is greater than permitted
[11:46:51] Can't kekulize mol.  Unkekulized atoms: 3 4 5 11 14 16 18
[11:46:51] ERROR: Could not sanitize molecule ending on line 50
[11:46:51] ERROR: Can't kekulize mol.  Unkekulized atoms: 3 4 5 11 14 16 18
[11:46:51] Can't kekulize mol.  Unkekulized atoms: 2 10 11 17 21
[11:46:51] ERROR: Could not sanitize molecule ending on line 56
[11:46:51] ERROR: Can't kekulize mol.  Unkekulized atoms: 2 10 11 17 21
[11:46:51] Can't kekulize mol.  Unkekulized atoms: 2 4 6 8 11 12 14 15 19
[11:46:51] ERROR: Could not sanitize molecule ending on line 49
[11:46:51] ERROR: Can't kekulize mol.  Unkekulized atoms: 2 4 6 8 11 12 14 15 19
[11:46:51] Explicit valence for atom # 1 O, 3, is greater than permitted
[11:46:51] ERROR: Could not sanitize molecule ending on line 44
[11:46:51] ERROR: Explicit valence for atom # 1 O, 3, is greater than permitted
[11:46:51] Can't kekulize mol.  Unkekulized atoms: 9 13 14 15 16
[11:46:51] ERROR: Could not sanitize molecule ending on line 43
[11:46:51] ERROR: Can't kekulize mol.  Unkekulized atoms: 9 13 14 15 16
[11:46:51] Explicit valence for atom # 1 C, 5, is greater than permitted
[11:46:51] ERROR: Could not sanitize molecule ending on line 33
[11:46:51] ERROR: Explicit valence for atom # 1 C, 5, is greater than permitted
[11:46:51] Explicit valence for atom # 2 Cl, 2, is greater than permitted
[11:46:51] ERROR: Could not sanitize molecule ending on line 39
[11:46:51] ERROR: Explicit valence for atom # 2 Cl, 2, is greater than permitted
[11:46:51] Can't kekulize mol.  Unkekulized atoms: 1 4 8 9 16 17 19 21 22 23 24 26 28
[11:46:51] ERROR: Could not sanitize molecule ending on line 66
[11:46:51] ERROR: Can't kekulize mol.  Unkekulized atoms: 1 4 8 9 16 17 19 21 22 23 24 26 28
[11:46:51] Explicit valence for atom # 13 O, 5, is greater than permitted
[11:46:51] ERROR: Could not sanitize molecule ending on line 68
[11:46:51] ERROR: Explicit valence for atom # 13 O, 5, is greater than permitted
[11:46:51] Explicit valence for atom # 15 O, 3, is greater than permitted
[11:46:51] ERROR: Could not sanitize molecule ending on line 43
[11:46:51] ERROR: Explicit valence for atom # 15 O, 3, is greater than permitted
[11:46:51] Can't kekulize mol.  Unkekulized atoms: 2 3 4 6 15
[11:46:51] ERROR: Could not sanitize molecule ending on line 38
[11:46:51] ERROR: Can't kekulize mol.  Unkekulized atoms: 2 3 4 6 15
[11:46:51] Explicit valence for atom # 15 O, 3, is greater than permitted
[11:46:51] ERROR: Could not sanitize molecule ending on line 41
[11:46:51] ERROR: Explicit valence for atom # 15 O, 3, is greater than permitted
[11:46:51] Can't kekulize mol.  Unkekulized atoms: 2 3 4 8 12 13 14
[11:46:51] ERROR: Could not sanitize molecule ending on line 38
[11:46:51] ERROR: Can't kekulize mol.  Unkekulized atoms: 2 3 4 8 12 13 14
[11:46:51] Can't kekulize mol.  Unkekulized atoms: 3 5 6 7 9
[11:46:51] ERROR: Could not sanitize molecule ending on line 33
[11:46:51] ERROR: Can't kekulize mol.  Unkekulized atoms: 3 5 6 7 9
[11:46:51] Explicit valence for atom # 13 O, 3, is greater than permitted
[11:46:51] ERROR: Could not sanitize molecule ending on line 46
[11:46:51] ERROR: Explicit valence for atom # 13 O, 3, is greater than permitted
[11:46:51] Explicit valence for atom # 2 C, 5, is greater than permitted
[11:46:51] ERROR: Could not sanitize molecule ending on line 25
[11:46:51] ERROR: Explicit valence for atom # 2 C, 5, is greater than permitted
[11:46:51] Can't kekulize mol.  Unkekulized atoms: 0 6 7 9 12 15 21 22 23
[11:46:51] ERROR: Could not sanitize molecule ending on line 57
[11:46:51] ERROR: Can't kekulize mol.  Unkekulized atoms: 0 6 7 9 12 15 21 22 23
[11:46:51] Can't kekulize mol.  Unkekulized atoms: 0 2 8 9 11
[11:46:51] ERROR: Could not sanitize molecule ending on line 30
[11:46:51] ERROR: Can't kekulize mol.  Unkekulized atoms: 0 2 8 9 11
[11:46:51] Can't kekulize mol.  Unkekulized atoms: 2 3 4 5 6
[11:46:51] ERROR: Could not sanitize molecule ending on line 25
[11:46:51] ERROR: Can't kekulize mol.  Unkekulized atoms: 2 3 4 5 6
[11:46:51] Explicit valence for atom # 0 C, 5, is greater than permitted
[11:46:51] ERROR: Could not sanitize molecule ending on line 61
[11:46:51] ERROR: Explicit valence for atom # 0 C, 5, is greater than permitted
[11:46:51] Can't kekulize mol.  Unkekulized atoms: 0 2 8 9 11 18 22
[11:46:51] ERROR: Could not sanitize molecule ending on line 54
[11:46:51] ERROR: Can't kekulize mol.  Unkekulized atoms: 0 2 8 9 11 18 22
[11:46:51] Explicit valence for atom # 27 O, 3, is greater than permitted
[11:46:51] ERROR: Could not sanitize molecule ending on line 70
[11:46:51] ERROR: Explicit valence for atom # 27 O, 3, is greater than permitted
[11:46:51] Can't kekulize mol.  Unkekulized atoms: 0 1 4 5 10 13 15 16 17
[11:46:51] ERROR: Could not sanitize molecule ending on line 43
[11:46:51] ERROR: Can't kekulize mol.  Unkekulized atoms: 0 1 4 5 10 13 15 16 17
[11:46:51] Can't kekulize mol.  Unkekulized atoms: 0 4 9 15 18 19 21
[11:46:51] ERROR: Could not sanitize molecule ending on line 64
[11:46:51] ERROR: Can't kekulize mol.  Unkekulized atoms: 0 4 9 15 18 19 21
[11:46:51] Explicit valence for atom # 7 Cl, 2, is greater than permitted
[11:46:51] ERROR: Could not sanitize molecule ending on line 33
[11:46:51] ERROR: Explicit valence for atom # 7 Cl, 2, is greater than permitted
[11:46:51] Explicit valence for atom # 11 C, 6, is greater than permitted
[11:46:51] ERROR: Could not sanitize molecule ending on line 39
[11:46:51] ERROR: Explicit valence for atom # 11 C, 6, is greater than permitted
[11:46:51] Explicit valence for atom # 14 C, 5, is greater than permitted
[11:46:51] ERROR: Could not sanitize molecule ending on line 51
[11:46:51] ERROR: Explicit valence for atom # 14 C, 5, is greater than permitted
[11:46:51] Explicit valence for atom # 6 O, 3, is greater than permitted
[11:46:51] ERROR: Could not sanitize molecule ending on line 75
[11:46:51] ERROR: Explicit valence for atom # 6 O, 3, is greater than permitted
[11:46:51] Can't kekulize mol.  Unkekulized atoms: 4 16 18
[11:46:51] ERROR: Could not sanitize molecule ending on line 51
[11:46:51] ERROR: Can't kekulize mol.  Unkekulized atoms: 4 16 18
[11:46:51] Can't kekulize mol.  Unkekulized atoms: 4 6 18 19 24
[11:46:51] ERROR: Could not sanitize molecule ending on line 70
[11:46:51] ERROR: Can't kekulize mol.  Unkekulized atoms: 4 6 18 19 24
[11:46:51] Can't kekulize mol.  Unkekulized atoms: 4 5 13 19 20
[11:46:51] ERROR: Could not sanitize molecule ending on line 53
[11:46:51] ERROR: Can't kekulize mol.  Unkekulized atoms: 4 5 13 19 20
[11:46:51] Explicit valence for atom # 9 C, 5, is greater than permitted
[11:46:51] ERROR: Could not sanitize molecule ending on line 26
[11:46:51] ERROR: Explicit valence for atom # 9 C, 5, is greater than permitted
[11:46:51] Explicit valence for atom # 1 N, 4, is greater than permitted
[11:46:51] ERROR: Could not sanitize molecule ending on line 20
[11:46:51] ERROR: Explicit valence for atom # 1 N, 4, is greater than permitted
[11:46:51] Can't kekulize mol.  Unkekulized atoms: 0 3 4 6 8 10
[11:46:51] ERROR: Could not sanitize molecule ending on line 30
[11:46:51] ERROR: Can't kekulize mol.  Unkekulized atoms: 0 3 4 6 8 10
[11:46:51] Explicit valence for atom # 5 C, 5, is greater than permitted
[11:46:51] ERROR: Could not sanitize molecule ending on line 43
[11:46:51] ERROR: Explicit valence for atom # 5 C, 5, is greater than permitted
[11:46:51] Can't kekulize mol.  Unkekulized atoms: 0 1 2 3 4 6 7 8 9 11 14 15 16
[11:46:51] ERROR: Could not sanitize molecule ending on line 41
[11:46:51] ERROR: Can't kekulize mol.  Unkekulized atoms: 0 1 2 3 4 6 7 8 9 11 14 15 16
[11:46:51] Explicit valence for atom # 11 Cl, 2, is greater than permitted
[11:46:51] ERROR: Could not sanitize molecule ending on line 41
[11:46:51] ERROR: Explicit valence for atom # 11 Cl, 2, is greater than permitted
[11:46:51] Explicit valence for atom # 12 P, 6, is greater than permitted
[11:46:51] ERROR: Could not sanitize molecule ending on line 60
[11:46:51] ERROR: Explicit valence for atom # 12 P, 6, is greater than permitted
[11:46:51] Explicit valence for atom # 9 C, 6, is greater than permitted
[11:46:51] ERROR: Could not sanitize molecule ending on line 59
[11:46:51] ERROR: Explicit valence for atom # 9 C, 6, is greater than permitted
[11:46:51] Explicit valence for atom # 15 O, 3, is greater than permitted
[11:46:51] ERROR: Could not sanitize molecule ending on line 61
[11:46:51] ERROR: Explicit valence for atom # 15 O, 3, is greater than permitted
[11:46:51] Explicit valence for atom # 9 O, 3, is greater than permitted
[11:46:51] ERROR: Could not sanitize molecule ending on line 49
[11:46:51] ERROR: Explicit valence for atom # 9 O, 3, is greater than permitted
[11:46:51] Can't kekulize mol.  Unkekulized atoms: 1 6 13 15 19
[11:46:51] ERROR: Could not sanitize molecule ending on line 57
[11:46:51] ERROR: Can't kekulize mol.  Unkekulized atoms: 1 6 13 15 19
[11:46:51] Explicit valence for atom # 21 O, 3, is greater than permitted
[11:46:51] ERROR: Could not sanitize molecule ending on line 68
[11:46:51] ERROR: Explicit valence for atom # 21 O, 3, is greater than permitted
[11:46:51] Can't kekulize mol.  Unkekulized atoms: 2 5 6 8 11 12 14 18 19 21 23 27 28
[11:46:51] ERROR: Could not sanitize molecule ending on line 71
[11:46:51] ERROR: Can't kekulize mol.  Unkekulized atoms: 2 5 6 8 11 12 14 18 19 21 23 27 28
[11:46:51] Can't kekulize mol.  Unkekulized atoms: 0 7 11 12 14 17 19
[11:46:51] ERROR: Could not sanitize molecule ending on line 48
[11:46:51] ERROR: Can't kekulize mol.  Unkekulized atoms: 0 7 11 12 14 17 19
[11:46:51] Can't kekulize mol.  Unkekulized atoms: 2 7 9 10 11
[11:46:51] ERROR: Could not sanitize molecule ending on line 41
[11:46:51] ERROR: Can't kekulize mol.  Unkekulized atoms: 2 7 9 10 11
[11:46:51] Can't kekulize mol.  Unkekulized atoms: 1 6 13 17 18 20 24
[11:46:51] ERROR: Could not sanitize molecule ending on line 58
[11:46:51] ERROR: Can't kekulize mol.  Unkekulized atoms: 1 6 13 17 18 20 24
[11:46:51] Explicit valence for atom # 26 C, 5, is greater than permitted
[11:46:51] ERROR: Could not sanitize molecule ending on line 63
[11:46:51] ERROR: Explicit valence for atom # 26 C, 5, is greater than permitted
[11:46:51] Explicit valence for atom # 13 N, 4, is greater than permitted
[11:46:51] ERROR: Could not sanitize molecule ending on line 82
[11:46:51] ERROR: Explicit valence for atom # 13 N, 4, is greater than permitted
[11:46:51] Can't kekulize mol.  Unkekulized atoms: 6 9 24
[11:46:51] ERROR: Could not sanitize molecule ending on line 64
[11:46:51] ERROR: Can't kekulize mol.  Unkekulized atoms: 6 9 24
[11:46:51] Explicit valence for atom # 11 O, 3, is greater than permitted
[11:46:51] ERROR: Could not sanitize molecule ending on line 31
[11:46:51] ERROR: Explicit valence for atom # 11 O, 3, is greater than permitted
[11:46:51] Can't kekulize mol.  Unkekulized atoms: 0 2 11 13 15
[11:46:51] ERROR: Could not sanitize molecule ending on line 48
[11:46:51] ERROR: Can't kekulize mol.  Unkekulized atoms: 0 2 11 13 15
[11:46:51] Can't kekulize mol.  Unkekulized atoms: 0 1 8 13 14 15 17
[11:46:51] ERROR: Could not sanitize molecule ending on line 50
[11:46:51] ERROR: Can't kekulize mol.  Unkekulized atoms: 0 1 8 13 14 15 17
[11:46:51] Can't kekulize mol.  Unkekulized atoms: 0 2 4 5 6 7 10
[11:46:51] ERROR: Could not sanitize molecule ending on line 35
[11:46:51] ERROR: Can't kekulize mol.  Unkekulized atoms: 0 2 4 5 6 7 10
[11:46:51] Explicit valence for atom # 7 C, 5, is greater than permitted
[11:46:51] ERROR: Could not sanitize molecule ending on line 39
[11:46:51] ERROR: Explicit valence for atom # 7 C, 5, is greater than permitted
[11:46:51] Explicit valence for atom # 9 C, 5, is greater than permitted
[11:46:51] ERROR: Could not sanitize molecule ending on line 68
[11:46:51] ERROR: Explicit valence for atom # 9 C, 5, is greater than permitted
[11:46:51] Can't kekulize mol.  Unkekulized atoms: 0 3 12 15
[11:46:51] ERROR: Could not sanitize molecule ending on line 43
[11:46:51] ERROR: Can't kekulize mol.  Unkekulized atoms: 0 3 12 15
[11:46:51] Explicit valence for atom # 8 C, 5, is greater than permitted
[11:46:51] ERROR: Could not sanitize molecule ending on line 53
[11:46:51] ERROR: Explicit valence for atom # 8 C, 5, is greater than permitted
[11:46:51] Explicit valence for atom # 2 C, 5, is greater than permitted
[11:46:51] ERROR: Could not sanitize molecule ending on line 51
[11:46:51] ERROR: Explicit valence for atom # 2 C, 5, is greater than permitted
[11:46:51] Can't kekulize mol.  Unkekulized atoms: 8 10 13 17 19
[11:46:51] ERROR: Could not sanitize molecule ending on line 46
[11:46:51] ERROR: Can't kekulize mol.  Unkekulized atoms: 8 10 13 17 19
[11:46:51] Explicit valence for atom # 13 O, 4, is greater than permitted
[11:46:51] ERROR: Could not sanitize molecule ending on line 42
[11:46:51] ERROR: Explicit valence for atom # 13 O, 4, is greater than permitted
[11:46:51] Explicit valence for atom # 7 P, 6, is greater than permitted
[11:46:51] ERROR: Could not sanitize molecule ending on line 46
[11:46:51] ERROR: Explicit valence for atom # 7 P, 6, is greater than permitted
[11:46:51] Explicit valence for atom # 7 C, 5, is greater than permitted
[11:46:51] ERROR: Could not sanitize molecule ending on line 69
[11:46:51] ERROR: Explicit valence for atom # 7 C, 5, is greater than permitted
[11:46:51] Explicit valence for atom # 5 C, 5, is greater than permitted
[11:46:51] ERROR: Could not sanitize molecule ending on line 54
[11:46:51] ERROR: Explicit valence for atom # 5 C, 5, is greater than permitted
[11:46:51] Can't kekulize mol.  Unkekulized atoms: 0 2 3 7 12 14 15
[11:46:51] ERROR: Could not sanitize molecule ending on line 50
[11:46:51] ERROR: Can't kekulize mol.  Unkekulized atoms: 0 2 3 7 12 14 15
[11:46:51] Explicit valence for atom # 19 N, 4, is greater than permitted
[11:46:51] ERROR: Could not sanitize molecule ending on line 57
[11:46:51] ERROR: Explicit valence for atom # 19 N, 4, is greater than permitted
[11:46:51] Explicit valence for atom # 10 C, 6, is greater than permitted
[11:46:51] ERROR: Could not sanitize molecule ending on line 41
[11:46:51] ERROR: Explicit valence for atom # 10 C, 6, is greater than permitted
[11:46:51] Can't kekulize mol.  Unkekulized atoms: 1 4 5 7 8 10 12
[11:46:51] ERROR: Could not sanitize molecule ending on line 43
[11:46:51] ERROR: Can't kekulize mol.  Unkekulized atoms: 1 4 5 7 8 10 12
[11:46:51] Explicit valence for atom # 3 O, 3, is greater than permitted
[11:46:51] ERROR: Could not sanitize molecule ending on line 69
[11:46:51] ERROR: Explicit valence for atom # 3 O, 3, is greater than permitted
[11:46:51] Can't kekulize mol.  Unkekulized atoms: 2 4 5 8 11 12 16
[11:46:51] ERROR: Could not sanitize molecule ending on line 45
[11:46:51] ERROR: Can't kekulize mol.  Unkekulized atoms: 2 4 5 8 11 12 16
[11:46:51] Can't kekulize mol.  Unkekulized atoms: 0 6 7 10 20 29 30
[11:46:51] ERROR: Could not sanitize molecule ending on line 92
[11:46:51] ERROR: Can't kekulize mol.  Unkekulized atoms: 0 6 7 10 20 29 30
[11:46:51] Can't kekulize mol.  Unkekulized atoms: 8
[11:46:51] ERROR: Could not sanitize molecule ending on line 39
[11:46:51] ERROR: Can't kekulize mol.  Unkekulized atoms: 8
[11:46:51] Can't kekulize mol.  Unkekulized atoms: 0 1 11 14 17
[11:46:51] ERROR: Could not sanitize molecule ending on line 42
[11:46:51] ERROR: Can't kekulize mol.  Unkekulized atoms: 0 1 11 14 17
[11:46:51] Can't kekulize mol.  Unkekulized atoms: 1 2 8 10 11 12 14 16 17 19 22 24 27
[11:46:51] ERROR: Could not sanitize molecule ending on line 66
[11:46:51] ERROR: Can't kekulize mol.  Unkekulized atoms: 1 2 8 10 11 12 14 16 17 19 22 24 27
[11:46:51] Can't kekulize mol.  Unkekulized atoms: 3 4 11 14 17 18 22
[11:46:51] ERROR: Could not sanitize molecule ending on line 55
[11:46:51] ERROR: Can't kekulize mol.  Unkekulized atoms: 3 4 11 14 17 18 22
[11:46:51] Can't kekulize mol.  Unkekulized atoms: 1 2 3 10 19 20 21 24 25
[11:46:51] ERROR: Could not sanitize molecule ending on line 62
[11:46:51] ERROR: Can't kekulize mol.  Unkekulized atoms: 1 2 3 10 19 20 21 24 25
[11:46:51] Can't kekulize mol.  Unkekulized atoms: 0 10 12 14 15 18 23
[11:46:51] ERROR: Could not sanitize molecule ending on line 55
[11:46:51] ERROR: Can't kekulize mol.  Unkekulized atoms: 0 10 12 14 15 18 23
[11:46:51] Explicit valence for atom # 8 C, 5, is greater than permitted
[11:46:51] ERROR: Could not sanitize molecule ending on line 49
[11:46:51] ERROR: Explicit valence for atom # 8 C, 5, is greater than permitted
[11:46:51] Can't kekulize mol.  Unkekulized atoms: 6 8 20 21 24
[11:46:51] ERROR: Could not sanitize molecule ending on line 59
[11:46:51] ERROR: Can't kekulize mol.  Unkekulized atoms: 6 8 20 21 24
[11:46:51] Can't kekulize mol.  Unkekulized atoms: 1 4 14 16 17
[11:46:51] ERROR: Could not sanitize molecule ending on line 44
[11:46:51] ERROR: Can't kekulize mol.  Unkekulized atoms: 1 4 14 16 17
[11:46:51] Can't kekulize mol.  Unkekulized atoms: 7 18 19
[11:46:51] ERROR: Could not sanitize molecule ending on line 51
[11:46:51] ERROR: Can't kekulize mol.  Unkekulized atoms: 7 18 19
[11:46:51] Can't kekulize mol.  Unkekulized atoms: 2 14 21 22 30
[11:46:51] ERROR: Could not sanitize molecule ending on line 71
[11:46:51] ERROR: Can't kekulize mol.  Unkekulized atoms: 2 14 21 22 30
[11:46:51] Can't kekulize mol.  Unkekulized atoms: 10 11 15
[11:46:51] ERROR: Could not sanitize molecule ending on line 41
[11:46:51] ERROR: Can't kekulize mol.  Unkekulized atoms: 10 11 15
[11:46:51] Can't kekulize mol.  Unkekulized atoms: 1 4 5 12 18
[11:46:51] ERROR: Could not sanitize molecule ending on line 50
[11:46:51] ERROR: Can't kekulize mol.  Unkekulized atoms: 1 4 5 12 18
[11:46:51] Can't kekulize mol.  Unkekulized atoms: 1 6 26 27 29
[11:46:51] ERROR: Could not sanitize molecule ending on line 73
[11:46:51] ERROR: Can't kekulize mol.  Unkekulized atoms: 1 6 26 27 29
[11:46:51] Can't kekulize mol.  Unkekulized atoms: 2 3 8 9 10
[11:46:51] ERROR: Could not sanitize molecule ending on line 48
[11:46:51] ERROR: Can't kekulize mol.  Unkekulized atoms: 2 3 8 9 10
[11:46:51] Can't kekulize mol.  Unkekulized atoms: 2 4 5 10 13 14 17
[11:46:51] ERROR: Could not sanitize molecule ending on line 47
[11:46:51] ERROR: Can't kekulize mol.  Unkekulized atoms: 2 4 5 10 13 14 17
[11:46:51] Can't kekulize mol.  Unkekulized atoms: 3 5 7 8 9 11 13 14 16 17 18
[11:46:51] ERROR: Could not sanitize molecule ending on line 47
[11:46:51] ERROR: Can't kekulize mol.  Unkekulized atoms: 3 5 7 8 9 11 13 14 16 17 18
[11:46:51] Explicit valence for atom # 13 C, 5, is greater than permitted
[11:46:51] ERROR: Could not sanitize molecule ending on line 45
[11:46:51] ERROR: Explicit valence for atom # 13 C, 5, is greater than permitted
[11:46:51] Explicit valence for atom # 18 C, 5, is greater than permitted
[11:46:51] ERROR: Could not sanitize molecule ending on line 58
[11:46:51] ERROR: Explicit valence for atom # 18 C, 5, is greater than permitted
[11:46:51] Can't kekulize mol.  Unkekulized atoms: 0 1 6 8 9 16 23
[11:46:51] ERROR: Could not sanitize molecule ending on line 61
[11:46:51] ERROR: Can't kekulize mol.  Unkekulized atoms: 0 1 6 8 9 16 23
[11:46:51] Explicit valence for atom # 12 O, 3, is greater than permitted
[11:46:51] ERROR: Could not sanitize molecule ending on line 66
[11:46:51] ERROR: Explicit valence for atom # 12 O, 3, is greater than permitted
[11:46:51] Explicit valence for atom # 20 N, 4, is greater than permitted
[11:46:51] ERROR: Could not sanitize molecule ending on line 60
[11:46:51] ERROR: Explicit valence for atom # 20 N, 4, is greater than permitted
[11:46:51] Can't kekulize mol.  Unkekulized atoms: 5 9 15 16 19
[11:46:51] ERROR: Could not sanitize molecule ending on line 56
[11:46:51] ERROR: Can't kekulize mol.  Unkekulized atoms: 5 9 15 16 19
[11:46:51] Can't kekulize mol.  Unkekulized atoms: 0 1 3 5 9 16 17
[11:46:51] ERROR: Could not sanitize molecule ending on line 45
[11:46:51] ERROR: Can't kekulize mol.  Unkekulized atoms: 0 1 3 5 9 16 17
[11:46:51] Can't kekulize mol.  Unkekulized atoms: 2 8 15 16 17 19 23
[11:46:51] ERROR: Could not sanitize molecule ending on line 58
[11:46:51] ERROR: Can't kekulize mol.  Unkekulized atoms: 2 8 15 16 17 19 23
[11:46:51] Explicit valence for atom # 20 N, 4, is greater than permitted
[11:46:51] ERROR: Could not sanitize molecule ending on line 49
[11:46:51] ERROR: Explicit valence for atom # 20 N, 4, is greater than permitted
[11:46:51] Explicit valence for atom # 11 C, 5, is greater than permitted
[11:46:51] ERROR: Could not sanitize molecule ending on line 52
[11:46:51] ERROR: Explicit valence for atom # 11 C, 5, is greater than permitted
[11:46:51] Can't kekulize mol.  Unkekulized atoms: 2 6 9 11 19
[11:46:51] ERROR: Could not sanitize molecule ending on line 46
[11:46:51] ERROR: Can't kekulize mol.  Unkekulized atoms: 2 6 9 11 19
[11:46:51] Explicit valence for atom # 6 N, 4, is greater than permitted
[11:46:51] ERROR: Could not sanitize molecule ending on line 40
[11:46:51] ERROR: Explicit valence for atom # 6 N, 4, is greater than permitted
[11:46:51] Can't kekulize mol.  Unkekulized atoms: 4 6 7 8 9
[11:46:51] ERROR: Could not sanitize molecule ending on line 31
[11:46:51] ERROR: Can't kekulize mol.  Unkekulized atoms: 4 6 7 8 9
[11:46:51] Can't kekulize mol.  Unkekulized atoms: 0 1 3 4 5
[11:46:51] ERROR: Could not sanitize molecule ending on line 17
[11:46:51] ERROR: Can't kekulize mol.  Unkekulized atoms: 0 1 3 4 5
[11:46:51] Can't kekulize mol.  Unkekulized atoms: 3 4 8 10 11
[11:46:51] ERROR: Could not sanitize molecule ending on line 34
[11:46:51] ERROR: Can't kekulize mol.  Unkekulized atoms: 3 4 8 10 11
[11:46:51] Can't kekulize mol.  Unkekulized atoms: 1 5 8 11 13
[11:46:51] ERROR: Could not sanitize molecule ending on line 37
[11:46:51] ERROR: Can't kekulize mol.  Unkekulized atoms: 1 5 8 11 13
[11:46:51] Can't kekulize mol.  Unkekulized atoms: 0 1 3 4 6 8 9
[11:46:51] ERROR: Could not sanitize molecule ending on line 25
[11:46:51] ERROR: Can't kekulize mol.  Unkekulized atoms: 0 1 3 4 6 8 9
[11:46:51] Can't kekulize mol.  Unkekulized atoms: 0 1 3 6 7 8 9 10 11 12 13 15 16 17 22
[11:46:51] ERROR: Could not sanitize molecule ending on line 60
[11:46:51] ERROR: Can't kekulize mol.  Unkekulized atoms: 0 1 3 6 7 8 9 10 11 12 13 15 16 17 22
[11:46:51] Explicit valence for atom # 9 N, 4, is greater than permitted
[11:46:51] ERROR: Could not sanitize molecule ending on line 55
[11:46:51] ERROR: Explicit valence for atom # 9 N, 4, is greater than permitted
[11:46:51] Can't kekulize mol.  Unkekulized atoms: 0 1 2 3 16
[11:46:51] ERROR: Could not sanitize molecule ending on line 46
[11:46:51] ERROR: Can't kekulize mol.  Unkekulized atoms: 0 1 2 3 16
[11:46:51] Explicit valence for atom # 3 N, 4, is greater than permitted
[11:46:51] ERROR: Could not sanitize molecule ending on line 37
[11:46:51] ERROR: Explicit valence for atom # 3 N, 4, is greater than permitted
Common pockets: 100
Post-hoc translation:   0%|          | 0/100 [00:00<?, ?it/s]Post-hoc translation:   1%|          | 1/100 [00:06<10:22,  6.28s/it]Post-hoc translation:   2%|▏         | 2/100 [00:12<10:23,  6.36s/it]Post-hoc translation:   3%|▎         | 3/100 [00:19<10:17,  6.37s/it]Post-hoc translation:   4%|▍         | 4/100 [00:24<09:28,  5.92s/it]Post-hoc translation:   5%|▌         | 5/100 [00:35<12:14,  7.73s/it]Post-hoc translation:   6%|▌         | 6/100 [00:48<15:07,  9.65s/it][11:47:40] UFFTYPER: Unrecognized atom type: S_5+4 (4)
[11:48:10] UFFTYPER: Unrecognized atom type: S_5+6 (6)
[11:48:10] UFFTYPER: Unrecognized atom type: S_5+6 (6)
[11:48:10] 

****
Pre-condition Violation
bad params pointer
Violation occurred on line 79 in file /project/build/temp.linux-x86_64-cpython-312/rdkit/Code/ForceField/UFF/AngleBend.cpp
Failed Expression: at2Params
----------
Stacktrace:
----------
****

[11:48:10] UFFTYPER: Unrecognized atom type: S_5+6 (6)
Post-hoc translation:   7%|▋         | 7/100 [01:20<26:23, 17.02s/it]Post-hoc translation:   8%|▊         | 8/100 [01:26<20:29, 13.36s/it][11:48:21] UFFTYPER: Warning: hybridization set to SP3 for atom 19
[11:48:21] UFFTYPER: Warning: hybridization set to SP3 for atom 19
[11:48:21] UFFTYPER: Warning: hybridization set to SP3 for atom 19
Post-hoc translation:   9%|▉         | 9/100 [01:33<17:11, 11.33s/it][11:48:24] UFFTYPER: Unrecognized atom type: S_5+6 (4)
[11:48:26] UFFTYPER: Unrecognized atom type: S_5+6 (4)
[11:48:26] 

****
Pre-condition Violation
bad params pointer
Violation occurred on line 79 in file /project/build/temp.linux-x86_64-cpython-312/rdkit/Code/ForceField/UFF/AngleBend.cpp
Failed Expression: at2Params
----------
Stacktrace:
----------
****

[11:48:26] UFFTYPER: Unrecognized atom type: S_5+6 (4)
[11:49:37] UFFTYPER: Unrecognized atom type: S_5+4 (1)
Post-hoc translation:  10%|█         | 10/100 [02:48<46:46, 31.19s/it]Post-hoc translation:  11%|█         | 11/100 [02:54<34:38, 23.35s/it]Post-hoc translation:  12%|█▏        | 12/100 [03:45<46:42, 31.85s/it][11:52:06] UFFTYPER: Unrecognized atom type: S_5+6 (3)
[11:52:22] UFFTYPER: Unrecognized atom type: S_5+6 (3)
[11:52:22] 

****
Pre-condition Violation
bad params pointer
Violation occurred on line 79 in file /project/build/temp.linux-x86_64-cpython-312/rdkit/Code/ForceField/UFF/AngleBend.cpp
Failed Expression: at2Params
----------
Stacktrace:
----------
****

[11:52:22] UFFTYPER: Unrecognized atom type: S_5+6 (3)
Post-hoc translation:  13%|█▎        | 13/100 [05:48<1:25:56, 59.27s/it]Post-hoc translation:  14%|█▍        | 14/100 [05:55<1:02:20, 43.50s/it]Post-hoc translation:  15%|█▌        | 15/100 [06:02<46:14, 32.65s/it]  [11:52:58] UFFTYPER: Unrecognized atom type: S_5+4 (10)
Post-hoc translation:  16%|█▌        | 16/100 [06:12<35:57, 25.68s/it][11:53:09] UFFTYPER: Warning: hybridization set to SP3 for atom 9
[11:53:09] UFFTYPER: Warning: hybridization set to SP3 for atom 9
[11:53:09] UFFTYPER: Warning: hybridization set to SP3 for atom 9
[11:53:10] UFFTYPER: Warning: hybridization set to SP3 for atom 3
[11:53:10] UFFTYPER: Warning: hybridization set to SP3 for atom 3
[11:53:10] UFFTYPER: Warning: hybridization set to SP3 for atom 3
Post-hoc translation:  17%|█▋        | 17/100 [06:19<28:00, 20.25s/it][11:53:12] UFFTYPER: Unrecognized atom type: S_5+4 (10)
[11:53:14] UFFTYPER: Unrecognized atom type: S_5+4 (8)
[11:53:16] UFFTYPER: Unrecognized atom type: S_5+6 (1)
[11:53:20] UFFTYPER: Unrecognized atom type: S_5+6 (1)
[11:53:20] 

****
Pre-condition Violation
bad params pointer
Violation occurred on line 79 in file /project/build/temp.linux-x86_64-cpython-312/rdkit/Code/ForceField/UFF/AngleBend.cpp
Failed Expression: at2Params
----------
Stacktrace:
----------
****

[11:53:20] UFFTYPER: Unrecognized atom type: S_5+6 (1)
[11:53:25] UFFTYPER: Unrecognized atom type: S_5+4 (7)
Post-hoc translation:  18%|█▊        | 18/100 [06:37<26:42, 19.54s/it][11:53:32] UFFTYPER: Unrecognized atom type: S_5+4 (1)
Post-hoc translation:  19%|█▉        | 19/100 [06:47<22:17, 16.51s/it][11:54:07] UFFTYPER: Warning: hybridization set to SP3 for atom 1
[11:54:07] UFFTYPER: Warning: hybridization set to SP3 for atom 1
[11:54:08] UFFTYPER: Warning: hybridization set to SP3 for atom 1
Post-hoc translation:  20%|██        | 20/100 [07:37<35:43, 26.79s/it]Post-hoc translation:  21%|██        | 21/100 [07:47<28:24, 21.57s/it]Post-hoc translation:  22%|██▏       | 22/100 [14:48<3:03:55, 141.48s/it][12:01:53] UFFTYPER: Unrecognized atom type: S_5+4 (7)
[12:01:54] UFFTYPER: Unrecognized atom type: S_5+4 (8)
[12:01:56] UFFTYPER: Warning: hybridization set to SP3 for atom 7
[12:01:56] UFFTYPER: Warning: hybridization set to SP3 for atom 7
[12:01:56] UFFTYPER: Warning: hybridization set to SP3 for atom 7
Post-hoc translation:  23%|██▎       | 23/100 [15:06<2:13:58, 104.39s/it]Post-hoc translation:  24%|██▍       | 24/100 [15:12<1:35:02, 75.04s/it] Post-hoc translation:  25%|██▌       | 25/100 [15:20<1:08:27, 54.76s/it]Post-hoc translation:  26%|██▌       | 26/100 [15:26<49:44, 40.33s/it]  Post-hoc translation:  27%|██▋       | 27/100 [15:33<36:35, 30.07s/it]Post-hoc translation:  28%|██▊       | 28/100 [15:38<27:08, 22.61s/it]Post-hoc translation:  29%|██▉       | 29/100 [16:09<29:52, 25.25s/it]Post-hoc translation:  30%|███       | 30/100 [16:15<22:29, 19.28s/it]Post-hoc translation:  31%|███       | 31/100 [16:20<17:32, 15.25s/it][12:03:15] UFFTYPER: Unrecognized atom type: S_5+6 (3)
[12:03:15] UFFTYPER: Unrecognized atom type: S_5+6 (3)
[12:03:15] 

****
Pre-condition Violation
bad params pointer
Violation occurred on line 79 in file /project/build/temp.linux-x86_64-cpython-312/rdkit/Code/ForceField/UFF/AngleBend.cpp
Failed Expression: at2Params
----------
Stacktrace:
----------
****

[12:03:15] UFFTYPER: Unrecognized atom type: S_5+6 (3)
[12:03:19] UFFTYPER: Unrecognized atom type: S_5+4 (13)
Post-hoc translation:  32%|███▏      | 32/100 [16:30<15:16, 13.48s/it]Post-hoc translation:  33%|███▎      | 33/100 [16:37<12:55, 11.57s/it]Post-hoc translation:  34%|███▍      | 34/100 [19:24<1:03:55, 58.12s/it]Post-hoc translation:  35%|███▌      | 35/100 [19:29<45:46, 42.25s/it]  [12:06:21] UFFTYPER: Warning: hybridization set to SP3 for atom 21
[12:06:21] UFFTYPER: Warning: hybridization set to SP3 for atom 21
[12:06:22] UFFTYPER: Warning: hybridization set to SP3 for atom 21
[12:06:22] UFFTYPER: Warning: hybridization set to SP3 for atom 3
[12:06:22] UFFTYPER: Warning: hybridization set to SP3 for atom 20
[12:06:22] UFFTYPER: Warning: hybridization set to SP3 for atom 20
[12:06:23] UFFTYPER: Unrecognized atom type: S_5+4 (10)
Post-hoc translation:  36%|███▌      | 36/100 [19:35<33:27, 31.36s/it]Post-hoc translation:  37%|███▋      | 37/100 [19:46<26:39, 25.39s/it]Post-hoc translation:  38%|███▊      | 38/100 [20:57<40:26, 39.13s/it]Post-hoc translation:  39%|███▉      | 39/100 [21:55<45:31, 44.77s/it][12:09:35] UFFTYPER: Warning: hybridization set to SP3 for atom 7
[12:09:35] UFFTYPER: Warning: hybridization set to SP3 for atom 7
[12:09:36] UFFTYPER: Warning: hybridization set to SP3 for atom 7
[12:09:36] WARNING: not removing hydrogen atom with neighbor that has non-tetrahedral stereochemistry
Post-hoc translation:  40%|████      | 40/100 [22:51<47:59, 47.98s/it]Post-hoc translation:  41%|████      | 41/100 [23:08<38:10, 38.82s/it]Post-hoc translation:  42%|████▏     | 42/100 [23:14<28:00, 28.97s/it]Post-hoc translation:  43%|████▎     | 43/100 [23:30<23:46, 25.03s/it][12:10:27] UFFTYPER: Unrecognized atom type: S_5+6 (5)
[12:10:27] UFFTYPER: Unrecognized atom type: S_5+6 (5)
[12:10:27] 

****
Pre-condition Violation
bad params pointer
Violation occurred on line 79 in file /project/build/temp.linux-x86_64-cpython-312/rdkit/Code/ForceField/UFF/AngleBend.cpp
Failed Expression: at2Params
----------
Stacktrace:
----------
****

[12:10:27] UFFTYPER: Unrecognized atom type: S_5+6 (5)
[12:10:28] UFFTYPER: Unrecognized atom type: S_5+6 (16)
[12:10:28] UFFTYPER: Unrecognized atom type: S_5+6 (16)
[12:10:28] 

****
Pre-condition Violation
bad params pointer
Violation occurred on line 79 in file /project/build/temp.linux-x86_64-cpython-312/rdkit/Code/ForceField/UFF/AngleBend.cpp
Failed Expression: at2Params
----------
Stacktrace:
----------
****

[12:10:28] UFFTYPER: Unrecognized atom type: S_5+6 (16)
[12:10:29] UFFTYPER: Unrecognized atom type: S_5+6 (14)
[12:10:29] UFFTYPER: Unrecognized atom type: S_5+6 (14)
[12:10:29] 

****
Pre-condition Violation
bad params pointer
Violation occurred on line 79 in file /project/build/temp.linux-x86_64-cpython-312/rdkit/Code/ForceField/UFF/AngleBend.cpp
Failed Expression: at2Params
----------
Stacktrace:
----------
****

[12:10:29] UFFTYPER: Unrecognized atom type: S_5+6 (14)
Post-hoc translation:  44%|████▍     | 44/100 [23:38<18:33, 19.89s/it]Post-hoc translation:  45%|████▌     | 45/100 [25:51<49:26, 53.93s/it]Post-hoc translation:  46%|████▌     | 46/100 [26:13<39:56, 44.39s/it]Post-hoc translation:  47%|████▋     | 47/100 [27:58<55:05, 62.37s/it]Post-hoc translation:  48%|████▊     | 48/100 [28:05<39:44, 45.86s/it]Post-hoc translation:  49%|████▉     | 49/100 [28:13<29:12, 34.35s/it]Post-hoc translation:  50%|█████     | 50/100 [28:26<23:22, 28.06s/it]Post-hoc translation:  51%|█████     | 51/100 [28:35<18:11, 22.27s/it]Post-hoc translation:  52%|█████▏    | 52/100 [28:43<14:27, 18.08s/it][12:15:37] UFFTYPER: Unrecognized atom type: S_5+4 (26)
[12:15:37] UFFTYPER: Unrecognized atom type: S_5+6 (19)
[12:16:03] UFFTYPER: Unrecognized atom type: S_5+6 (19)
[12:16:03] UFFTYPER: Unrecognized atom type: S_5+6 (19)
[12:16:34] UFFTYPER: Unrecognized atom type: S_5+6 (6)
[12:16:34] UFFTYPER: Unrecognized atom type: S_5+6 (6)
[12:16:34] 

****
Pre-condition Violation
bad params pointer
Violation occurred on line 79 in file /project/build/temp.linux-x86_64-cpython-312/rdkit/Code/ForceField/UFF/AngleBend.cpp
Failed Expression: at2Params
----------
Stacktrace:
----------
****

[12:16:34] UFFTYPER: Unrecognized atom type: S_5+6 (6)
[12:16:38] UFFTYPER: Unrecognized atom type: S_5+4 (21)
Post-hoc translation:  53%|█████▎    | 53/100 [29:47<24:52, 31.75s/it][12:16:48] UFFTYPER: Unrecognized atom type: S_5+4 (3)
Post-hoc translation:  54%|█████▍    | 54/100 [29:59<19:47, 25.82s/it]Post-hoc translation:  55%|█████▌    | 55/100 [30:06<15:10, 20.24s/it][12:17:01] UFFTYPER: Warning: hybridization set to SP3 for atom 7
[12:17:01] UFFTYPER: Warning: hybridization set to SP3 for atom 7
[12:17:01] UFFTYPER: Warning: hybridization set to SP3 for atom 7
Post-hoc translation:  56%|█████▌    | 56/100 [30:19<13:11, 17.98s/it][12:17:11] UFFTYPER: Unrecognized atom type: S_5+6 (31)
[12:17:11] UFFTYPER: Unrecognized atom type: S_5+6 (31)
[12:17:11] 

****
Pre-condition Violation
bad params pointer
Violation occurred on line 79 in file /project/build/temp.linux-x86_64-cpython-312/rdkit/Code/ForceField/UFF/AngleBend.cpp
Failed Expression: at2Params
----------
Stacktrace:
----------
****

[12:17:11] UFFTYPER: Unrecognized atom type: S_5+6 (31)
[12:17:15] UFFTYPER: Unrecognized atom type: S_5+4 (2)
Post-hoc translation:  57%|█████▋    | 57/100 [30:25<10:24, 14.52s/it]Post-hoc translation:  58%|█████▊    | 58/100 [30:30<08:05, 11.57s/it]Post-hoc translation:  59%|█████▉    | 59/100 [30:35<06:40,  9.76s/it]Post-hoc translation:  60%|██████    | 60/100 [30:49<07:22, 11.07s/it][12:17:43] UFFTYPER: Unrecognized atom type: S_5+6 (2)
[12:17:44] UFFTYPER: Unrecognized atom type: S_5+6 (2)
[12:17:44] 

****
Pre-condition Violation
bad params pointer
Violation occurred on line 79 in file /project/build/temp.linux-x86_64-cpython-312/rdkit/Code/ForceField/UFF/AngleBend.cpp
Failed Expression: at2Params
----------
Stacktrace:
----------
****

[12:17:44] UFFTYPER: Unrecognized atom type: S_5+6 (2)
[12:17:45] UFFTYPER: Unrecognized atom type: S_5+6 (9)
[12:17:45] UFFTYPER: Unrecognized atom type: S_5+6 (9)
[12:17:45] 

****
Pre-condition Violation
bad params pointer
Violation occurred on line 79 in file /project/build/temp.linux-x86_64-cpython-312/rdkit/Code/ForceField/UFF/AngleBend.cpp
Failed Expression: at2Params
----------
Stacktrace:
----------
****

[12:17:45] UFFTYPER: Unrecognized atom type: S_5+6 (9)
[12:17:46] UFFTYPER: Unrecognized atom type: S_5+6 (3)
[12:17:46] UFFTYPER: Unrecognized atom type: S_5+6 (3)
[12:17:46] 

****
Pre-condition Violation
bad params pointer
Violation occurred on line 79 in file /project/build/temp.linux-x86_64-cpython-312/rdkit/Code/ForceField/UFF/AngleBend.cpp
Failed Expression: at2Params
----------
Stacktrace:
----------
****

[12:17:46] UFFTYPER: Unrecognized atom type: S_5+6 (3)
[12:18:15] UFFTYPER: Unrecognized atom type: S_5+4 (8)
Post-hoc translation:  61%|██████    | 61/100 [31:27<12:23, 19.06s/it][12:18:26] UFFTYPER: Unrecognized atom type: S_5+6 (22)
[12:18:26] UFFTYPER: Unrecognized atom type: S_5+6 (22)
[12:18:26] 

****
Pre-condition Violation
bad params pointer
Violation occurred on line 79 in file /project/build/temp.linux-x86_64-cpython-312/rdkit/Code/ForceField/UFF/AngleBend.cpp
Failed Expression: at2Params
----------
Stacktrace:
----------
****

[12:18:26] UFFTYPER: Unrecognized atom type: S_5+6 (22)
Post-hoc translation:  62%|██████▏   | 62/100 [31:36<10:08, 16.01s/it][12:18:31] UFFTYPER: Warning: hybridization set to SP3 for atom 17
[12:18:31] UFFTYPER: Warning: hybridization set to SP3 for atom 17
[12:18:32] UFFTYPER: Warning: hybridization set to SP3 for atom 17
Post-hoc translation:  63%|██████▎   | 63/100 [31:43<08:07, 13.18s/it][12:18:40] UFFTYPER: Unrecognized atom type: S_5+6 (17)
[12:18:40] UFFTYPER: Unrecognized atom type: S_5+6 (17)
[12:18:40] 

****
Pre-condition Violation
bad params pointer
Violation occurred on line 79 in file /project/build/temp.linux-x86_64-cpython-312/rdkit/Code/ForceField/UFF/AngleBend.cpp
Failed Expression: at2Params
----------
Stacktrace:
----------
****

[12:18:40] UFFTYPER: Unrecognized atom type: S_5+6 (17)
Post-hoc translation:  64%|██████▍   | 64/100 [31:51<06:59, 11.67s/it][12:18:47] UFFTYPER: Unrecognized atom type: S_5+4 (6)
Post-hoc translation:  65%|██████▌   | 65/100 [31:56<05:40,  9.72s/it][12:18:53] UFFTYPER: Unrecognized atom type: S_5+6 (18)
[12:18:53] UFFTYPER: Unrecognized atom type: S_5+6 (18)
[12:18:53] 

****
Pre-condition Violation
bad params pointer
Violation occurred on line 79 in file /project/build/temp.linux-x86_64-cpython-312/rdkit/Code/ForceField/UFF/AngleBend.cpp
Failed Expression: at2Params
----------
Stacktrace:
----------
****

[12:18:53] UFFTYPER: Unrecognized atom type: S_5+6 (18)
Post-hoc translation:  66%|██████▌   | 66/100 [32:02<04:56,  8.72s/it][12:18:54] UFFTYPER: Unrecognized atom type: S_5+4 (7)
[12:20:12] UFFTYPER: Warning: hybridization set to SP3 for atom 2
[12:20:12] UFFTYPER: Warning: hybridization set to SP3 for atom 2
[12:20:12] UFFTYPER: Warning: hybridization set to SP3 for atom 2
Post-hoc translation:  67%|██████▋   | 67/100 [33:24<16:47, 30.53s/it]Post-hoc translation:  68%|██████▊   | 68/100 [33:32<12:46, 23.94s/it]Post-hoc translation:  69%|██████▉   | 69/100 [33:49<11:11, 21.66s/it]Post-hoc translation:  70%|███████   | 70/100 [33:56<08:38, 17.27s/it]Post-hoc translation:  71%|███████   | 71/100 [34:01<06:39, 13.78s/it]Post-hoc translation:  72%|███████▏  | 72/100 [36:31<25:30, 54.65s/it]Post-hoc translation:  73%|███████▎  | 73/100 [36:38<18:10, 40.39s/it][12:23:32] UFFTYPER: Unrecognized atom type: S_5+6 (18)
[12:23:33] UFFTYPER: Unrecognized atom type: S_5+6 (18)
[12:23:33] 

****
Pre-condition Violation
bad params pointer
Violation occurred on line 79 in file /project/build/temp.linux-x86_64-cpython-312/rdkit/Code/ForceField/UFF/AngleBend.cpp
Failed Expression: at2Params
----------
Stacktrace:
----------
****

[12:23:33] UFFTYPER: Unrecognized atom type: S_5+6 (18)
[12:23:34] UFFTYPER: Unrecognized atom type: S_5+6 (16)
[12:23:34] UFFTYPER: Unrecognized atom type: S_5+6 (16)
[12:23:34] 

****
Pre-condition Violation
bad params pointer
Violation occurred on line 79 in file /project/build/temp.linux-x86_64-cpython-312/rdkit/Code/ForceField/UFF/AngleBend.cpp
Failed Expression: at2Params
----------
Stacktrace:
----------
****

[12:23:34] UFFTYPER: Unrecognized atom type: S_5+6 (16)
[12:23:36] UFFTYPER: Unrecognized atom type: S_5+6 (23)
[12:23:36] UFFTYPER: Unrecognized atom type: S_5+6 (23)
[12:23:36] 

****
Pre-condition Violation
bad params pointer
Violation occurred on line 79 in file /project/build/temp.linux-x86_64-cpython-312/rdkit/Code/ForceField/UFF/AngleBend.cpp
Failed Expression: at2Params
----------
Stacktrace:
----------
****

[12:23:36] UFFTYPER: Unrecognized atom type: S_5+6 (23)
Post-hoc translation:  74%|███████▍  | 74/100 [36:45<13:03, 30.12s/it][12:23:37] UFFTYPER: Unrecognized atom type: S_5+6 (13)
[12:23:37] UFFTYPER: Unrecognized atom type: S_5+6 (13)
[12:23:37] 

****
Pre-condition Violation
bad params pointer
Violation occurred on line 79 in file /project/build/temp.linux-x86_64-cpython-312/rdkit/Code/ForceField/UFF/AngleBend.cpp
Failed Expression: at2Params
----------
Stacktrace:
----------
****

[12:23:37] UFFTYPER: Unrecognized atom type: S_5+6 (13)
[12:23:38] UFFTYPER: Unrecognized atom type: S_5+4 (11)
[12:23:43] UFFTYPER: Unrecognized atom type: S_5+6 (17)
[12:23:43] UFFTYPER: Unrecognized atom type: S_5+6 (17)
[12:23:43] 

****
Pre-condition Violation
bad params pointer
Violation occurred on line 79 in file /project/build/temp.linux-x86_64-cpython-312/rdkit/Code/ForceField/UFF/AngleBend.cpp
Failed Expression: at2Params
----------
Stacktrace:
----------
****

[12:23:43] UFFTYPER: Unrecognized atom type: S_5+6 (17)
[12:23:46] UFFTYPER: Unrecognized atom type: S_5+6 (16)
[12:23:46] UFFTYPER: Unrecognized atom type: S_5+6 (16)
[12:23:46] 

****
Pre-condition Violation
bad params pointer
Violation occurred on line 79 in file /project/build/temp.linux-x86_64-cpython-312/rdkit/Code/ForceField/UFF/AngleBend.cpp
Failed Expression: at2Params
----------
Stacktrace:
----------
****

[12:23:46] UFFTYPER: Unrecognized atom type: S_5+6 (16)
[12:23:46] UFFTYPER: Unrecognized atom type: S_5+4 (20)
Post-hoc translation:  75%|███████▌  | 75/100 [36:55<10:08, 24.32s/it]Post-hoc translation:  76%|███████▌  | 76/100 [37:11<08:43, 21.81s/it][12:24:05] UFFTYPER: Unrecognized atom type: S_5+4 (19)
Post-hoc translation:  77%|███████▋  | 77/100 [38:41<16:09, 42.15s/it][12:25:32] UFFTYPER: Unrecognized atom type: S_5+4 (28)
[12:25:38] UFFTYPER: Unrecognized atom type: S_5+4 (12)
[12:25:38] UFFTYPER: Unrecognized atom type: S_5+4 (0)
Post-hoc translation:  78%|███████▊  | 78/100 [38:48<11:34, 31.58s/it]Post-hoc translation:  79%|███████▉  | 79/100 [39:09<09:57, 28.45s/it][12:26:06] UFFTYPER: Warning: hybridization set to SP3 for atom 0
[12:26:06] UFFTYPER: Warning: hybridization set to SP3 for atom 0
[12:26:07] UFFTYPER: Warning: hybridization set to SP3 for atom 0
Post-hoc translation:  80%|████████  | 80/100 [39:16<07:20, 22.01s/it][12:26:16] UFFTYPER: Unrecognized atom type: S_5+4 (19)
Post-hoc translation:  81%|████████  | 81/100 [39:28<06:01, 19.02s/it][12:26:21] UFFTYPER: Unrecognized atom type: S_5+6 (3)
[12:26:21] UFFTYPER: Unrecognized atom type: S_5+6 (3)
[12:26:21] 

****
Pre-condition Violation
bad params pointer
Violation occurred on line 79 in file /project/build/temp.linux-x86_64-cpython-312/rdkit/Code/ForceField/UFF/AngleBend.cpp
Failed Expression: at2Params
----------
Stacktrace:
----------
****

[12:26:21] UFFTYPER: Unrecognized atom type: S_5+6 (3)
[12:26:21] UFFTYPER: Unrecognized atom type: S_5+4 (9)
[12:26:21] UFFTYPER: Unrecognized atom type: S_4+4 (11)
[12:26:21] UFFTYPER: Unrecognized atom type: S_4+4 (11)
[12:26:21] UFFTYPER: Unrecognized atom type: S_4+4 (11)
[12:26:21] WARNING: not removing hydrogen atom with neighbor that has non-tetrahedral stereochemistry
Post-hoc translation:  82%|████████▏ | 82/100 [39:33<04:25, 14.75s/it]Post-hoc translation:  83%|████████▎ | 83/100 [39:39<03:24, 12.04s/it]Post-hoc translation:  84%|████████▍ | 84/100 [39:46<02:49, 10.57s/it]Post-hoc translation:  85%|████████▌ | 85/100 [40:09<03:37, 14.52s/it][12:27:28] UFFTYPER: Warning: hybridization set to SP3 for atom 6
[12:27:28] UFFTYPER: Warning: hybridization set to SP3 for atom 6
[12:27:28] UFFTYPER: Warning: hybridization set to SP3 for atom 6
[12:27:32] UFFTYPER: Warning: hybridization set to SP3 for atom 28
[12:27:32] UFFTYPER: Warning: hybridization set to SP3 for atom 28
[12:27:32] UFFTYPER: Warning: hybridization set to SP3 for atom 28
Post-hoc translation:  86%|████████▌ | 86/100 [40:48<05:05, 21.84s/it]Post-hoc translation:  87%|████████▋ | 87/100 [40:59<04:01, 18.57s/it]Post-hoc translation:  88%|████████▊ | 88/100 [41:07<03:05, 15.43s/it]Post-hoc translation:  89%|████████▉ | 89/100 [42:07<05:14, 28.62s/it]Post-hoc translation:  90%|█████████ | 90/100 [42:14<03:41, 22.13s/it]Post-hoc translation:  91%|█████████ | 91/100 [43:23<05:25, 36.22s/it]Post-hoc translation:  92%|█████████▏| 92/100 [43:30<03:40, 27.55s/it][12:30:33] UFFTYPER: Unrecognized atom type: S_5+4 (21)
[12:30:34] UFFTYPER: Unrecognized atom type: S_5+6 (24)
[12:30:34] UFFTYPER: Unrecognized atom type: S_5+6 (24)
[12:30:34] 

****
Pre-condition Violation
bad params pointer
Violation occurred on line 79 in file /project/build/temp.linux-x86_64-cpython-312/rdkit/Code/ForceField/UFF/AngleBend.cpp
Failed Expression: at2Params
----------
Stacktrace:
----------
****

[12:30:34] UFFTYPER: Unrecognized atom type: S_5+6 (24)
[12:30:37] UFFTYPER: Unrecognized atom type: S_5+4 (2)
Post-hoc translation:  93%|█████████▎| 93/100 [43:48<02:53, 24.74s/it][12:30:41] UFFTYPER: Unrecognized atom type: S_5+4 (22)
Post-hoc translation:  94%|█████████▍| 94/100 [43:56<01:56, 19.46s/it]Post-hoc translation:  95%|█████████▌| 95/100 [44:01<01:16, 15.21s/it]Post-hoc translation:  96%|█████████▌| 96/100 [44:07<00:50, 12.59s/it]Post-hoc translation:  97%|█████████▋| 97/100 [44:14<00:32, 10.74s/it]Post-hoc translation:  98%|█████████▊| 98/100 [44:22<00:20, 10.14s/it][12:31:16] UFFTYPER: Unrecognized atom type: S_5+4 (1)
Post-hoc translation:  99%|█████████▉| 99/100 [44:28<00:08,  8.67s/it][12:31:29] UFFTYPER: Warning: hybridization set to SP3 for atom 16
[12:31:29] UFFTYPER: Warning: hybridization set to SP3 for atom 16
[12:31:30] UFFTYPER: Warning: hybridization set to SP3 for atom 16
[12:31:45] UFFTYPER: Unrecognized atom type: S_5+4 (6)
[12:31:46] UFFTYPER: Warning: hybridization set to SP3 for atom 0
[12:31:46] UFFTYPER: Warning: hybridization set to SP3 for atom 0
[12:31:46] UFFTYPER: Warning: hybridization set to SP3 for atom 0
[12:32:01] UFFTYPER: Warning: hybridization set to SP3 for atom 14
[12:32:01] UFFTYPER: Warning: hybridization set to SP3 for atom 14
[12:32:01] UFFTYPER: Warning: hybridization set to SP3 for atom 14
Post-hoc translation: 100%|██████████| 100/100 [45:20<00:00, 21.82s/it]Post-hoc translation: 100%|██████████| 100/100 [45:20<00:00, 27.21s/it]

============================================================
Post-hoc Translation Summary (100 pockets)
============================================================
  clashes_before_mean           : 8.008 ± 2.729
  clashes_after_mean            : 7.297 ± 3.964
  clash_reduction               : 0.711 ± 3.066

Results saved to output/posthoc_translation
