[11:37:54] Can't kekulize mol.  Unkekulized atoms: 6 9 12 19 20
[11:37:54] ERROR: Could not sanitize molecule ending on line 50
[11:37:54] ERROR: Can't kekulize mol.  Unkekulized atoms: 6 9 12 19 20
[11:37:54] Can't kekulize mol.  Unkekulized atoms: 0 1 3 4 6 16 17 18 19 20 21
[11:37:54] ERROR: Could not sanitize molecule ending on line 53
[11:37:54] ERROR: Can't kekulize mol.  Unkekulized atoms: 0 1 3 4 6 16 17 18 19 20 21
[11:37:54] Can't kekulize mol.  Unkekulized atoms: 4 7 11 12 13 18 24
[11:37:54] ERROR: Could not sanitize molecule ending on line 65
[11:37:54] ERROR: Can't kekulize mol.  Unkekulized atoms: 4 7 11 12 13 18 24
[11:37:54] Can't kekulize mol.  Unkekulized atoms: 0 2 4 5 8 9 10 12 13 16 18
[11:37:54] ERROR: Could not sanitize molecule ending on line 48
[11:37:54] ERROR: Can't kekulize mol.  Unkekulized atoms: 0 2 4 5 8 9 10 12 13 16 18
[11:37:55] Can't kekulize mol.  Unkekulized atoms: 9 13 15 18 21 26 33
[11:37:55] ERROR: Could not sanitize molecule ending on line 78
[11:37:55] ERROR: Can't kekulize mol.  Unkekulized atoms: 9 13 15 18 21 26 33
[11:37:55] Can't kekulize mol.  Unkekulized atoms: 0 2 3 7 8 12 13 14 17 18 21 22 23
[11:37:55] ERROR: Could not sanitize molecule ending on line 57
[11:37:55] ERROR: Can't kekulize mol.  Unkekulized atoms: 0 2 3 7 8 12 13 14 17 18 21 22 23
[11:37:55] Can't kekulize mol.  Unkekulized atoms: 0 1 4 9 13 15 16 17 18 20 23
[11:37:55] ERROR: Could not sanitize molecule ending on line 65
[11:37:55] ERROR: Can't kekulize mol.  Unkekulized atoms: 0 1 4 9 13 15 16 17 18 20 23
[11:37:55] Can't kekulize mol.  Unkekulized atoms: 1 2 3 4 5 6 7 8 9 11 12 14 15
[11:37:55] ERROR: Could not sanitize molecule ending on line 39
[11:37:55] ERROR: Can't kekulize mol.  Unkekulized atoms: 1 2 3 4 5 6 7 8 9 11 12 14 15
[11:37:55] Can't kekulize mol.  Unkekulized atoms: 1 3 4 7 9 11 12 13 14 16 17 19 20 22 23
[11:37:55] ERROR: Could not sanitize molecule ending on line 60
[11:37:55] ERROR: Can't kekulize mol.  Unkekulized atoms: 1 3 4 7 9 11 12 13 14 16 17 19 20 22 23
[11:37:55] Explicit valence for atom # 11 C, 5, is greater than permitted
[11:37:55] ERROR: Could not sanitize molecule ending on line 79
[11:37:55] ERROR: Explicit valence for atom # 11 C, 5, is greater than permitted
[11:37:55] Can't kekulize mol.  Unkekulized atoms: 3 5 14 20 21 23 24
[11:37:55] ERROR: Could not sanitize molecule ending on line 61
[11:37:55] ERROR: Can't kekulize mol.  Unkekulized atoms: 3 5 14 20 21 23 24
[11:37:55] Explicit valence for atom # 11 C, 5, is greater than permitted
[11:37:55] ERROR: Could not sanitize molecule ending on line 73
[11:37:55] ERROR: Explicit valence for atom # 11 C, 5, is greater than permitted
[11:37:55] Can't kekulize mol.  Unkekulized atoms: 17 26 33
[11:37:55] ERROR: Could not sanitize molecule ending on line 91
[11:37:55] ERROR: Can't kekulize mol.  Unkekulized atoms: 17 26 33
[11:37:55] Can't kekulize mol.  Unkekulized atoms: 1 2 5 9 15 16 21 22 24
[11:37:55] ERROR: Could not sanitize molecule ending on line 59
[11:37:55] ERROR: Can't kekulize mol.  Unkekulized atoms: 1 2 5 9 15 16 21 22 24
[11:37:55] Explicit valence for atom # 4 C, 5, is greater than permitted
[11:37:55] ERROR: Could not sanitize molecule ending on line 38
[11:37:55] ERROR: Explicit valence for atom # 4 C, 5, is greater than permitted
[11:37:55] Can't kekulize mol.  Unkekulized atoms: 10 14 15
[11:37:55] ERROR: Could not sanitize molecule ending on line 66
[11:37:55] ERROR: Can't kekulize mol.  Unkekulized atoms: 10 14 15
[11:37:55] Can't kekulize mol.  Unkekulized atoms: 0 2 3 8 19
[11:37:55] ERROR: Could not sanitize molecule ending on line 46
[11:37:55] ERROR: Can't kekulize mol.  Unkekulized atoms: 0 2 3 8 19
[11:37:55] Explicit valence for atom # 4 C, 5, is greater than permitted
[11:37:55] ERROR: Could not sanitize molecule ending on line 53
[11:37:55] ERROR: Explicit valence for atom # 4 C, 5, is greater than permitted
[11:37:55] Explicit valence for atom # 13 C, 5, is greater than permitted
[11:37:55] ERROR: Could not sanitize molecule ending on line 65
[11:37:55] ERROR: Explicit valence for atom # 13 C, 5, is greater than permitted
[11:37:55] Explicit valence for atom # 20 C, 5, is greater than permitted
[11:37:55] ERROR: Could not sanitize molecule ending on line 61
[11:37:55] ERROR: Explicit valence for atom # 20 C, 5, is greater than permitted
[11:37:55] Explicit valence for atom # 14 C, 5, is greater than permitted
[11:37:55] ERROR: Could not sanitize molecule ending on line 69
[11:37:55] ERROR: Explicit valence for atom # 14 C, 5, is greater than permitted
[11:37:55] Can't kekulize mol.  Unkekulized atoms: 4 5 9 17 21
[11:37:55] ERROR: Could not sanitize molecule ending on line 58
[11:37:55] ERROR: Can't kekulize mol.  Unkekulized atoms: 4 5 9 17 21
[11:37:55] Explicit valence for atom # 16 Cl, 2, is greater than permitted
[11:37:55] ERROR: Could not sanitize molecule ending on line 64
[11:37:55] ERROR: Explicit valence for atom # 16 Cl, 2, is greater than permitted
[11:37:55] Can't kekulize mol.  Unkekulized atoms: 3 23 25 26 27
[11:37:55] ERROR: Could not sanitize molecule ending on line 66
[11:37:55] ERROR: Can't kekulize mol.  Unkekulized atoms: 3 23 25 26 27
[11:37:55] Explicit valence for atom # 16 C, 5, is greater than permitted
[11:37:55] ERROR: Could not sanitize molecule ending on line 85
[11:37:55] ERROR: Explicit valence for atom # 16 C, 5, is greater than permitted
[11:37:55] Explicit valence for atom # 12 C, 5, is greater than permitted
[11:37:55] ERROR: Could not sanitize molecule ending on line 69
[11:37:55] ERROR: Explicit valence for atom # 12 C, 5, is greater than permitted
[11:37:55] Explicit valence for atom # 15 C, 5, is greater than permitted
[11:37:55] ERROR: Could not sanitize molecule ending on line 61
[11:37:55] ERROR: Explicit valence for atom # 15 C, 5, is greater than permitted
[11:37:55] Explicit valence for atom # 5 C, 5, is greater than permitted
[11:37:55] ERROR: Could not sanitize molecule ending on line 67
[11:37:55] ERROR: Explicit valence for atom # 5 C, 5, is greater than permitted
[11:37:55] Explicit valence for atom # 14 C, 5, is greater than permitted
[11:37:55] ERROR: Could not sanitize molecule ending on line 49
[11:37:55] ERROR: Explicit valence for atom # 14 C, 5, is greater than permitted
[11:37:55] Explicit valence for atom # 20 C, 5, is greater than permitted
[11:37:55] ERROR: Could not sanitize molecule ending on line 60
[11:37:55] ERROR: Explicit valence for atom # 20 C, 5, is greater than permitted
[11:37:55] Explicit valence for atom # 4 C, 5, is greater than permitted
[11:37:55] ERROR: Could not sanitize molecule ending on line 63
[11:37:55] ERROR: Explicit valence for atom # 4 C, 5, is greater than permitted
[11:37:55] Explicit valence for atom # 10 C, 5, is greater than permitted
[11:37:55] ERROR: Could not sanitize molecule ending on line 49
[11:37:55] ERROR: Explicit valence for atom # 10 C, 5, is greater than permitted
[11:37:55] Explicit valence for atom # 7 Cl, 2, is greater than permitted
[11:37:55] ERROR: Could not sanitize molecule ending on line 56
[11:37:55] ERROR: Explicit valence for atom # 7 Cl, 2, is greater than permitted
[11:37:55] Explicit valence for atom # 21 N, 4, is greater than permitted
[11:37:55] ERROR: Could not sanitize molecule ending on line 76
[11:37:55] ERROR: Explicit valence for atom # 21 N, 4, is greater than permitted
[11:37:55] Explicit valence for atom # 9 Cl, 2, is greater than permitted
[11:37:55] ERROR: Could not sanitize molecule ending on line 94
[11:37:55] ERROR: Explicit valence for atom # 9 Cl, 2, is greater than permitted
[11:37:55] Can't kekulize mol.  Unkekulized atoms: 0 1 2 4 7 8 9 12 13 15 17 22 23 24 25 26 28 30 31
[11:37:55] ERROR: Could not sanitize molecule ending on line 75
[11:37:55] ERROR: Can't kekulize mol.  Unkekulized atoms: 0 1 2 4 7 8 9 12 13 15 17 22 23 24 25 26 28 30 31
[11:37:55] Can't kekulize mol.  Unkekulized atoms: 2 4 5 7 8 11 13 19 22
[11:37:55] ERROR: Could not sanitize molecule ending on line 53
[11:37:55] ERROR: Can't kekulize mol.  Unkekulized atoms: 2 4 5 7 8 11 13 19 22
[11:37:55] Can't kekulize mol.  Unkekulized atoms: 0 3 5 12 19
[11:37:55] ERROR: Could not sanitize molecule ending on line 54
[11:37:55] ERROR: Can't kekulize mol.  Unkekulized atoms: 0 3 5 12 19
[11:37:55] Explicit valence for atom # 15 C, 5, is greater than permitted
[11:37:55] ERROR: Could not sanitize molecule ending on line 46
[11:37:55] ERROR: Explicit valence for atom # 15 C, 5, is greater than permitted
[11:37:55] Can't kekulize mol.  Unkekulized atoms: 0 1 2 4 5 6 8 9 11 12 14 16 17
[11:37:55] ERROR: Could not sanitize molecule ending on line 46
[11:37:55] ERROR: Can't kekulize mol.  Unkekulized atoms: 0 1 2 4 5 6 8 9 11 12 14 16 17
[11:37:55] Can't kekulize mol.  Unkekulized atoms: 1 2 8 13 14
[11:37:55] ERROR: Could not sanitize molecule ending on line 54
[11:37:55] ERROR: Can't kekulize mol.  Unkekulized atoms: 1 2 8 13 14
[11:37:55] Explicit valence for atom # 2 C, 5, is greater than permitted
[11:37:55] ERROR: Could not sanitize molecule ending on line 38
[11:37:55] ERROR: Explicit valence for atom # 2 C, 5, is greater than permitted
[11:37:55] Can't kekulize mol.  Unkekulized atoms: 0 1 3 7 11 12 13 14 15
[11:37:55] ERROR: Could not sanitize molecule ending on line 45
[11:37:55] ERROR: Can't kekulize mol.  Unkekulized atoms: 0 1 3 7 11 12 13 14 15
[11:37:55] Explicit valence for atom # 24 O, 3, is greater than permitted
[11:37:55] ERROR: Could not sanitize molecule ending on line 62
[11:37:55] ERROR: Explicit valence for atom # 24 O, 3, is greater than permitted
[11:37:55] Can't kekulize mol.  Unkekulized atoms: 0 1 2 3 4 5 7 10 11 12 16 17
[11:37:55] ERROR: Could not sanitize molecule ending on line 44
[11:37:55] ERROR: Can't kekulize mol.  Unkekulized atoms: 0 1 2 3 4 5 7 10 11 12 16 17
[11:37:55] Can't kekulize mol.  Unkekulized atoms: 4 5 11 13 19
[11:37:55] ERROR: Could not sanitize molecule ending on line 47
[11:37:55] ERROR: Can't kekulize mol.  Unkekulized atoms: 4 5 11 13 19
[11:37:55] Can't kekulize mol.  Unkekulized atoms: 3 10 12 15 16
[11:37:55] ERROR: Could not sanitize molecule ending on line 41
[11:37:55] ERROR: Can't kekulize mol.  Unkekulized atoms: 3 10 12 15 16
[11:37:55] Can't kekulize mol.  Unkekulized atoms: 4 15 20
[11:37:55] ERROR: Could not sanitize molecule ending on line 59
[11:37:55] ERROR: Can't kekulize mol.  Unkekulized atoms: 4 15 20
[11:37:55] Explicit valence for atom # 5 O, 3, is greater than permitted
[11:37:55] ERROR: Could not sanitize molecule ending on line 75
[11:37:55] ERROR: Explicit valence for atom # 5 O, 3, is greater than permitted
[11:37:55] Explicit valence for atom # 4 O, 3, is greater than permitted
[11:37:55] ERROR: Could not sanitize molecule ending on line 61
[11:37:55] ERROR: Explicit valence for atom # 4 O, 3, is greater than permitted
[11:37:55] Explicit valence for atom # 5 C, 5, is greater than permitted
[11:37:55] ERROR: Could not sanitize molecule ending on line 87
[11:37:55] ERROR: Explicit valence for atom # 5 C, 5, is greater than permitted
[11:37:55] Explicit valence for atom # 12 C, 6, is greater than permitted
[11:37:55] ERROR: Could not sanitize molecule ending on line 84
[11:37:55] ERROR: Explicit valence for atom # 12 C, 6, is greater than permitted
[11:37:55] Can't kekulize mol.  Unkekulized atoms: 1 3 5 11 18
[11:37:55] ERROR: Could not sanitize molecule ending on line 52
[11:37:55] ERROR: Can't kekulize mol.  Unkekulized atoms: 1 3 5 11 18
[11:37:55] Can't kekulize mol.  Unkekulized atoms: 0 5 9 10 13 16 28
[11:37:55] ERROR: Could not sanitize molecule ending on line 65
[11:37:55] ERROR: Can't kekulize mol.  Unkekulized atoms: 0 5 9 10 13 16 28
[11:37:55] Explicit valence for atom # 10 P, 6, is greater than permitted
[11:37:55] ERROR: Could not sanitize molecule ending on line 71
[11:37:55] ERROR: Explicit valence for atom # 10 P, 6, is greater than permitted
[11:37:55] Can't kekulize mol.  Unkekulized atoms: 2 3 8 12 16 20 31 37 40
[11:37:55] ERROR: Could not sanitize molecule ending on line 91
[11:37:55] ERROR: Can't kekulize mol.  Unkekulized atoms: 2 3 8 12 16 20 31 37 40
[11:37:55] Explicit valence for atom # 21 O, 3, is greater than permitted
[11:37:55] ERROR: Could not sanitize molecule ending on line 70
[11:37:55] ERROR: Explicit valence for atom # 21 O, 3, is greater than permitted
[11:37:55] Explicit valence for atom # 5 O, 3, is greater than permitted
[11:37:55] ERROR: Could not sanitize molecule ending on line 85
[11:37:55] ERROR: Explicit valence for atom # 5 O, 3, is greater than permitted
[11:37:55] Can't kekulize mol.  Unkekulized atoms: 7 10 11 15 16 18 23
[11:37:55] ERROR: Could not sanitize molecule ending on line 56
[11:37:55] ERROR: Can't kekulize mol.  Unkekulized atoms: 7 10 11 15 16 18 23
[11:37:55] Can't kekulize mol.  Unkekulized atoms: 2 4 9 10 11 16 17
[11:37:55] ERROR: Could not sanitize molecule ending on line 58
[11:37:55] ERROR: Can't kekulize mol.  Unkekulized atoms: 2 4 9 10 11 16 17
[11:37:55] Can't kekulize mol.  Unkekulized atoms: 2 3 8 14 16 18 20
[11:37:55] ERROR: Could not sanitize molecule ending on line 65
[11:37:55] ERROR: Can't kekulize mol.  Unkekulized atoms: 2 3 8 14 16 18 20
[11:37:55] Can't kekulize mol.  Unkekulized atoms: 22 23 27
[11:37:55] ERROR: Could not sanitize molecule ending on line 62
[11:37:55] ERROR: Can't kekulize mol.  Unkekulized atoms: 22 23 27
[11:37:55] Explicit valence for atom # 3 O, 3, is greater than permitted
[11:37:55] ERROR: Could not sanitize molecule ending on line 63
[11:37:55] ERROR: Explicit valence for atom # 3 O, 3, is greater than permitted
[11:37:55] Can't kekulize mol.  Unkekulized atoms: 1 2 5 6 7 8 9 11 12 15 16 17 19 20 22
[11:37:55] ERROR: Could not sanitize molecule ending on line 56
[11:37:55] ERROR: Can't kekulize mol.  Unkekulized atoms: 1 2 5 6 7 8 9 11 12 15 16 17 19 20 22
[11:37:55] Can't kekulize mol.  Unkekulized atoms: 1 3 6 10 11
[11:37:55] ERROR: Could not sanitize molecule ending on line 43
[11:37:55] ERROR: Can't kekulize mol.  Unkekulized atoms: 1 3 6 10 11
[11:37:55] Can't kekulize mol.  Unkekulized atoms: 4 8 21 23 25
[11:37:55] ERROR: Could not sanitize molecule ending on line 61
[11:37:55] ERROR: Can't kekulize mol.  Unkekulized atoms: 4 8 21 23 25
[11:37:55] Can't kekulize mol.  Unkekulized atoms: 2 5 7 17 19 29 32
[11:37:55] ERROR: Could not sanitize molecule ending on line 88
[11:37:55] ERROR: Can't kekulize mol.  Unkekulized atoms: 2 5 7 17 19 29 32
[11:37:55] Explicit valence for atom # 21 N, 4, is greater than permitted
[11:37:55] ERROR: Could not sanitize molecule ending on line 70
[11:37:55] ERROR: Explicit valence for atom # 21 N, 4, is greater than permitted
[11:37:55] Can't kekulize mol.  Unkekulized atoms: 0 1 4 5 8 9 10 13 14 15 17 18
[11:37:55] ERROR: Could not sanitize molecule ending on line 45
[11:37:55] ERROR: Can't kekulize mol.  Unkekulized atoms: 0 1 4 5 8 9 10 13 14 15 17 18
[11:37:55] Can't kekulize mol.  Unkekulized atoms: 0 1 2 6 9 10 12 14 15 16
[11:37:55] ERROR: Could not sanitize molecule ending on line 46
[11:37:55] ERROR: Can't kekulize mol.  Unkekulized atoms: 0 1 2 6 9 10 12 14 15 16
[11:37:55] Can't kekulize mol.  Unkekulized atoms: 0 1 2 3 4 5 8 10 12 13 16 19
[11:37:55] ERROR: Could not sanitize molecule ending on line 48
[11:37:55] ERROR: Can't kekulize mol.  Unkekulized atoms: 0 1 2 3 4 5 8 10 12 13 16 19
[11:37:55] Can't kekulize mol.  Unkekulized atoms: 0 2 3 4 6 7 9 11 13 14 15 16
[11:37:55] ERROR: Could not sanitize molecule ending on line 48
[11:37:55] ERROR: Can't kekulize mol.  Unkekulized atoms: 0 2 3 4 6 7 9 11 13 14 15 16
[11:37:55] Can't kekulize mol.  Unkekulized atoms: 2 11 13 18 20
[11:37:55] ERROR: Could not sanitize molecule ending on line 50
[11:37:55] ERROR: Can't kekulize mol.  Unkekulized atoms: 2 11 13 18 20
[11:37:55] Explicit valence for atom # 0 O, 3, is greater than permitted
[11:37:55] ERROR: Could not sanitize molecule ending on line 132
[11:37:55] ERROR: Explicit valence for atom # 0 O, 3, is greater than permitted
[11:37:55] Can't kekulize mol.  Unkekulized atoms: 7 10 14 21 24 25 36
[11:37:55] ERROR: Could not sanitize molecule ending on line 84
[11:37:55] ERROR: Can't kekulize mol.  Unkekulized atoms: 7 10 14 21 24 25 36
[11:37:55] Can't kekulize mol.  Unkekulized atoms: 1 2 4 7 10 12 13 25 29 30 32
[11:37:55] ERROR: Could not sanitize molecule ending on line 91
[11:37:55] ERROR: Can't kekulize mol.  Unkekulized atoms: 1 2 4 7 10 12 13 25 29 30 32
[11:37:55] Can't kekulize mol.  Unkekulized atoms: 7 15 31
[11:37:55] ERROR: Could not sanitize molecule ending on line 83
[11:37:55] ERROR: Can't kekulize mol.  Unkekulized atoms: 7 15 31
[11:37:55] Can't kekulize mol.  Unkekulized atoms: 4 11 15 17 40
[11:37:55] ERROR: Could not sanitize molecule ending on line 89
[11:37:55] ERROR: Can't kekulize mol.  Unkekulized atoms: 4 11 15 17 40
[11:37:55] Can't kekulize mol.  Unkekulized atoms: 4 8 22 29 31
[11:37:55] ERROR: Could not sanitize molecule ending on line 81
[11:37:55] ERROR: Can't kekulize mol.  Unkekulized atoms: 4 8 22 29 31
[11:37:55] Can't kekulize mol.  Unkekulized atoms: 6 11 26 30 31
[11:37:55] ERROR: Could not sanitize molecule ending on line 72
[11:37:55] ERROR: Can't kekulize mol.  Unkekulized atoms: 6 11 26 30 31
[11:37:55] Can't kekulize mol.  Unkekulized atoms: 3 9 18 28 29
[11:37:55] ERROR: Could not sanitize molecule ending on line 81
[11:37:55] ERROR: Can't kekulize mol.  Unkekulized atoms: 3 9 18 28 29
[11:37:55] Can't kekulize mol.  Unkekulized atoms: 10 13 17 28 33
[11:37:55] ERROR: Could not sanitize molecule ending on line 78
[11:37:55] ERROR: Can't kekulize mol.  Unkekulized atoms: 10 13 17 28 33
[11:37:55] Can't kekulize mol.  Unkekulized atoms: 3 9 18 22 30
[11:37:55] ERROR: Could not sanitize molecule ending on line 80
[11:37:55] ERROR: Can't kekulize mol.  Unkekulized atoms: 3 9 18 22 30
[11:37:55] Can't kekulize mol.  Unkekulized atoms: 0 8 15 18 24
[11:37:55] ERROR: Could not sanitize molecule ending on line 75
[11:37:55] ERROR: Can't kekulize mol.  Unkekulized atoms: 0 8 15 18 24
[11:37:55] Can't kekulize mol.  Unkekulized atoms: 1 4 8 12 13 14 21 25 33
[11:37:55] ERROR: Could not sanitize molecule ending on line 78
[11:37:55] ERROR: Can't kekulize mol.  Unkekulized atoms: 1 4 8 12 13 14 21 25 33
[11:37:55] Explicit valence for atom # 7 C, 5, is greater than permitted
[11:37:55] ERROR: Could not sanitize molecule ending on line 104
[11:37:55] ERROR: Explicit valence for atom # 7 C, 5, is greater than permitted
[11:37:55] Explicit valence for atom # 1 N, 4, is greater than permitted
[11:37:55] ERROR: Could not sanitize molecule ending on line 88
[11:37:55] ERROR: Explicit valence for atom # 1 N, 4, is greater than permitted
[11:37:55] Can't kekulize mol.  Unkekulized atoms: 1 6 8 13 18
[11:37:55] ERROR: Could not sanitize molecule ending on line 78
[11:37:55] ERROR: Can't kekulize mol.  Unkekulized atoms: 1 6 8 13 18
[11:37:55] Can't kekulize mol.  Unkekulized atoms: 5 7 14 16 18 22 25 38 39
[11:37:55] ERROR: Could not sanitize molecule ending on line 95
[11:37:55] ERROR: Can't kekulize mol.  Unkekulized atoms: 5 7 14 16 18 22 25 38 39
[11:37:55] Can't kekulize mol.  Unkekulized atoms: 0 8 15 20 22
[11:37:55] ERROR: Could not sanitize molecule ending on line 58
[11:37:55] ERROR: Can't kekulize mol.  Unkekulized atoms: 0 8 15 20 22
[11:37:55] Can't kekulize mol.  Unkekulized atoms: 7 14 15 18 19 22 23
[11:37:55] ERROR: Could not sanitize molecule ending on line 54
[11:37:55] ERROR: Can't kekulize mol.  Unkekulized atoms: 7 14 15 18 19 22 23
[11:37:55] Explicit valence for atom # 6 C, 5, is greater than permitted
[11:37:55] ERROR: Could not sanitize molecule ending on line 27
[11:37:55] ERROR: Explicit valence for atom # 6 C, 5, is greater than permitted
[11:37:55] Explicit valence for atom # 9 C, 5, is greater than permitted
[11:37:55] ERROR: Could not sanitize molecule ending on line 42
[11:37:55] ERROR: Explicit valence for atom # 9 C, 5, is greater than permitted
[11:37:55] Explicit valence for atom # 24 O, 3, is greater than permitted
[11:37:55] ERROR: Could not sanitize molecule ending on line 84
[11:37:55] ERROR: Explicit valence for atom # 24 O, 3, is greater than permitted
[11:37:55] Explicit valence for atom # 36 N, 4, is greater than permitted
[11:37:55] ERROR: Could not sanitize molecule ending on line 93
[11:37:55] ERROR: Explicit valence for atom # 36 N, 4, is greater than permitted
[11:37:55] Can't kekulize mol.  Unkekulized atoms: 3 7 9 14 16 17 19 20 21
[11:37:55] ERROR: Could not sanitize molecule ending on line 56
[11:37:55] ERROR: Can't kekulize mol.  Unkekulized atoms: 3 7 9 14 16 17 19 20 21
[11:37:55] Explicit valence for atom # 21 C, 5, is greater than permitted
[11:37:55] ERROR: Could not sanitize molecule ending on line 76
[11:37:55] ERROR: Explicit valence for atom # 21 C, 5, is greater than permitted
[11:37:55] Explicit valence for atom # 14 N, 4, is greater than permitted
[11:37:55] ERROR: Could not sanitize molecule ending on line 65
[11:37:55] ERROR: Explicit valence for atom # 14 N, 4, is greater than permitted
[11:37:55] Can't kekulize mol.  Unkekulized atoms: 5 8 10 11 12 14 16 17 18 22 24
[11:37:55] ERROR: Could not sanitize molecule ending on line 60
[11:37:55] ERROR: Can't kekulize mol.  Unkekulized atoms: 5 8 10 11 12 14 16 17 18 22 24
[11:37:55] Can't kekulize mol.  Unkekulized atoms: 2 7 8 10 11 12 13 14 15 18 19
[11:37:55] ERROR: Could not sanitize molecule ending on line 50
[11:37:55] ERROR: Can't kekulize mol.  Unkekulized atoms: 2 7 8 10 11 12 13 14 15 18 19
[11:37:55] Explicit valence for atom # 5 N, 4, is greater than permitted
[11:37:55] ERROR: Could not sanitize molecule ending on line 55
[11:37:55] ERROR: Explicit valence for atom # 5 N, 4, is greater than permitted
[11:37:55] Can't kekulize mol.  Unkekulized atoms: 2 4 6 7 8 11 12 13 14 15 18
[11:37:55] ERROR: Could not sanitize molecule ending on line 48
[11:37:55] ERROR: Can't kekulize mol.  Unkekulized atoms: 2 4 6 7 8 11 12 13 14 15 18
[11:37:55] Explicit valence for atom # 10 O, 3, is greater than permitted
[11:37:55] ERROR: Could not sanitize molecule ending on line 80
[11:37:55] ERROR: Explicit valence for atom # 10 O, 3, is greater than permitted
[11:37:55] Explicit valence for atom # 4 O, 3, is greater than permitted
[11:37:55] ERROR: Could not sanitize molecule ending on line 65
[11:37:55] ERROR: Explicit valence for atom # 4 O, 3, is greater than permitted
[11:37:55] Can't kekulize mol.  Unkekulized atoms: 6 9 13 14 22 24 27
[11:37:55] ERROR: Could not sanitize molecule ending on line 67
[11:37:55] ERROR: Can't kekulize mol.  Unkekulized atoms: 6 9 13 14 22 24 27
[11:37:55] Can't kekulize mol.  Unkekulized atoms: 5 10 20 26 28
[11:37:55] ERROR: Could not sanitize molecule ending on line 69
[11:37:55] ERROR: Can't kekulize mol.  Unkekulized atoms: 5 10 20 26 28
[11:37:55] Can't kekulize mol.  Unkekulized atoms: 1 3 6 7 10 12 16 20 24
[11:37:55] ERROR: Could not sanitize molecule ending on line 68
[11:37:55] ERROR: Can't kekulize mol.  Unkekulized atoms: 1 3 6 7 10 12 16 20 24
[11:37:55] Explicit valence for atom # 8 O, 3, is greater than permitted
[11:37:55] ERROR: Could not sanitize molecule ending on line 64
[11:37:55] ERROR: Explicit valence for atom # 8 O, 3, is greater than permitted
[11:37:55] Explicit valence for atom # 9 O, 3, is greater than permitted
[11:37:55] ERROR: Could not sanitize molecule ending on line 68
[11:37:55] ERROR: Explicit valence for atom # 9 O, 3, is greater than permitted
[11:37:55] Can't kekulize mol.  Unkekulized atoms: 10 15 16 18 19
[11:37:55] ERROR: Could not sanitize molecule ending on line 46
[11:37:55] ERROR: Can't kekulize mol.  Unkekulized atoms: 10 15 16 18 19
[11:37:55] Can't kekulize mol.  Unkekulized atoms: 0 13 14 18 20
[11:37:55] ERROR: Could not sanitize molecule ending on line 59
[11:37:55] ERROR: Can't kekulize mol.  Unkekulized atoms: 0 13 14 18 20
[11:37:55] Can't kekulize mol.  Unkekulized atoms: 3 4 8 10 11 12 27
[11:37:55] ERROR: Could not sanitize molecule ending on line 67
[11:37:55] ERROR: Can't kekulize mol.  Unkekulized atoms: 3 4 8 10 11 12 27
[11:37:55] Can't kekulize mol.  Unkekulized atoms: 7 11 12 13 15 21 23
[11:37:55] ERROR: Could not sanitize molecule ending on line 61
[11:37:55] ERROR: Can't kekulize mol.  Unkekulized atoms: 7 11 12 13 15 21 23
[11:37:55] Can't kekulize mol.  Unkekulized atoms: 9 13 15 24 25 26 28
[11:37:55] ERROR: Could not sanitize molecule ending on line 65
[11:37:55] ERROR: Can't kekulize mol.  Unkekulized atoms: 9 13 15 24 25 26 28
[11:37:55] Explicit valence for atom # 17 O, 2, is greater than permitted
[11:37:55] ERROR: Could not sanitize molecule ending on line 68
[11:37:55] ERROR: Explicit valence for atom # 17 O, 2, is greater than permitted
[11:37:55] Explicit valence for atom # 15 O, 3, is greater than permitted
[11:37:55] ERROR: Could not sanitize molecule ending on line 56
[11:37:55] ERROR: Explicit valence for atom # 15 O, 3, is greater than permitted
[11:37:55] Can't kekulize mol.  Unkekulized atoms: 1 2 10 15 16
[11:37:55] ERROR: Could not sanitize molecule ending on line 60
[11:37:55] ERROR: Can't kekulize mol.  Unkekulized atoms: 1 2 10 15 16
[11:37:55] Explicit valence for atom # 5 O, 4, is greater than permitted
[11:37:55] ERROR: Could not sanitize molecule ending on line 69
[11:37:55] ERROR: Explicit valence for atom # 5 O, 4, is greater than permitted
[11:37:55] Explicit valence for atom # 16 O, 3, is greater than permitted
[11:37:55] ERROR: Could not sanitize molecule ending on line 69
[11:37:55] ERROR: Explicit valence for atom # 16 O, 3, is greater than permitted
[11:37:55] Can't kekulize mol.  Unkekulized atoms: 4 11 13 15 17
[11:37:55] ERROR: Could not sanitize molecule ending on line 55
[11:37:55] ERROR: Can't kekulize mol.  Unkekulized atoms: 4 11 13 15 17
[11:37:55] Explicit valence for atom # 5 P, 6, is greater than permitted
[11:37:55] ERROR: Could not sanitize molecule ending on line 76
[11:37:55] ERROR: Explicit valence for atom # 5 P, 6, is greater than permitted
[11:37:55] Explicit valence for atom # 5 O, 3, is greater than permitted
[11:37:55] ERROR: Could not sanitize molecule ending on line 72
[11:37:55] ERROR: Explicit valence for atom # 5 O, 3, is greater than permitted
[11:37:55] Can't kekulize mol.  Unkekulized atoms: 3 11 15 21 24 25 36 40 42
[11:37:55] ERROR: Could not sanitize molecule ending on line 101
[11:37:55] ERROR: Can't kekulize mol.  Unkekulized atoms: 3 11 15 21 24 25 36 40 42
[11:37:55] Explicit valence for atom # 6 O, 3, is greater than permitted
[11:37:55] ERROR: Could not sanitize molecule ending on line 72
[11:37:55] ERROR: Explicit valence for atom # 6 O, 3, is greater than permitted
[11:37:55] Explicit valence for atom # 11 C, 5, is greater than permitted
[11:37:55] ERROR: Could not sanitize molecule ending on line 82
[11:37:55] ERROR: Explicit valence for atom # 11 C, 5, is greater than permitted
[11:37:55] Can't kekulize mol.  Unkekulized atoms: 3 9 13 15 16
[11:37:55] ERROR: Could not sanitize molecule ending on line 47
[11:37:55] ERROR: Can't kekulize mol.  Unkekulized atoms: 3 9 13 15 16
[11:37:55] Explicit valence for atom # 11 O, 3, is greater than permitted
[11:37:55] ERROR: Could not sanitize molecule ending on line 70
[11:37:55] ERROR: Explicit valence for atom # 11 O, 3, is greater than permitted
[11:37:55] Can't kekulize mol.  Unkekulized atoms: 2 7 10 13 19
[11:37:55] ERROR: Could not sanitize molecule ending on line 46
[11:37:55] ERROR: Can't kekulize mol.  Unkekulized atoms: 2 7 10 13 19
[11:37:55] Can't kekulize mol.  Unkekulized atoms: 7 8 19
[11:37:55] ERROR: Could not sanitize molecule ending on line 81
[11:37:55] ERROR: Can't kekulize mol.  Unkekulized atoms: 7 8 19
[11:37:55] Explicit valence for atom # 5 C, 5, is greater than permitted
[11:37:55] ERROR: Could not sanitize molecule ending on line 50
[11:37:55] ERROR: Explicit valence for atom # 5 C, 5, is greater than permitted
[11:37:55] Can't kekulize mol.  Unkekulized atoms: 2 3 4 5 6 12 13 14 15
[11:37:55] ERROR: Could not sanitize molecule ending on line 47
[11:37:55] ERROR: Can't kekulize mol.  Unkekulized atoms: 2 3 4 5 6 12 13 14 15
[11:37:55] Explicit valence for atom # 2 O, 3, is greater than permitted
[11:37:55] ERROR: Could not sanitize molecule ending on line 85
[11:37:55] ERROR: Explicit valence for atom # 2 O, 3, is greater than permitted
[11:37:55] Explicit valence for atom # 9 C, 5, is greater than permitted
[11:37:55] ERROR: Could not sanitize molecule ending on line 64
[11:37:55] ERROR: Explicit valence for atom # 9 C, 5, is greater than permitted
[11:37:55] Explicit valence for atom # 12 C, 5, is greater than permitted
[11:37:55] ERROR: Could not sanitize molecule ending on line 87
[11:37:55] ERROR: Explicit valence for atom # 12 C, 5, is greater than permitted
[11:37:55] Explicit valence for atom # 22 C, 5, is greater than permitted
[11:37:55] ERROR: Could not sanitize molecule ending on line 77
[11:37:55] ERROR: Explicit valence for atom # 22 C, 5, is greater than permitted
[11:37:55] Explicit valence for atom # 5 C, 5, is greater than permitted
[11:37:55] ERROR: Could not sanitize molecule ending on line 47
[11:37:55] ERROR: Explicit valence for atom # 5 C, 5, is greater than permitted
[11:37:55] Explicit valence for atom # 7 C, 5, is greater than permitted
[11:37:55] ERROR: Could not sanitize molecule ending on line 60
[11:37:55] ERROR: Explicit valence for atom # 7 C, 5, is greater than permitted
[11:37:55] Explicit valence for atom # 5 C, 5, is greater than permitted
[11:37:55] ERROR: Could not sanitize molecule ending on line 76
[11:37:55] ERROR: Explicit valence for atom # 5 C, 5, is greater than permitted
[11:37:55] Explicit valence for atom # 9 C, 5, is greater than permitted
[11:37:55] ERROR: Could not sanitize molecule ending on line 96
[11:37:55] ERROR: Explicit valence for atom # 9 C, 5, is greater than permitted
[11:37:55] Can't kekulize mol.  Unkekulized atoms: 1 2 4 5 6 9 10 12 13 15 16
[11:37:55] ERROR: Could not sanitize molecule ending on line 43
[11:37:55] ERROR: Can't kekulize mol.  Unkekulized atoms: 1 2 4 5 6 9 10 12 13 15 16
[11:37:55] Explicit valence for atom # 25 N, 4, is greater than permitted
[11:37:55] ERROR: Could not sanitize molecule ending on line 65
[11:37:55] ERROR: Explicit valence for atom # 25 N, 4, is greater than permitted
[11:37:55] Explicit valence for atom # 11 C, 5, is greater than permitted
[11:37:55] ERROR: Could not sanitize molecule ending on line 40
[11:37:55] ERROR: Explicit valence for atom # 11 C, 5, is greater than permitted
[11:37:55] Explicit valence for atom # 7 C, 5, is greater than permitted
[11:37:55] ERROR: Could not sanitize molecule ending on line 61
[11:37:55] ERROR: Explicit valence for atom # 7 C, 5, is greater than permitted
[11:37:55] Explicit valence for atom # 4 O, 3, is greater than permitted
[11:37:55] ERROR: Could not sanitize molecule ending on line 45
[11:37:55] ERROR: Explicit valence for atom # 4 O, 3, is greater than permitted
[11:37:55] Explicit valence for atom # 7 C, 5, is greater than permitted
[11:37:55] ERROR: Could not sanitize molecule ending on line 51
[11:37:55] ERROR: Explicit valence for atom # 7 C, 5, is greater than permitted
[11:37:55] Explicit valence for atom # 0 C, 5, is greater than permitted
[11:37:55] ERROR: Could not sanitize molecule ending on line 27
[11:37:55] ERROR: Explicit valence for atom # 0 C, 5, is greater than permitted
[11:37:55] Explicit valence for atom # 25 C, 5, is greater than permitted
[11:37:55] ERROR: Could not sanitize molecule ending on line 63
[11:37:55] ERROR: Explicit valence for atom # 25 C, 5, is greater than permitted
[11:37:55] Can't kekulize mol.  Unkekulized atoms: 0 5 7 10 11 12 15 16 17
[11:37:55] ERROR: Could not sanitize molecule ending on line 43
[11:37:55] ERROR: Can't kekulize mol.  Unkekulized atoms: 0 5 7 10 11 12 15 16 17
[11:37:55] Can't kekulize mol.  Unkekulized atoms: 0 2 11 18 23
[11:37:55] ERROR: Could not sanitize molecule ending on line 65
[11:37:55] ERROR: Can't kekulize mol.  Unkekulized atoms: 0 2 11 18 23
[11:37:55] Can't kekulize mol.  Unkekulized atoms: 0 4 5 9 10 13 15
[11:37:55] ERROR: Could not sanitize molecule ending on line 48
[11:37:55] ERROR: Can't kekulize mol.  Unkekulized atoms: 0 4 5 9 10 13 15
[11:37:55] Can't kekulize mol.  Unkekulized atoms: 0 1 9 10 12
[11:37:55] ERROR: Could not sanitize molecule ending on line 41
[11:37:55] ERROR: Can't kekulize mol.  Unkekulized atoms: 0 1 9 10 12
[11:37:55] Can't kekulize mol.  Unkekulized atoms: 11 14 17 18 32 34 36 38 43
[11:37:55] ERROR: Could not sanitize molecule ending on line 122
[11:37:55] ERROR: Can't kekulize mol.  Unkekulized atoms: 11 14 17 18 32 34 36 38 43
[11:37:55] Explicit valence for atom # 15 N, 4, is greater than permitted
[11:37:55] ERROR: Could not sanitize molecule ending on line 38
[11:37:55] ERROR: Explicit valence for atom # 15 N, 4, is greater than permitted
[11:37:55] Can't kekulize mol.  Unkekulized atoms: 0 4 5 6 7 21 22 23 25
[11:37:55] ERROR: Could not sanitize molecule ending on line 60
[11:37:55] ERROR: Can't kekulize mol.  Unkekulized atoms: 0 4 5 6 7 21 22 23 25
[11:37:55] Can't kekulize mol.  Unkekulized atoms: 1 11 13 14 16 17 20
[11:37:55] ERROR: Could not sanitize molecule ending on line 54
[11:37:55] ERROR: Can't kekulize mol.  Unkekulized atoms: 1 11 13 14 16 17 20
[11:37:55] Explicit valence for atom # 12 O, 3, is greater than permitted
[11:37:55] ERROR: Could not sanitize molecule ending on line 67
[11:37:55] ERROR: Explicit valence for atom # 12 O, 3, is greater than permitted
[11:37:55] Explicit valence for atom # 22 O, 3, is greater than permitted
[11:37:55] ERROR: Could not sanitize molecule ending on line 64
[11:37:55] ERROR: Explicit valence for atom # 22 O, 3, is greater than permitted
[11:37:55] Can't kekulize mol.  Unkekulized atoms: 2 6 9 12 13
[11:37:55] ERROR: Could not sanitize molecule ending on line 48
[11:37:55] ERROR: Can't kekulize mol.  Unkekulized atoms: 2 6 9 12 13
[11:37:55] Can't kekulize mol.  Unkekulized atoms: 0 1 4 7 15
[11:37:55] ERROR: Could not sanitize molecule ending on line 45
[11:37:55] ERROR: Can't kekulize mol.  Unkekulized atoms: 0 1 4 7 15
[11:37:55] Can't kekulize mol.  Unkekulized atoms: 6 14 20
[11:37:55] ERROR: Could not sanitize molecule ending on line 48
[11:37:55] ERROR: Can't kekulize mol.  Unkekulized atoms: 6 14 20
[11:37:55] Explicit valence for atom # 2 C, 6, is greater than permitted
[11:37:55] ERROR: Could not sanitize molecule ending on line 64
[11:37:55] ERROR: Explicit valence for atom # 2 C, 6, is greater than permitted
[11:37:55] Explicit valence for atom # 1 N, 6, is greater than permitted
[11:37:55] ERROR: Could not sanitize molecule ending on line 74
[11:37:55] ERROR: Explicit valence for atom # 1 N, 6, is greater than permitted
[11:37:55] Can't kekulize mol.  Unkekulized atoms: 0 3 5 12 15
[11:37:55] ERROR: Could not sanitize molecule ending on line 43
[11:37:55] ERROR: Can't kekulize mol.  Unkekulized atoms: 0 3 5 12 15
[11:37:55] Explicit valence for atom # 13 O, 4, is greater than permitted
[11:37:55] ERROR: Could not sanitize molecule ending on line 77
[11:37:55] ERROR: Explicit valence for atom # 13 O, 4, is greater than permitted
[11:37:55] Explicit valence for atom # 6 O, 4, is greater than permitted
[11:37:55] ERROR: Could not sanitize molecule ending on line 66
[11:37:55] ERROR: Explicit valence for atom # 6 O, 4, is greater than permitted
[11:37:55] Explicit valence for atom # 2 O, 3, is greater than permitted
[11:37:55] ERROR: Could not sanitize molecule ending on line 86
[11:37:55] ERROR: Explicit valence for atom # 2 O, 3, is greater than permitted
[11:37:55] Explicit valence for atom # 4 P, 6, is greater than permitted
[11:37:55] ERROR: Could not sanitize molecule ending on line 66
[11:37:55] ERROR: Explicit valence for atom # 4 P, 6, is greater than permitted
[11:37:55] Explicit valence for atom # 6 C, 7, is greater than permitted
[11:37:55] ERROR: Could not sanitize molecule ending on line 61
[11:37:55] ERROR: Explicit valence for atom # 6 C, 7, is greater than permitted
[11:37:55] Can't kekulize mol.  Unkekulized atoms: 7 8 9 16 24
[11:37:55] ERROR: Could not sanitize molecule ending on line 57
[11:37:55] ERROR: Can't kekulize mol.  Unkekulized atoms: 7 8 9 16 24
[11:37:55] Can't kekulize mol.  Unkekulized atoms: 0 6 9 19 25
[11:37:55] ERROR: Could not sanitize molecule ending on line 61
[11:37:55] ERROR: Can't kekulize mol.  Unkekulized atoms: 0 6 9 19 25
[11:37:55] Can't kekulize mol.  Unkekulized atoms: 2 3 4 6 8
[11:37:55] ERROR: Could not sanitize molecule ending on line 32
[11:37:55] ERROR: Can't kekulize mol.  Unkekulized atoms: 2 3 4 6 8
[11:37:55] Can't kekulize mol.  Unkekulized atoms: 0 2 3 7 10
[11:37:55] ERROR: Could not sanitize molecule ending on line 32
[11:37:55] ERROR: Can't kekulize mol.  Unkekulized atoms: 0 2 3 7 10
[11:37:55] Can't kekulize mol.  Unkekulized atoms: 3 6 10 13 17 19 23
[11:37:55] ERROR: Could not sanitize molecule ending on line 56
[11:37:55] ERROR: Can't kekulize mol.  Unkekulized atoms: 3 6 10 13 17 19 23
[11:37:55] Can't kekulize mol.  Unkekulized atoms: 0 1 11
[11:37:55] ERROR: Could not sanitize molecule ending on line 32
[11:37:55] ERROR: Can't kekulize mol.  Unkekulized atoms: 0 1 11
[11:37:55] Explicit valence for atom # 11 O, 3, is greater than permitted
[11:37:55] ERROR: Could not sanitize molecule ending on line 39
[11:37:55] ERROR: Explicit valence for atom # 11 O, 3, is greater than permitted
[11:37:55] Explicit valence for atom # 2 C, 5, is greater than permitted
[11:37:55] ERROR: Could not sanitize molecule ending on line 45
[11:37:55] ERROR: Explicit valence for atom # 2 C, 5, is greater than permitted
[11:37:55] Explicit valence for atom # 0 C, 5, is greater than permitted
[11:37:55] ERROR: Could not sanitize molecule ending on line 41
[11:37:55] ERROR: Explicit valence for atom # 0 C, 5, is greater than permitted
[11:37:55] Explicit valence for atom # 1 C, 5, is greater than permitted
[11:37:55] ERROR: Could not sanitize molecule ending on line 28
[11:37:55] ERROR: Explicit valence for atom # 1 C, 5, is greater than permitted
[11:37:55] Explicit valence for atom # 22 O, 4, is greater than permitted
[11:37:55] ERROR: Could not sanitize molecule ending on line 84
[11:37:55] ERROR: Explicit valence for atom # 22 O, 4, is greater than permitted
[11:37:55] Explicit valence for atom # 5 N, 4, is greater than permitted
[11:37:55] ERROR: Could not sanitize molecule ending on line 24
[11:37:55] ERROR: Explicit valence for atom # 5 N, 4, is greater than permitted
[11:37:55] Explicit valence for atom # 23 C, 5, is greater than permitted
[11:37:55] ERROR: Could not sanitize molecule ending on line 70
[11:37:55] ERROR: Explicit valence for atom # 23 C, 5, is greater than permitted
[11:37:55] Explicit valence for atom # 20 C, 5, is greater than permitted
[11:37:55] ERROR: Could not sanitize molecule ending on line 59
[11:37:55] ERROR: Explicit valence for atom # 20 C, 5, is greater than permitted
[11:37:55] Explicit valence for atom # 8 C, 5, is greater than permitted
[11:37:55] ERROR: Could not sanitize molecule ending on line 49
[11:37:55] ERROR: Explicit valence for atom # 8 C, 5, is greater than permitted
[11:37:55] Explicit valence for atom # 12 C, 5, is greater than permitted
[11:37:55] ERROR: Could not sanitize molecule ending on line 39
[11:37:55] ERROR: Explicit valence for atom # 12 C, 5, is greater than permitted
[11:37:55] Explicit valence for atom # 8 C, 5, is greater than permitted
[11:37:55] ERROR: Could not sanitize molecule ending on line 80
[11:37:55] ERROR: Explicit valence for atom # 8 C, 5, is greater than permitted
[11:37:55] Explicit valence for atom # 3 C, 5, is greater than permitted
[11:37:55] ERROR: Could not sanitize molecule ending on line 44
[11:37:55] ERROR: Explicit valence for atom # 3 C, 5, is greater than permitted
[11:37:55] Explicit valence for atom # 20 C, 5, is greater than permitted
[11:37:55] ERROR: Could not sanitize molecule ending on line 58
[11:37:55] ERROR: Explicit valence for atom # 20 C, 5, is greater than permitted
[11:37:55] Can't kekulize mol.  Unkekulized atoms: 0 3 5 7 8
[11:37:55] ERROR: Could not sanitize molecule ending on line 40
[11:37:55] ERROR: Can't kekulize mol.  Unkekulized atoms: 0 3 5 7 8
[11:37:55] Can't kekulize mol.  Unkekulized atoms: 1 4 5 9 13
[11:37:55] ERROR: Could not sanitize molecule ending on line 46
[11:37:55] ERROR: Can't kekulize mol.  Unkekulized atoms: 1 4 5 9 13
[11:37:55] Can't kekulize mol.  Unkekulized atoms: 3 6 8 12 13
[11:37:55] ERROR: Could not sanitize molecule ending on line 37
[11:37:55] ERROR: Can't kekulize mol.  Unkekulized atoms: 3 6 8 12 13
[11:37:55] Explicit valence for atom # 3 C, 5, is greater than permitted
[11:37:55] ERROR: Could not sanitize molecule ending on line 25
[11:37:55] ERROR: Explicit valence for atom # 3 C, 5, is greater than permitted
[11:37:55] Explicit valence for atom # 2 O, 3, is greater than permitted
[11:37:55] ERROR: Could not sanitize molecule ending on line 27
[11:37:55] ERROR: Explicit valence for atom # 2 O, 3, is greater than permitted
[11:37:55] Can't kekulize mol.  Unkekulized atoms: 0 5 6 7 9 10 11
[11:37:55] ERROR: Could not sanitize molecule ending on line 34
[11:37:55] ERROR: Can't kekulize mol.  Unkekulized atoms: 0 5 6 7 9 10 11
[11:37:55] Explicit valence for atom # 4 C, 5, is greater than permitted
[11:37:55] ERROR: Could not sanitize molecule ending on line 55
[11:37:55] ERROR: Explicit valence for atom # 4 C, 5, is greater than permitted
[11:37:55] Explicit valence for atom # 32 C, 5, is greater than permitted
[11:37:55] ERROR: Could not sanitize molecule ending on line 77
[11:37:55] ERROR: Explicit valence for atom # 32 C, 5, is greater than permitted
[11:37:55] Explicit valence for atom # 8 O, 3, is greater than permitted
[11:37:55] ERROR: Could not sanitize molecule ending on line 59
[11:37:55] ERROR: Explicit valence for atom # 8 O, 3, is greater than permitted
[11:37:55] Explicit valence for atom # 3 C, 5, is greater than permitted
[11:37:55] ERROR: Could not sanitize molecule ending on line 94
[11:37:55] ERROR: Explicit valence for atom # 3 C, 5, is greater than permitted
[11:37:55] Explicit valence for atom # 15 O, 2, is greater than permitted
[11:37:55] ERROR: Could not sanitize molecule ending on line 38
[11:37:55] ERROR: Explicit valence for atom # 15 O, 2, is greater than permitted
[11:37:55] Explicit valence for atom # 23 O, 3, is greater than permitted
[11:37:55] ERROR: Could not sanitize molecule ending on line 64
[11:37:55] ERROR: Explicit valence for atom # 23 O, 3, is greater than permitted
[11:37:55] Can't kekulize mol.  Unkekulized atoms: 1 2 6
[11:37:55] ERROR: Could not sanitize molecule ending on line 60
[11:37:55] ERROR: Can't kekulize mol.  Unkekulized atoms: 1 2 6
[11:37:55] Explicit valence for atom # 0 N, 4, is greater than permitted
[11:37:55] ERROR: Could not sanitize molecule ending on line 55
[11:37:55] ERROR: Explicit valence for atom # 0 N, 4, is greater than permitted
[11:37:55] Can't kekulize mol.  Unkekulized atoms: 9 13 16
[11:37:55] ERROR: Could not sanitize molecule ending on line 40
[11:37:55] ERROR: Can't kekulize mol.  Unkekulized atoms: 9 13 16
[11:37:55] Explicit valence for atom # 19 N, 4, is greater than permitted
[11:37:55] ERROR: Could not sanitize molecule ending on line 84
[11:37:55] ERROR: Explicit valence for atom # 19 N, 4, is greater than permitted
[11:37:55] Can't kekulize mol.  Unkekulized atoms: 12 13 14 22 25
[11:37:55] ERROR: Could not sanitize molecule ending on line 64
[11:37:55] ERROR: Can't kekulize mol.  Unkekulized atoms: 12 13 14 22 25
[11:37:55] Can't kekulize mol.  Unkekulized atoms: 7 13 14 16 17
[11:37:55] ERROR: Could not sanitize molecule ending on line 46
[11:37:55] ERROR: Can't kekulize mol.  Unkekulized atoms: 7 13 14 16 17
[11:37:55] Explicit valence for atom # 17 N, 4, is greater than permitted
[11:37:55] ERROR: Could not sanitize molecule ending on line 55
[11:37:55] ERROR: Explicit valence for atom # 17 N, 4, is greater than permitted
[11:37:55] Explicit valence for atom # 2 C, 5, is greater than permitted
[11:37:55] ERROR: Could not sanitize molecule ending on line 44
[11:37:55] ERROR: Explicit valence for atom # 2 C, 5, is greater than permitted
[11:37:55] Can't kekulize mol.  Unkekulized atoms: 1 9 18
[11:37:55] ERROR: Could not sanitize molecule ending on line 48
[11:37:55] ERROR: Can't kekulize mol.  Unkekulized atoms: 1 9 18
[11:37:55] Explicit valence for atom # 1 C, 5, is greater than permitted
[11:37:55] ERROR: Could not sanitize molecule ending on line 33
[11:37:55] ERROR: Explicit valence for atom # 1 C, 5, is greater than permitted
[11:37:55] Explicit valence for atom # 2 C, 5, is greater than permitted
[11:37:55] ERROR: Could not sanitize molecule ending on line 53
[11:37:55] ERROR: Explicit valence for atom # 2 C, 5, is greater than permitted
[11:37:55] Explicit valence for atom # 4 N, 4, is greater than permitted
[11:37:55] ERROR: Could not sanitize molecule ending on line 42
[11:37:55] ERROR: Explicit valence for atom # 4 N, 4, is greater than permitted
[11:37:55] Can't kekulize mol.  Unkekulized atoms: 1 8 9 16 18 21 31
[11:37:55] ERROR: Could not sanitize molecule ending on line 78
[11:37:55] ERROR: Can't kekulize mol.  Unkekulized atoms: 1 8 9 16 18 21 31
[11:37:55] Explicit valence for atom # 3 P, 6, is greater than permitted
[11:37:55] ERROR: Could not sanitize molecule ending on line 63
[11:37:55] ERROR: Explicit valence for atom # 3 P, 6, is greater than permitted
[11:37:55] Can't kekulize mol.  Unkekulized atoms: 0 6 7 9 10 12 23
[11:37:55] ERROR: Could not sanitize molecule ending on line 63
[11:37:55] ERROR: Can't kekulize mol.  Unkekulized atoms: 0 6 7 9 10 12 23
[11:37:55] Explicit valence for atom # 22 O, 3, is greater than permitted
[11:37:55] ERROR: Could not sanitize molecule ending on line 73
[11:37:55] ERROR: Explicit valence for atom # 22 O, 3, is greater than permitted
[11:37:55] Explicit valence for atom # 11 O, 3, is greater than permitted
[11:37:55] ERROR: Could not sanitize molecule ending on line 55
[11:37:55] ERROR: Explicit valence for atom # 11 O, 3, is greater than permitted
[11:37:55] Explicit valence for atom # 3 O, 3, is greater than permitted
[11:37:55] ERROR: Could not sanitize molecule ending on line 62
[11:37:55] ERROR: Explicit valence for atom # 3 O, 3, is greater than permitted
[11:37:55] Explicit valence for atom # 5 O, 3, is greater than permitted
[11:37:55] ERROR: Could not sanitize molecule ending on line 63
[11:37:55] ERROR: Explicit valence for atom # 5 O, 3, is greater than permitted
[11:37:55] Explicit valence for atom # 25 O, 4, is greater than permitted
[11:37:55] ERROR: Could not sanitize molecule ending on line 67
[11:37:55] ERROR: Explicit valence for atom # 25 O, 4, is greater than permitted
[11:37:55] Can't kekulize mol.  Unkekulized atoms: 2
[11:37:55] ERROR: Could not sanitize molecule ending on line 59
[11:37:55] ERROR: Can't kekulize mol.  Unkekulized atoms: 2
[11:37:55] Can't kekulize mol.  Unkekulized atoms: 1 19 27
[11:37:55] ERROR: Could not sanitize molecule ending on line 65
[11:37:55] ERROR: Can't kekulize mol.  Unkekulized atoms: 1 19 27
[11:37:55] Explicit valence for atom # 3 O, 3, is greater than permitted
[11:37:55] ERROR: Could not sanitize molecule ending on line 67
[11:37:55] ERROR: Explicit valence for atom # 3 O, 3, is greater than permitted
[11:37:55] Explicit valence for atom # 17 O, 3, is greater than permitted
[11:37:55] ERROR: Could not sanitize molecule ending on line 66
[11:37:55] ERROR: Explicit valence for atom # 17 O, 3, is greater than permitted
[11:37:55] Can't kekulize mol.  Unkekulized atoms: 2 9 11 12 15 17 21
[11:37:55] ERROR: Could not sanitize molecule ending on line 62
[11:37:55] ERROR: Can't kekulize mol.  Unkekulized atoms: 2 9 11 12 15 17 21
[11:37:55] Can't kekulize mol.  Unkekulized atoms: 5 6 10 21 24 25 26
[11:37:55] ERROR: Could not sanitize molecule ending on line 63
[11:37:55] ERROR: Can't kekulize mol.  Unkekulized atoms: 5 6 10 21 24 25 26
[11:37:55] Can't kekulize mol.  Unkekulized atoms: 0 13 17 19 21 24 25
[11:37:55] ERROR: Could not sanitize molecule ending on line 60
[11:37:55] ERROR: Can't kekulize mol.  Unkekulized atoms: 0 13 17 19 21 24 25
[11:37:55] Can't kekulize mol.  Unkekulized atoms: 7 15 16 19 20 22 25 26 29
[11:37:55] ERROR: Could not sanitize molecule ending on line 68
[11:37:55] ERROR: Can't kekulize mol.  Unkekulized atoms: 7 15 16 19 20 22 25 26 29
[11:37:55] Can't kekulize mol.  Unkekulized atoms: 2 5 6 9 18
[11:37:55] ERROR: Could not sanitize molecule ending on line 53
[11:37:55] ERROR: Can't kekulize mol.  Unkekulized atoms: 2 5 6 9 18
[11:37:55] Explicit valence for atom # 1 C, 5, is greater than permitted
[11:37:55] ERROR: Could not sanitize molecule ending on line 39
[11:37:55] ERROR: Explicit valence for atom # 1 C, 5, is greater than permitted
[11:37:55] Explicit valence for atom # 3 N, 4, is greater than permitted
[11:37:55] ERROR: Could not sanitize molecule ending on line 55
[11:37:55] ERROR: Explicit valence for atom # 3 N, 4, is greater than permitted
[11:37:55] Explicit valence for atom # 16 C, 5, is greater than permitted
[11:37:55] ERROR: Could not sanitize molecule ending on line 43
[11:37:55] ERROR: Explicit valence for atom # 16 C, 5, is greater than permitted
[11:37:55] Explicit valence for atom # 13 C, 5, is greater than permitted
[11:37:55] ERROR: Could not sanitize molecule ending on line 53
[11:37:55] ERROR: Explicit valence for atom # 13 C, 5, is greater than permitted
[11:37:55] Explicit valence for atom # 6 C, 5, is greater than permitted
[11:37:55] ERROR: Could not sanitize molecule ending on line 58
[11:37:55] ERROR: Explicit valence for atom # 6 C, 5, is greater than permitted
[11:37:55] Can't kekulize mol.  Unkekulized atoms: 0 3 10 11 23
[11:37:55] ERROR: Could not sanitize molecule ending on line 58
[11:37:55] ERROR: Can't kekulize mol.  Unkekulized atoms: 0 3 10 11 23
[11:37:55] Explicit valence for atom # 21 C, 5, is greater than permitted
[11:37:55] ERROR: Could not sanitize molecule ending on line 66
[11:37:55] ERROR: Explicit valence for atom # 21 C, 5, is greater than permitted
[11:37:55] Can't kekulize mol.  Unkekulized atoms: 3 7 9 14 21
[11:37:55] ERROR: Could not sanitize molecule ending on line 53
[11:37:55] ERROR: Can't kekulize mol.  Unkekulized atoms: 3 7 9 14 21
[11:37:55] Explicit valence for atom # 7 C, 5, is greater than permitted
[11:37:55] ERROR: Could not sanitize molecule ending on line 61
[11:37:55] ERROR: Explicit valence for atom # 7 C, 5, is greater than permitted
[11:37:55] Explicit valence for atom # 29 C, 5, is greater than permitted
[11:37:55] ERROR: Could not sanitize molecule ending on line 73
[11:37:55] ERROR: Explicit valence for atom # 29 C, 5, is greater than permitted
[11:37:55] Explicit valence for atom # 3 C, 5, is greater than permitted
[11:37:55] ERROR: Could not sanitize molecule ending on line 52
[11:37:55] ERROR: Explicit valence for atom # 3 C, 5, is greater than permitted
[11:37:55] Explicit valence for atom # 4 C, 6, is greater than permitted
[11:37:55] ERROR: Could not sanitize molecule ending on line 65
[11:37:55] ERROR: Explicit valence for atom # 4 C, 6, is greater than permitted
[11:37:55] Can't kekulize mol.  Unkekulized atoms: 1 4 7 16 18 24 28 30 31
[11:37:55] ERROR: Could not sanitize molecule ending on line 73
[11:37:55] ERROR: Can't kekulize mol.  Unkekulized atoms: 1 4 7 16 18 24 28 30 31
[11:37:55] Can't kekulize mol.  Unkekulized atoms: 1 11 19 20 23
[11:37:55] ERROR: Could not sanitize molecule ending on line 84
[11:37:55] ERROR: Can't kekulize mol.  Unkekulized atoms: 1 11 19 20 23
[11:37:55] Explicit valence for atom # 16 O, 3, is greater than permitted
[11:37:55] ERROR: Could not sanitize molecule ending on line 73
[11:37:55] ERROR: Explicit valence for atom # 16 O, 3, is greater than permitted
[11:37:55] Can't kekulize mol.  Unkekulized atoms: 5 8 13 17 19 22 28 29 30
[11:37:55] ERROR: Could not sanitize molecule ending on line 82
[11:37:55] ERROR: Can't kekulize mol.  Unkekulized atoms: 5 8 13 17 19 22 28 29 30
[11:37:55] Can't kekulize mol.  Unkekulized atoms: 10 16 17 25
[11:37:55] ERROR: Could not sanitize molecule ending on line 80
[11:37:55] ERROR: Can't kekulize mol.  Unkekulized atoms: 10 16 17 25
[11:37:55] Explicit valence for atom # 5 C, 5, is greater than permitted
[11:37:55] ERROR: Could not sanitize molecule ending on line 84
[11:37:55] ERROR: Explicit valence for atom # 5 C, 5, is greater than permitted
[11:37:55] Can't kekulize mol.  Unkekulized atoms: 5 17 21 27 39
[11:37:55] ERROR: Could not sanitize molecule ending on line 91
[11:37:55] ERROR: Can't kekulize mol.  Unkekulized atoms: 5 17 21 27 39
[11:37:55] Can't kekulize mol.  Unkekulized atoms: 2 3 4 16 17 19 27 33 34
[11:37:55] ERROR: Could not sanitize molecule ending on line 78
[11:37:55] ERROR: Can't kekulize mol.  Unkekulized atoms: 2 3 4 16 17 19 27 33 34
[11:37:55] Explicit valence for atom # 37 C, 5, is greater than permitted
[11:37:55] ERROR: Could not sanitize molecule ending on line 85
[11:37:55] ERROR: Explicit valence for atom # 37 C, 5, is greater than permitted
[11:37:55] Can't kekulize mol.  Unkekulized atoms: 2 4 5 14 19 22 23
[11:37:55] ERROR: Could not sanitize molecule ending on line 73
[11:37:55] ERROR: Can't kekulize mol.  Unkekulized atoms: 2 4 5 14 19 22 23
[11:37:55] Can't kekulize mol.  Unkekulized atoms: 12 15 16 17 21 25 33 34 35
[11:37:55] ERROR: Could not sanitize molecule ending on line 88
[11:37:55] ERROR: Can't kekulize mol.  Unkekulized atoms: 12 15 16 17 21 25 33 34 35
[11:37:55] Can't kekulize mol.  Unkekulized atoms: 15 17 19 20 26 27 29
[11:37:55] ERROR: Could not sanitize molecule ending on line 71
[11:37:55] ERROR: Can't kekulize mol.  Unkekulized atoms: 15 17 19 20 26 27 29
[11:37:55] Can't kekulize mol.  Unkekulized atoms: 0 1 7 8 27 31 35
[11:37:55] ERROR: Could not sanitize molecule ending on line 83
[11:37:55] ERROR: Can't kekulize mol.  Unkekulized atoms: 0 1 7 8 27 31 35
[11:37:55] Can't kekulize mol.  Unkekulized atoms: 0 7 25 31 33
[11:37:55] ERROR: Could not sanitize molecule ending on line 87
[11:37:55] ERROR: Can't kekulize mol.  Unkekulized atoms: 0 7 25 31 33
[11:37:55] Can't kekulize mol.  Unkekulized atoms: 13 18 25 30 35
[11:37:55] ERROR: Could not sanitize molecule ending on line 84
[11:37:55] ERROR: Can't kekulize mol.  Unkekulized atoms: 13 18 25 30 35
[11:37:55] Can't kekulize mol.  Unkekulized atoms: 18 28 29 30 32 36
[11:37:55] ERROR: Could not sanitize molecule ending on line 85
[11:37:55] ERROR: Can't kekulize mol.  Unkekulized atoms: 18 28 29 30 32 36
[11:37:55] Can't kekulize mol.  Unkekulized atoms: 2 7 10 15 25 26 27 33 38
[11:37:55] ERROR: Could not sanitize molecule ending on line 88
[11:37:55] ERROR: Can't kekulize mol.  Unkekulized atoms: 2 7 10 15 25 26 27 33 38
[11:37:55] Can't kekulize mol.  Unkekulized atoms: 1 6 11 18 26
[11:37:55] ERROR: Could not sanitize molecule ending on line 81
[11:37:55] ERROR: Can't kekulize mol.  Unkekulized atoms: 1 6 11 18 26
[11:37:55] Can't kekulize mol.  Unkekulized atoms: 9 19 37 38 43
[11:37:55] ERROR: Could not sanitize molecule ending on line 101
[11:37:55] ERROR: Can't kekulize mol.  Unkekulized atoms: 9 19 37 38 43
[11:37:55] Can't kekulize mol.  Unkekulized atoms: 3 6 8 9 12 13 16 21 22 25 27 30 31 35 40
[11:37:55] ERROR: Could not sanitize molecule ending on line 100
[11:37:55] ERROR: Can't kekulize mol.  Unkekulized atoms: 3 6 8 9 12 13 16 21 22 25 27 30 31 35 40
[11:37:55] Can't kekulize mol.  Unkekulized atoms: 2 15 16 28 31
[11:37:55] ERROR: Could not sanitize molecule ending on line 76
[11:37:55] ERROR: Can't kekulize mol.  Unkekulized atoms: 2 15 16 28 31
[11:37:55] Can't kekulize mol.  Unkekulized atoms: 10 15 16 26 27 28 30
[11:37:55] ERROR: Could not sanitize molecule ending on line 74
[11:37:55] ERROR: Can't kekulize mol.  Unkekulized atoms: 10 15 16 26 27 28 30
[11:37:55] Can't kekulize mol.  Unkekulized atoms: 12 24 28
[11:37:55] ERROR: Could not sanitize molecule ending on line 65
[11:37:55] ERROR: Can't kekulize mol.  Unkekulized atoms: 12 24 28
[11:37:55] Can't kekulize mol.  Unkekulized atoms: 1 5 10 25 31
[11:37:55] ERROR: Could not sanitize molecule ending on line 78
[11:37:55] ERROR: Can't kekulize mol.  Unkekulized atoms: 1 5 10 25 31
[11:37:55] Can't kekulize mol.  Unkekulized atoms: 18 19 20 24 31
[11:37:55] ERROR: Could not sanitize molecule ending on line 74
[11:37:55] ERROR: Can't kekulize mol.  Unkekulized atoms: 18 19 20 24 31
[11:37:55] Explicit valence for atom # 24 N, 4, is greater than permitted
[11:37:55] ERROR: Could not sanitize molecule ending on line 64
[11:37:55] ERROR: Explicit valence for atom # 24 N, 4, is greater than permitted
[11:37:55] Explicit valence for atom # 30 O, 3, is greater than permitted
[11:37:55] ERROR: Could not sanitize molecule ending on line 71
[11:37:55] ERROR: Explicit valence for atom # 30 O, 3, is greater than permitted
[11:37:55] Explicit valence for atom # 11 P, 6, is greater than permitted
[11:37:55] ERROR: Could not sanitize molecule ending on line 66
[11:37:55] ERROR: Explicit valence for atom # 11 P, 6, is greater than permitted
[11:37:55] Explicit valence for atom # 1 C, 5, is greater than permitted
[11:37:55] ERROR: Could not sanitize molecule ending on line 49
[11:37:55] ERROR: Explicit valence for atom # 1 C, 5, is greater than permitted
[11:37:55] Explicit valence for atom # 11 C, 5, is greater than permitted
[11:37:55] ERROR: Could not sanitize molecule ending on line 51
[11:37:55] ERROR: Explicit valence for atom # 11 C, 5, is greater than permitted
[11:37:55] Explicit valence for atom # 10 C, 5, is greater than permitted
[11:37:55] ERROR: Could not sanitize molecule ending on line 30
[11:37:55] ERROR: Explicit valence for atom # 10 C, 5, is greater than permitted
[11:37:55] Explicit valence for atom # 15 O, 3, is greater than permitted
[11:37:55] ERROR: Could not sanitize molecule ending on line 66
[11:37:55] ERROR: Explicit valence for atom # 15 O, 3, is greater than permitted
[11:37:55] Explicit valence for atom # 20 N, 4, is greater than permitted
[11:37:55] ERROR: Could not sanitize molecule ending on line 63
[11:37:55] ERROR: Explicit valence for atom # 20 N, 4, is greater than permitted
[11:37:55] Explicit valence for atom # 11 C, 6, is greater than permitted
[11:37:55] ERROR: Could not sanitize molecule ending on line 71
[11:37:55] ERROR: Explicit valence for atom # 11 C, 6, is greater than permitted
[11:37:55] Can't kekulize mol.  Unkekulized atoms: 2 3 4 7 10 12 13 19 21 22 23
[11:37:55] ERROR: Could not sanitize molecule ending on line 67
[11:37:55] ERROR: Can't kekulize mol.  Unkekulized atoms: 2 3 4 7 10 12 13 19 21 22 23
[11:37:55] Can't kekulize mol.  Unkekulized atoms: 1 2 3 4 6 7 11 13 14 15 18 19 21
[11:37:55] ERROR: Could not sanitize molecule ending on line 51
[11:37:55] ERROR: Can't kekulize mol.  Unkekulized atoms: 1 2 3 4 6 7 11 13 14 15 18 19 21
[11:37:55] Explicit valence for atom # 15 O, 3, is greater than permitted
[11:37:55] ERROR: Could not sanitize molecule ending on line 55
[11:37:55] ERROR: Explicit valence for atom # 15 O, 3, is greater than permitted
[11:37:55] Can't kekulize mol.  Unkekulized atoms: 2 4 7 14 15 19 22 25 33
[11:37:55] ERROR: Could not sanitize molecule ending on line 77
[11:37:55] ERROR: Can't kekulize mol.  Unkekulized atoms: 2 4 7 14 15 19 22 25 33
[11:37:55] Can't kekulize mol.  Unkekulized atoms: 9 14 17 18 19 21 22 30 36
[11:37:55] ERROR: Could not sanitize molecule ending on line 81
[11:37:55] ERROR: Can't kekulize mol.  Unkekulized atoms: 9 14 17 18 19 21 22 30 36
[11:37:55] Explicit valence for atom # 0 O, 3, is greater than permitted
[11:37:55] ERROR: Could not sanitize molecule ending on line 51
[11:37:55] ERROR: Explicit valence for atom # 0 O, 3, is greater than permitted
[11:37:55] Explicit valence for atom # 5 P, 6, is greater than permitted
[11:37:55] ERROR: Could not sanitize molecule ending on line 47
[11:37:55] ERROR: Explicit valence for atom # 5 P, 6, is greater than permitted
[11:37:55] Can't kekulize mol.  Unkekulized atoms: 4 7 8 11 13 15 16
[11:37:55] ERROR: Could not sanitize molecule ending on line 47
[11:37:55] ERROR: Can't kekulize mol.  Unkekulized atoms: 4 7 8 11 13 15 16
[11:37:55] Explicit valence for atom # 22 P, 6, is greater than permitted
[11:37:55] ERROR: Could not sanitize molecule ending on line 61
[11:37:55] ERROR: Explicit valence for atom # 22 P, 6, is greater than permitted
[11:37:55] Explicit valence for atom # 6 O, 3, is greater than permitted
[11:37:55] ERROR: Could not sanitize molecule ending on line 46
[11:37:55] ERROR: Explicit valence for atom # 6 O, 3, is greater than permitted
[11:37:55] Explicit valence for atom # 4 O, 3, is greater than permitted
[11:37:55] ERROR: Could not sanitize molecule ending on line 72
[11:37:55] ERROR: Explicit valence for atom # 4 O, 3, is greater than permitted
[11:37:55] Explicit valence for atom # 5 O, 3, is greater than permitted
[11:37:55] ERROR: Could not sanitize molecule ending on line 63
[11:37:55] ERROR: Explicit valence for atom # 5 O, 3, is greater than permitted
[11:37:55] Explicit valence for atom # 2 O, 3, is greater than permitted
[11:37:55] ERROR: Could not sanitize molecule ending on line 41
[11:37:55] ERROR: Explicit valence for atom # 2 O, 3, is greater than permitted
[11:37:55] Explicit valence for atom # 15 O, 3, is greater than permitted
[11:37:55] ERROR: Could not sanitize molecule ending on line 61
[11:37:55] ERROR: Explicit valence for atom # 15 O, 3, is greater than permitted
[11:37:55] Can't kekulize mol.  Unkekulized atoms: 1 2 5 7 11
[11:37:55] ERROR: Could not sanitize molecule ending on line 43
[11:37:55] ERROR: Can't kekulize mol.  Unkekulized atoms: 1 2 5 7 11
[11:37:55] Explicit valence for atom # 15 N, 4, is greater than permitted
[11:37:55] ERROR: Could not sanitize molecule ending on line 49
[11:37:55] ERROR: Explicit valence for atom # 15 N, 4, is greater than permitted
[11:37:55] Explicit valence for atom # 31 C, 5, is greater than permitted
[11:37:55] ERROR: Could not sanitize molecule ending on line 72
[11:37:55] ERROR: Explicit valence for atom # 31 C, 5, is greater than permitted
[11:37:55] Explicit valence for atom # 0 C, 5, is greater than permitted
[11:37:55] ERROR: Could not sanitize molecule ending on line 44
[11:37:55] ERROR: Explicit valence for atom # 0 C, 5, is greater than permitted
[11:37:55] Explicit valence for atom # 0 C, 5, is greater than permitted
[11:37:55] ERROR: Could not sanitize molecule ending on line 56
[11:37:55] ERROR: Explicit valence for atom # 0 C, 5, is greater than permitted
[11:37:55] Explicit valence for atom # 11 C, 5, is greater than permitted
[11:37:55] ERROR: Could not sanitize molecule ending on line 55
[11:37:55] ERROR: Explicit valence for atom # 11 C, 5, is greater than permitted
[11:37:55] Explicit valence for atom # 14 C, 5, is greater than permitted
[11:37:55] ERROR: Could not sanitize molecule ending on line 45
[11:37:55] ERROR: Explicit valence for atom # 14 C, 5, is greater than permitted
[11:37:55] Explicit valence for atom # 39 C, 5, is greater than permitted
[11:37:55] ERROR: Could not sanitize molecule ending on line 104
[11:37:55] ERROR: Explicit valence for atom # 39 C, 5, is greater than permitted
[11:37:55] Explicit valence for atom # 4 N, 4, is greater than permitted
[11:37:55] ERROR: Could not sanitize molecule ending on line 57
[11:37:55] ERROR: Explicit valence for atom # 4 N, 4, is greater than permitted
[11:37:55] Explicit valence for atom # 17 C, 5, is greater than permitted
[11:37:55] ERROR: Could not sanitize molecule ending on line 53
[11:37:55] ERROR: Explicit valence for atom # 17 C, 5, is greater than permitted
[11:37:55] Explicit valence for atom # 1 C, 5, is greater than permitted
[11:37:55] ERROR: Could not sanitize molecule ending on line 29
[11:37:55] ERROR: Explicit valence for atom # 1 C, 5, is greater than permitted
[11:37:55] Can't kekulize mol.  Unkekulized atoms: 0 2 7 18 19
[11:37:55] ERROR: Could not sanitize molecule ending on line 66
[11:37:55] ERROR: Can't kekulize mol.  Unkekulized atoms: 0 2 7 18 19
[11:37:55] Can't kekulize mol.  Unkekulized atoms: 2 21 25 26 27 31 33 37 42
[11:37:55] ERROR: Could not sanitize molecule ending on line 94
[11:37:55] ERROR: Can't kekulize mol.  Unkekulized atoms: 2 21 25 26 27 31 33 37 42
[11:37:55] Can't kekulize mol.  Unkekulized atoms: 3 9 16 17 18
[11:37:55] ERROR: Could not sanitize molecule ending on line 44
[11:37:55] ERROR: Can't kekulize mol.  Unkekulized atoms: 3 9 16 17 18
[11:37:56] Explicit valence for atom # 4 O, 3, is greater than permitted
[11:37:56] ERROR: Could not sanitize molecule ending on line 79
[11:37:56] ERROR: Explicit valence for atom # 4 O, 3, is greater than permitted
[11:37:56] Can't kekulize mol.  Unkekulized atoms: 0 1 2 4 8 10 11
[11:37:56] ERROR: Could not sanitize molecule ending on line 36
[11:37:56] ERROR: Can't kekulize mol.  Unkekulized atoms: 0 1 2 4 8 10 11
[11:37:56] Can't kekulize mol.  Unkekulized atoms: 1 2 3 5 7
[11:37:56] ERROR: Could not sanitize molecule ending on line 27
[11:37:56] ERROR: Can't kekulize mol.  Unkekulized atoms: 1 2 3 5 7
[11:37:56] Explicit valence for atom # 0 O, 3, is greater than permitted
[11:37:56] ERROR: Could not sanitize molecule ending on line 40
[11:37:56] ERROR: Explicit valence for atom # 0 O, 3, is greater than permitted
[11:37:56] Explicit valence for atom # 11 C, 5, is greater than permitted
[11:37:56] ERROR: Could not sanitize molecule ending on line 43
[11:37:56] ERROR: Explicit valence for atom # 11 C, 5, is greater than permitted
[11:37:56] Explicit valence for atom # 24 C, 5, is greater than permitted
[11:37:56] ERROR: Could not sanitize molecule ending on line 65
[11:37:56] ERROR: Explicit valence for atom # 24 C, 5, is greater than permitted
[11:37:56] Can't kekulize mol.  Unkekulized atoms: 1 7 14 15 16
[11:37:56] ERROR: Could not sanitize molecule ending on line 44
[11:37:56] ERROR: Can't kekulize mol.  Unkekulized atoms: 1 7 14 15 16
[11:37:56] Explicit valence for atom # 14 C, 5, is greater than permitted
[11:37:56] ERROR: Could not sanitize molecule ending on line 60
[11:37:56] ERROR: Explicit valence for atom # 14 C, 5, is greater than permitted
[11:37:56] Can't kekulize mol.  Unkekulized atoms: 2 9 13 18 28
[11:37:56] ERROR: Could not sanitize molecule ending on line 65
[11:37:56] ERROR: Can't kekulize mol.  Unkekulized atoms: 2 9 13 18 28
[11:37:56] Can't kekulize mol.  Unkekulized atoms: 2 3 9 15 20
[11:37:56] ERROR: Could not sanitize molecule ending on line 59
[11:37:56] ERROR: Can't kekulize mol.  Unkekulized atoms: 2 3 9 15 20
[11:37:56] Can't kekulize mol.  Unkekulized atoms: 1 2 3 12 15
[11:37:56] ERROR: Could not sanitize molecule ending on line 42
[11:37:56] ERROR: Can't kekulize mol.  Unkekulized atoms: 1 2 3 12 15
[11:37:56] Explicit valence for atom # 20 Cl, 3, is greater than permitted
[11:37:56] ERROR: Could not sanitize molecule ending on line 75
[11:37:56] ERROR: Explicit valence for atom # 20 Cl, 3, is greater than permitted
[11:37:56] Can't kekulize mol.  Unkekulized atoms: 7 10 12 16 32
[11:37:56] ERROR: Could not sanitize molecule ending on line 77
[11:37:56] ERROR: Can't kekulize mol.  Unkekulized atoms: 7 10 12 16 32
[11:37:56] Can't kekulize mol.  Unkekulized atoms: 2 3 29 30 34
[11:37:56] ERROR: Could not sanitize molecule ending on line 79
[11:37:56] ERROR: Can't kekulize mol.  Unkekulized atoms: 2 3 29 30 34
[11:37:56] Can't kekulize mol.  Unkekulized atoms: 0 6 9 11 15
[11:37:56] ERROR: Could not sanitize molecule ending on line 56
[11:37:56] ERROR: Can't kekulize mol.  Unkekulized atoms: 0 6 9 11 15
[11:37:56] Can't kekulize mol.  Unkekulized atoms: 0 1 2 6 10
[11:37:56] ERROR: Could not sanitize molecule ending on line 34
[11:37:56] ERROR: Can't kekulize mol.  Unkekulized atoms: 0 1 2 6 10
[11:37:56] Can't kekulize mol.  Unkekulized atoms: 5 6 11 14 17
[11:37:56] ERROR: Could not sanitize molecule ending on line 51
[11:37:56] ERROR: Can't kekulize mol.  Unkekulized atoms: 5 6 11 14 17
[11:37:56] Can't kekulize mol.  Unkekulized atoms: 1 8 11 12 16 17 20
[11:37:56] ERROR: Could not sanitize molecule ending on line 53
[11:37:56] ERROR: Can't kekulize mol.  Unkekulized atoms: 1 8 11 12 16 17 20
[11:37:56] Can't kekulize mol.  Unkekulized atoms: 5 11 13 15 27
[11:37:56] ERROR: Could not sanitize molecule ending on line 83
[11:37:56] ERROR: Can't kekulize mol.  Unkekulized atoms: 5 11 13 15 27
[11:37:56] Explicit valence for atom # 17 Cl, 2, is greater than permitted
[11:37:56] ERROR: Could not sanitize molecule ending on line 66
[11:37:56] ERROR: Explicit valence for atom # 17 Cl, 2, is greater than permitted
[11:37:56] Explicit valence for atom # 10 C, 5, is greater than permitted
[11:37:56] ERROR: Could not sanitize molecule ending on line 42
[11:37:56] ERROR: Explicit valence for atom # 10 C, 5, is greater than permitted
[11:37:56] Explicit valence for atom # 1 C, 5, is greater than permitted
[11:37:56] ERROR: Could not sanitize molecule ending on line 26
[11:37:56] ERROR: Explicit valence for atom # 1 C, 5, is greater than permitted
[11:37:56] Explicit valence for atom # 0 C, 5, is greater than permitted
[11:37:56] ERROR: Could not sanitize molecule ending on line 52
[11:37:56] ERROR: Explicit valence for atom # 0 C, 5, is greater than permitted
[11:37:56] Explicit valence for atom # 3 C, 5, is greater than permitted
[11:37:56] ERROR: Could not sanitize molecule ending on line 28
[11:37:56] ERROR: Explicit valence for atom # 3 C, 5, is greater than permitted
[11:37:56] Explicit valence for atom # 9 C, 5, is greater than permitted
[11:37:56] ERROR: Could not sanitize molecule ending on line 44
[11:37:56] ERROR: Explicit valence for atom # 9 C, 5, is greater than permitted
[11:37:56] Explicit valence for atom # 0 C, 6, is greater than permitted
[11:37:56] ERROR: Could not sanitize molecule ending on line 31
[11:37:56] ERROR: Explicit valence for atom # 0 C, 6, is greater than permitted
[11:37:56] Explicit valence for atom # 7 N, 4, is greater than permitted
[11:37:56] ERROR: Could not sanitize molecule ending on line 41
[11:37:56] ERROR: Explicit valence for atom # 7 N, 4, is greater than permitted
[11:37:56] Explicit valence for atom # 14 C, 5, is greater than permitted
[11:37:56] ERROR: Could not sanitize molecule ending on line 45
[11:37:56] ERROR: Explicit valence for atom # 14 C, 5, is greater than permitted
[11:37:56] Explicit valence for atom # 5 C, 5, is greater than permitted
[11:37:56] ERROR: Could not sanitize molecule ending on line 37
[11:37:56] ERROR: Explicit valence for atom # 5 C, 5, is greater than permitted
[11:37:56] Can't kekulize mol.  Unkekulized atoms: 1 9 17
[11:37:56] ERROR: Could not sanitize molecule ending on line 50
[11:37:56] ERROR: Can't kekulize mol.  Unkekulized atoms: 1 9 17
[11:37:56] Can't kekulize mol.  Unkekulized atoms: 1 7 9 13 19 21 24
[11:37:56] ERROR: Could not sanitize molecule ending on line 60
[11:37:56] ERROR: Can't kekulize mol.  Unkekulized atoms: 1 7 9 13 19 21 24
[11:37:56] Can't kekulize mol.  Unkekulized atoms: 1 10 21
[11:37:56] ERROR: Could not sanitize molecule ending on line 52
[11:37:56] ERROR: Can't kekulize mol.  Unkekulized atoms: 1 10 21
[11:37:56] Explicit valence for atom # 9 N, 4, is greater than permitted
[11:37:56] ERROR: Could not sanitize molecule ending on line 63
[11:37:56] ERROR: Explicit valence for atom # 9 N, 4, is greater than permitted
[11:37:56] Can't kekulize mol.  Unkekulized atoms: 1 4 12 15 16 18 25 32 34
[11:37:56] ERROR: Could not sanitize molecule ending on line 78
[11:37:56] ERROR: Can't kekulize mol.  Unkekulized atoms: 1 4 12 15 16 18 25 32 34
[11:37:56] Explicit valence for atom # 15 O, 3, is greater than permitted
[11:37:56] ERROR: Could not sanitize molecule ending on line 66
[11:37:56] ERROR: Explicit valence for atom # 15 O, 3, is greater than permitted
[11:37:56] Can't kekulize mol.  Unkekulized atoms: 3 5 12
[11:37:56] ERROR: Could not sanitize molecule ending on line 51
[11:37:56] ERROR: Can't kekulize mol.  Unkekulized atoms: 3 5 12
[11:37:56] Can't kekulize mol.  Unkekulized atoms: 3 4 9 13 27 33 34
[11:37:56] ERROR: Could not sanitize molecule ending on line 80
[11:37:56] ERROR: Can't kekulize mol.  Unkekulized atoms: 3 4 9 13 27 33 34
[11:37:56] Explicit valence for atom # 2 C, 5, is greater than permitted
[11:37:56] ERROR: Could not sanitize molecule ending on line 69
[11:37:56] ERROR: Explicit valence for atom # 2 C, 5, is greater than permitted
[11:37:56] Explicit valence for atom # 0 N, 4, is greater than permitted
[11:37:56] ERROR: Could not sanitize molecule ending on line 50
[11:37:56] ERROR: Explicit valence for atom # 0 N, 4, is greater than permitted
[11:37:56] Explicit valence for atom # 12 C, 5, is greater than permitted
[11:37:56] ERROR: Could not sanitize molecule ending on line 47
[11:37:56] ERROR: Explicit valence for atom # 12 C, 5, is greater than permitted
[11:37:56] Can't kekulize mol.  Unkekulized atoms: 0 3 5 7 9 10 12 21 25
[11:37:56] ERROR: Could not sanitize molecule ending on line 63
[11:37:56] ERROR: Can't kekulize mol.  Unkekulized atoms: 0 3 5 7 9 10 12 21 25
[11:37:56] Explicit valence for atom # 5 C, 5, is greater than permitted
[11:37:56] ERROR: Could not sanitize molecule ending on line 63
[11:37:56] ERROR: Explicit valence for atom # 5 C, 5, is greater than permitted
[11:37:56] Can't kekulize mol.  Unkekulized atoms: 4 9 10 13 14 15 16 17 18
[11:37:56] ERROR: Could not sanitize molecule ending on line 47
[11:37:56] ERROR: Can't kekulize mol.  Unkekulized atoms: 4 9 10 13 14 15 16 17 18
[11:37:56] Explicit valence for atom # 9 O, 3, is greater than permitted
[11:37:56] ERROR: Could not sanitize molecule ending on line 49
[11:37:56] ERROR: Explicit valence for atom # 9 O, 3, is greater than permitted
[11:37:56] Explicit valence for atom # 4 O, 3, is greater than permitted
[11:37:56] ERROR: Could not sanitize molecule ending on line 59
[11:37:56] ERROR: Explicit valence for atom # 4 O, 3, is greater than permitted
[11:37:56] Explicit valence for atom # 16 P, 6, is greater than permitted
[11:37:56] ERROR: Could not sanitize molecule ending on line 62
[11:37:56] ERROR: Explicit valence for atom # 16 P, 6, is greater than permitted
[11:37:56] Explicit valence for atom # 10 C, 5, is greater than permitted
[11:37:56] ERROR: Could not sanitize molecule ending on line 30
[11:37:56] ERROR: Explicit valence for atom # 10 C, 5, is greater than permitted
[11:37:56] Explicit valence for atom # 0 C, 5, is greater than permitted
[11:37:56] ERROR: Could not sanitize molecule ending on line 39
[11:37:56] ERROR: Explicit valence for atom # 0 C, 5, is greater than permitted
[11:37:56] Explicit valence for atom # 20 O, 3, is greater than permitted
[11:37:56] ERROR: Could not sanitize molecule ending on line 51
[11:37:56] ERROR: Explicit valence for atom # 20 O, 3, is greater than permitted
[11:37:56] Explicit valence for atom # 15 O, 3, is greater than permitted
[11:37:56] ERROR: Could not sanitize molecule ending on line 119
[11:37:56] ERROR: Explicit valence for atom # 15 O, 3, is greater than permitted
[11:37:56] Explicit valence for atom # 9 C, 5, is greater than permitted
[11:37:56] ERROR: Could not sanitize molecule ending on line 44
[11:37:56] ERROR: Explicit valence for atom # 9 C, 5, is greater than permitted
[11:37:56] Explicit valence for atom # 6 C, 5, is greater than permitted
[11:37:56] ERROR: Could not sanitize molecule ending on line 34
[11:37:56] ERROR: Explicit valence for atom # 6 C, 5, is greater than permitted
[11:37:56] Explicit valence for atom # 0 C, 5, is greater than permitted
[11:37:56] ERROR: Could not sanitize molecule ending on line 32
[11:37:56] ERROR: Explicit valence for atom # 0 C, 5, is greater than permitted
[11:37:56] Can't kekulize mol.  Unkekulized atoms: 2 5 10 13 19
[11:37:56] ERROR: Could not sanitize molecule ending on line 50
[11:37:56] ERROR: Can't kekulize mol.  Unkekulized atoms: 2 5 10 13 19
[11:37:56] Can't kekulize mol.  Unkekulized atoms: 1 2 10 15 17
[11:37:56] ERROR: Could not sanitize molecule ending on line 47
[11:37:56] ERROR: Can't kekulize mol.  Unkekulized atoms: 1 2 10 15 17
[11:37:56] Can't kekulize mol.  Unkekulized atoms: 0 3 5 6 8
[11:37:56] ERROR: Could not sanitize molecule ending on line 37
[11:37:56] ERROR: Can't kekulize mol.  Unkekulized atoms: 0 3 5 6 8
[11:37:56] Can't kekulize mol.  Unkekulized atoms: 0 1 2 4 5 6 7 8 9 10 12 13 14
[11:37:56] ERROR: Could not sanitize molecule ending on line 39
[11:37:56] ERROR: Can't kekulize mol.  Unkekulized atoms: 0 1 2 4 5 6 7 8 9 10 12 13 14
[11:37:56] Explicit valence for atom # 22 O, 3, is greater than permitted
[11:37:56] ERROR: Could not sanitize molecule ending on line 67
[11:37:56] ERROR: Explicit valence for atom # 22 O, 3, is greater than permitted
[11:37:56] Can't kekulize mol.  Unkekulized atoms: 9 10 14 15 16 19 20 21 24
[11:37:56] ERROR: Could not sanitize molecule ending on line 60
[11:37:56] ERROR: Can't kekulize mol.  Unkekulized atoms: 9 10 14 15 16 19 20 21 24
[11:37:56] Can't kekulize mol.  Unkekulized atoms: 3 4 10 11 12 15 16 19 20
[11:37:56] ERROR: Could not sanitize molecule ending on line 54
[11:37:56] ERROR: Can't kekulize mol.  Unkekulized atoms: 3 4 10 11 12 15 16 19 20
[11:37:56] Can't kekulize mol.  Unkekulized atoms: 0 3 4 7 10 16 18
[11:37:56] ERROR: Could not sanitize molecule ending on line 47
[11:37:56] ERROR: Can't kekulize mol.  Unkekulized atoms: 0 3 4 7 10 16 18
[11:37:56] Can't kekulize mol.  Unkekulized atoms: 0 3 5 6 12
[11:37:56] ERROR: Could not sanitize molecule ending on line 55
[11:37:56] ERROR: Can't kekulize mol.  Unkekulized atoms: 0 3 5 6 12
[11:37:56] Can't kekulize mol.  Unkekulized atoms: 5 6 7 9 11 12 19
[11:37:56] ERROR: Could not sanitize molecule ending on line 51
[11:37:56] ERROR: Can't kekulize mol.  Unkekulized atoms: 5 6 7 9 11 12 19
[11:37:56] Can't kekulize mol.  Unkekulized atoms: 0 1 3 11 13 15 17
[11:37:56] ERROR: Could not sanitize molecule ending on line 45
[11:37:56] ERROR: Can't kekulize mol.  Unkekulized atoms: 0 1 3 11 13 15 17
[11:37:56] Explicit valence for atom # 16 C, 5, is greater than permitted
[11:37:56] ERROR: Could not sanitize molecule ending on line 68
[11:37:56] ERROR: Explicit valence for atom # 16 C, 5, is greater than permitted
[11:37:56] Can't kekulize mol.  Unkekulized atoms: 6 12 13 25 30
[11:37:56] ERROR: Could not sanitize molecule ending on line 73
[11:37:56] ERROR: Can't kekulize mol.  Unkekulized atoms: 6 12 13 25 30
[11:37:56] Can't kekulize mol.  Unkekulized atoms: 2 20 25 29 32
[11:37:56] ERROR: Could not sanitize molecule ending on line 78
[11:37:56] ERROR: Can't kekulize mol.  Unkekulized atoms: 2 20 25 29 32
[11:37:56] Explicit valence for atom # 15 C, 5, is greater than permitted
[11:37:56] ERROR: Could not sanitize molecule ending on line 77
[11:37:56] ERROR: Explicit valence for atom # 15 C, 5, is greater than permitted
[11:37:56] Explicit valence for atom # 19 F, 2, is greater than permitted
[11:37:56] ERROR: Could not sanitize molecule ending on line 80
[11:37:56] ERROR: Explicit valence for atom # 19 F, 2, is greater than permitted
[11:37:56] Explicit valence for atom # 4 C, 5, is greater than permitted
[11:37:56] ERROR: Could not sanitize molecule ending on line 72
[11:37:56] ERROR: Explicit valence for atom # 4 C, 5, is greater than permitted
[11:37:56] Can't kekulize mol.  Unkekulized atoms: 11 12 15 17 18 22 28
[11:37:56] ERROR: Could not sanitize molecule ending on line 72
[11:37:56] ERROR: Can't kekulize mol.  Unkekulized atoms: 11 12 15 17 18 22 28
[11:37:56] Can't kekulize mol.  Unkekulized atoms: 4 7 17
[11:37:56] ERROR: Could not sanitize molecule ending on line 57
[11:37:56] ERROR: Can't kekulize mol.  Unkekulized atoms: 4 7 17
[11:37:56] Can't kekulize mol.  Unkekulized atoms: 3 12 17 19 28
[11:37:56] ERROR: Could not sanitize molecule ending on line 64
[11:37:56] ERROR: Can't kekulize mol.  Unkekulized atoms: 3 12 17 19 28
[11:37:56] Can't kekulize mol.  Unkekulized atoms: 2 4 6 12 16 21 22 30 34
[11:37:56] ERROR: Could not sanitize molecule ending on line 79
[11:37:56] ERROR: Can't kekulize mol.  Unkekulized atoms: 2 4 6 12 16 21 22 30 34
[11:37:56] Can't kekulize mol.  Unkekulized atoms: 6 10 13 14 24
[11:37:56] ERROR: Could not sanitize molecule ending on line 61
[11:37:56] ERROR: Can't kekulize mol.  Unkekulized atoms: 6 10 13 14 24
[11:37:56] Can't kekulize mol.  Unkekulized atoms: 0 3 7 9 17
[11:37:56] ERROR: Could not sanitize molecule ending on line 55
[11:37:56] ERROR: Can't kekulize mol.  Unkekulized atoms: 0 3 7 9 17
[11:37:56] Explicit valence for atom # 18 N, 4, is greater than permitted
[11:37:56] ERROR: Could not sanitize molecule ending on line 78
[11:37:56] ERROR: Explicit valence for atom # 18 N, 4, is greater than permitted
[11:37:56] Can't kekulize mol.  Unkekulized atoms: 9 10 17 22 24 25 27
[11:37:56] ERROR: Could not sanitize molecule ending on line 68
[11:37:56] ERROR: Can't kekulize mol.  Unkekulized atoms: 9 10 17 22 24 25 27
[11:37:56] Explicit valence for atom # 11 O, 3, is greater than permitted
[11:37:56] ERROR: Could not sanitize molecule ending on line 67
[11:37:56] ERROR: Explicit valence for atom # 11 O, 3, is greater than permitted
[11:37:56] Can't kekulize mol.  Unkekulized atoms: 1 2 7 8 9 14 22
[11:37:56] ERROR: Could not sanitize molecule ending on line 57
[11:37:56] ERROR: Can't kekulize mol.  Unkekulized atoms: 1 2 7 8 9 14 22
[11:37:56] Explicit valence for atom # 10 C, 6, is greater than permitted
[11:37:56] ERROR: Could not sanitize molecule ending on line 68
[11:37:56] ERROR: Explicit valence for atom # 10 C, 6, is greater than permitted
[11:37:56] Can't kekulize mol.  Unkekulized atoms: 1 3 11 14 16 17
[11:37:56] ERROR: Could not sanitize molecule ending on line 46
[11:37:56] ERROR: Can't kekulize mol.  Unkekulized atoms: 1 3 11 14 16 17
[11:37:56] Explicit valence for atom # 4 O, 3, is greater than permitted
[11:37:56] ERROR: Could not sanitize molecule ending on line 64
[11:37:56] ERROR: Explicit valence for atom # 4 O, 3, is greater than permitted
[11:37:56] Explicit valence for atom # 9 O, 4, is greater than permitted
[11:37:56] ERROR: Could not sanitize molecule ending on line 71
[11:37:56] ERROR: Explicit valence for atom # 9 O, 4, is greater than permitted
[11:37:56] Can't kekulize mol.  Unkekulized atoms: 6 10 17
[11:37:56] ERROR: Could not sanitize molecule ending on line 65
[11:37:56] ERROR: Can't kekulize mol.  Unkekulized atoms: 6 10 17
[11:37:56] Can't kekulize mol.  Unkekulized atoms: 2 3 5 6 16 17 27
[11:37:56] ERROR: Could not sanitize molecule ending on line 63
[11:37:56] ERROR: Can't kekulize mol.  Unkekulized atoms: 2 3 5 6 16 17 27
[11:37:56] Explicit valence for atom # 9 O, 3, is greater than permitted
[11:37:56] ERROR: Could not sanitize molecule ending on line 72
[11:37:56] ERROR: Explicit valence for atom # 9 O, 3, is greater than permitted
[11:37:56] Explicit valence for atom # 22 O, 3, is greater than permitted
[11:37:56] ERROR: Could not sanitize molecule ending on line 58
[11:37:56] ERROR: Explicit valence for atom # 22 O, 3, is greater than permitted
[11:37:56] Explicit valence for atom # 1 O, 3, is greater than permitted
[11:37:56] ERROR: Could not sanitize molecule ending on line 73
[11:37:56] ERROR: Explicit valence for atom # 1 O, 3, is greater than permitted
[11:37:56] Can't kekulize mol.  Unkekulized atoms: 6 10 23
[11:37:56] ERROR: Could not sanitize molecule ending on line 69
[11:37:56] ERROR: Can't kekulize mol.  Unkekulized atoms: 6 10 23
[11:37:56] Explicit valence for atom # 30 O, 3, is greater than permitted
[11:37:56] ERROR: Could not sanitize molecule ending on line 69
[11:37:56] ERROR: Explicit valence for atom # 30 O, 3, is greater than permitted
[11:37:56] Explicit valence for atom # 11 C, 6, is greater than permitted
[11:37:56] ERROR: Could not sanitize molecule ending on line 76
[11:37:56] ERROR: Explicit valence for atom # 11 C, 6, is greater than permitted
[11:37:56] Explicit valence for atom # 7 O, 3, is greater than permitted
[11:37:56] ERROR: Could not sanitize molecule ending on line 68
[11:37:56] ERROR: Explicit valence for atom # 7 O, 3, is greater than permitted
[11:37:56] Explicit valence for atom # 10 C, 5, is greater than permitted
[11:37:56] ERROR: Could not sanitize molecule ending on line 58
[11:37:56] ERROR: Explicit valence for atom # 10 C, 5, is greater than permitted
[11:37:56] Explicit valence for atom # 28 C, 5, is greater than permitted
[11:37:56] ERROR: Could not sanitize molecule ending on line 67
[11:37:56] ERROR: Explicit valence for atom # 28 C, 5, is greater than permitted
[11:37:56] Can't kekulize mol.  Unkekulized atoms: 2 3 9 22 23
[11:37:56] ERROR: Could not sanitize molecule ending on line 70
[11:37:56] ERROR: Can't kekulize mol.  Unkekulized atoms: 2 3 9 22 23
[11:37:56] Can't kekulize mol.  Unkekulized atoms: 4 5 8 14 18
[11:37:56] ERROR: Could not sanitize molecule ending on line 55
[11:37:56] ERROR: Can't kekulize mol.  Unkekulized atoms: 4 5 8 14 18
[11:37:56] Can't kekulize mol.  Unkekulized atoms: 2 14 24 25 31
[11:37:56] ERROR: Could not sanitize molecule ending on line 74
[11:37:56] ERROR: Can't kekulize mol.  Unkekulized atoms: 2 14 24 25 31
[11:37:56] Can't kekulize mol.  Unkekulized atoms: 3 5 13
[11:37:56] ERROR: Could not sanitize molecule ending on line 74
[11:37:56] ERROR: Can't kekulize mol.  Unkekulized atoms: 3 5 13
[11:37:56] Explicit valence for atom # 37 N, 4, is greater than permitted
[11:37:56] ERROR: Could not sanitize molecule ending on line 104
[11:37:56] ERROR: Explicit valence for atom # 37 N, 4, is greater than permitted
[11:37:56] Explicit valence for atom # 5 C, 5, is greater than permitted
[11:37:56] ERROR: Could not sanitize molecule ending on line 54
[11:37:56] ERROR: Explicit valence for atom # 5 C, 5, is greater than permitted
[11:37:56] Explicit valence for atom # 4 C, 6, is greater than permitted
[11:37:56] ERROR: Could not sanitize molecule ending on line 45
[11:37:56] ERROR: Explicit valence for atom # 4 C, 6, is greater than permitted
[11:37:56] Explicit valence for atom # 15 O, 3, is greater than permitted
[11:37:56] ERROR: Could not sanitize molecule ending on line 42
[11:37:56] ERROR: Explicit valence for atom # 15 O, 3, is greater than permitted
[11:37:56] Can't kekulize mol.  Unkekulized atoms: 1 4 8 14 19
[11:37:56] ERROR: Could not sanitize molecule ending on line 49
[11:37:56] ERROR: Can't kekulize mol.  Unkekulized atoms: 1 4 8 14 19
[11:37:56] Explicit valence for atom # 5 C, 5, is greater than permitted
[11:37:56] ERROR: Could not sanitize molecule ending on line 36
[11:37:56] ERROR: Explicit valence for atom # 5 C, 5, is greater than permitted
[11:37:56] Can't kekulize mol.  Unkekulized atoms: 0 4 10 11 13 16 26
[11:37:56] ERROR: Could not sanitize molecule ending on line 66
[11:37:56] ERROR: Can't kekulize mol.  Unkekulized atoms: 0 4 10 11 13 16 26
[11:37:56] Can't kekulize mol.  Unkekulized atoms: 1 2 5 9 12 13 14 24 26 27 28
[11:37:56] ERROR: Could not sanitize molecule ending on line 71
[11:37:56] ERROR: Can't kekulize mol.  Unkekulized atoms: 1 2 5 9 12 13 14 24 26 27 28
[11:37:56] Can't kekulize mol.  Unkekulized atoms: 5 10 14 15 18 19 21 26 27 28 29
[11:37:56] ERROR: Could not sanitize molecule ending on line 72
[11:37:56] ERROR: Can't kekulize mol.  Unkekulized atoms: 5 10 14 15 18 19 21 26 27 28 29
[11:37:56] Can't kekulize mol.  Unkekulized atoms: 0 1 3 11 14
[11:37:56] ERROR: Could not sanitize molecule ending on line 64
[11:37:56] ERROR: Can't kekulize mol.  Unkekulized atoms: 0 1 3 11 14
[11:37:56] Explicit valence for atom # 4 O, 3, is greater than permitted
[11:37:56] ERROR: Could not sanitize molecule ending on line 71
[11:37:56] ERROR: Explicit valence for atom # 4 O, 3, is greater than permitted
[11:37:56] Explicit valence for atom # 8 P, 6, is greater than permitted
[11:37:56] ERROR: Could not sanitize molecule ending on line 66
[11:37:56] ERROR: Explicit valence for atom # 8 P, 6, is greater than permitted
[11:37:56] Can't kekulize mol.  Unkekulized atoms: 0 6 14 20 24
[11:37:56] ERROR: Could not sanitize molecule ending on line 68
[11:37:56] ERROR: Can't kekulize mol.  Unkekulized atoms: 0 6 14 20 24
[11:37:56] Explicit valence for atom # 3 F, 2, is greater than permitted
[11:37:56] ERROR: Could not sanitize molecule ending on line 63
[11:37:56] ERROR: Explicit valence for atom # 3 F, 2, is greater than permitted
[11:37:56] Explicit valence for atom # 23 O, 3, is greater than permitted
[11:37:56] ERROR: Could not sanitize molecule ending on line 62
[11:37:56] ERROR: Explicit valence for atom # 23 O, 3, is greater than permitted
[11:37:56] Can't kekulize mol.  Unkekulized atoms: 3 4 5 8 17 21 23 26 28 34 36
[11:37:56] ERROR: Could not sanitize molecule ending on line 83
[11:37:56] ERROR: Can't kekulize mol.  Unkekulized atoms: 3 4 5 8 17 21 23 26 28 34 36
[11:37:56] Explicit valence for atom # 24 O, 3, is greater than permitted
[11:37:56] ERROR: Could not sanitize molecule ending on line 74
[11:37:56] ERROR: Explicit valence for atom # 24 O, 3, is greater than permitted
[11:37:56] Explicit valence for atom # 1 O, 4, is greater than permitted
[11:37:56] ERROR: Could not sanitize molecule ending on line 78
[11:37:56] ERROR: Explicit valence for atom # 1 O, 4, is greater than permitted
[11:37:56] Explicit valence for atom # 30 C, 5, is greater than permitted
[11:37:56] ERROR: Could not sanitize molecule ending on line 74
[11:37:56] ERROR: Explicit valence for atom # 30 C, 5, is greater than permitted
[11:37:56] Explicit valence for atom # 19 P, 6, is greater than permitted
[11:37:56] ERROR: Could not sanitize molecule ending on line 65
[11:37:56] ERROR: Explicit valence for atom # 19 P, 6, is greater than permitted
[11:37:56] Can't kekulize mol.  Unkekulized atoms: 0 2 15 18 24 26 34
[11:37:56] ERROR: Could not sanitize molecule ending on line 84
[11:37:56] ERROR: Can't kekulize mol.  Unkekulized atoms: 0 2 15 18 24 26 34
[11:37:56] Can't kekulize mol.  Unkekulized atoms: 2 4 5 7 8 22 27 29 35
[11:37:56] ERROR: Could not sanitize molecule ending on line 79
[11:37:56] ERROR: Can't kekulize mol.  Unkekulized atoms: 2 4 5 7 8 22 27 29 35
[11:37:56] Can't kekulize mol.  Unkekulized atoms: 4 9 13 14 18 25 26 27 28
[11:37:56] ERROR: Could not sanitize molecule ending on line 72
[11:37:56] ERROR: Can't kekulize mol.  Unkekulized atoms: 4 9 13 14 18 25 26 27 28
[11:37:56] Explicit valence for atom # 24 P, 6, is greater than permitted
[11:37:56] ERROR: Could not sanitize molecule ending on line 60
[11:37:56] ERROR: Explicit valence for atom # 24 P, 6, is greater than permitted
[11:37:56] Explicit valence for atom # 18 O, 3, is greater than permitted
[11:37:56] ERROR: Could not sanitize molecule ending on line 80
[11:37:56] ERROR: Explicit valence for atom # 18 O, 3, is greater than permitted
[11:37:56] Can't kekulize mol.  Unkekulized atoms: 1 4 5 13 16 18 20
[11:37:56] ERROR: Could not sanitize molecule ending on line 63
[11:37:56] ERROR: Can't kekulize mol.  Unkekulized atoms: 1 4 5 13 16 18 20
[11:37:56] Can't kekulize mol.  Unkekulized atoms: 1 3 9 12 13 22 25
[11:37:56] ERROR: Could not sanitize molecule ending on line 73
[11:37:56] ERROR: Can't kekulize mol.  Unkekulized atoms: 1 3 9 12 13 22 25
[11:37:56] Explicit valence for atom # 8 O, 3, is greater than permitted
[11:37:56] ERROR: Could not sanitize molecule ending on line 62
[11:37:56] ERROR: Explicit valence for atom # 8 O, 3, is greater than permitted
[11:37:56] Can't kekulize mol.  Unkekulized atoms: 0 4 6 18 19
[11:37:56] ERROR: Could not sanitize molecule ending on line 49
[11:37:56] ERROR: Can't kekulize mol.  Unkekulized atoms: 0 4 6 18 19
[11:37:56] Can't kekulize mol.  Unkekulized atoms: 4 5 8 12 17 18 20 26 27
[11:37:56] ERROR: Could not sanitize molecule ending on line 69
[11:37:56] ERROR: Can't kekulize mol.  Unkekulized atoms: 4 5 8 12 17 18 20 26 27
[11:37:56] Can't kekulize mol.  Unkekulized atoms: 6 7 12 14 23 29 30 37 39
[11:37:56] ERROR: Could not sanitize molecule ending on line 93
[11:37:56] ERROR: Can't kekulize mol.  Unkekulized atoms: 6 7 12 14 23 29 30 37 39
[11:37:56] Can't kekulize mol.  Unkekulized atoms: 1 5 7 19 21
[11:37:56] ERROR: Could not sanitize molecule ending on line 51
[11:37:56] ERROR: Can't kekulize mol.  Unkekulized atoms: 1 5 7 19 21
[11:37:56] Explicit valence for atom # 30 O, 3, is greater than permitted
[11:37:56] ERROR: Could not sanitize molecule ending on line 75
[11:37:56] ERROR: Explicit valence for atom # 30 O, 3, is greater than permitted
[11:37:56] Explicit valence for atom # 9 N, 4, is greater than permitted
[11:37:56] ERROR: Could not sanitize molecule ending on line 84
[11:37:56] ERROR: Explicit valence for atom # 9 N, 4, is greater than permitted
[11:37:56] Explicit valence for atom # 36 C, 5, is greater than permitted
[11:37:56] ERROR: Could not sanitize molecule ending on line 90
[11:37:56] ERROR: Explicit valence for atom # 36 C, 5, is greater than permitted
[11:37:56] Explicit valence for atom # 13 C, 5, is greater than permitted
[11:37:56] ERROR: Could not sanitize molecule ending on line 71
[11:37:56] ERROR: Explicit valence for atom # 13 C, 5, is greater than permitted
[11:37:56] Explicit valence for atom # 4 O, 3, is greater than permitted
[11:37:56] ERROR: Could not sanitize molecule ending on line 139
[11:37:56] ERROR: Explicit valence for atom # 4 O, 3, is greater than permitted
[11:37:56] Can't kekulize mol.  Unkekulized atoms: 0 11 12 21 31
[11:37:56] ERROR: Could not sanitize molecule ending on line 77
[11:37:56] ERROR: Can't kekulize mol.  Unkekulized atoms: 0 11 12 21 31
[11:37:56] Can't kekulize mol.  Unkekulized atoms: 1 5 6 8 14 18 20 21 25 26 33
[11:37:56] ERROR: Could not sanitize molecule ending on line 79
[11:37:56] ERROR: Can't kekulize mol.  Unkekulized atoms: 1 5 6 8 14 18 20 21 25 26 33
[11:37:56] Can't kekulize mol.  Unkekulized atoms: 1 3 5 34 36
[11:37:56] ERROR: Could not sanitize molecule ending on line 81
[11:37:56] ERROR: Can't kekulize mol.  Unkekulized atoms: 1 3 5 34 36
[11:37:56] Explicit valence for atom # 12 C, 5, is greater than permitted
[11:37:56] ERROR: Could not sanitize molecule ending on line 110
[11:37:56] ERROR: Explicit valence for atom # 12 C, 5, is greater than permitted
[11:37:56] Explicit valence for atom # 19 N, 4, is greater than permitted
[11:37:56] ERROR: Could not sanitize molecule ending on line 76
[11:37:56] ERROR: Explicit valence for atom # 19 N, 4, is greater than permitted
[11:37:56] Can't kekulize mol.  Unkekulized atoms: 3 6 11 13 30
[11:37:56] ERROR: Could not sanitize molecule ending on line 106
[11:37:56] ERROR: Can't kekulize mol.  Unkekulized atoms: 3 6 11 13 30
[11:37:56] Can't kekulize mol.  Unkekulized atoms: 1 7 11 20 22
[11:37:56] ERROR: Could not sanitize molecule ending on line 54
[11:37:56] ERROR: Can't kekulize mol.  Unkekulized atoms: 1 7 11 20 22
[11:37:56] Can't kekulize mol.  Unkekulized atoms: 2 4 7 10 11 13 15 16 17 18 20 23 24 25 26 29 30 31 35 39 40
[11:37:56] ERROR: Could not sanitize molecule ending on line 93
[11:37:56] ERROR: Can't kekulize mol.  Unkekulized atoms: 2 4 7 10 11 13 15 16 17 18 20 23 24 25 26 29 30 31 35 39 40
[11:37:56] Can't kekulize mol.  Unkekulized atoms: 4 12 22
[11:37:56] ERROR: Could not sanitize molecule ending on line 89
[11:37:56] ERROR: Can't kekulize mol.  Unkekulized atoms: 4 12 22
[11:37:56] Can't kekulize mol.  Unkekulized atoms: 0 2 6 9 10 11 14 21 31
[11:37:56] ERROR: Could not sanitize molecule ending on line 88
[11:37:56] ERROR: Can't kekulize mol.  Unkekulized atoms: 0 2 6 9 10 11 14 21 31
[11:37:56] Can't kekulize mol.  Unkekulized atoms: 3 4 12 13 20
[11:37:56] ERROR: Could not sanitize molecule ending on line 64
[11:37:56] ERROR: Can't kekulize mol.  Unkekulized atoms: 3 4 12 13 20
[11:37:56] Can't kekulize mol.  Unkekulized atoms: 0 6 8 18 24
[11:37:56] ERROR: Could not sanitize molecule ending on line 64
[11:37:56] ERROR: Can't kekulize mol.  Unkekulized atoms: 0 6 8 18 24
[11:37:56] Can't kekulize mol.  Unkekulized atoms: 0 2 4 6 10 13 14 15 17 18 20
[11:37:56] ERROR: Could not sanitize molecule ending on line 53
[11:37:56] ERROR: Can't kekulize mol.  Unkekulized atoms: 0 2 4 6 10 13 14 15 17 18 20
[11:37:56] Can't kekulize mol.  Unkekulized atoms: 1 3 6 7 8 9 11 12 14 16 18 19 20
[11:37:56] ERROR: Could not sanitize molecule ending on line 52
[11:37:56] ERROR: Can't kekulize mol.  Unkekulized atoms: 1 3 6 7 8 9 11 12 14 16 18 19 20
[11:37:56] Can't kekulize mol.  Unkekulized atoms: 2 16 22
[11:37:56] ERROR: Could not sanitize molecule ending on line 53
[11:37:56] ERROR: Can't kekulize mol.  Unkekulized atoms: 2 16 22
[11:37:56] Can't kekulize mol.  Unkekulized atoms: 0 10 16 18 23
[11:37:56] ERROR: Could not sanitize molecule ending on line 55
[11:37:56] ERROR: Can't kekulize mol.  Unkekulized atoms: 0 10 16 18 23
[11:37:56] Can't kekulize mol.  Unkekulized atoms: 0 1 2 3 5 6 7 8 9 12 14 16 17 18 19 20 21
[11:37:56] ERROR: Could not sanitize molecule ending on line 54
[11:37:56] ERROR: Can't kekulize mol.  Unkekulized atoms: 0 1 2 3 5 6 7 8 9 12 14 16 17 18 19 20 21
[11:37:56] Explicit valence for atom # 10 O, 3, is greater than permitted
[11:37:56] ERROR: Could not sanitize molecule ending on line 31
[11:37:56] ERROR: Explicit valence for atom # 10 O, 3, is greater than permitted
[11:37:56] Can't kekulize mol.  Unkekulized atoms: 0 4 6 7 8 9 11 12 13 16 18 19 20 21 22 23
[11:37:56] ERROR: Could not sanitize molecule ending on line 59
[11:37:56] ERROR: Can't kekulize mol.  Unkekulized atoms: 0 4 6 7 8 9 11 12 13 16 18 19 20 21 22 23
[11:37:56] Can't kekulize mol.  Unkekulized atoms: 3 7 9 10 11 14 17 18 22
[11:37:56] ERROR: Could not sanitize molecule ending on line 55
[11:37:56] ERROR: Can't kekulize mol.  Unkekulized atoms: 3 7 9 10 11 14 17 18 22
[11:37:56] Can't kekulize mol.  Unkekulized atoms: 1 2 3 14 15 16 18 19 21 23 24
[11:37:56] ERROR: Could not sanitize molecule ending on line 60
[11:37:56] ERROR: Can't kekulize mol.  Unkekulized atoms: 1 2 3 14 15 16 18 19 21 23 24
[11:37:56] Can't kekulize mol.  Unkekulized atoms: 2 3 5 7 9 14 15 16 24 25 26
[11:37:56] ERROR: Could not sanitize molecule ending on line 63
[11:37:56] ERROR: Can't kekulize mol.  Unkekulized atoms: 2 3 5 7 9 14 15 16 24 25 26
[11:37:56] Can't kekulize mol.  Unkekulized atoms: 12 17 19 21 23
[11:37:56] ERROR: Could not sanitize molecule ending on line 58
[11:37:56] ERROR: Can't kekulize mol.  Unkekulized atoms: 12 17 19 21 23
[11:37:56] Explicit valence for atom # 4 C, 5, is greater than permitted
[11:37:56] ERROR: Could not sanitize molecule ending on line 67
[11:37:56] ERROR: Explicit valence for atom # 4 C, 5, is greater than permitted
[11:37:56] Can't kekulize mol.  Unkekulized atoms: 0 2 3 6 7 8 13 14 17
[11:37:56] ERROR: Could not sanitize molecule ending on line 44
[11:37:56] ERROR: Can't kekulize mol.  Unkekulized atoms: 0 2 3 6 7 8 13 14 17
[11:37:56] Can't kekulize mol.  Unkekulized atoms: 2 5 7 11 12 13 15 21 22
[11:37:56] ERROR: Could not sanitize molecule ending on line 56
[11:37:56] ERROR: Can't kekulize mol.  Unkekulized atoms: 2 5 7 11 12 13 15 21 22
[11:37:56] Can't kekulize mol.  Unkekulized atoms: 7 12 15 18 19 21 22
[11:37:56] ERROR: Could not sanitize molecule ending on line 62
[11:37:56] ERROR: Can't kekulize mol.  Unkekulized atoms: 7 12 15 18 19 21 22
[11:37:56] Explicit valence for atom # 14 Cl, 2, is greater than permitted
[11:37:56] ERROR: Could not sanitize molecule ending on line 41
[11:37:56] ERROR: Explicit valence for atom # 14 Cl, 2, is greater than permitted
[11:37:56] Can't kekulize mol.  Unkekulized atoms: 2 9 13 18 32
[11:37:56] ERROR: Could not sanitize molecule ending on line 84
[11:37:56] ERROR: Can't kekulize mol.  Unkekulized atoms: 2 9 13 18 32
[11:37:56] Can't kekulize mol.  Unkekulized atoms: 4 7 19 22 23
[11:37:56] ERROR: Could not sanitize molecule ending on line 64
[11:37:56] ERROR: Can't kekulize mol.  Unkekulized atoms: 4 7 19 22 23
[11:37:56] Can't kekulize mol.  Unkekulized atoms: 3 10 13 20 21
[11:37:56] ERROR: Could not sanitize molecule ending on line 67
[11:37:56] ERROR: Can't kekulize mol.  Unkekulized atoms: 3 10 13 20 21
[11:37:56] Can't kekulize mol.  Unkekulized atoms: 0 5 11 14 15 17 18 20 21
[11:37:56] ERROR: Could not sanitize molecule ending on line 51
[11:37:56] ERROR: Can't kekulize mol.  Unkekulized atoms: 0 5 11 14 15 17 18 20 21
[11:37:56] Can't kekulize mol.  Unkekulized atoms: 2 3 4
[11:37:56] ERROR: Could not sanitize molecule ending on line 68
[11:37:56] ERROR: Can't kekulize mol.  Unkekulized atoms: 2 3 4
[11:37:56] Can't kekulize mol.  Unkekulized atoms: 6 12 15 17 20
[11:37:56] ERROR: Could not sanitize molecule ending on line 49
[11:37:56] ERROR: Can't kekulize mol.  Unkekulized atoms: 6 12 15 17 20
[11:37:56] Explicit valence for atom # 12 O, 3, is greater than permitted
[11:37:56] ERROR: Could not sanitize molecule ending on line 52
[11:37:56] ERROR: Explicit valence for atom # 12 O, 3, is greater than permitted
[11:37:56] Can't kekulize mol.  Unkekulized atoms: 1 2 3 4 8 11 24
[11:37:56] ERROR: Could not sanitize molecule ending on line 60
[11:37:56] ERROR: Can't kekulize mol.  Unkekulized atoms: 1 2 3 4 8 11 24
[11:37:56] Can't kekulize mol.  Unkekulized atoms: 0 3 4 5 16 23
[11:37:56] ERROR: Could not sanitize molecule ending on line 55
[11:37:56] ERROR: Can't kekulize mol.  Unkekulized atoms: 0 3 4 5 16 23
[11:37:56] Can't kekulize mol.  Unkekulized atoms: 1 2 3 9 11 14 16 17 19 22 23 26 28 32 41
[11:37:56] ERROR: Could not sanitize molecule ending on line 97
[11:37:56] ERROR: Can't kekulize mol.  Unkekulized atoms: 1 2 3 9 11 14 16 17 19 22 23 26 28 32 41
[11:37:56] Explicit valence for atom # 22 Cl, 2, is greater than permitted
[11:37:56] ERROR: Could not sanitize molecule ending on line 62
[11:37:56] ERROR: Explicit valence for atom # 22 Cl, 2, is greater than permitted
[11:37:56] Explicit valence for atom # 5 P, 6, is greater than permitted
[11:37:56] ERROR: Could not sanitize molecule ending on line 39
[11:37:56] ERROR: Explicit valence for atom # 5 P, 6, is greater than permitted
[11:37:56] Explicit valence for atom # 10 C, 5, is greater than permitted
[11:37:56] ERROR: Could not sanitize molecule ending on line 56
[11:37:56] ERROR: Explicit valence for atom # 10 C, 5, is greater than permitted
[11:37:56] Explicit valence for atom # 12 N, 4, is greater than permitted
[11:37:56] ERROR: Could not sanitize molecule ending on line 56
[11:37:56] ERROR: Explicit valence for atom # 12 N, 4, is greater than permitted
[11:37:56] Explicit valence for atom # 0 C, 5, is greater than permitted
[11:37:56] ERROR: Could not sanitize molecule ending on line 54
[11:37:56] ERROR: Explicit valence for atom # 0 C, 5, is greater than permitted
[11:37:56] Explicit valence for atom # 26 C, 5, is greater than permitted
[11:37:56] ERROR: Could not sanitize molecule ending on line 74
[11:37:56] ERROR: Explicit valence for atom # 26 C, 5, is greater than permitted
[11:37:56] Explicit valence for atom # 25 C, 5, is greater than permitted
[11:37:56] ERROR: Could not sanitize molecule ending on line 72
[11:37:56] ERROR: Explicit valence for atom # 25 C, 5, is greater than permitted
[11:37:56] Explicit valence for atom # 13 P, 6, is greater than permitted
[11:37:56] ERROR: Could not sanitize molecule ending on line 37
[11:37:56] ERROR: Explicit valence for atom # 13 P, 6, is greater than permitted
[11:37:56] Can't kekulize mol.  Unkekulized atoms: 2 5 7 8 15 17 22
[11:37:56] ERROR: Could not sanitize molecule ending on line 60
[11:37:56] ERROR: Can't kekulize mol.  Unkekulized atoms: 2 5 7 8 15 17 22
[11:37:56] Can't kekulize mol.  Unkekulized atoms: 1 23 27 28 34
[11:37:56] ERROR: Could not sanitize molecule ending on line 85
[11:37:56] ERROR: Can't kekulize mol.  Unkekulized atoms: 1 23 27 28 34
[11:37:56] Explicit valence for atom # 29 C, 6, is greater than permitted
[11:37:56] ERROR: Could not sanitize molecule ending on line 95
[11:37:56] ERROR: Explicit valence for atom # 29 C, 6, is greater than permitted
[11:37:56] Explicit valence for atom # 23 O, 3, is greater than permitted
[11:37:56] ERROR: Could not sanitize molecule ending on line 73
[11:37:56] ERROR: Explicit valence for atom # 23 O, 3, is greater than permitted
[11:37:56] Can't kekulize mol.  Unkekulized atoms: 1 5 6 10 12 14 15 18 22 28 31
[11:37:56] ERROR: Could not sanitize molecule ending on line 73
[11:37:56] ERROR: Can't kekulize mol.  Unkekulized atoms: 1 5 6 10 12 14 15 18 22 28 31
[11:37:56] Explicit valence for atom # 4 C, 5, is greater than permitted
[11:37:56] ERROR: Could not sanitize molecule ending on line 90
[11:37:56] ERROR: Explicit valence for atom # 4 C, 5, is greater than permitted
[11:37:56] Can't kekulize mol.  Unkekulized atoms: 4 6 7
[11:37:56] ERROR: Could not sanitize molecule ending on line 48
[11:37:56] ERROR: Can't kekulize mol.  Unkekulized atoms: 4 6 7
[11:37:56] Can't kekulize mol.  Unkekulized atoms: 0 1 9 10 12 14 15 16 17
[11:37:56] ERROR: Could not sanitize molecule ending on line 43
[11:37:56] ERROR: Can't kekulize mol.  Unkekulized atoms: 0 1 9 10 12 14 15 16 17
[11:37:56] Can't kekulize mol.  Unkekulized atoms: 0 1 5 6 7 8 9 10 14 16 18 19 21
[11:37:56] ERROR: Could not sanitize molecule ending on line 52
[11:37:56] ERROR: Can't kekulize mol.  Unkekulized atoms: 0 1 5 6 7 8 9 10 14 16 18 19 21
[11:37:56] Can't kekulize mol.  Unkekulized atoms: 1 3 5 7 17
[11:37:56] ERROR: Could not sanitize molecule ending on line 47
[11:37:56] ERROR: Can't kekulize mol.  Unkekulized atoms: 1 3 5 7 17
[11:37:56] Can't kekulize mol.  Unkekulized atoms: 1 2 3 6 11 13 15
[11:37:56] ERROR: Could not sanitize molecule ending on line 40
[11:37:56] ERROR: Can't kekulize mol.  Unkekulized atoms: 1 2 3 6 11 13 15
[11:37:56] Can't kekulize mol.  Unkekulized atoms: 0 19 20 23 31
[11:37:56] ERROR: Could not sanitize molecule ending on line 70
[11:37:56] ERROR: Can't kekulize mol.  Unkekulized atoms: 0 19 20 23 31
[11:37:56] Can't kekulize mol.  Unkekulized atoms: 0 2 5
[11:37:56] ERROR: Could not sanitize molecule ending on line 42
[11:37:56] ERROR: Can't kekulize mol.  Unkekulized atoms: 0 2 5
[11:37:56] Can't kekulize mol.  Unkekulized atoms: 9 27 32
[11:37:56] ERROR: Could not sanitize molecule ending on line 74
[11:37:56] ERROR: Can't kekulize mol.  Unkekulized atoms: 9 27 32
[11:37:56] Can't kekulize mol.  Unkekulized atoms: 4 12 13 27 29
[11:37:56] ERROR: Could not sanitize molecule ending on line 73
[11:37:56] ERROR: Can't kekulize mol.  Unkekulized atoms: 4 12 13 27 29
[11:37:56] Can't kekulize mol.  Unkekulized atoms: 12 17 20 28 35
[11:37:56] ERROR: Could not sanitize molecule ending on line 85
[11:37:56] ERROR: Can't kekulize mol.  Unkekulized atoms: 12 17 20 28 35
[11:37:56] Can't kekulize mol.  Unkekulized atoms: 6 29 35 41 43
[11:37:56] ERROR: Could not sanitize molecule ending on line 99
[11:37:56] ERROR: Can't kekulize mol.  Unkekulized atoms: 6 29 35 41 43
[11:37:56] Explicit valence for atom # 1 O, 3, is greater than permitted
[11:37:56] ERROR: Could not sanitize molecule ending on line 89
[11:37:56] ERROR: Explicit valence for atom # 1 O, 3, is greater than permitted
[11:37:56] Explicit valence for atom # 19 N, 4, is greater than permitted
[11:37:56] ERROR: Could not sanitize molecule ending on line 86
[11:37:56] ERROR: Explicit valence for atom # 19 N, 4, is greater than permitted
[11:37:56] Can't kekulize mol.  Unkekulized atoms: 1 22 23 26 30
[11:37:56] ERROR: Could not sanitize molecule ending on line 82
[11:37:56] ERROR: Can't kekulize mol.  Unkekulized atoms: 1 22 23 26 30
[11:37:56] Can't kekulize mol.  Unkekulized atoms: 2 4 11
[11:37:56] ERROR: Could not sanitize molecule ending on line 72
[11:37:56] ERROR: Can't kekulize mol.  Unkekulized atoms: 2 4 11
[11:37:56] Can't kekulize mol.  Unkekulized atoms: 1 3 8 30 36
[11:37:56] ERROR: Could not sanitize molecule ending on line 96
[11:37:56] ERROR: Can't kekulize mol.  Unkekulized atoms: 1 3 8 30 36
[11:37:56] Can't kekulize mol.  Unkekulized atoms: 0 6 12 13 28
[11:37:56] ERROR: Could not sanitize molecule ending on line 72
[11:37:56] ERROR: Can't kekulize mol.  Unkekulized atoms: 0 6 12 13 28
[11:37:56] Can't kekulize mol.  Unkekulized atoms: 0 7 26 32 33
[11:37:56] ERROR: Could not sanitize molecule ending on line 77
[11:37:56] ERROR: Can't kekulize mol.  Unkekulized atoms: 0 7 26 32 33
[11:37:56] Can't kekulize mol.  Unkekulized atoms: 3 19 22 25 34
[11:37:56] ERROR: Could not sanitize molecule ending on line 79
[11:37:56] ERROR: Can't kekulize mol.  Unkekulized atoms: 3 19 22 25 34
[11:37:56] Explicit valence for atom # 10 C, 5, is greater than permitted
[11:37:56] ERROR: Could not sanitize molecule ending on line 76
[11:37:56] ERROR: Explicit valence for atom # 10 C, 5, is greater than permitted
[11:37:56] Explicit valence for atom # 23 C, 5, is greater than permitted
[11:37:56] ERROR: Could not sanitize molecule ending on line 68
[11:37:56] ERROR: Explicit valence for atom # 23 C, 5, is greater than permitted
[11:37:56] Explicit valence for atom # 12 C, 5, is greater than permitted
[11:37:56] ERROR: Could not sanitize molecule ending on line 80
[11:37:56] ERROR: Explicit valence for atom # 12 C, 5, is greater than permitted
[11:37:56] Can't kekulize mol.  Unkekulized atoms: 8 22 27 28 29
[11:37:56] ERROR: Could not sanitize molecule ending on line 67
[11:37:56] ERROR: Can't kekulize mol.  Unkekulized atoms: 8 22 27 28 29
[11:37:56] Explicit valence for atom # 29 C, 5, is greater than permitted
[11:37:56] ERROR: Could not sanitize molecule ending on line 68
[11:37:56] ERROR: Explicit valence for atom # 29 C, 5, is greater than permitted
[11:37:56] Explicit valence for atom # 12 C, 5, is greater than permitted
[11:37:56] ERROR: Could not sanitize molecule ending on line 70
[11:37:56] ERROR: Explicit valence for atom # 12 C, 5, is greater than permitted
[11:37:56] Can't kekulize mol.  Unkekulized atoms: 1 2 3 5 6 11 12 13 15 16 18 20 24 25 26
[11:37:56] ERROR: Could not sanitize molecule ending on line 71
[11:37:56] ERROR: Can't kekulize mol.  Unkekulized atoms: 1 2 3 5 6 11 12 13 15 16 18 20 24 25 26
[11:37:56] Explicit valence for atom # 21 C, 5, is greater than permitted
[11:37:56] ERROR: Could not sanitize molecule ending on line 65
[11:37:56] ERROR: Explicit valence for atom # 21 C, 5, is greater than permitted
[11:37:56] Can't kekulize mol.  Unkekulized atoms: 6 9 14 17 21
[11:37:56] ERROR: Could not sanitize molecule ending on line 55
[11:37:56] ERROR: Can't kekulize mol.  Unkekulized atoms: 6 9 14 17 21
[11:37:56] Can't kekulize mol.  Unkekulized atoms: 0 5 8 14 15 17 21 22 25 28 30 31 34
[11:37:56] ERROR: Could not sanitize molecule ending on line 83
[11:37:56] ERROR: Can't kekulize mol.  Unkekulized atoms: 0 5 8 14 15 17 21 22 25 28 30 31 34
[11:37:56] Explicit valence for atom # 21 C, 6, is greater than permitted
[11:37:56] ERROR: Could not sanitize molecule ending on line 56
[11:37:56] ERROR: Explicit valence for atom # 21 C, 6, is greater than permitted
[11:37:56] Explicit valence for atom # 18 F, 2, is greater than permitted
[11:37:56] ERROR: Could not sanitize molecule ending on line 69
[11:37:56] ERROR: Explicit valence for atom # 18 F, 2, is greater than permitted
[11:37:56] Can't kekulize mol.  Unkekulized atoms: 0 1 4 6 8 9 10 11 12 14 15 17 19
[11:37:56] ERROR: Could not sanitize molecule ending on line 49
[11:37:56] ERROR: Can't kekulize mol.  Unkekulized atoms: 0 1 4 6 8 9 10 11 12 14 15 17 19
[11:37:56] Explicit valence for atom # 19 C, 6, is greater than permitted
[11:37:56] ERROR: Could not sanitize molecule ending on line 45
[11:37:56] ERROR: Explicit valence for atom # 19 C, 6, is greater than permitted
[11:37:56] Can't kekulize mol.  Unkekulized atoms: 1 7 15 16 20
[11:37:56] ERROR: Could not sanitize molecule ending on line 48
[11:37:56] ERROR: Can't kekulize mol.  Unkekulized atoms: 1 7 15 16 20
[11:37:56] Can't kekulize mol.  Unkekulized atoms: 0 9 17
[11:37:56] ERROR: Could not sanitize molecule ending on line 44
[11:37:56] ERROR: Can't kekulize mol.  Unkekulized atoms: 0 9 17
[11:37:56] Explicit valence for atom # 17 P, 6, is greater than permitted
[11:37:56] ERROR: Could not sanitize molecule ending on line 69
[11:37:56] ERROR: Explicit valence for atom # 17 P, 6, is greater than permitted
[11:37:56] Can't kekulize mol.  Unkekulized atoms: 1 5 10
[11:37:56] ERROR: Could not sanitize molecule ending on line 46
[11:37:56] ERROR: Can't kekulize mol.  Unkekulized atoms: 1 5 10
[11:37:56] Can't kekulize mol.  Unkekulized atoms: 1 3 11 12 14
[11:37:56] ERROR: Could not sanitize molecule ending on line 53
[11:37:56] ERROR: Can't kekulize mol.  Unkekulized atoms: 1 3 11 12 14
[11:37:56] Can't kekulize mol.  Unkekulized atoms: 0 1 8 11
[11:37:56] ERROR: Could not sanitize molecule ending on line 48
[11:37:56] ERROR: Can't kekulize mol.  Unkekulized atoms: 0 1 8 11
[11:37:56] Can't kekulize mol.  Unkekulized atoms: 3 5 8 9 17
[11:37:56] ERROR: Could not sanitize molecule ending on line 49
[11:37:56] ERROR: Can't kekulize mol.  Unkekulized atoms: 3 5 8 9 17
[11:37:56] Explicit valence for atom # 10 O, 3, is greater than permitted
[11:37:56] ERROR: Could not sanitize molecule ending on line 60
[11:37:56] ERROR: Explicit valence for atom # 10 O, 3, is greater than permitted
[11:37:56] Can't kekulize mol.  Unkekulized atoms: 0 4 5 11 18
[11:37:56] ERROR: Could not sanitize molecule ending on line 46
[11:37:56] ERROR: Can't kekulize mol.  Unkekulized atoms: 0 4 5 11 18
[11:37:56] Can't kekulize mol.  Unkekulized atoms: 0 3 7 10 12
[11:37:56] ERROR: Could not sanitize molecule ending on line 44
[11:37:56] ERROR: Can't kekulize mol.  Unkekulized atoms: 0 3 7 10 12
[11:37:56] Explicit valence for atom # 20 N, 4, is greater than permitted
[11:37:56] ERROR: Could not sanitize molecule ending on line 65
[11:37:56] ERROR: Explicit valence for atom # 20 N, 4, is greater than permitted
[11:37:56] Can't kekulize mol.  Unkekulized atoms: 1 2 3 5 6 18 20 22 23
[11:37:56] ERROR: Could not sanitize molecule ending on line 65
[11:37:56] ERROR: Can't kekulize mol.  Unkekulized atoms: 1 2 3 5 6 18 20 22 23
[11:37:56] Can't kekulize mol.  Unkekulized atoms: 3 13 33
[11:37:56] ERROR: Could not sanitize molecule ending on line 83
[11:37:56] ERROR: Can't kekulize mol.  Unkekulized atoms: 3 13 33
[11:37:56] Can't kekulize mol.  Unkekulized atoms: 0 2 4 5 8 9 11 21 24
[11:37:56] ERROR: Could not sanitize molecule ending on line 73
[11:37:56] ERROR: Can't kekulize mol.  Unkekulized atoms: 0 2 4 5 8 9 11 21 24
[11:37:56] Can't kekulize mol.  Unkekulized atoms: 3 4 9 13 17 18 19 25 27 30 32
[11:37:56] ERROR: Could not sanitize molecule ending on line 81
[11:37:56] ERROR: Can't kekulize mol.  Unkekulized atoms: 3 4 9 13 17 18 19 25 27 30 32
[11:37:56] Can't kekulize mol.  Unkekulized atoms: 0 7 8 18 19 22 24
[11:37:56] ERROR: Could not sanitize molecule ending on line 70
[11:37:56] ERROR: Can't kekulize mol.  Unkekulized atoms: 0 7 8 18 19 22 24
[11:37:56] Can't kekulize mol.  Unkekulized atoms: 10 14 15 26 30
[11:37:56] ERROR: Could not sanitize molecule ending on line 83
[11:37:56] ERROR: Can't kekulize mol.  Unkekulized atoms: 10 14 15 26 30
[11:37:56] Can't kekulize mol.  Unkekulized atoms: 0 5 6 15 17
[11:37:56] ERROR: Could not sanitize molecule ending on line 42
[11:37:56] ERROR: Can't kekulize mol.  Unkekulized atoms: 0 5 6 15 17
[11:37:56] Can't kekulize mol.  Unkekulized atoms: 2 4 7 8 9 10 19
[11:37:56] ERROR: Could not sanitize molecule ending on line 48
[11:37:56] ERROR: Can't kekulize mol.  Unkekulized atoms: 2 4 7 8 9 10 19
[11:37:56] Can't kekulize mol.  Unkekulized atoms: 1 5 13 15 16
[11:37:56] ERROR: Could not sanitize molecule ending on line 40
[11:37:56] ERROR: Can't kekulize mol.  Unkekulized atoms: 1 5 13 15 16
[11:37:56] Explicit valence for atom # 10 C, 6, is greater than permitted
[11:37:56] ERROR: Could not sanitize molecule ending on line 52
[11:37:56] ERROR: Explicit valence for atom # 10 C, 6, is greater than permitted
[11:37:56] Explicit valence for atom # 12 O, 3, is greater than permitted
[11:37:56] ERROR: Could not sanitize molecule ending on line 34
[11:37:56] ERROR: Explicit valence for atom # 12 O, 3, is greater than permitted
[11:37:56] Explicit valence for atom # 5 O, 3, is greater than permitted
[11:37:56] ERROR: Could not sanitize molecule ending on line 81
[11:37:56] ERROR: Explicit valence for atom # 5 O, 3, is greater than permitted
[11:37:56] Can't kekulize mol.  Unkekulized atoms: 9 10 12 13 15 17 18 19 22 24 25
[11:37:56] ERROR: Could not sanitize molecule ending on line 61
[11:37:56] ERROR: Can't kekulize mol.  Unkekulized atoms: 9 10 12 13 15 17 18 19 22 24 25
[11:37:56] Can't kekulize mol.  Unkekulized atoms: 1 4 5 7 8 9 11 12 13 15 16 17 18 20 22 23 25 26 28 30 31 32 33 36 38
[11:37:56] ERROR: Could not sanitize molecule ending on line 89
[11:37:56] ERROR: Can't kekulize mol.  Unkekulized atoms: 1 4 5 7 8 9 11 12 13 15 16 17 18 20 22 23 25 26 28 30 31 32 33 36 38
[11:37:56] Explicit valence for atom # 19 C, 6, is greater than permitted
[11:37:56] ERROR: Could not sanitize molecule ending on line 61
[11:37:56] ERROR: Explicit valence for atom # 19 C, 6, is greater than permitted
[11:37:56] Explicit valence for atom # 15 N, 4, is greater than permitted
[11:37:56] ERROR: Could not sanitize molecule ending on line 65
[11:37:56] ERROR: Explicit valence for atom # 15 N, 4, is greater than permitted
[11:37:56] Explicit valence for atom # 20 C, 5, is greater than permitted
[11:37:56] ERROR: Could not sanitize molecule ending on line 63
[11:37:56] ERROR: Explicit valence for atom # 20 C, 5, is greater than permitted
[11:37:56] Can't kekulize mol.  Unkekulized atoms: 0 5 8 12 13 14 17 22 23
[11:37:56] ERROR: Could not sanitize molecule ending on line 57
[11:37:56] ERROR: Can't kekulize mol.  Unkekulized atoms: 0 5 8 12 13 14 17 22 23
[11:37:56] Can't kekulize mol.  Unkekulized atoms: 1 3 4 5 7 8 10 11 12 18 20 21 23 24 25
[11:37:56] ERROR: Could not sanitize molecule ending on line 60
[11:37:56] ERROR: Can't kekulize mol.  Unkekulized atoms: 1 3 4 5 7 8 10 11 12 18 20 21 23 24 25
[11:37:56] Explicit valence for atom # 18 O, 3, is greater than permitted
[11:37:56] ERROR: Could not sanitize molecule ending on line 58
[11:37:56] ERROR: Explicit valence for atom # 18 O, 3, is greater than permitted
[11:37:56] Explicit valence for atom # 18 C, 5, is greater than permitted
[11:37:56] ERROR: Could not sanitize molecule ending on line 64
[11:37:56] ERROR: Explicit valence for atom # 18 C, 5, is greater than permitted
[11:37:56] Can't kekulize mol.  Unkekulized atoms: 0 5 6 10 13 16 17 18 19 21 22
[11:37:56] ERROR: Could not sanitize molecule ending on line 61
[11:37:56] ERROR: Can't kekulize mol.  Unkekulized atoms: 0 5 6 10 13 16 17 18 19 21 22
[11:37:56] Can't kekulize mol.  Unkekulized atoms: 1 2 4 7 11 15 16 18 19 21 22 23 24
[11:37:56] ERROR: Could not sanitize molecule ending on line 57
[11:37:56] ERROR: Can't kekulize mol.  Unkekulized atoms: 1 2 4 7 11 15 16 18 19 21 22 23 24
[11:37:56] Can't kekulize mol.  Unkekulized atoms: 1 2 4 8 10 13 14 17 20
[11:37:56] ERROR: Could not sanitize molecule ending on line 52
[11:37:56] ERROR: Can't kekulize mol.  Unkekulized atoms: 1 2 4 8 10 13 14 17 20
[11:37:56] Explicit valence for atom # 7 O, 3, is greater than permitted
[11:37:56] ERROR: Could not sanitize molecule ending on line 98
[11:37:56] ERROR: Explicit valence for atom # 7 O, 3, is greater than permitted
[11:37:56] Can't kekulize mol.  Unkekulized atoms: 3 4 6 9 13 23 24 28 30
[11:37:56] ERROR: Could not sanitize molecule ending on line 74
[11:37:56] ERROR: Can't kekulize mol.  Unkekulized atoms: 3 4 6 9 13 23 24 28 30
[11:37:56] Explicit valence for atom # 32 O, 3, is greater than permitted
[11:37:56] ERROR: Could not sanitize molecule ending on line 97
[11:37:56] ERROR: Explicit valence for atom # 32 O, 3, is greater than permitted
[11:37:56] Can't kekulize mol.  Unkekulized atoms: 15 16 21
[11:37:56] ERROR: Could not sanitize molecule ending on line 60
[11:37:56] ERROR: Can't kekulize mol.  Unkekulized atoms: 15 16 21
[11:37:56] Can't kekulize mol.  Unkekulized atoms: 2 14 16 25 26
[11:37:56] ERROR: Could not sanitize molecule ending on line 71
[11:37:56] ERROR: Can't kekulize mol.  Unkekulized atoms: 2 14 16 25 26
[11:37:56] Can't kekulize mol.  Unkekulized atoms: 0 3 4 7 11 14 19
[11:37:56] ERROR: Could not sanitize molecule ending on line 54
[11:37:56] ERROR: Can't kekulize mol.  Unkekulized atoms: 0 3 4 7 11 14 19
[11:37:56] Can't kekulize mol.  Unkekulized atoms: 4 9 10 14 15 20 25 26 31
[11:37:56] ERROR: Could not sanitize molecule ending on line 80
[11:37:56] ERROR: Can't kekulize mol.  Unkekulized atoms: 4 9 10 14 15 20 25 26 31
[11:37:56] Explicit valence for atom # 31 C, 5, is greater than permitted
[11:37:56] ERROR: Could not sanitize molecule ending on line 74
[11:37:56] ERROR: Explicit valence for atom # 31 C, 5, is greater than permitted
[11:37:56] Explicit valence for atom # 1 Cl, 2, is greater than permitted
[11:37:56] ERROR: Could not sanitize molecule ending on line 52
[11:37:56] ERROR: Explicit valence for atom # 1 Cl, 2, is greater than permitted
[11:37:56] Can't kekulize mol.  Unkekulized atoms: 2 17 18
[11:37:56] ERROR: Could not sanitize molecule ending on line 51
[11:37:56] ERROR: Can't kekulize mol.  Unkekulized atoms: 2 17 18
[11:37:56] Can't kekulize mol.  Unkekulized atoms: 5 16 29
[11:37:56] ERROR: Could not sanitize molecule ending on line 70
[11:37:56] ERROR: Can't kekulize mol.  Unkekulized atoms: 5 16 29
[11:37:56] Explicit valence for atom # 5 C, 5, is greater than permitted
[11:37:56] ERROR: Could not sanitize molecule ending on line 47
[11:37:56] ERROR: Explicit valence for atom # 5 C, 5, is greater than permitted
[11:37:56] Can't kekulize mol.  Unkekulized atoms: 1 5 6 10 11 12 14 15 16 17 18 19 20 21 22 23 25 26 27
[11:37:56] ERROR: Could not sanitize molecule ending on line 68
[11:37:56] ERROR: Can't kekulize mol.  Unkekulized atoms: 1 5 6 10 11 12 14 15 16 17 18 19 20 21 22 23 25 26 27
[11:37:56] Can't kekulize mol.  Unkekulized atoms: 3 4 5 6 7 9 10 12 13 14 15 16 17
[11:37:56] ERROR: Could not sanitize molecule ending on line 43
[11:37:56] ERROR: Can't kekulize mol.  Unkekulized atoms: 3 4 5 6 7 9 10 12 13 14 15 16 17
[11:37:57] Can't kekulize mol.  Unkekulized atoms: 3 8 12 13 21 22 36
[11:37:57] ERROR: Could not sanitize molecule ending on line 91
[11:37:57] ERROR: Can't kekulize mol.  Unkekulized atoms: 3 8 12 13 21 22 36
[11:37:57] Can't kekulize mol.  Unkekulized atoms: 0 2 4 5 6 7 9 10 11 12 13 15 16 17 18
[11:37:57] ERROR: Could not sanitize molecule ending on line 46
[11:37:57] ERROR: Can't kekulize mol.  Unkekulized atoms: 0 2 4 5 6 7 9 10 11 12 13 15 16 17 18
[11:37:57] Can't kekulize mol.  Unkekulized atoms: 1 4 14 16 21
[11:37:57] ERROR: Could not sanitize molecule ending on line 57
[11:37:57] ERROR: Can't kekulize mol.  Unkekulized atoms: 1 4 14 16 21
[11:37:57] Explicit valence for atom # 2 C, 6, is greater than permitted
[11:37:57] ERROR: Could not sanitize molecule ending on line 53
[11:37:57] ERROR: Explicit valence for atom # 2 C, 6, is greater than permitted
[11:37:57] Explicit valence for atom # 1 O, 3, is greater than permitted
[11:37:57] ERROR: Could not sanitize molecule ending on line 58
[11:37:57] ERROR: Explicit valence for atom # 1 O, 3, is greater than permitted
[11:37:57] Explicit valence for atom # 3 O, 3, is greater than permitted
[11:37:57] ERROR: Could not sanitize molecule ending on line 68
[11:37:57] ERROR: Explicit valence for atom # 3 O, 3, is greater than permitted
[11:37:57] Explicit valence for atom # 1 O, 3, is greater than permitted
[11:37:57] ERROR: Could not sanitize molecule ending on line 59
[11:37:57] ERROR: Explicit valence for atom # 1 O, 3, is greater than permitted
[11:37:57] Can't kekulize mol.  Unkekulized atoms: 9 12 15 18 23
[11:37:57] ERROR: Could not sanitize molecule ending on line 58
[11:37:57] ERROR: Can't kekulize mol.  Unkekulized atoms: 9 12 15 18 23
[11:37:57] Explicit valence for atom # 25 O, 3, is greater than permitted
[11:37:57] ERROR: Could not sanitize molecule ending on line 72
[11:37:57] ERROR: Explicit valence for atom # 25 O, 3, is greater than permitted
[11:37:57] Explicit valence for atom # 1 O, 3, is greater than permitted
[11:37:57] ERROR: Could not sanitize molecule ending on line 67
[11:37:57] ERROR: Explicit valence for atom # 1 O, 3, is greater than permitted
[11:37:57] Explicit valence for atom # 1 C, 6, is greater than permitted
[11:37:57] ERROR: Could not sanitize molecule ending on line 76
[11:37:57] ERROR: Explicit valence for atom # 1 C, 6, is greater than permitted
[11:37:57] Explicit valence for atom # 13 O, 3, is greater than permitted
[11:37:57] ERROR: Could not sanitize molecule ending on line 73
[11:37:57] ERROR: Explicit valence for atom # 13 O, 3, is greater than permitted
[11:37:57] Can't kekulize mol.  Unkekulized atoms: 3 8 10 11 24 28 29
[11:37:57] ERROR: Could not sanitize molecule ending on line 79
[11:37:57] ERROR: Can't kekulize mol.  Unkekulized atoms: 3 8 10 11 24 28 29
[11:37:57] Can't kekulize mol.  Unkekulized atoms: 14 18 22 24 25 32 35 38 47
[11:37:57] ERROR: Could not sanitize molecule ending on line 107
[11:37:57] ERROR: Can't kekulize mol.  Unkekulized atoms: 14 18 22 24 25 32 35 38 47
[11:37:57] Explicit valence for atom # 5 P, 6, is greater than permitted
[11:37:57] ERROR: Could not sanitize molecule ending on line 59
[11:37:57] ERROR: Explicit valence for atom # 5 P, 6, is greater than permitted
[11:37:57] Can't kekulize mol.  Unkekulized atoms: 2 7 13 15 17 23 25
[11:37:57] ERROR: Could not sanitize molecule ending on line 60
[11:37:57] ERROR: Can't kekulize mol.  Unkekulized atoms: 2 7 13 15 17 23 25
[11:37:57] Explicit valence for atom # 16 O, 3, is greater than permitted
[11:37:57] ERROR: Could not sanitize molecule ending on line 60
[11:37:57] ERROR: Explicit valence for atom # 16 O, 3, is greater than permitted
[11:37:57] Can't kekulize mol.  Unkekulized atoms: 0 3 4 5 11 12 26
[11:37:57] ERROR: Could not sanitize molecule ending on line 62
[11:37:57] ERROR: Can't kekulize mol.  Unkekulized atoms: 0 3 4 5 11 12 26
[11:37:57] Can't kekulize mol.  Unkekulized atoms: 0 7 12 15 23 30 32
[11:37:57] ERROR: Could not sanitize molecule ending on line 84
[11:37:57] ERROR: Can't kekulize mol.  Unkekulized atoms: 0 7 12 15 23 30 32
[11:37:57] Can't kekulize mol.  Unkekulized atoms: 10 18 23
[11:37:57] ERROR: Could not sanitize molecule ending on line 57
[11:37:57] ERROR: Can't kekulize mol.  Unkekulized atoms: 10 18 23
[11:37:57] Explicit valence for atom # 10 O, 3, is greater than permitted
[11:37:57] ERROR: Could not sanitize molecule ending on line 60
[11:37:57] ERROR: Explicit valence for atom # 10 O, 3, is greater than permitted
[11:37:57] Can't kekulize mol.  Unkekulized atoms: 2 13 21
[11:37:57] ERROR: Could not sanitize molecule ending on line 53
[11:37:57] ERROR: Can't kekulize mol.  Unkekulized atoms: 2 13 21
[11:37:57] Can't kekulize mol.  Unkekulized atoms: 2 3 6 11 13 18 19 24 25
[11:37:57] ERROR: Could not sanitize molecule ending on line 60
[11:37:57] ERROR: Can't kekulize mol.  Unkekulized atoms: 2 3 6 11 13 18 19 24 25
[11:37:57] Can't kekulize mol.  Unkekulized atoms: 0 9 16 18 20 21 22 24 26
[11:37:57] ERROR: Could not sanitize molecule ending on line 64
[11:37:57] ERROR: Can't kekulize mol.  Unkekulized atoms: 0 9 16 18 20 21 22 24 26
[11:37:57] Can't kekulize mol.  Unkekulized atoms: 0 14 22
[11:37:57] ERROR: Could not sanitize molecule ending on line 98
[11:37:57] ERROR: Can't kekulize mol.  Unkekulized atoms: 0 14 22
[11:37:57] Can't kekulize mol.  Unkekulized atoms: 1 2 4 5 7 9 10 14 18 19 20
[11:37:57] ERROR: Could not sanitize molecule ending on line 52
[11:37:57] ERROR: Can't kekulize mol.  Unkekulized atoms: 1 2 4 5 7 9 10 14 18 19 20
[11:37:57] Can't kekulize mol.  Unkekulized atoms: 5 6 7 8 10 11 13 14 16 17
[11:37:57] ERROR: Could not sanitize molecule ending on line 43
[11:37:57] ERROR: Can't kekulize mol.  Unkekulized atoms: 5 6 7 8 10 11 13 14 16 17
[11:37:57] Can't kekulize mol.  Unkekulized atoms: 2 5 6 8 17 20 23
[11:37:57] ERROR: Could not sanitize molecule ending on line 63
[11:37:57] ERROR: Can't kekulize mol.  Unkekulized atoms: 2 5 6 8 17 20 23
[11:37:57] Can't kekulize mol.  Unkekulized atoms: 1 2 5 6 7 9 10 13 14 16 17
[11:37:57] ERROR: Could not sanitize molecule ending on line 46
[11:37:57] ERROR: Can't kekulize mol.  Unkekulized atoms: 1 2 5 6 7 9 10 13 14 16 17
[11:37:57] Can't kekulize mol.  Unkekulized atoms: 0 1 12 14 15 16 18 19 21 22 23 28 30
[11:37:57] ERROR: Could not sanitize molecule ending on line 73
[11:37:57] ERROR: Can't kekulize mol.  Unkekulized atoms: 0 1 12 14 15 16 18 19 21 22 23 28 30
[11:37:57] Can't kekulize mol.  Unkekulized atoms: 0 4 6 8 9 11 12 13 14 15 16
[11:37:57] ERROR: Could not sanitize molecule ending on line 46
[11:37:57] ERROR: Can't kekulize mol.  Unkekulized atoms: 0 4 6 8 9 11 12 13 14 15 16
[11:37:57] Can't kekulize mol.  Unkekulized atoms: 4 6 7 10 19
[11:37:57] ERROR: Could not sanitize molecule ending on line 53
[11:37:57] ERROR: Can't kekulize mol.  Unkekulized atoms: 4 6 7 10 19
[11:37:57] Can't kekulize mol.  Unkekulized atoms: 4 8 9 10 12 13 15 21 22 25 26
[11:37:57] ERROR: Could not sanitize molecule ending on line 64
[11:37:57] ERROR: Can't kekulize mol.  Unkekulized atoms: 4 8 9 10 12 13 15 21 22 25 26
[11:37:57] Explicit valence for atom # 0 C, 5, is greater than permitted
[11:37:57] ERROR: Could not sanitize molecule ending on line 62
[11:37:57] ERROR: Explicit valence for atom # 0 C, 5, is greater than permitted
[11:37:57] Can't kekulize mol.  Unkekulized atoms: 3 14 17 18 20 22
[11:37:57] ERROR: Could not sanitize molecule ending on line 54
[11:37:57] ERROR: Can't kekulize mol.  Unkekulized atoms: 3 14 17 18 20 22
[11:37:57] Can't kekulize mol.  Unkekulized atoms: 3 14 16 18 20
[11:37:57] ERROR: Could not sanitize molecule ending on line 53
[11:37:57] ERROR: Can't kekulize mol.  Unkekulized atoms: 3 14 16 18 20
[11:37:57] Can't kekulize mol.  Unkekulized atoms: 1 6 10 12 16 17 19
[11:37:57] ERROR: Could not sanitize molecule ending on line 51
[11:37:57] ERROR: Can't kekulize mol.  Unkekulized atoms: 1 6 10 12 16 17 19
[11:37:57] Explicit valence for atom # 30 C, 5, is greater than permitted
[11:37:57] ERROR: Could not sanitize molecule ending on line 84
[11:37:57] ERROR: Explicit valence for atom # 30 C, 5, is greater than permitted
[11:37:57] Can't kekulize mol.  Unkekulized atoms: 1 2 4 12 13
[11:37:57] ERROR: Could not sanitize molecule ending on line 44
[11:37:57] ERROR: Can't kekulize mol.  Unkekulized atoms: 1 2 4 12 13
[11:37:57] Can't kekulize mol.  Unkekulized atoms: 0 3 4 5 9
[11:37:57] ERROR: Could not sanitize molecule ending on line 34
[11:37:57] ERROR: Can't kekulize mol.  Unkekulized atoms: 0 3 4 5 9
[11:37:57] Can't kekulize mol.  Unkekulized atoms: 2 7 10
[11:37:57] ERROR: Could not sanitize molecule ending on line 32
[11:37:57] ERROR: Can't kekulize mol.  Unkekulized atoms: 2 7 10
[11:37:57] Can't kekulize mol.  Unkekulized atoms: 2 4 7
[11:37:57] ERROR: Could not sanitize molecule ending on line 32
[11:37:57] ERROR: Can't kekulize mol.  Unkekulized atoms: 2 4 7
[11:37:57] Can't kekulize mol.  Unkekulized atoms: 1 2 7 9 11
[11:37:57] ERROR: Could not sanitize molecule ending on line 29
[11:37:57] ERROR: Can't kekulize mol.  Unkekulized atoms: 1 2 7 9 11
[11:37:57] Can't kekulize mol.  Unkekulized atoms: 2 6 8
[11:37:57] ERROR: Could not sanitize molecule ending on line 32
[11:37:57] ERROR: Can't kekulize mol.  Unkekulized atoms: 2 6 8
[11:37:57] Can't kekulize mol.  Unkekulized atoms: 1 2 3 8 11
[11:37:57] ERROR: Could not sanitize molecule ending on line 34
[11:37:57] ERROR: Can't kekulize mol.  Unkekulized atoms: 1 2 3 8 11
[11:37:57] Can't kekulize mol.  Unkekulized atoms: 0 2 6
[11:37:57] ERROR: Could not sanitize molecule ending on line 32
[11:37:57] ERROR: Can't kekulize mol.  Unkekulized atoms: 0 2 6
[11:37:57] Can't kekulize mol.  Unkekulized atoms: 0 3 6 8 10
[11:37:57] ERROR: Could not sanitize molecule ending on line 31
[11:37:57] ERROR: Can't kekulize mol.  Unkekulized atoms: 0 3 6 8 10
[11:37:57] Can't kekulize mol.  Unkekulized atoms: 0 4 11
[11:37:57] ERROR: Could not sanitize molecule ending on line 32
[11:37:57] ERROR: Can't kekulize mol.  Unkekulized atoms: 0 4 11
[11:37:57] Can't kekulize mol.  Unkekulized atoms: 0 4 5
[11:37:57] ERROR: Could not sanitize molecule ending on line 29
[11:37:57] ERROR: Can't kekulize mol.  Unkekulized atoms: 0 4 5
[11:37:57] Can't kekulize mol.  Unkekulized atoms: 3 5 6 7 12
[11:37:57] ERROR: Could not sanitize molecule ending on line 32
[11:37:57] ERROR: Can't kekulize mol.  Unkekulized atoms: 3 5 6 7 12
[11:37:57] Can't kekulize mol.  Unkekulized atoms: 2 3 7
[11:37:57] ERROR: Could not sanitize molecule ending on line 32
[11:37:57] ERROR: Can't kekulize mol.  Unkekulized atoms: 2 3 7
[11:37:57] Explicit valence for atom # 5 C, 5, is greater than permitted
[11:37:57] ERROR: Could not sanitize molecule ending on line 52
[11:37:57] ERROR: Explicit valence for atom # 5 C, 5, is greater than permitted
[11:37:57] Can't kekulize mol.  Unkekulized atoms: 3 7 12 16 17
[11:37:57] ERROR: Could not sanitize molecule ending on line 45
[11:37:57] ERROR: Can't kekulize mol.  Unkekulized atoms: 3 7 12 16 17
[11:37:57] Can't kekulize mol.  Unkekulized atoms: 0 1 9 17 18
[11:37:57] ERROR: Could not sanitize molecule ending on line 44
[11:37:57] ERROR: Can't kekulize mol.  Unkekulized atoms: 0 1 9 17 18
[11:37:57] Can't kekulize mol.  Unkekulized atoms: 6 7 9
[11:37:57] ERROR: Could not sanitize molecule ending on line 30
[11:37:57] ERROR: Can't kekulize mol.  Unkekulized atoms: 6 7 9
[11:37:57] Can't kekulize mol.  Unkekulized atoms: 0 1 2 4 6 9 10
[11:37:57] ERROR: Could not sanitize molecule ending on line 30
[11:37:57] ERROR: Can't kekulize mol.  Unkekulized atoms: 0 1 2 4 6 9 10
[11:37:57] Can't kekulize mol.  Unkekulized atoms: 1 15 16 17 20
[11:37:57] ERROR: Could not sanitize molecule ending on line 61
[11:37:57] ERROR: Can't kekulize mol.  Unkekulized atoms: 1 15 16 17 20
[11:37:57] Can't kekulize mol.  Unkekulized atoms: 5 6 8 9 15 16 17 18 20 22 23
[11:37:57] ERROR: Could not sanitize molecule ending on line 64
[11:37:57] ERROR: Can't kekulize mol.  Unkekulized atoms: 5 6 8 9 15 16 17 18 20 22 23
[11:37:57] Explicit valence for atom # 3 N, 6, is greater than permitted
[11:37:57] ERROR: Could not sanitize molecule ending on line 79
[11:37:57] ERROR: Explicit valence for atom # 3 N, 6, is greater than permitted
[11:37:57] Can't kekulize mol.  Unkekulized atoms: 0 1 6 8 9 10 12 14 27 28 29
[11:37:57] ERROR: Could not sanitize molecule ending on line 75
[11:37:57] ERROR: Can't kekulize mol.  Unkekulized atoms: 0 1 6 8 9 10 12 14 27 28 29
[11:37:57] Can't kekulize mol.  Unkekulized atoms: 7 15 17
[11:37:57] ERROR: Could not sanitize molecule ending on line 80
[11:37:57] ERROR: Can't kekulize mol.  Unkekulized atoms: 7 15 17
[11:37:57] Can't kekulize mol.  Unkekulized atoms: 4 10 12 16 18 21 22 24 33
[11:37:57] ERROR: Could not sanitize molecule ending on line 82
[11:37:57] ERROR: Can't kekulize mol.  Unkekulized atoms: 4 10 12 16 18 21 22 24 33
[11:37:57] Explicit valence for atom # 25 Cl, 2, is greater than permitted
[11:37:57] ERROR: Could not sanitize molecule ending on line 62
[11:37:57] ERROR: Explicit valence for atom # 25 Cl, 2, is greater than permitted
[11:37:57] Explicit valence for atom # 11 Cl, 2, is greater than permitted
[11:37:57] ERROR: Could not sanitize molecule ending on line 68
[11:37:57] ERROR: Explicit valence for atom # 11 Cl, 2, is greater than permitted
[11:37:57] Explicit valence for atom # 21 C, 5, is greater than permitted
[11:37:57] ERROR: Could not sanitize molecule ending on line 95
[11:37:57] ERROR: Explicit valence for atom # 21 C, 5, is greater than permitted
[11:37:57] Explicit valence for atom # 17 N, 4, is greater than permitted
[11:37:57] ERROR: Could not sanitize molecule ending on line 60
[11:37:57] ERROR: Explicit valence for atom # 17 N, 4, is greater than permitted
[11:37:57] Can't kekulize mol.  Unkekulized atoms: 0 6 7 14 17
[11:37:57] ERROR: Could not sanitize molecule ending on line 52
[11:37:57] ERROR: Can't kekulize mol.  Unkekulized atoms: 0 6 7 14 17
[11:37:57] Can't kekulize mol.  Unkekulized atoms: 1 2 13 14 15
[11:37:57] ERROR: Could not sanitize molecule ending on line 41
[11:37:57] ERROR: Can't kekulize mol.  Unkekulized atoms: 1 2 13 14 15
[11:37:57] Can't kekulize mol.  Unkekulized atoms: 3 4 7 8 10
[11:37:57] ERROR: Could not sanitize molecule ending on line 33
[11:37:57] ERROR: Can't kekulize mol.  Unkekulized atoms: 3 4 7 8 10
[11:37:57] Can't kekulize mol.  Unkekulized atoms: 3 4 5 10 16
[11:37:57] ERROR: Could not sanitize molecule ending on line 47
[11:37:57] ERROR: Can't kekulize mol.  Unkekulized atoms: 3 4 5 10 16
[11:37:57] Explicit valence for atom # 0 O, 3, is greater than permitted
[11:37:57] ERROR: Could not sanitize molecule ending on line 53
[11:37:57] ERROR: Explicit valence for atom # 0 O, 3, is greater than permitted
[11:37:57] Can't kekulize mol.  Unkekulized atoms: 0 1 12 13 16 18 21
[11:37:57] ERROR: Could not sanitize molecule ending on line 61
[11:37:57] ERROR: Can't kekulize mol.  Unkekulized atoms: 0 1 12 13 16 18 21
[11:37:57] Explicit valence for atom # 19 O, 3, is greater than permitted
[11:37:57] ERROR: Could not sanitize molecule ending on line 70
[11:37:57] ERROR: Explicit valence for atom # 19 O, 3, is greater than permitted
[11:37:57] Explicit valence for atom # 10 C, 6, is greater than permitted
[11:37:57] ERROR: Could not sanitize molecule ending on line 62
[11:37:57] ERROR: Explicit valence for atom # 10 C, 6, is greater than permitted
[11:37:57] Explicit valence for atom # 4 O, 4, is greater than permitted
[11:37:57] ERROR: Could not sanitize molecule ending on line 56
[11:37:57] ERROR: Explicit valence for atom # 4 O, 4, is greater than permitted
[11:37:57] Explicit valence for atom # 14 O, 3, is greater than permitted
[11:37:57] ERROR: Could not sanitize molecule ending on line 63
[11:37:57] ERROR: Explicit valence for atom # 14 O, 3, is greater than permitted
[11:37:57] Can't kekulize mol.  Unkekulized atoms: 0 1 5 6 10
[11:37:57] ERROR: Could not sanitize molecule ending on line 34
[11:37:57] ERROR: Can't kekulize mol.  Unkekulized atoms: 0 1 5 6 10
[11:37:57] Explicit valence for atom # 14 O, 3, is greater than permitted
[11:37:57] ERROR: Could not sanitize molecule ending on line 37
[11:37:57] ERROR: Explicit valence for atom # 14 O, 3, is greater than permitted
[11:37:57] Can't kekulize mol.  Unkekulized atoms: 1 6 11 12 14 15 16
[11:37:57] ERROR: Could not sanitize molecule ending on line 40
[11:37:57] ERROR: Can't kekulize mol.  Unkekulized atoms: 1 6 11 12 14 15 16
[11:37:57] Explicit valence for atom # 4 N, 4, is greater than permitted
[11:37:57] ERROR: Could not sanitize molecule ending on line 36
[11:37:57] ERROR: Explicit valence for atom # 4 N, 4, is greater than permitted
[11:37:57] Explicit valence for atom # 7 C, 5, is greater than permitted
[11:37:57] ERROR: Could not sanitize molecule ending on line 63
[11:37:57] ERROR: Explicit valence for atom # 7 C, 5, is greater than permitted
[11:37:57] Can't kekulize mol.  Unkekulized atoms: 6 11 13
[11:37:57] ERROR: Could not sanitize molecule ending on line 40
[11:37:57] ERROR: Can't kekulize mol.  Unkekulized atoms: 6 11 13
[11:37:57] Explicit valence for atom # 5 N, 4, is greater than permitted
[11:37:57] ERROR: Could not sanitize molecule ending on line 34
[11:37:57] ERROR: Explicit valence for atom # 5 N, 4, is greater than permitted
[11:37:57] Explicit valence for atom # 13 C, 5, is greater than permitted
[11:37:57] ERROR: Could not sanitize molecule ending on line 51
[11:37:57] ERROR: Explicit valence for atom # 13 C, 5, is greater than permitted
[11:37:57] Can't kekulize mol.  Unkekulized atoms: 0 4 5 6 8
[11:37:57] ERROR: Could not sanitize molecule ending on line 38
[11:37:57] ERROR: Can't kekulize mol.  Unkekulized atoms: 0 4 5 6 8
[11:37:57] Explicit valence for atom # 4 C, 5, is greater than permitted
[11:37:57] ERROR: Could not sanitize molecule ending on line 48
[11:37:57] ERROR: Explicit valence for atom # 4 C, 5, is greater than permitted
[11:37:57] Explicit valence for atom # 17 O, 3, is greater than permitted
[11:37:57] ERROR: Could not sanitize molecule ending on line 54
[11:37:57] ERROR: Explicit valence for atom # 17 O, 3, is greater than permitted
[11:37:57] Explicit valence for atom # 11 O, 3, is greater than permitted
[11:37:57] ERROR: Could not sanitize molecule ending on line 61
[11:37:57] ERROR: Explicit valence for atom # 11 O, 3, is greater than permitted
[11:37:57] Explicit valence for atom # 15 C, 5, is greater than permitted
[11:37:57] ERROR: Could not sanitize molecule ending on line 49
[11:37:57] ERROR: Explicit valence for atom # 15 C, 5, is greater than permitted
[11:37:57] Can't kekulize mol.  Unkekulized atoms: 5 9 16
[11:37:57] ERROR: Could not sanitize molecule ending on line 44
[11:37:57] ERROR: Can't kekulize mol.  Unkekulized atoms: 5 9 16
[11:37:57] Can't kekulize mol.  Unkekulized atoms: 4 11 12 15 20
[11:37:57] ERROR: Could not sanitize molecule ending on line 50
[11:37:57] ERROR: Can't kekulize mol.  Unkekulized atoms: 4 11 12 15 20
[11:37:57] Can't kekulize mol.  Unkekulized atoms: 5 10 11 17 18
[11:37:57] ERROR: Could not sanitize molecule ending on line 46
[11:37:57] ERROR: Can't kekulize mol.  Unkekulized atoms: 5 10 11 17 18
[11:37:57] Can't kekulize mol.  Unkekulized atoms: 1 3 7 12 21
[11:37:57] ERROR: Could not sanitize molecule ending on line 58
[11:37:57] ERROR: Can't kekulize mol.  Unkekulized atoms: 1 3 7 12 21
[11:37:57] Can't kekulize mol.  Unkekulized atoms: 2 3 7 11 12 14 15 16 18
[11:37:57] ERROR: Could not sanitize molecule ending on line 45
[11:37:57] ERROR: Can't kekulize mol.  Unkekulized atoms: 2 3 7 11 12 14 15 16 18
[11:37:57] Can't kekulize mol.  Unkekulized atoms: 1 6 11 14 18
[11:37:57] ERROR: Could not sanitize molecule ending on line 52
[11:37:57] ERROR: Can't kekulize mol.  Unkekulized atoms: 1 6 11 14 18
[11:37:57] Explicit valence for atom # 14 Cl, 2, is greater than permitted
[11:37:57] ERROR: Could not sanitize molecule ending on line 50
[11:37:57] ERROR: Explicit valence for atom # 14 Cl, 2, is greater than permitted
[11:37:57] Explicit valence for atom # 5 C, 5, is greater than permitted
[11:37:57] ERROR: Could not sanitize molecule ending on line 59
[11:37:57] ERROR: Explicit valence for atom # 5 C, 5, is greater than permitted
[11:37:57] Can't kekulize mol.  Unkekulized atoms: 0 3 6 13 16 17 25
[11:37:57] ERROR: Could not sanitize molecule ending on line 69
[11:37:57] ERROR: Can't kekulize mol.  Unkekulized atoms: 0 3 6 13 16 17 25
[11:37:57] Explicit valence for atom # 28 O, 3, is greater than permitted
[11:37:57] ERROR: Could not sanitize molecule ending on line 89
[11:37:57] ERROR: Explicit valence for atom # 28 O, 3, is greater than permitted
[11:37:57] Can't kekulize mol.  Unkekulized atoms: 0 12 13 14 15 17 18
[11:37:57] ERROR: Could not sanitize molecule ending on line 56
[11:37:57] ERROR: Can't kekulize mol.  Unkekulized atoms: 0 12 13 14 15 17 18
[11:37:57] Can't kekulize mol.  Unkekulized atoms: 0 1 2 6 18 21 22
[11:37:57] ERROR: Could not sanitize molecule ending on line 63
[11:37:57] ERROR: Can't kekulize mol.  Unkekulized atoms: 0 1 2 6 18 21 22
[11:37:57] Can't kekulize mol.  Unkekulized atoms: 0 1 6 22 28
[11:37:57] ERROR: Could not sanitize molecule ending on line 82
[11:37:57] ERROR: Can't kekulize mol.  Unkekulized atoms: 0 1 6 22 28
[11:37:57] Explicit valence for atom # 11 N, 4, is greater than permitted
[11:37:57] ERROR: Could not sanitize molecule ending on line 77
[11:37:57] ERROR: Explicit valence for atom # 11 N, 4, is greater than permitted
[11:37:57] Explicit valence for atom # 0 Cl, 2, is greater than permitted
[11:37:57] ERROR: Could not sanitize molecule ending on line 32
[11:37:57] ERROR: Explicit valence for atom # 0 Cl, 2, is greater than permitted
[11:37:57] Can't kekulize mol.  Unkekulized atoms: 1 2 8 15 19
[11:37:57] ERROR: Could not sanitize molecule ending on line 53
[11:37:57] ERROR: Can't kekulize mol.  Unkekulized atoms: 1 2 8 15 19
[11:37:57] Can't kekulize mol.  Unkekulized atoms: 0 3 5 8 11
[11:37:57] ERROR: Could not sanitize molecule ending on line 33
[11:37:57] ERROR: Can't kekulize mol.  Unkekulized atoms: 0 3 5 8 11
[11:37:57] Can't kekulize mol.  Unkekulized atoms: 0 1 3 9 16
[11:37:57] ERROR: Could not sanitize molecule ending on line 40
[11:37:57] ERROR: Can't kekulize mol.  Unkekulized atoms: 0 1 3 9 16
[11:37:57] Explicit valence for atom # 1 P, 6, is greater than permitted
[11:37:57] ERROR: Could not sanitize molecule ending on line 57
[11:37:57] ERROR: Explicit valence for atom # 1 P, 6, is greater than permitted
[11:37:57] Explicit valence for atom # 17 C, 6, is greater than permitted
[11:37:57] ERROR: Could not sanitize molecule ending on line 71
[11:37:57] ERROR: Explicit valence for atom # 17 C, 6, is greater than permitted
[11:37:57] Can't kekulize mol.  Unkekulized atoms: 4 21 22
[11:37:57] ERROR: Could not sanitize molecule ending on line 64
[11:37:57] ERROR: Can't kekulize mol.  Unkekulized atoms: 4 21 22
[11:37:57] Can't kekulize mol.  Unkekulized atoms: 1 9 10 13 18 19 20 22 24
[11:37:57] ERROR: Could not sanitize molecule ending on line 64
[11:37:57] ERROR: Can't kekulize mol.  Unkekulized atoms: 1 9 10 13 18 19 20 22 24
[11:37:57] Explicit valence for atom # 14 N, 4, is greater than permitted
[11:37:57] ERROR: Could not sanitize molecule ending on line 47
[11:37:57] ERROR: Explicit valence for atom # 14 N, 4, is greater than permitted
[11:37:57] Can't kekulize mol.  Unkekulized atoms: 7 9 21 23 24
[11:37:57] ERROR: Could not sanitize molecule ending on line 56
[11:37:57] ERROR: Can't kekulize mol.  Unkekulized atoms: 7 9 21 23 24
[11:37:57] Can't kekulize mol.  Unkekulized atoms: 0 5 21 22 23 25 27
[11:37:57] ERROR: Could not sanitize molecule ending on line 62
[11:37:57] ERROR: Can't kekulize mol.  Unkekulized atoms: 0 5 21 22 23 25 27
[11:37:57] Can't kekulize mol.  Unkekulized atoms: 10 12 14 15 19
[11:37:57] ERROR: Could not sanitize molecule ending on line 46
[11:37:57] ERROR: Can't kekulize mol.  Unkekulized atoms: 10 12 14 15 19
[11:37:57] Can't kekulize mol.  Unkekulized atoms: 2 8 9 10 11 12 14
[11:37:57] ERROR: Could not sanitize molecule ending on line 48
[11:37:57] ERROR: Can't kekulize mol.  Unkekulized atoms: 2 8 9 10 11 12 14
[11:37:57] Can't kekulize mol.  Unkekulized atoms: 3 4 12 13 15
[11:37:57] ERROR: Could not sanitize molecule ending on line 45
[11:37:57] ERROR: Can't kekulize mol.  Unkekulized atoms: 3 4 12 13 15
[11:37:57] Can't kekulize mol.  Unkekulized atoms: 2 3 9 12 13 14 18
[11:37:57] ERROR: Could not sanitize molecule ending on line 54
[11:37:57] ERROR: Can't kekulize mol.  Unkekulized atoms: 2 3 9 12 13 14 18
[11:37:57] Explicit valence for atom # 16 P, 6, is greater than permitted
[11:37:57] ERROR: Could not sanitize molecule ending on line 64
[11:37:57] ERROR: Explicit valence for atom # 16 P, 6, is greater than permitted
[11:37:57] Can't kekulize mol.  Unkekulized atoms: 13 15 16 19 21
[11:37:57] ERROR: Could not sanitize molecule ending on line 55
[11:37:57] ERROR: Can't kekulize mol.  Unkekulized atoms: 13 15 16 19 21
[11:37:57] Explicit valence for atom # 2 O, 3, is greater than permitted
[11:37:57] ERROR: Could not sanitize molecule ending on line 54
[11:37:57] ERROR: Explicit valence for atom # 2 O, 3, is greater than permitted
[11:37:57] Can't kekulize mol.  Unkekulized atoms: 3 5 6 7 12
[11:37:57] ERROR: Could not sanitize molecule ending on line 38
[11:37:57] ERROR: Can't kekulize mol.  Unkekulized atoms: 3 5 6 7 12
[11:37:57] Explicit valence for atom # 8 C, 5, is greater than permitted
[11:37:57] ERROR: Could not sanitize molecule ending on line 33
[11:37:57] ERROR: Explicit valence for atom # 8 C, 5, is greater than permitted
[11:37:57] Explicit valence for atom # 8 C, 5, is greater than permitted
[11:37:57] ERROR: Could not sanitize molecule ending on line 32
[11:37:57] ERROR: Explicit valence for atom # 8 C, 5, is greater than permitted
[11:37:57] Can't kekulize mol.  Unkekulized atoms: 5 6 8 9 15
[11:37:57] ERROR: Could not sanitize molecule ending on line 46
[11:37:57] ERROR: Can't kekulize mol.  Unkekulized atoms: 5 6 8 9 15
[11:37:57] Explicit valence for atom # 0 C, 5, is greater than permitted
[11:37:57] ERROR: Could not sanitize molecule ending on line 32
[11:37:57] ERROR: Explicit valence for atom # 0 C, 5, is greater than permitted
[11:37:57] Can't kekulize mol.  Unkekulized atoms: 8 15 16 18 20
[11:37:57] ERROR: Could not sanitize molecule ending on line 49
[11:37:57] ERROR: Can't kekulize mol.  Unkekulized atoms: 8 15 16 18 20
[11:37:57] Explicit valence for atom # 18 C, 5, is greater than permitted
[11:37:57] ERROR: Could not sanitize molecule ending on line 46
[11:37:57] ERROR: Explicit valence for atom # 18 C, 5, is greater than permitted
[11:37:57] Can't kekulize mol.  Unkekulized atoms: 0 8 11 14 15 16 18 19 25
[11:37:57] ERROR: Could not sanitize molecule ending on line 57
[11:37:57] ERROR: Can't kekulize mol.  Unkekulized atoms: 0 8 11 14 15 16 18 19 25
[11:37:57] Explicit valence for atom # 4 P, 6, is greater than permitted
[11:37:57] ERROR: Could not sanitize molecule ending on line 19
[11:37:57] ERROR: Explicit valence for atom # 4 P, 6, is greater than permitted
[11:37:57] Can't kekulize mol.  Unkekulized atoms: 2 3 6 8 10 11 14
[11:37:57] ERROR: Could not sanitize molecule ending on line 34
[11:37:57] ERROR: Can't kekulize mol.  Unkekulized atoms: 2 3 6 8 10 11 14
[11:37:57] Can't kekulize mol.  Unkekulized atoms: 0 1 2 4 9
[11:37:57] ERROR: Could not sanitize molecule ending on line 34
[11:37:57] ERROR: Can't kekulize mol.  Unkekulized atoms: 0 1 2 4 9
[11:37:57] Explicit valence for atom # 10 C, 5, is greater than permitted
[11:37:57] ERROR: Could not sanitize molecule ending on line 46
[11:37:57] ERROR: Explicit valence for atom # 10 C, 5, is greater than permitted
[11:37:57] Can't kekulize mol.  Unkekulized atoms: 5 7 10 13 20
[11:37:57] ERROR: Could not sanitize molecule ending on line 51
[11:37:57] ERROR: Can't kekulize mol.  Unkekulized atoms: 5 7 10 13 20
[11:37:57] Can't kekulize mol.  Unkekulized atoms: 2 4 16 22 23
[11:37:57] ERROR: Could not sanitize molecule ending on line 56
[11:37:57] ERROR: Can't kekulize mol.  Unkekulized atoms: 2 4 16 22 23
[11:37:57] Can't kekulize mol.  Unkekulized atoms: 2 3 8 11 12
[11:37:57] ERROR: Could not sanitize molecule ending on line 37
[11:37:57] ERROR: Can't kekulize mol.  Unkekulized atoms: 2 3 8 11 12
[11:37:57] Can't kekulize mol.  Unkekulized atoms: 2 4 6 10 11
[11:37:57] ERROR: Could not sanitize molecule ending on line 35
[11:37:57] ERROR: Can't kekulize mol.  Unkekulized atoms: 2 4 6 10 11
[11:37:57] Can't kekulize mol.  Unkekulized atoms: 2 6 12
[11:37:57] ERROR: Could not sanitize molecule ending on line 44
[11:37:57] ERROR: Can't kekulize mol.  Unkekulized atoms: 2 6 12
[11:37:57] Explicit valence for atom # 4 O, 3, is greater than permitted
[11:37:57] ERROR: Could not sanitize molecule ending on line 45
[11:37:57] ERROR: Explicit valence for atom # 4 O, 3, is greater than permitted
[11:37:57] Explicit valence for atom # 4 C, 5, is greater than permitted
[11:37:57] ERROR: Could not sanitize molecule ending on line 34
[11:37:57] ERROR: Explicit valence for atom # 4 C, 5, is greater than permitted
[11:37:57] Explicit valence for atom # 26 P, 6, is greater than permitted
[11:37:57] ERROR: Could not sanitize molecule ending on line 77
[11:37:57] ERROR: Explicit valence for atom # 26 P, 6, is greater than permitted
[11:37:57] Can't kekulize mol.  Unkekulized atoms: 0 4 15 19 20
[11:37:57] ERROR: Could not sanitize molecule ending on line 47
[11:37:57] ERROR: Can't kekulize mol.  Unkekulized atoms: 0 4 15 19 20
[11:37:57] Explicit valence for atom # 22 C, 5, is greater than permitted
[11:37:57] ERROR: Could not sanitize molecule ending on line 54
[11:37:57] ERROR: Explicit valence for atom # 22 C, 5, is greater than permitted
[11:37:57] Can't kekulize mol.  Unkekulized atoms: 4 6 7 10 11 13 15
[11:37:57] ERROR: Could not sanitize molecule ending on line 39
[11:37:57] ERROR: Can't kekulize mol.  Unkekulized atoms: 4 6 7 10 11 13 15
[11:37:57] Explicit valence for atom # 1 O, 3, is greater than permitted
[11:37:57] ERROR: Could not sanitize molecule ending on line 28
[11:37:57] ERROR: Explicit valence for atom # 1 O, 3, is greater than permitted
[11:37:57] Explicit valence for atom # 5 O, 3, is greater than permitted
[11:37:57] ERROR: Could not sanitize molecule ending on line 31
[11:37:57] ERROR: Explicit valence for atom # 5 O, 3, is greater than permitted
[11:37:57] Explicit valence for atom # 27 O, 3, is greater than permitted
[11:37:57] ERROR: Could not sanitize molecule ending on line 80
[11:37:57] ERROR: Explicit valence for atom # 27 O, 3, is greater than permitted
[11:37:57] Explicit valence for atom # 19 C, 5, is greater than permitted
[11:37:57] ERROR: Could not sanitize molecule ending on line 61
[11:37:57] ERROR: Explicit valence for atom # 19 C, 5, is greater than permitted
[11:37:57] Can't kekulize mol.  Unkekulized atoms: 1 16 23 25 31
[11:37:57] ERROR: Could not sanitize molecule ending on line 79
[11:37:57] ERROR: Can't kekulize mol.  Unkekulized atoms: 1 16 23 25 31
[11:37:57] Explicit valence for atom # 12 F, 2, is greater than permitted
[11:37:57] ERROR: Could not sanitize molecule ending on line 79
[11:37:57] ERROR: Explicit valence for atom # 12 F, 2, is greater than permitted
[11:37:57] Can't kekulize mol.  Unkekulized atoms: 0 1 3 13 17
[11:37:57] ERROR: Could not sanitize molecule ending on line 59
[11:37:57] ERROR: Can't kekulize mol.  Unkekulized atoms: 0 1 3 13 17
[11:37:57] Explicit valence for atom # 4 N, 4, is greater than permitted
[11:37:57] ERROR: Could not sanitize molecule ending on line 50
[11:37:57] ERROR: Explicit valence for atom # 4 N, 4, is greater than permitted
[11:37:57] Can't kekulize mol.  Unkekulized atoms: 5 11 17 19 23
[11:37:57] ERROR: Could not sanitize molecule ending on line 69
[11:37:57] ERROR: Can't kekulize mol.  Unkekulized atoms: 5 11 17 19 23
[11:37:57] Explicit valence for atom # 0 P, 6, is greater than permitted
[11:37:57] ERROR: Could not sanitize molecule ending on line 60
[11:37:57] ERROR: Explicit valence for atom # 0 P, 6, is greater than permitted
[11:37:57] Can't kekulize mol.  Unkekulized atoms: 3 5 13 17 24
[11:37:57] ERROR: Could not sanitize molecule ending on line 62
[11:37:57] ERROR: Can't kekulize mol.  Unkekulized atoms: 3 5 13 17 24
[11:37:57] Explicit valence for atom # 22 C, 7, is greater than permitted
[11:37:57] ERROR: Could not sanitize molecule ending on line 75
[11:37:57] ERROR: Explicit valence for atom # 22 C, 7, is greater than permitted
[11:37:57] Can't kekulize mol.  Unkekulized atoms: 3 4 5 11 14 16 18
[11:37:57] ERROR: Could not sanitize molecule ending on line 50
[11:37:57] ERROR: Can't kekulize mol.  Unkekulized atoms: 3 4 5 11 14 16 18
[11:37:57] Can't kekulize mol.  Unkekulized atoms: 2 10 11 17 21
[11:37:57] ERROR: Could not sanitize molecule ending on line 56
[11:37:57] ERROR: Can't kekulize mol.  Unkekulized atoms: 2 10 11 17 21
[11:37:57] Can't kekulize mol.  Unkekulized atoms: 2 4 6 8 11 12 14 15 19
[11:37:57] ERROR: Could not sanitize molecule ending on line 49
[11:37:57] ERROR: Can't kekulize mol.  Unkekulized atoms: 2 4 6 8 11 12 14 15 19
[11:37:57] Explicit valence for atom # 1 O, 3, is greater than permitted
[11:37:57] ERROR: Could not sanitize molecule ending on line 44
[11:37:57] ERROR: Explicit valence for atom # 1 O, 3, is greater than permitted
[11:37:57] Can't kekulize mol.  Unkekulized atoms: 9 13 14 15 16
[11:37:57] ERROR: Could not sanitize molecule ending on line 43
[11:37:57] ERROR: Can't kekulize mol.  Unkekulized atoms: 9 13 14 15 16
[11:37:57] Explicit valence for atom # 1 C, 5, is greater than permitted
[11:37:57] ERROR: Could not sanitize molecule ending on line 33
[11:37:57] ERROR: Explicit valence for atom # 1 C, 5, is greater than permitted
[11:37:57] Explicit valence for atom # 2 Cl, 2, is greater than permitted
[11:37:57] ERROR: Could not sanitize molecule ending on line 39
[11:37:57] ERROR: Explicit valence for atom # 2 Cl, 2, is greater than permitted
[11:37:57] Can't kekulize mol.  Unkekulized atoms: 1 4 8 9 16 17 19 21 22 23 24 26 28
[11:37:57] ERROR: Could not sanitize molecule ending on line 66
[11:37:57] ERROR: Can't kekulize mol.  Unkekulized atoms: 1 4 8 9 16 17 19 21 22 23 24 26 28
[11:37:57] Explicit valence for atom # 13 O, 5, is greater than permitted
[11:37:57] ERROR: Could not sanitize molecule ending on line 68
[11:37:57] ERROR: Explicit valence for atom # 13 O, 5, is greater than permitted
[11:37:57] Explicit valence for atom # 15 O, 3, is greater than permitted
[11:37:57] ERROR: Could not sanitize molecule ending on line 43
[11:37:57] ERROR: Explicit valence for atom # 15 O, 3, is greater than permitted
[11:37:57] Can't kekulize mol.  Unkekulized atoms: 2 3 4 6 15
[11:37:57] ERROR: Could not sanitize molecule ending on line 38
[11:37:57] ERROR: Can't kekulize mol.  Unkekulized atoms: 2 3 4 6 15
[11:37:57] Explicit valence for atom # 15 O, 3, is greater than permitted
[11:37:57] ERROR: Could not sanitize molecule ending on line 41
[11:37:57] ERROR: Explicit valence for atom # 15 O, 3, is greater than permitted
[11:37:57] Can't kekulize mol.  Unkekulized atoms: 2 3 4 8 12 13 14
[11:37:57] ERROR: Could not sanitize molecule ending on line 38
[11:37:57] ERROR: Can't kekulize mol.  Unkekulized atoms: 2 3 4 8 12 13 14
[11:37:57] Can't kekulize mol.  Unkekulized atoms: 3 5 6 7 9
[11:37:57] ERROR: Could not sanitize molecule ending on line 33
[11:37:57] ERROR: Can't kekulize mol.  Unkekulized atoms: 3 5 6 7 9
[11:37:57] Explicit valence for atom # 13 O, 3, is greater than permitted
[11:37:57] ERROR: Could not sanitize molecule ending on line 46
[11:37:57] ERROR: Explicit valence for atom # 13 O, 3, is greater than permitted
[11:37:57] Explicit valence for atom # 2 C, 5, is greater than permitted
[11:37:57] ERROR: Could not sanitize molecule ending on line 25
[11:37:57] ERROR: Explicit valence for atom # 2 C, 5, is greater than permitted
[11:37:57] Can't kekulize mol.  Unkekulized atoms: 0 6 7 9 12 15 21 22 23
[11:37:57] ERROR: Could not sanitize molecule ending on line 57
[11:37:57] ERROR: Can't kekulize mol.  Unkekulized atoms: 0 6 7 9 12 15 21 22 23
[11:37:57] Can't kekulize mol.  Unkekulized atoms: 0 2 8 9 11
[11:37:57] ERROR: Could not sanitize molecule ending on line 30
[11:37:57] ERROR: Can't kekulize mol.  Unkekulized atoms: 0 2 8 9 11
[11:37:57] Can't kekulize mol.  Unkekulized atoms: 2 3 4 5 6
[11:37:57] ERROR: Could not sanitize molecule ending on line 25
[11:37:57] ERROR: Can't kekulize mol.  Unkekulized atoms: 2 3 4 5 6
[11:37:57] Explicit valence for atom # 0 C, 5, is greater than permitted
[11:37:57] ERROR: Could not sanitize molecule ending on line 61
[11:37:57] ERROR: Explicit valence for atom # 0 C, 5, is greater than permitted
[11:37:57] Can't kekulize mol.  Unkekulized atoms: 0 2 8 9 11 18 22
[11:37:57] ERROR: Could not sanitize molecule ending on line 54
[11:37:57] ERROR: Can't kekulize mol.  Unkekulized atoms: 0 2 8 9 11 18 22
[11:37:57] Explicit valence for atom # 27 O, 3, is greater than permitted
[11:37:57] ERROR: Could not sanitize molecule ending on line 70
[11:37:57] ERROR: Explicit valence for atom # 27 O, 3, is greater than permitted
[11:37:57] Can't kekulize mol.  Unkekulized atoms: 0 1 4 5 10 13 15 16 17
[11:37:57] ERROR: Could not sanitize molecule ending on line 43
[11:37:57] ERROR: Can't kekulize mol.  Unkekulized atoms: 0 1 4 5 10 13 15 16 17
[11:37:57] Can't kekulize mol.  Unkekulized atoms: 0 4 9 15 18 19 21
[11:37:57] ERROR: Could not sanitize molecule ending on line 64
[11:37:57] ERROR: Can't kekulize mol.  Unkekulized atoms: 0 4 9 15 18 19 21
[11:37:57] Explicit valence for atom # 7 Cl, 2, is greater than permitted
[11:37:57] ERROR: Could not sanitize molecule ending on line 33
[11:37:57] ERROR: Explicit valence for atom # 7 Cl, 2, is greater than permitted
[11:37:57] Explicit valence for atom # 11 C, 6, is greater than permitted
[11:37:57] ERROR: Could not sanitize molecule ending on line 39
[11:37:57] ERROR: Explicit valence for atom # 11 C, 6, is greater than permitted
[11:37:57] Explicit valence for atom # 14 C, 5, is greater than permitted
[11:37:57] ERROR: Could not sanitize molecule ending on line 51
[11:37:57] ERROR: Explicit valence for atom # 14 C, 5, is greater than permitted
[11:37:57] Explicit valence for atom # 6 O, 3, is greater than permitted
[11:37:57] ERROR: Could not sanitize molecule ending on line 75
[11:37:57] ERROR: Explicit valence for atom # 6 O, 3, is greater than permitted
[11:37:57] Can't kekulize mol.  Unkekulized atoms: 4 16 18
[11:37:57] ERROR: Could not sanitize molecule ending on line 51
[11:37:57] ERROR: Can't kekulize mol.  Unkekulized atoms: 4 16 18
[11:37:57] Can't kekulize mol.  Unkekulized atoms: 4 6 18 19 24
[11:37:57] ERROR: Could not sanitize molecule ending on line 70
[11:37:57] ERROR: Can't kekulize mol.  Unkekulized atoms: 4 6 18 19 24
[11:37:57] Can't kekulize mol.  Unkekulized atoms: 4 5 13 19 20
[11:37:57] ERROR: Could not sanitize molecule ending on line 53
[11:37:57] ERROR: Can't kekulize mol.  Unkekulized atoms: 4 5 13 19 20
[11:37:57] Explicit valence for atom # 9 C, 5, is greater than permitted
[11:37:57] ERROR: Could not sanitize molecule ending on line 26
[11:37:57] ERROR: Explicit valence for atom # 9 C, 5, is greater than permitted
[11:37:57] Explicit valence for atom # 1 N, 4, is greater than permitted
[11:37:57] ERROR: Could not sanitize molecule ending on line 20
[11:37:57] ERROR: Explicit valence for atom # 1 N, 4, is greater than permitted
[11:37:57] Can't kekulize mol.  Unkekulized atoms: 0 3 4 6 8 10
[11:37:57] ERROR: Could not sanitize molecule ending on line 30
[11:37:57] ERROR: Can't kekulize mol.  Unkekulized atoms: 0 3 4 6 8 10
[11:37:57] Explicit valence for atom # 5 C, 5, is greater than permitted
[11:37:57] ERROR: Could not sanitize molecule ending on line 43
[11:37:57] ERROR: Explicit valence for atom # 5 C, 5, is greater than permitted
[11:37:57] Can't kekulize mol.  Unkekulized atoms: 0 1 2 3 4 6 7 8 9 11 14 15 16
[11:37:57] ERROR: Could not sanitize molecule ending on line 41
[11:37:57] ERROR: Can't kekulize mol.  Unkekulized atoms: 0 1 2 3 4 6 7 8 9 11 14 15 16
[11:37:57] Explicit valence for atom # 11 Cl, 2, is greater than permitted
[11:37:57] ERROR: Could not sanitize molecule ending on line 41
[11:37:57] ERROR: Explicit valence for atom # 11 Cl, 2, is greater than permitted
[11:37:57] Explicit valence for atom # 12 P, 6, is greater than permitted
[11:37:57] ERROR: Could not sanitize molecule ending on line 60
[11:37:57] ERROR: Explicit valence for atom # 12 P, 6, is greater than permitted
[11:37:57] Explicit valence for atom # 9 C, 6, is greater than permitted
[11:37:57] ERROR: Could not sanitize molecule ending on line 59
[11:37:57] ERROR: Explicit valence for atom # 9 C, 6, is greater than permitted
[11:37:57] Explicit valence for atom # 15 O, 3, is greater than permitted
[11:37:57] ERROR: Could not sanitize molecule ending on line 61
[11:37:57] ERROR: Explicit valence for atom # 15 O, 3, is greater than permitted
[11:37:57] Explicit valence for atom # 9 O, 3, is greater than permitted
[11:37:57] ERROR: Could not sanitize molecule ending on line 49
[11:37:57] ERROR: Explicit valence for atom # 9 O, 3, is greater than permitted
[11:37:57] Can't kekulize mol.  Unkekulized atoms: 1 6 13 15 19
[11:37:57] ERROR: Could not sanitize molecule ending on line 57
[11:37:57] ERROR: Can't kekulize mol.  Unkekulized atoms: 1 6 13 15 19
[11:37:57] Explicit valence for atom # 21 O, 3, is greater than permitted
[11:37:57] ERROR: Could not sanitize molecule ending on line 68
[11:37:57] ERROR: Explicit valence for atom # 21 O, 3, is greater than permitted
[11:37:57] Can't kekulize mol.  Unkekulized atoms: 2 5 6 8 11 12 14 18 19 21 23 27 28
[11:37:57] ERROR: Could not sanitize molecule ending on line 71
[11:37:57] ERROR: Can't kekulize mol.  Unkekulized atoms: 2 5 6 8 11 12 14 18 19 21 23 27 28
[11:37:57] Can't kekulize mol.  Unkekulized atoms: 0 7 11 12 14 17 19
[11:37:57] ERROR: Could not sanitize molecule ending on line 48
[11:37:57] ERROR: Can't kekulize mol.  Unkekulized atoms: 0 7 11 12 14 17 19
[11:37:57] Can't kekulize mol.  Unkekulized atoms: 2 7 9 10 11
[11:37:57] ERROR: Could not sanitize molecule ending on line 41
[11:37:57] ERROR: Can't kekulize mol.  Unkekulized atoms: 2 7 9 10 11
[11:37:57] Can't kekulize mol.  Unkekulized atoms: 1 6 13 17 18 20 24
[11:37:57] ERROR: Could not sanitize molecule ending on line 58
[11:37:57] ERROR: Can't kekulize mol.  Unkekulized atoms: 1 6 13 17 18 20 24
[11:37:57] Explicit valence for atom # 26 C, 5, is greater than permitted
[11:37:57] ERROR: Could not sanitize molecule ending on line 63
[11:37:57] ERROR: Explicit valence for atom # 26 C, 5, is greater than permitted
[11:37:57] Explicit valence for atom # 13 N, 4, is greater than permitted
[11:37:57] ERROR: Could not sanitize molecule ending on line 82
[11:37:57] ERROR: Explicit valence for atom # 13 N, 4, is greater than permitted
[11:37:57] Can't kekulize mol.  Unkekulized atoms: 6 9 24
[11:37:57] ERROR: Could not sanitize molecule ending on line 64
[11:37:57] ERROR: Can't kekulize mol.  Unkekulized atoms: 6 9 24
[11:37:57] Explicit valence for atom # 11 O, 3, is greater than permitted
[11:37:57] ERROR: Could not sanitize molecule ending on line 31
[11:37:57] ERROR: Explicit valence for atom # 11 O, 3, is greater than permitted
[11:37:57] Can't kekulize mol.  Unkekulized atoms: 0 2 11 13 15
[11:37:57] ERROR: Could not sanitize molecule ending on line 48
[11:37:57] ERROR: Can't kekulize mol.  Unkekulized atoms: 0 2 11 13 15
[11:37:57] Can't kekulize mol.  Unkekulized atoms: 0 1 8 13 14 15 17
[11:37:57] ERROR: Could not sanitize molecule ending on line 50
[11:37:57] ERROR: Can't kekulize mol.  Unkekulized atoms: 0 1 8 13 14 15 17
[11:37:57] Can't kekulize mol.  Unkekulized atoms: 0 2 4 5 6 7 10
[11:37:57] ERROR: Could not sanitize molecule ending on line 35
[11:37:57] ERROR: Can't kekulize mol.  Unkekulized atoms: 0 2 4 5 6 7 10
[11:37:57] Explicit valence for atom # 7 C, 5, is greater than permitted
[11:37:57] ERROR: Could not sanitize molecule ending on line 39
[11:37:57] ERROR: Explicit valence for atom # 7 C, 5, is greater than permitted
[11:37:57] Explicit valence for atom # 9 C, 5, is greater than permitted
[11:37:57] ERROR: Could not sanitize molecule ending on line 68
[11:37:57] ERROR: Explicit valence for atom # 9 C, 5, is greater than permitted
[11:37:57] Can't kekulize mol.  Unkekulized atoms: 0 3 12 15
[11:37:57] ERROR: Could not sanitize molecule ending on line 43
[11:37:57] ERROR: Can't kekulize mol.  Unkekulized atoms: 0 3 12 15
[11:37:57] Explicit valence for atom # 8 C, 5, is greater than permitted
[11:37:57] ERROR: Could not sanitize molecule ending on line 53
[11:37:57] ERROR: Explicit valence for atom # 8 C, 5, is greater than permitted
[11:37:57] Explicit valence for atom # 2 C, 5, is greater than permitted
[11:37:57] ERROR: Could not sanitize molecule ending on line 51
[11:37:57] ERROR: Explicit valence for atom # 2 C, 5, is greater than permitted
[11:37:57] Can't kekulize mol.  Unkekulized atoms: 8 10 13 17 19
[11:37:57] ERROR: Could not sanitize molecule ending on line 46
[11:37:57] ERROR: Can't kekulize mol.  Unkekulized atoms: 8 10 13 17 19
[11:37:57] Explicit valence for atom # 13 O, 4, is greater than permitted
[11:37:57] ERROR: Could not sanitize molecule ending on line 42
[11:37:57] ERROR: Explicit valence for atom # 13 O, 4, is greater than permitted
[11:37:57] Explicit valence for atom # 7 P, 6, is greater than permitted
[11:37:57] ERROR: Could not sanitize molecule ending on line 46
[11:37:57] ERROR: Explicit valence for atom # 7 P, 6, is greater than permitted
[11:37:57] Explicit valence for atom # 7 C, 5, is greater than permitted
[11:37:57] ERROR: Could not sanitize molecule ending on line 69
[11:37:57] ERROR: Explicit valence for atom # 7 C, 5, is greater than permitted
[11:37:57] Explicit valence for atom # 5 C, 5, is greater than permitted
[11:37:57] ERROR: Could not sanitize molecule ending on line 54
[11:37:57] ERROR: Explicit valence for atom # 5 C, 5, is greater than permitted
[11:37:57] Can't kekulize mol.  Unkekulized atoms: 0 2 3 7 12 14 15
[11:37:57] ERROR: Could not sanitize molecule ending on line 50
[11:37:57] ERROR: Can't kekulize mol.  Unkekulized atoms: 0 2 3 7 12 14 15
[11:37:57] Explicit valence for atom # 19 N, 4, is greater than permitted
[11:37:57] ERROR: Could not sanitize molecule ending on line 57
[11:37:57] ERROR: Explicit valence for atom # 19 N, 4, is greater than permitted
[11:37:57] Explicit valence for atom # 10 C, 6, is greater than permitted
[11:37:57] ERROR: Could not sanitize molecule ending on line 41
[11:37:57] ERROR: Explicit valence for atom # 10 C, 6, is greater than permitted
[11:37:57] Can't kekulize mol.  Unkekulized atoms: 1 4 5 7 8 10 12
[11:37:57] ERROR: Could not sanitize molecule ending on line 43
[11:37:57] ERROR: Can't kekulize mol.  Unkekulized atoms: 1 4 5 7 8 10 12
[11:37:57] Explicit valence for atom # 3 O, 3, is greater than permitted
[11:37:57] ERROR: Could not sanitize molecule ending on line 69
[11:37:57] ERROR: Explicit valence for atom # 3 O, 3, is greater than permitted
[11:37:57] Can't kekulize mol.  Unkekulized atoms: 2 4 5 8 11 12 16
[11:37:57] ERROR: Could not sanitize molecule ending on line 45
[11:37:57] ERROR: Can't kekulize mol.  Unkekulized atoms: 2 4 5 8 11 12 16
[11:37:57] Can't kekulize mol.  Unkekulized atoms: 0 6 7 10 20 29 30
[11:37:57] ERROR: Could not sanitize molecule ending on line 92
[11:37:57] ERROR: Can't kekulize mol.  Unkekulized atoms: 0 6 7 10 20 29 30
[11:37:57] Can't kekulize mol.  Unkekulized atoms: 8
[11:37:57] ERROR: Could not sanitize molecule ending on line 39
[11:37:57] ERROR: Can't kekulize mol.  Unkekulized atoms: 8
[11:37:57] Can't kekulize mol.  Unkekulized atoms: 0 1 11 14 17
[11:37:57] ERROR: Could not sanitize molecule ending on line 42
[11:37:57] ERROR: Can't kekulize mol.  Unkekulized atoms: 0 1 11 14 17
[11:37:57] Can't kekulize mol.  Unkekulized atoms: 1 2 8 10 11 12 14 16 17 19 22 24 27
[11:37:57] ERROR: Could not sanitize molecule ending on line 66
[11:37:57] ERROR: Can't kekulize mol.  Unkekulized atoms: 1 2 8 10 11 12 14 16 17 19 22 24 27
[11:37:57] Can't kekulize mol.  Unkekulized atoms: 3 4 11 14 17 18 22
[11:37:57] ERROR: Could not sanitize molecule ending on line 55
[11:37:57] ERROR: Can't kekulize mol.  Unkekulized atoms: 3 4 11 14 17 18 22
[11:37:57] Can't kekulize mol.  Unkekulized atoms: 1 2 3 10 19 20 21 24 25
[11:37:57] ERROR: Could not sanitize molecule ending on line 62
[11:37:57] ERROR: Can't kekulize mol.  Unkekulized atoms: 1 2 3 10 19 20 21 24 25
[11:37:57] Can't kekulize mol.  Unkekulized atoms: 0 10 12 14 15 18 23
[11:37:57] ERROR: Could not sanitize molecule ending on line 55
[11:37:57] ERROR: Can't kekulize mol.  Unkekulized atoms: 0 10 12 14 15 18 23
[11:37:57] Explicit valence for atom # 8 C, 5, is greater than permitted
[11:37:57] ERROR: Could not sanitize molecule ending on line 49
[11:37:57] ERROR: Explicit valence for atom # 8 C, 5, is greater than permitted
[11:37:57] Can't kekulize mol.  Unkekulized atoms: 6 8 20 21 24
[11:37:57] ERROR: Could not sanitize molecule ending on line 59
[11:37:57] ERROR: Can't kekulize mol.  Unkekulized atoms: 6 8 20 21 24
[11:37:57] Can't kekulize mol.  Unkekulized atoms: 1 4 14 16 17
[11:37:57] ERROR: Could not sanitize molecule ending on line 44
[11:37:57] ERROR: Can't kekulize mol.  Unkekulized atoms: 1 4 14 16 17
[11:37:57] Can't kekulize mol.  Unkekulized atoms: 7 18 19
[11:37:57] ERROR: Could not sanitize molecule ending on line 51
[11:37:57] ERROR: Can't kekulize mol.  Unkekulized atoms: 7 18 19
[11:37:57] Can't kekulize mol.  Unkekulized atoms: 2 14 21 22 30
[11:37:57] ERROR: Could not sanitize molecule ending on line 71
[11:37:57] ERROR: Can't kekulize mol.  Unkekulized atoms: 2 14 21 22 30
[11:37:57] Can't kekulize mol.  Unkekulized atoms: 10 11 15
[11:37:57] ERROR: Could not sanitize molecule ending on line 41
[11:37:57] ERROR: Can't kekulize mol.  Unkekulized atoms: 10 11 15
[11:37:57] Can't kekulize mol.  Unkekulized atoms: 1 4 5 12 18
[11:37:57] ERROR: Could not sanitize molecule ending on line 50
[11:37:57] ERROR: Can't kekulize mol.  Unkekulized atoms: 1 4 5 12 18
[11:37:57] Can't kekulize mol.  Unkekulized atoms: 1 6 26 27 29
[11:37:57] ERROR: Could not sanitize molecule ending on line 73
[11:37:57] ERROR: Can't kekulize mol.  Unkekulized atoms: 1 6 26 27 29
[11:37:57] Can't kekulize mol.  Unkekulized atoms: 2 3 8 9 10
[11:37:57] ERROR: Could not sanitize molecule ending on line 48
[11:37:57] ERROR: Can't kekulize mol.  Unkekulized atoms: 2 3 8 9 10
[11:37:57] Can't kekulize mol.  Unkekulized atoms: 2 4 5 10 13 14 17
[11:37:57] ERROR: Could not sanitize molecule ending on line 47
[11:37:57] ERROR: Can't kekulize mol.  Unkekulized atoms: 2 4 5 10 13 14 17
[11:37:57] Can't kekulize mol.  Unkekulized atoms: 3 5 7 8 9 11 13 14 16 17 18
[11:37:57] ERROR: Could not sanitize molecule ending on line 47
[11:37:57] ERROR: Can't kekulize mol.  Unkekulized atoms: 3 5 7 8 9 11 13 14 16 17 18
[11:37:57] Explicit valence for atom # 13 C, 5, is greater than permitted
[11:37:57] ERROR: Could not sanitize molecule ending on line 45
[11:37:57] ERROR: Explicit valence for atom # 13 C, 5, is greater than permitted
[11:37:57] Explicit valence for atom # 18 C, 5, is greater than permitted
[11:37:57] ERROR: Could not sanitize molecule ending on line 58
[11:37:57] ERROR: Explicit valence for atom # 18 C, 5, is greater than permitted
[11:37:57] Can't kekulize mol.  Unkekulized atoms: 0 1 6 8 9 16 23
[11:37:57] ERROR: Could not sanitize molecule ending on line 61
[11:37:57] ERROR: Can't kekulize mol.  Unkekulized atoms: 0 1 6 8 9 16 23
[11:37:57] Explicit valence for atom # 12 O, 3, is greater than permitted
[11:37:57] ERROR: Could not sanitize molecule ending on line 66
[11:37:57] ERROR: Explicit valence for atom # 12 O, 3, is greater than permitted
[11:37:57] Explicit valence for atom # 20 N, 4, is greater than permitted
[11:37:57] ERROR: Could not sanitize molecule ending on line 60
[11:37:57] ERROR: Explicit valence for atom # 20 N, 4, is greater than permitted
[11:37:57] Can't kekulize mol.  Unkekulized atoms: 5 9 15 16 19
[11:37:57] ERROR: Could not sanitize molecule ending on line 56
[11:37:57] ERROR: Can't kekulize mol.  Unkekulized atoms: 5 9 15 16 19
[11:37:57] Can't kekulize mol.  Unkekulized atoms: 0 1 3 5 9 16 17
[11:37:57] ERROR: Could not sanitize molecule ending on line 45
[11:37:57] ERROR: Can't kekulize mol.  Unkekulized atoms: 0 1 3 5 9 16 17
[11:37:57] Can't kekulize mol.  Unkekulized atoms: 2 8 15 16 17 19 23
[11:37:57] ERROR: Could not sanitize molecule ending on line 58
[11:37:57] ERROR: Can't kekulize mol.  Unkekulized atoms: 2 8 15 16 17 19 23
[11:37:57] Explicit valence for atom # 20 N, 4, is greater than permitted
[11:37:57] ERROR: Could not sanitize molecule ending on line 49
[11:37:57] ERROR: Explicit valence for atom # 20 N, 4, is greater than permitted
[11:37:57] Explicit valence for atom # 11 C, 5, is greater than permitted
[11:37:57] ERROR: Could not sanitize molecule ending on line 52
[11:37:57] ERROR: Explicit valence for atom # 11 C, 5, is greater than permitted
[11:37:57] Can't kekulize mol.  Unkekulized atoms: 2 6 9 11 19
[11:37:57] ERROR: Could not sanitize molecule ending on line 46
[11:37:57] ERROR: Can't kekulize mol.  Unkekulized atoms: 2 6 9 11 19
[11:37:57] Explicit valence for atom # 6 N, 4, is greater than permitted
[11:37:57] ERROR: Could not sanitize molecule ending on line 40
[11:37:57] ERROR: Explicit valence for atom # 6 N, 4, is greater than permitted
[11:37:57] Can't kekulize mol.  Unkekulized atoms: 4 6 7 8 9
[11:37:57] ERROR: Could not sanitize molecule ending on line 31
[11:37:57] ERROR: Can't kekulize mol.  Unkekulized atoms: 4 6 7 8 9
[11:37:57] Can't kekulize mol.  Unkekulized atoms: 0 1 3 4 5
[11:37:57] ERROR: Could not sanitize molecule ending on line 17
[11:37:57] ERROR: Can't kekulize mol.  Unkekulized atoms: 0 1 3 4 5
[11:37:57] Can't kekulize mol.  Unkekulized atoms: 3 4 8 10 11
[11:37:57] ERROR: Could not sanitize molecule ending on line 34
[11:37:57] ERROR: Can't kekulize mol.  Unkekulized atoms: 3 4 8 10 11
[11:37:57] Can't kekulize mol.  Unkekulized atoms: 1 5 8 11 13
[11:37:57] ERROR: Could not sanitize molecule ending on line 37
[11:37:57] ERROR: Can't kekulize mol.  Unkekulized atoms: 1 5 8 11 13
[11:37:57] Can't kekulize mol.  Unkekulized atoms: 0 1 3 4 6 8 9
[11:37:57] ERROR: Could not sanitize molecule ending on line 25
[11:37:57] ERROR: Can't kekulize mol.  Unkekulized atoms: 0 1 3 4 6 8 9
[11:37:57] Can't kekulize mol.  Unkekulized atoms: 0 1 3 6 7 8 9 10 11 12 13 15 16 17 22
[11:37:57] ERROR: Could not sanitize molecule ending on line 60
[11:37:57] ERROR: Can't kekulize mol.  Unkekulized atoms: 0 1 3 6 7 8 9 10 11 12 13 15 16 17 22
[11:37:57] Explicit valence for atom # 9 N, 4, is greater than permitted
[11:37:57] ERROR: Could not sanitize molecule ending on line 55
[11:37:57] ERROR: Explicit valence for atom # 9 N, 4, is greater than permitted
[11:37:57] Can't kekulize mol.  Unkekulized atoms: 0 1 2 3 16
[11:37:57] ERROR: Could not sanitize molecule ending on line 46
[11:37:57] ERROR: Can't kekulize mol.  Unkekulized atoms: 0 1 2 3 16
[11:37:57] Explicit valence for atom # 3 N, 4, is greater than permitted
[11:37:57] ERROR: Could not sanitize molecule ending on line 37
[11:37:57] ERROR: Explicit valence for atom # 3 N, 4, is greater than permitted
Common pockets: 100
Post-hoc translation:   0%|          | 0/100 [00:00<?, ?it/s]Post-hoc translation:   1%|          | 1/100 [00:00<00:21,  4.70it/s]Post-hoc translation:   2%|▏         | 2/100 [00:00<00:18,  5.17it/s]Post-hoc translation:   3%|▎         | 3/100 [00:00<00:18,  5.27it/s]  Warning: OpenMM not available. Skipping minimization.
  Warning: OpenMM not available. Skipping minimization.
  Warning: OpenMM not available. Skipping minimization.
  Warning: OpenMM not available. Skipping minimization.
  Warning: OpenMM not available. Skipping minimization.
  Warning: OpenMM not available. Skipping minimization.
  Warning: OpenMM not available. Skipping minimization.
  Warning: OpenMM not available. Skipping minimization.
  Warning: OpenMM not available. Skipping minimization.
  Warning: OpenMM not available. Skipping minimization.
  Warning: OpenMM not available. Skipping minimization.
  Warning: OpenMM not available. Skipping minimization.
  Warning: OpenMM not available. Skipping minimization.
  Warning: OpenMM not available. Skipping minimization.
  Warning: OpenMM not available. Skipping minimization.
  Warning: OpenMM not available. Skipping minimization.
  Warning: OpenMM not available. Skipping minimization.
  Warning: OpenMM not available. Skipping minimization.
  Warning: OpenMM not available. Skipping minimization.
  Warning: OpenMM not available. Skipping minimization.
  Warning: OpenMM not available. Skipping minimization.
  Warning: OpenMM not available. Skipping minimization.
  Warning: OpenMM not available. Skipping minimization.
  Warning: OpenMM not available. Skipping minimization.
  Warning: OpenMM not available. Skipping minimization.
  Warning: OpenMM not available. Skipping minimization.
  Warning: OpenMM not available. Skipping minimization.
  Warning: OpenMM not available. Skipping minimization.
  Warning: OpenMM not available. Skipping minimization.
  Warning: OpenMM not available. Skipping minimization.
  Warning: OpenMM not available. Skipping minimization.
  Warning: OpenMM not available. Skipping minimization.
  Warning: OpenMM not available. Skipping minimization.
  Warning: OpenMM not available. Skipping minimization.
  Warning: OpenMM not available. Skipping minimization.
  Warning: OpenMM not available. Skipping minimization.
  Warning: OpenMM not available. Skipping minimization.
  Warning: OpenMM not available. Skipping minimization.
  Warning: OpenMM not available. Skipping minimization.
  Warning: OpenMM not available. Skipping minimization.
  Warning: OpenMM not available. Skipping minimization.
  Warning: OpenMM not available. Skipping minimization.
  Warning: OpenMM not available. Skipping minimization.
  Warning: OpenMM not available. Skipping minimization.
  Warning: OpenMM not available. Skipping minimization.
  Warning: OpenMM not available. Skipping minimization.
  Warning: OpenMM not available. Skipping minimization.
  Warning: OpenMM not available. Skipping minimization.
  Warning: OpenMM not available. Skipping minimization.
  Warning: OpenMM not available. Skipping minimization.
  Warning: OpenMM not available. Skipping minimization.
  Warning: OpenMM not available. Skipping minimization.
  Warning: OpenMM not available. Skipping minimization.
  Warning: OpenMM not available. Skipping minimization.
  Warning: OpenMM not available. Skipping minimization.
  Warning: OpenMM not available. Skipping minimization.
  Warning: OpenMM not available. Skipping minimization.
  Warning: OpenMM not available. Skipping minimization.
  Warning: OpenMM not available. Skipping minimization.
  Warning: OpenMM not available. Skipping minimization.
  Warning: OpenMM not available. Skipping minimization.
  Warning: OpenMM not available. Skipping minimization.
  Warning: OpenMM not available. Skipping minimization.
  Warning: OpenMM not available. Skipping minimization.
  Warning: OpenMM not available. Skipping minimization.
  Warning: OpenMM not available. Skipping minimization.
  Warning: OpenMM not available. Skipping minimization.
  Warning: OpenMM not available. Skipping minimization.
  Warning: OpenMM not available. Skipping minimization.
  Warning: OpenMM not available. Skipping minimization.
  Warning: OpenMM not available. Skipping minimization.
  Warning: OpenMM not available. Skipping minimization.
  Warning: OpenMM not available. Skipping minimization.
  Warning: OpenMM not available. Skipping minimization.
  Warning: OpenMM not available. Skipping minimization.
  Warning: OpenMM not available. Skipping minimization.
  Warning: OpenMM not available. Skipping minimization.
  Warning: OpenMM not available. Skipping minimization.
  Warning: OpenMM not available. Skipping minimization.
  Warning: OpenMM not available. Skipping minimization.
  Warning: OpenMM not available. Skipping minimization.
  Warning: OpenMM not available. Skipping minimization.
  Warning: OpenMM not available. Skipping minimization.
  Warning: OpenMM not available. Skipping minimization.
  Warning: OpenMM not available. Skipping minimization.
  Warning: OpenMM not available. Skipping minimization.
  Warning: OpenMM not available. Skipping minimization.
  Warning: OpenMM not available. Skipping minimization.
  Warning: OpenMM not available. Skipping minimization.
  Warning: OpenMM not available. Skipping minimization.
  Warning: OpenMM not available. Skipping minimization.
  Warning: OpenMM not available. Skipping minimization.
  Warning: OpenMM not available. Skipping minimization.
  Warning: OpenMM not available. Skipping minimization.
  Warning: OpenMM not available. Skipping minimization.
  Warning: OpenMM not available. Skipping minimization.
  Warning: OpenMM not available. Skipping minimization.
  Warning: OpenMM not available. Skipping minimization.
  Warning: OpenMM not available. Skipping minimization.
  Warning: OpenMM not available. Skipping minimization.
  Warning: OpenMM not available. Skipping minimization.
  Warning: OpenMM not available. Skipping minimization.
  Warning: OpenMM not available. Skipping minimization.
  Warning: OpenMM not available. Skipping minimization.
  Warning: OpenMM not available. Skipping minimization.
  Warning: OpenMM not available. Skipping minimization.
  Warning: OpenMM not available. Skipping minimization.
  Warning: OpenMM not available. Skipping minimization.
  Warning: OpenMM not available. Skipping minimization.
  Warning: OpenMM not available. Skipping minimization.
  Warning: OpenMM not available. Skipping minimization.
  Warning: OpenMM not available. Skipping minimization.
  Warning: OpenMM not available. Skipping minimization.
  Warning: OpenMM not available. Skipping minimization.
  Warning: OpenMM not available. Skipping minimization.
  Warning: OpenMM not available. Skipping minimization.
  Warning: OpenMM not available. Skipping minimization.
  Warning: OpenMM not available. Skipping minimization.
  Warning: OpenMM not available. Skipping minimization.
  Warning: OpenMM not available. Skipping minimization.
  Warning: OpenMM not available. Skipping minimization.
  Warning: OpenMM not available. Skipping minimization.
  Warning: OpenMM not available. Skipping minimization.
  Warning: OpenMM not available. Skipping minimization.
  Warning: OpenMM not available. Skipping minimization.
  Warning: OpenMM not available. Skipping minimization.
  Warning: OpenMM not available. Skipping minimization.
  Warning: OpenMM not available. Skipping minimization.
  Warning: OpenMM not available. Skipping minimization.
  Warning: OpenMM not available. Skipping minimization.
  Warning: OpenMM not available. Skipping minimization.
  Warning: OpenMM not available. Skipping minimization.
  Warning: OpenMM not available. Skipping minimization.
  Warning: OpenMM not available. Skipping minimization.
  Warning: OpenMM not available. Skipping minimization.
  Warning: OpenMM not available. Skipping minimization.
  Warning: OpenMM not available. Skipping minimization.
  Warning: OpenMM not available. Skipping minimization.
  Warning: OpenMM not available. Skipping minimization.
  Warning: OpenMM not available. Skipping minimization.
  Warning: OpenMM not available. Skipping minimization.
  Warning: OpenMM not available. Skipping minimization.
  Warning: OpenMM not available. Skipping minimization.
  Warning: OpenMM not available. Skipping minimization.
  Warning: OpenMM not available. Skipping minimization.
  Warning: OpenMM not available. Skipping minimization.
  Warning: OpenMM not available. Skipping minimization.Post-hoc translation:   4%|▍         | 4/100 [00:00<00:17,  5.48it/s]Post-hoc translation:   5%|▌         | 5/100 [00:00<00:18,  5.08it/s]Post-hoc translation:   6%|▌         | 6/100 [00:01<00:26,  3.59it/s]
  Warning: OpenMM not available. Skipping minimization.
  Warning: OpenMM not available. Skipping minimization.
  Warning: OpenMM not available. Skipping minimization.
  Warning: OpenMM not available. Skipping minimization.
  Warning: OpenMM not available. Skipping minimization.
  Warning: OpenMM not available. Skipping minimization.
  Warning: OpenMM not available. Skipping minimization.
  Warning: OpenMM not available. Skipping minimization.
  Warning: OpenMM not available. Skipping minimization.
  Warning: OpenMM not available. Skipping minimization.
  Warning: OpenMM not available. Skipping minimization.
  Warning: OpenMM not available. Skipping minimization.
  Warning: OpenMM not available. Skipping minimization.
  Warning: OpenMM not available. Skipping minimization.
  Warning: OpenMM not available. Skipping minimization.
  Warning: OpenMM not available. Skipping minimization.
  Warning: OpenMM not available. Skipping minimization.
  Warning: OpenMM not available. Skipping minimization.
  Warning: OpenMM not available. Skipping minimization.
  Warning: OpenMM not available. Skipping minimization.
  Warning: OpenMM not available. Skipping minimization.
  Warning: OpenMM not available. Skipping minimization.
  Warning: OpenMM not available. Skipping minimization.
  Warning: OpenMM not available. Skipping minimization.
  Warning: OpenMM not available. Skipping minimization.
  Warning: OpenMM not available. Skipping minimization.
  Warning: OpenMM not available. Skipping minimization.
  Warning: OpenMM not available. Skipping minimization.
  Warning: OpenMM not available. Skipping minimization.
  Warning: OpenMM not available. Skipping minimization.
  Warning: OpenMM not available. Skipping minimization.
  Warning: OpenMM not available. Skipping minimization.
  Warning: OpenMM not available. Skipping minimization.
  Warning: OpenMM not available. Skipping minimization.
  Warning: OpenMM not available. Skipping minimization.
  Warning: OpenMM not available. Skipping minimization.
  Warning: OpenMM not available. Skipping minimization.
  Warning: OpenMM not available. Skipping minimization.
  Warning: OpenMM not available. Skipping minimization.
  Warning: OpenMM not available. Skipping minimization.
  Warning: OpenMM not available. Skipping minimization.
  Warning: OpenMM not available. Skipping minimization.
  Warning: OpenMM not available. Skipping minimization.
  Warning: OpenMM not available. Skipping minimization.
  Warning: OpenMM not available. Skipping minimization.
  Warning: OpenMM not available. Skipping minimization.
  Warning: OpenMM not available. Skipping minimization.
  Warning: OpenMM not available. Skipping minimization.
  Warning: OpenMM not available. Skipping minimization.
  Warning: OpenMM not available. Skipping minimization.
  Warning: OpenMM not available. Skipping minimization.
  Warning: OpenMM not available. Skipping minimization.
  Warning: OpenMM not available. Skipping minimization.
  Warning: OpenMM not available. Skipping minimization.
  Warning: OpenMM not available. Skipping minimization.
  Warning: OpenMM not available. Skipping minimization.
  Warning: OpenMM not available. Skipping minimization.
  Warning: OpenMM not available. Skipping minimization.
  Warning: OpenMM not available. Skipping minimization.
  Warning: OpenMM not available. Skipping minimization.
  Warning: OpenMM not available. Skipping minimization.
  Warning: OpenMM not available. Skipping minimization.
  Warning: OpenMM not available. Skipping minimization.
  Warning: OpenMM not available. Skipping minimization.
  Warning: OpenMM not available. Skipping minimization.
  Warning: OpenMM not available. Skipping minimization.
  Warning: OpenMM not available. Skipping minimization.
  Warning: OpenMM not available. Skipping minimization.
  Warning: OpenMM not available. Skipping minimization.
  Warning: OpenMM not available. Skipping minimization.
  Warning: OpenMM not available. Skipping minimization.
  Warning: OpenMM not available. Skipping minimization.
  Warning: OpenMM not available. Skipping minimization.
  Warning: OpenMM not available. Skipping minimization.
  Warning: OpenMM not available. Skipping minimization.
  Warning: OpenMM not available. Skipping minimization.
  Warning: OpenMM not available. Skipping minimization.
  Warning: OpenMM not available. Skipping minimization.
  Warning: OpenMM not available. Skipping minimization.
  Warning: OpenMM not available. Skipping minimization.
  Warning: OpenMM not available. Skipping minimization.
  Warning: OpenMM not available. Skipping minimization.
  Warning: OpenMM not available. Skipping minimization.
  Warning: OpenMM not available. Skipping minimization.
  Warning: OpenMM not available. Skipping minimization.
  Warning: OpenMM not available. Skipping minimization.
  Warning: OpenMM not available. Skipping minimization.
  Warning: OpenMM not available. Skipping minimization.
  Warning: OpenMM not available. Skipping minimization.
  Warning: OpenMM not available. Skipping minimization.
  Warning: OpenMM not available. Skipping minimization.
  Warning: OpenMM not available. Skipping minimization.
  Warning: OpenMM not available. Skipping minimization.
  Warning: OpenMM not available. Skipping minimization.
  Warning: OpenMM not available. Skipping minimization.
  Warning: OpenMM not available. Skipping minimization.
  Warning: OpenMM not available. Skipping minimization.
  Warning: OpenMM not available. Skipping minimization.
  Warning: OpenMM not available. Skipping minimization.
  Warning: OpenMM not available. Skipping minimization.
  Warning: OpenMM not available. Skipping minimization.
  Warning: OpenMM not available. Skipping minimization.
  Warning: OpenMM not available. Skipping minimization.
  Warning: OpenMM not available. Skipping minimization.
  Warning: OpenMM not available. Skipping minimization.
  Warning: OpenMM not available. Skipping minimization.
  Warning: OpenMM not available. Skipping minimization.
  Warning: OpenMM not available. Skipping minimization.
  Warning: OpenMM not available. Skipping minimization.
  Warning: OpenMM not available. Skipping minimization.
  Warning: OpenMM not available. Skipping minimization.
  Warning: OpenMM not available. Skipping minimization.
  Warning: OpenMM not available. Skipping minimization.
  Warning: OpenMM not available. Skipping minimization.
  Warning: OpenMM not available. Skipping minimization.
  Warning: OpenMM not available. Skipping minimization.
  Warning: OpenMM not available. Skipping minimization.
  Warning: OpenMM not available. Skipping minimization.
  Warning: OpenMM not available. Skipping minimization.
  Warning: OpenMM not available. Skipping minimization.
  Warning: OpenMM not available. Skipping minimization.
  Warning: OpenMM not available. Skipping minimization.
  Warning: OpenMM not available. Skipping minimization.
  Warning: OpenMM not available. Skipping minimization.
  Warning: OpenMM not available. Skipping minimization.
  Warning: OpenMM not available. Skipping minimization.
  Warning: OpenMM not available. Skipping minimization.
  Warning: OpenMM not available. Skipping minimization.
  Warning: OpenMM not available. Skipping minimization.
  Warning: OpenMM not available. Skipping minimization.
  Warning: OpenMM not available. Skipping minimization.
  Warning: OpenMM not available. Skipping minimization.
  Warning: OpenMM not available. Skipping minimization.
  Warning: OpenMM not available. Skipping minimization.
  Warning: OpenMM not available. Skipping minimization.
  Warning: OpenMM not available. Skipping minimization.
  Warning: OpenMM not available. Skipping minimization.
  Warning: OpenMM not available. Skipping minimization.
  Warning: OpenMM not available. Skipping minimization.
  Warning: OpenMM not available. Skipping minimization.
  Warning: OpenMM not available. Skipping minimization.
  Warning: OpenMM not available. Skipping minimization.
  Warning: OpenMM not available. Skipping minimization.
  Warning: OpenMM not available. Skipping minimization.
  Warning: OpenMM not available. Skipping minimization.
  Warning: OpenMM not available. Skipping minimization.
  Warning: OpenMM not available. Skipping minimization.Post-hoc translation:   7%|▋         | 7/100 [00:01<00:24,  3.86it/s]Post-hoc translation:   8%|▊         | 8/100 [00:01<00:22,  4.18it/s]Post-hoc translation:   9%|▉         | 9/100 [00:02<00:26,  3.48it/s]Post-hoc translation:  10%|█         | 10/100 [00:02<00:30,  2.98it/s]
  Warning: OpenMM not available. Skipping minimization.
  Warning: OpenMM not available. Skipping minimization.
  Warning: OpenMM not available. Skipping minimization.
  Warning: OpenMM not available. Skipping minimization.
  Warning: OpenMM not available. Skipping minimization.
  Warning: OpenMM not available. Skipping minimization.
  Warning: OpenMM not available. Skipping minimization.
  Warning: OpenMM not available. Skipping minimization.
  Warning: OpenMM not available. Skipping minimization.
  Warning: OpenMM not available. Skipping minimization.
  Warning: OpenMM not available. Skipping minimization.
  Warning: OpenMM not available. Skipping minimization.
  Warning: OpenMM not available. Skipping minimization.
  Warning: OpenMM not available. Skipping minimization.
  Warning: OpenMM not available. Skipping minimization.
  Warning: OpenMM not available. Skipping minimization.
  Warning: OpenMM not available. Skipping minimization.
  Warning: OpenMM not available. Skipping minimization.
  Warning: OpenMM not available. Skipping minimization.
  Warning: OpenMM not available. Skipping minimization.
  Warning: OpenMM not available. Skipping minimization.
  Warning: OpenMM not available. Skipping minimization.
  Warning: OpenMM not available. Skipping minimization.
  Warning: OpenMM not available. Skipping minimization.
  Warning: OpenMM not available. Skipping minimization.
  Warning: OpenMM not available. Skipping minimization.
  Warning: OpenMM not available. Skipping minimization.
  Warning: OpenMM not available. Skipping minimization.
  Warning: OpenMM not available. Skipping minimization.
  Warning: OpenMM not available. Skipping minimization.
  Warning: OpenMM not available. Skipping minimization.
  Warning: OpenMM not available. Skipping minimization.
  Warning: OpenMM not available. Skipping minimization.
  Warning: OpenMM not available. Skipping minimization.
  Warning: OpenMM not available. Skipping minimization.
  Warning: OpenMM not available. Skipping minimization.
  Warning: OpenMM not available. Skipping minimization.
  Warning: OpenMM not available. Skipping minimization.
  Warning: OpenMM not available. Skipping minimization.
  Warning: OpenMM not available. Skipping minimization.
  Warning: OpenMM not available. Skipping minimization.
  Warning: OpenMM not available. Skipping minimization.
  Warning: OpenMM not available. Skipping minimization.
  Warning: OpenMM not available. Skipping minimization.
  Warning: OpenMM not available. Skipping minimization.
  Warning: OpenMM not available. Skipping minimization.
  Warning: OpenMM not available. Skipping minimization.
  Warning: OpenMM not available. Skipping minimization.
  Warning: OpenMM not available. Skipping minimization.
  Warning: OpenMM not available. Skipping minimization.
  Warning: OpenMM not available. Skipping minimization.
  Warning: OpenMM not available. Skipping minimization.
  Warning: OpenMM not available. Skipping minimization.
  Warning: OpenMM not available. Skipping minimization.
  Warning: OpenMM not available. Skipping minimization.
  Warning: OpenMM not available. Skipping minimization.
  Warning: OpenMM not available. Skipping minimization.
  Warning: OpenMM not available. Skipping minimization.
  Warning: OpenMM not available. Skipping minimization.
  Warning: OpenMM not available. Skipping minimization.
  Warning: OpenMM not available. Skipping minimization.
  Warning: OpenMM not available. Skipping minimization.
  Warning: OpenMM not available. Skipping minimization.
  Warning: OpenMM not available. Skipping minimization.
  Warning: OpenMM not available. Skipping minimization.
  Warning: OpenMM not available. Skipping minimization.
  Warning: OpenMM not available. Skipping minimization.
  Warning: OpenMM not available. Skipping minimization.
  Warning: OpenMM not available. Skipping minimization.
  Warning: OpenMM not available. Skipping minimization.
  Warning: OpenMM not available. Skipping minimization.
  Warning: OpenMM not available. Skipping minimization.
  Warning: OpenMM not available. Skipping minimization.
  Warning: OpenMM not available. Skipping minimization.
  Warning: OpenMM not available. Skipping minimization.
  Warning: OpenMM not available. Skipping minimization.
  Warning: OpenMM not available. Skipping minimization.
  Warning: OpenMM not available. Skipping minimization.
  Warning: OpenMM not available. Skipping minimization.
  Warning: OpenMM not available. Skipping minimization.
  Warning: OpenMM not available. Skipping minimization.
  Warning: OpenMM not available. Skipping minimization.
  Warning: OpenMM not available. Skipping minimization.
  Warning: OpenMM not available. Skipping minimization.
  Warning: OpenMM not available. Skipping minimization.
  Warning: OpenMM not available. Skipping minimization.
  Warning: OpenMM not available. Skipping minimization.
  Warning: OpenMM not available. Skipping minimization.
  Warning: OpenMM not available. Skipping minimization.
  Warning: OpenMM not available. Skipping minimization.
  Warning: OpenMM not available. Skipping minimization.
  Warning: OpenMM not available. Skipping minimization.
  Warning: OpenMM not available. Skipping minimization.
  Warning: OpenMM not available. Skipping minimization.
  Warning: OpenMM not available. Skipping minimization.
  Warning: OpenMM not available. Skipping minimization.
  Warning: OpenMM not available. Skipping minimization.
  Warning: OpenMM not available. Skipping minimization.
  Warning: OpenMM not available. Skipping minimization.
  Warning: OpenMM not available. Skipping minimization.
  Warning: OpenMM not available. Skipping minimization.
  Warning: OpenMM not available. Skipping minimization.
  Warning: OpenMM not available. Skipping minimization.
  Warning: OpenMM not available. Skipping minimization.
  Warning: OpenMM not available. Skipping minimization.
  Warning: OpenMM not available. Skipping minimization.
  Warning: OpenMM not available. Skipping minimization.
  Warning: OpenMM not available. Skipping minimization.
  Warning: OpenMM not available. Skipping minimization.
  Warning: OpenMM not available. Skipping minimization.
  Warning: OpenMM not available. Skipping minimization.
  Warning: OpenMM not available. Skipping minimization.
  Warning: OpenMM not available. Skipping minimization.
  Warning: OpenMM not available. Skipping minimization.
  Warning: OpenMM not available. Skipping minimization.
  Warning: OpenMM not available. Skipping minimization.
  Warning: OpenMM not available. Skipping minimization.
  Warning: OpenMM not available. Skipping minimization.
  Warning: OpenMM not available. Skipping minimization.
  Warning: OpenMM not available. Skipping minimization.
  Warning: OpenMM not available. Skipping minimization.
  Warning: OpenMM not available. Skipping minimization.
  Warning: OpenMM not available. Skipping minimization.
  Warning: OpenMM not available. Skipping minimization.
  Warning: OpenMM not available. Skipping minimization.
  Warning: OpenMM not available. Skipping minimization.
  Warning: OpenMM not available. Skipping minimization.
  Warning: OpenMM not available. Skipping minimization.
  Warning: OpenMM not available. Skipping minimization.
  Warning: OpenMM not available. Skipping minimization.
  Warning: OpenMM not available. Skipping minimization.
  Warning: OpenMM not available. Skipping minimization.
  Warning: OpenMM not available. Skipping minimization.
  Warning: OpenMM not available. Skipping minimization.
  Warning: OpenMM not available. Skipping minimization.
  Warning: OpenMM not available. Skipping minimization.
  Warning: OpenMM not available. Skipping minimization.
  Warning: OpenMM not available. Skipping minimization.
  Warning: OpenMM not available. Skipping minimization.
  Warning: OpenMM not available. Skipping minimization.
  Warning: OpenMM not available. Skipping minimization.
  Warning: OpenMM not available. Skipping minimization.
  Warning: OpenMM not available. Skipping minimization.
  Warning: OpenMM not available. Skipping minimization.
  Warning: OpenMM not available. Skipping minimization.
  Warning: OpenMM not available. Skipping minimization.
  Warning: OpenMM not available. Skipping minimization.Post-hoc translation:  11%|█         | 11/100 [00:02<00:28,  3.15it/s]Post-hoc translation:  12%|█▏        | 12/100 [00:03<00:38,  2.27it/s]Post-hoc translation:  13%|█▎        | 13/100 [00:04<00:46,  1.89it/s]
  Warning: OpenMM not available. Skipping minimization.
  Warning: OpenMM not available. Skipping minimization.
  Warning: OpenMM not available. Skipping minimization.
  Warning: OpenMM not available. Skipping minimization.
  Warning: OpenMM not available. Skipping minimization.
  Warning: OpenMM not available. Skipping minimization.
  Warning: OpenMM not available. Skipping minimization.
  Warning: OpenMM not available. Skipping minimization.
  Warning: OpenMM not available. Skipping minimization.
  Warning: OpenMM not available. Skipping minimization.
  Warning: OpenMM not available. Skipping minimization.
  Warning: OpenMM not available. Skipping minimization.
  Warning: OpenMM not available. Skipping minimization.
  Warning: OpenMM not available. Skipping minimization.
  Warning: OpenMM not available. Skipping minimization.
  Warning: OpenMM not available. Skipping minimization.
  Warning: OpenMM not available. Skipping minimization.
  Warning: OpenMM not available. Skipping minimization.
  Warning: OpenMM not available. Skipping minimization.
  Warning: OpenMM not available. Skipping minimization.
  Warning: OpenMM not available. Skipping minimization.
  Warning: OpenMM not available. Skipping minimization.
  Warning: OpenMM not available. Skipping minimization.
  Warning: OpenMM not available. Skipping minimization.
  Warning: OpenMM not available. Skipping minimization.
  Warning: OpenMM not available. Skipping minimization.
  Warning: OpenMM not available. Skipping minimization.
  Warning: OpenMM not available. Skipping minimization.
  Warning: OpenMM not available. Skipping minimization.
  Warning: OpenMM not available. Skipping minimization.
  Warning: OpenMM not available. Skipping minimization.
  Warning: OpenMM not available. Skipping minimization.
  Warning: OpenMM not available. Skipping minimization.
  Warning: OpenMM not available. Skipping minimization.
  Warning: OpenMM not available. Skipping minimization.
  Warning: OpenMM not available. Skipping minimization.
  Warning: OpenMM not available. Skipping minimization.
  Warning: OpenMM not available. Skipping minimization.
  Warning: OpenMM not available. Skipping minimization.
  Warning: OpenMM not available. Skipping minimization.
  Warning: OpenMM not available. Skipping minimization.
  Warning: OpenMM not available. Skipping minimization.
  Warning: OpenMM not available. Skipping minimization.
  Warning: OpenMM not available. Skipping minimization.
  Warning: OpenMM not available. Skipping minimization.
  Warning: OpenMM not available. Skipping minimization.
  Warning: OpenMM not available. Skipping minimization.
  Warning: OpenMM not available. Skipping minimization.
  Warning: OpenMM not available. Skipping minimization.
  Warning: OpenMM not available. Skipping minimization.
  Warning: OpenMM not available. Skipping minimization.
  Warning: OpenMM not available. Skipping minimization.
  Warning: OpenMM not available. Skipping minimization.
  Warning: OpenMM not available. Skipping minimization.
  Warning: OpenMM not available. Skipping minimization.
  Warning: OpenMM not available. Skipping minimization.
  Warning: OpenMM not available. Skipping minimization.
  Warning: OpenMM not available. Skipping minimization.
  Warning: OpenMM not available. Skipping minimization.
  Warning: OpenMM not available. Skipping minimization.
  Warning: OpenMM not available. Skipping minimization.
  Warning: OpenMM not available. Skipping minimization.
  Warning: OpenMM not available. Skipping minimization.
  Warning: OpenMM not available. Skipping minimization.
  Warning: OpenMM not available. Skipping minimization.
  Warning: OpenMM not available. Skipping minimization.
  Warning: OpenMM not available. Skipping minimization.
  Warning: OpenMM not available. Skipping minimization.
  Warning: OpenMM not available. Skipping minimization.
  Warning: OpenMM not available. Skipping minimization.
  Warning: OpenMM not available. Skipping minimization.
  Warning: OpenMM not available. Skipping minimization.
  Warning: OpenMM not available. Skipping minimization.
  Warning: OpenMM not available. Skipping minimization.
  Warning: OpenMM not available. Skipping minimization.
  Warning: OpenMM not available. Skipping minimization.
  Warning: OpenMM not available. Skipping minimization.
  Warning: OpenMM not available. Skipping minimization.
  Warning: OpenMM not available. Skipping minimization.
  Warning: OpenMM not available. Skipping minimization.
  Warning: OpenMM not available. Skipping minimization.
  Warning: OpenMM not available. Skipping minimization.
  Warning: OpenMM not available. Skipping minimization.
  Warning: OpenMM not available. Skipping minimization.
  Warning: OpenMM not available. Skipping minimization.
  Warning: OpenMM not available. Skipping minimization.
  Warning: OpenMM not available. Skipping minimization.
  Warning: OpenMM not available. Skipping minimization.
  Warning: OpenMM not available. Skipping minimization.
  Warning: OpenMM not available. Skipping minimization.
  Warning: OpenMM not available. Skipping minimization.
  Warning: OpenMM not available. Skipping minimization.
  Warning: OpenMM not available. Skipping minimization.
  Warning: OpenMM not available. Skipping minimization.
  Warning: OpenMM not available. Skipping minimization.
  Warning: OpenMM not available. Skipping minimization.
  Warning: OpenMM not available. Skipping minimization.
  Warning: OpenMM not available. Skipping minimization.
  Warning: OpenMM not available. Skipping minimization.
  Warning: OpenMM not available. Skipping minimization.
  Warning: OpenMM not available. Skipping minimization.
  Warning: OpenMM not available. Skipping minimization.
  Warning: OpenMM not available. Skipping minimization.
  Warning: OpenMM not available. Skipping minimization.
  Warning: OpenMM not available. Skipping minimization.
  Warning: OpenMM not available. Skipping minimization.
  Warning: OpenMM not available. Skipping minimization.
  Warning: OpenMM not available. Skipping minimization.
  Warning: OpenMM not available. Skipping minimization.
  Warning: OpenMM not available. Skipping minimization.
  Warning: OpenMM not available. Skipping minimization.
  Warning: OpenMM not available. Skipping minimization.
  Warning: OpenMM not available. Skipping minimization.
  Warning: OpenMM not available. Skipping minimization.
  Warning: OpenMM not available. Skipping minimization.
  Warning: OpenMM not available. Skipping minimization.
  Warning: OpenMM not available. Skipping minimization.
  Warning: OpenMM not available. Skipping minimization.
  Warning: OpenMM not available. Skipping minimization.
  Warning: OpenMM not available. Skipping minimization.
  Warning: OpenMM not available. Skipping minimization.
  Warning: OpenMM not available. Skipping minimization.
  Warning: OpenMM not available. Skipping minimization.
  Warning: OpenMM not available. Skipping minimization.
  Warning: OpenMM not available. Skipping minimization.
  Warning: OpenMM not available. Skipping minimization.
  Warning: OpenMM not available. Skipping minimization.
  Warning: OpenMM not available. Skipping minimization.
  Warning: OpenMM not available. Skipping minimization.
  Warning: OpenMM not available. Skipping minimization.
  Warning: OpenMM not available. Skipping minimization.
  Warning: OpenMM not available. Skipping minimization.
  Warning: OpenMM not available. Skipping minimization.
  Warning: OpenMM not available. Skipping minimization.
  Warning: OpenMM not available. Skipping minimization.
  Warning: OpenMM not available. Skipping minimization.
  Warning: OpenMM not available. Skipping minimization.
  Warning: OpenMM not available. Skipping minimization.
  Warning: OpenMM not available. Skipping minimization.
  Warning: OpenMM not available. Skipping minimization.
  Warning: OpenMM not available. Skipping minimization.
  Warning: OpenMM not available. Skipping minimization.
  Warning: OpenMM not available. Skipping minimization.
  Warning: OpenMM not available. Skipping minimization.
  Warning: OpenMM not available. Skipping minimization.
  Warning: OpenMM not available. Skipping minimization.
  Warning: OpenMM not available. Skipping minimization.Post-hoc translation:  14%|█▍        | 14/100 [00:04<00:36,  2.36it/s]Post-hoc translation:  15%|█▌        | 15/100 [00:04<00:29,  2.87it/s]Post-hoc translation:  16%|█▌        | 16/100 [00:05<00:28,  2.99it/s]
  Warning: OpenMM not available. Skipping minimization.
  Warning: OpenMM not available. Skipping minimization.
  Warning: OpenMM not available. Skipping minimization.
  Warning: OpenMM not available. Skipping minimization.
  Warning: OpenMM not available. Skipping minimization.
  Warning: OpenMM not available. Skipping minimization.
  Warning: OpenMM not available. Skipping minimization.
  Warning: OpenMM not available. Skipping minimization.
  Warning: OpenMM not available. Skipping minimization.
  Warning: OpenMM not available. Skipping minimization.
  Warning: OpenMM not available. Skipping minimization.
  Warning: OpenMM not available. Skipping minimization.
  Warning: OpenMM not available. Skipping minimization.
  Warning: OpenMM not available. Skipping minimization.
  Warning: OpenMM not available. Skipping minimization.
  Warning: OpenMM not available. Skipping minimization.
  Warning: OpenMM not available. Skipping minimization.
  Warning: OpenMM not available. Skipping minimization.
  Warning: OpenMM not available. Skipping minimization.
  Warning: OpenMM not available. Skipping minimization.
  Warning: OpenMM not available. Skipping minimization.
  Warning: OpenMM not available. Skipping minimization.
  Warning: OpenMM not available. Skipping minimization.
  Warning: OpenMM not available. Skipping minimization.
  Warning: OpenMM not available. Skipping minimization.
  Warning: OpenMM not available. Skipping minimization.
  Warning: OpenMM not available. Skipping minimization.
  Warning: OpenMM not available. Skipping minimization.
  Warning: OpenMM not available. Skipping minimization.
  Warning: OpenMM not available. Skipping minimization.
  Warning: OpenMM not available. Skipping minimization.
  Warning: OpenMM not available. Skipping minimization.
  Warning: OpenMM not available. Skipping minimization.
  Warning: OpenMM not available. Skipping minimization.
  Warning: OpenMM not available. Skipping minimization.
  Warning: OpenMM not available. Skipping minimization.
  Warning: OpenMM not available. Skipping minimization.
  Warning: OpenMM not available. Skipping minimization.
  Warning: OpenMM not available. Skipping minimization.
  Warning: OpenMM not available. Skipping minimization.
  Warning: OpenMM not available. Skipping minimization.
  Warning: OpenMM not available. Skipping minimization.
  Warning: OpenMM not available. Skipping minimization.
  Warning: OpenMM not available. Skipping minimization.
  Warning: OpenMM not available. Skipping minimization.
  Warning: OpenMM not available. Skipping minimization.
  Warning: OpenMM not available. Skipping minimization.
  Warning: OpenMM not available. Skipping minimization.
  Warning: OpenMM not available. Skipping minimization.
  Warning: OpenMM not available. Skipping minimization.
  Warning: OpenMM not available. Skipping minimization.
  Warning: OpenMM not available. Skipping minimization.
  Warning: OpenMM not available. Skipping minimization.
  Warning: OpenMM not available. Skipping minimization.
  Warning: OpenMM not available. Skipping minimization.
  Warning: OpenMM not available. Skipping minimization.
  Warning: OpenMM not available. Skipping minimization.
  Warning: OpenMM not available. Skipping minimization.
  Warning: OpenMM not available. Skipping minimization.
  Warning: OpenMM not available. Skipping minimization.
  Warning: OpenMM not available. Skipping minimization.
  Warning: OpenMM not available. Skipping minimization.
  Warning: OpenMM not available. Skipping minimization.
  Warning: OpenMM not available. Skipping minimization.
  Warning: OpenMM not available. Skipping minimization.
  Warning: OpenMM not available. Skipping minimization.
  Warning: OpenMM not available. Skipping minimization.
  Warning: OpenMM not available. Skipping minimization.
  Warning: OpenMM not available. Skipping minimization.
  Warning: OpenMM not available. Skipping minimization.
  Warning: OpenMM not available. Skipping minimization.
  Warning: OpenMM not available. Skipping minimization.
  Warning: OpenMM not available. Skipping minimization.
  Warning: OpenMM not available. Skipping minimization.
  Warning: OpenMM not available. Skipping minimization.
  Warning: OpenMM not available. Skipping minimization.
  Warning: OpenMM not available. Skipping minimization.
  Warning: OpenMM not available. Skipping minimization.
  Warning: OpenMM not available. Skipping minimization.
  Warning: OpenMM not available. Skipping minimization.
  Warning: OpenMM not available. Skipping minimization.
  Warning: OpenMM not available. Skipping minimization.
  Warning: OpenMM not available. Skipping minimization.
  Warning: OpenMM not available. Skipping minimization.
  Warning: OpenMM not available. Skipping minimization.
  Warning: OpenMM not available. Skipping minimization.
  Warning: OpenMM not available. Skipping minimization.
  Warning: OpenMM not available. Skipping minimization.
  Warning: OpenMM not available. Skipping minimization.
  Warning: OpenMM not available. Skipping minimization.
  Warning: OpenMM not available. Skipping minimization.
  Warning: OpenMM not available. Skipping minimization.
  Warning: OpenMM not available. Skipping minimization.
  Warning: OpenMM not available. Skipping minimization.
  Warning: OpenMM not available. Skipping minimization.
  Warning: OpenMM not available. Skipping minimization.
  Warning: OpenMM not available. Skipping minimization.
  Warning: OpenMM not available. Skipping minimization.
  Warning: OpenMM not available. Skipping minimization.
  Warning: OpenMM not available. Skipping minimization.
  Warning: OpenMM not available. Skipping minimization.
  Warning: OpenMM not available. Skipping minimization.
  Warning: OpenMM not available. Skipping minimization.
  Warning: OpenMM not available. Skipping minimization.
  Warning: OpenMM not available. Skipping minimization.
  Warning: OpenMM not available. Skipping minimization.
  Warning: OpenMM not available. Skipping minimization.
  Warning: OpenMM not available. Skipping minimization.
  Warning: OpenMM not available. Skipping minimization.
  Warning: OpenMM not available. Skipping minimization.
  Warning: OpenMM not available. Skipping minimization.
  Warning: OpenMM not available. Skipping minimization.
  Warning: OpenMM not available. Skipping minimization.
  Warning: OpenMM not available. Skipping minimization.
  Warning: OpenMM not available. Skipping minimization.
  Warning: OpenMM not available. Skipping minimization.
  Warning: OpenMM not available. Skipping minimization.
  Warning: OpenMM not available. Skipping minimization.
  Warning: OpenMM not available. Skipping minimization.
  Warning: OpenMM not available. Skipping minimization.
  Warning: OpenMM not available. Skipping minimization.
  Warning: OpenMM not available. Skipping minimization.
  Warning: OpenMM not available. Skipping minimization.
  Warning: OpenMM not available. Skipping minimization.
  Warning: OpenMM not available. Skipping minimization.
  Warning: OpenMM not available. Skipping minimization.
  Warning: OpenMM not available. Skipping minimization.
  Warning: OpenMM not available. Skipping minimization.
  Warning: OpenMM not available. Skipping minimization.
  Warning: OpenMM not available. Skipping minimization.
  Warning: OpenMM not available. Skipping minimization.
  Warning: OpenMM not available. Skipping minimization.
  Warning: OpenMM not available. Skipping minimization.
  Warning: OpenMM not available. Skipping minimization.
  Warning: OpenMM not available. Skipping minimization.
  Warning: OpenMM not available. Skipping minimization.
  Warning: OpenMM not available. Skipping minimization.
  Warning: OpenMM not available. Skipping minimization.
  Warning: OpenMM not available. Skipping minimization.
  Warning: OpenMM not available. Skipping minimization.
  Warning: OpenMM not available. Skipping minimization.
  Warning: OpenMM not available. Skipping minimization.
  Warning: OpenMM not available. Skipping minimization.
  Warning: OpenMM not available. Skipping minimization.
  Warning: OpenMM not available. Skipping minimization.
  Warning: OpenMM not available. Skipping minimization.
  Warning: OpenMM not available. Skipping minimization.Post-hoc translation:  17%|█▋        | 17/100 [00:05<00:30,  2.74it/s]Post-hoc translation:  18%|█▊        | 18/100 [00:05<00:32,  2.53it/s]Post-hoc translation:  19%|█▉        | 19/100 [00:06<00:32,  2.51it/s]Post-hoc translation:  20%|██        | 20/100 [00:06<00:33,  2.40it/s]
  Warning: OpenMM not available. Skipping minimization.
  Warning: OpenMM not available. Skipping minimization.
  Warning: OpenMM not available. Skipping minimization.
  Warning: OpenMM not available. Skipping minimization.
  Warning: OpenMM not available. Skipping minimization.
  Warning: OpenMM not available. Skipping minimization.
  Warning: OpenMM not available. Skipping minimization.
  Warning: OpenMM not available. Skipping minimization.
  Warning: OpenMM not available. Skipping minimization.
  Warning: OpenMM not available. Skipping minimization.
  Warning: OpenMM not available. Skipping minimization.
  Warning: OpenMM not available. Skipping minimization.
  Warning: OpenMM not available. Skipping minimization.
  Warning: OpenMM not available. Skipping minimization.
  Warning: OpenMM not available. Skipping minimization.
  Warning: OpenMM not available. Skipping minimization.
  Warning: OpenMM not available. Skipping minimization.
  Warning: OpenMM not available. Skipping minimization.
  Warning: OpenMM not available. Skipping minimization.
  Warning: OpenMM not available. Skipping minimization.
  Warning: OpenMM not available. Skipping minimization.
  Warning: OpenMM not available. Skipping minimization.
  Warning: OpenMM not available. Skipping minimization.
  Warning: OpenMM not available. Skipping minimization.
  Warning: OpenMM not available. Skipping minimization.
  Warning: OpenMM not available. Skipping minimization.
  Warning: OpenMM not available. Skipping minimization.
  Warning: OpenMM not available. Skipping minimization.
  Warning: OpenMM not available. Skipping minimization.
  Warning: OpenMM not available. Skipping minimization.
  Warning: OpenMM not available. Skipping minimization.
  Warning: OpenMM not available. Skipping minimization.
  Warning: OpenMM not available. Skipping minimization.
  Warning: OpenMM not available. Skipping minimization.
  Warning: OpenMM not available. Skipping minimization.
  Warning: OpenMM not available. Skipping minimization.
  Warning: OpenMM not available. Skipping minimization.
  Warning: OpenMM not available. Skipping minimization.
  Warning: OpenMM not available. Skipping minimization.
  Warning: OpenMM not available. Skipping minimization.
  Warning: OpenMM not available. Skipping minimization.
  Warning: OpenMM not available. Skipping minimization.
  Warning: OpenMM not available. Skipping minimization.
  Warning: OpenMM not available. Skipping minimization.
  Warning: OpenMM not available. Skipping minimization.
  Warning: OpenMM not available. Skipping minimization.
  Warning: OpenMM not available. Skipping minimization.
  Warning: OpenMM not available. Skipping minimization.
  Warning: OpenMM not available. Skipping minimization.
  Warning: OpenMM not available. Skipping minimization.
  Warning: OpenMM not available. Skipping minimization.
  Warning: OpenMM not available. Skipping minimization.
  Warning: OpenMM not available. Skipping minimization.
  Warning: OpenMM not available. Skipping minimization.
  Warning: OpenMM not available. Skipping minimization.
  Warning: OpenMM not available. Skipping minimization.
  Warning: OpenMM not available. Skipping minimization.
  Warning: OpenMM not available. Skipping minimization.
  Warning: OpenMM not available. Skipping minimization.
  Warning: OpenMM not available. Skipping minimization.
  Warning: OpenMM not available. Skipping minimization.
  Warning: OpenMM not available. Skipping minimization.
  Warning: OpenMM not available. Skipping minimization.
  Warning: OpenMM not available. Skipping minimization.
  Warning: OpenMM not available. Skipping minimization.
  Warning: OpenMM not available. Skipping minimization.
  Warning: OpenMM not available. Skipping minimization.
  Warning: OpenMM not available. Skipping minimization.
  Warning: OpenMM not available. Skipping minimization.
  Warning: OpenMM not available. Skipping minimization.
  Warning: OpenMM not available. Skipping minimization.
  Warning: OpenMM not available. Skipping minimization.
  Warning: OpenMM not available. Skipping minimization.
  Warning: OpenMM not available. Skipping minimization.
  Warning: OpenMM not available. Skipping minimization.
  Warning: OpenMM not available. Skipping minimization.
  Warning: OpenMM not available. Skipping minimization.
  Warning: OpenMM not available. Skipping minimization.
  Warning: OpenMM not available. Skipping minimization.
  Warning: OpenMM not available. Skipping minimization.
  Warning: OpenMM not available. Skipping minimization.
  Warning: OpenMM not available. Skipping minimization.
  Warning: OpenMM not available. Skipping minimization.
  Warning: OpenMM not available. Skipping minimization.
  Warning: OpenMM not available. Skipping minimization.
  Warning: OpenMM not available. Skipping minimization.
  Warning: OpenMM not available. Skipping minimization.
  Warning: OpenMM not available. Skipping minimization.
  Warning: OpenMM not available. Skipping minimization.
  Warning: OpenMM not available. Skipping minimization.
  Warning: OpenMM not available. Skipping minimization.
  Warning: OpenMM not available. Skipping minimization.
  Warning: OpenMM not available. Skipping minimization.
  Warning: OpenMM not available. Skipping minimization.
  Warning: OpenMM not available. Skipping minimization.
  Warning: OpenMM not available. Skipping minimization.
  Warning: OpenMM not available. Skipping minimization.
  Warning: OpenMM not available. Skipping minimization.
  Warning: OpenMM not available. Skipping minimization.
  Warning: OpenMM not available. Skipping minimization.
  Warning: OpenMM not available. Skipping minimization.
  Warning: OpenMM not available. Skipping minimization.
  Warning: OpenMM not available. Skipping minimization.
  Warning: OpenMM not available. Skipping minimization.
  Warning: OpenMM not available. Skipping minimization.
  Warning: OpenMM not available. Skipping minimization.
  Warning: OpenMM not available. Skipping minimization.
  Warning: OpenMM not available. Skipping minimization.
  Warning: OpenMM not available. Skipping minimization.
  Warning: OpenMM not available. Skipping minimization.
  Warning: OpenMM not available. Skipping minimization.
  Warning: OpenMM not available. Skipping minimization.
  Warning: OpenMM not available. Skipping minimization.
  Warning: OpenMM not available. Skipping minimization.
  Warning: OpenMM not available. Skipping minimization.
  Warning: OpenMM not available. Skipping minimization.
  Warning: OpenMM not available. Skipping minimization.
  Warning: OpenMM not available. Skipping minimization.
  Warning: OpenMM not available. Skipping minimization.
  Warning: OpenMM not available. Skipping minimization.
  Warning: OpenMM not available. Skipping minimization.
  Warning: OpenMM not available. Skipping minimization.
  Warning: OpenMM not available. Skipping minimization.
  Warning: OpenMM not available. Skipping minimization.
  Warning: OpenMM not available. Skipping minimization.
  Warning: OpenMM not available. Skipping minimization.
  Warning: OpenMM not available. Skipping minimization.
  Warning: OpenMM not available. Skipping minimization.
  Warning: OpenMM not available. Skipping minimization.
  Warning: OpenMM not available. Skipping minimization.
  Warning: OpenMM not available. Skipping minimization.
  Warning: OpenMM not available. Skipping minimization.
  Warning: OpenMM not available. Skipping minimization.
  Warning: OpenMM not available. Skipping minimization.
  Warning: OpenMM not available. Skipping minimization.
  Warning: OpenMM not available. Skipping minimization.
  Warning: OpenMM not available. Skipping minimization.
  Warning: OpenMM not available. Skipping minimization.
  Warning: OpenMM not available. Skipping minimization.
  Warning: OpenMM not available. Skipping minimization.
  Warning: OpenMM not available. Skipping minimization.
  Warning: OpenMM not available. Skipping minimization.
  Warning: OpenMM not available. Skipping minimization.
  Warning: OpenMM not available. Skipping minimization.
  Warning: OpenMM not available. Skipping minimization.
  Warning: OpenMM not available. Skipping minimization.
  Warning: OpenMM not available. Skipping minimization.Post-hoc translation:  21%|██        | 21/100 [00:07<00:35,  2.23it/s]Post-hoc translation:  22%|██▏       | 22/100 [00:07<00:28,  2.71it/s]Post-hoc translation:  23%|██▎       | 23/100 [00:07<00:28,  2.68it/s]
  Warning: OpenMM not available. Skipping minimization.
  Warning: OpenMM not available. Skipping minimization.
  Warning: OpenMM not available. Skipping minimization.
  Warning: OpenMM not available. Skipping minimization.
  Warning: OpenMM not available. Skipping minimization.
  Warning: OpenMM not available. Skipping minimization.
  Warning: OpenMM not available. Skipping minimization.
  Warning: OpenMM not available. Skipping minimization.
  Warning: OpenMM not available. Skipping minimization.
  Warning: OpenMM not available. Skipping minimization.
  Warning: OpenMM not available. Skipping minimization.
  Warning: OpenMM not available. Skipping minimization.
  Warning: OpenMM not available. Skipping minimization.
  Warning: OpenMM not available. Skipping minimization.
  Warning: OpenMM not available. Skipping minimization.
  Warning: OpenMM not available. Skipping minimization.
  Warning: OpenMM not available. Skipping minimization.
  Warning: OpenMM not available. Skipping minimization.
  Warning: OpenMM not available. Skipping minimization.
  Warning: OpenMM not available. Skipping minimization.
  Warning: OpenMM not available. Skipping minimization.
  Warning: OpenMM not available. Skipping minimization.
  Warning: OpenMM not available. Skipping minimization.
  Warning: OpenMM not available. Skipping minimization.
  Warning: OpenMM not available. Skipping minimization.
  Warning: OpenMM not available. Skipping minimization.
  Warning: OpenMM not available. Skipping minimization.
  Warning: OpenMM not available. Skipping minimization.
  Warning: OpenMM not available. Skipping minimization.
  Warning: OpenMM not available. Skipping minimization.
  Warning: OpenMM not available. Skipping minimization.
  Warning: OpenMM not available. Skipping minimization.
  Warning: OpenMM not available. Skipping minimization.
  Warning: OpenMM not available. Skipping minimization.
  Warning: OpenMM not available. Skipping minimization.
  Warning: OpenMM not available. Skipping minimization.
  Warning: OpenMM not available. Skipping minimization.
  Warning: OpenMM not available. Skipping minimization.
  Warning: OpenMM not available. Skipping minimization.
  Warning: OpenMM not available. Skipping minimization.
  Warning: OpenMM not available. Skipping minimization.
  Warning: OpenMM not available. Skipping minimization.
  Warning: OpenMM not available. Skipping minimization.
  Warning: OpenMM not available. Skipping minimization.
  Warning: OpenMM not available. Skipping minimization.
  Warning: OpenMM not available. Skipping minimization.
  Warning: OpenMM not available. Skipping minimization.
  Warning: OpenMM not available. Skipping minimization.
  Warning: OpenMM not available. Skipping minimization.
  Warning: OpenMM not available. Skipping minimization.
  Warning: OpenMM not available. Skipping minimization.
  Warning: OpenMM not available. Skipping minimization.
  Warning: OpenMM not available. Skipping minimization.
  Warning: OpenMM not available. Skipping minimization.
  Warning: OpenMM not available. Skipping minimization.
  Warning: OpenMM not available. Skipping minimization.
  Warning: OpenMM not available. Skipping minimization.
  Warning: OpenMM not available. Skipping minimization.
  Warning: OpenMM not available. Skipping minimization.
  Warning: OpenMM not available. Skipping minimization.
  Warning: OpenMM not available. Skipping minimization.
  Warning: OpenMM not available. Skipping minimization.
  Warning: OpenMM not available. Skipping minimization.
  Warning: OpenMM not available. Skipping minimization.
  Warning: OpenMM not available. Skipping minimization.
  Warning: OpenMM not available. Skipping minimization.
  Warning: OpenMM not available. Skipping minimization.
  Warning: OpenMM not available. Skipping minimization.
  Warning: OpenMM not available. Skipping minimization.
  Warning: OpenMM not available. Skipping minimization.
  Warning: OpenMM not available. Skipping minimization.
  Warning: OpenMM not available. Skipping minimization.
  Warning: OpenMM not available. Skipping minimization.
  Warning: OpenMM not available. Skipping minimization.
  Warning: OpenMM not available. Skipping minimization.
  Warning: OpenMM not available. Skipping minimization.
  Warning: OpenMM not available. Skipping minimization.
  Warning: OpenMM not available. Skipping minimization.
  Warning: OpenMM not available. Skipping minimization.
  Warning: OpenMM not available. Skipping minimization.
  Warning: OpenMM not available. Skipping minimization.
  Warning: OpenMM not available. Skipping minimization.
  Warning: OpenMM not available. Skipping minimization.
  Warning: OpenMM not available. Skipping minimization.
  Warning: OpenMM not available. Skipping minimization.
  Warning: OpenMM not available. Skipping minimization.
  Warning: OpenMM not available. Skipping minimization.
  Warning: OpenMM not available. Skipping minimization.
  Warning: OpenMM not available. Skipping minimization.
  Warning: OpenMM not available. Skipping minimization.
  Warning: OpenMM not available. Skipping minimization.
  Warning: OpenMM not available. Skipping minimization.
  Warning: OpenMM not available. Skipping minimization.
  Warning: OpenMM not available. Skipping minimization.
  Warning: OpenMM not available. Skipping minimization.
  Warning: OpenMM not available. Skipping minimization.
  Warning: OpenMM not available. Skipping minimization.
  Warning: OpenMM not available. Skipping minimization.
  Warning: OpenMM not available. Skipping minimization.
  Warning: OpenMM not available. Skipping minimization.
  Warning: OpenMM not available. Skipping minimization.
  Warning: OpenMM not available. Skipping minimization.
  Warning: OpenMM not available. Skipping minimization.
  Warning: OpenMM not available. Skipping minimization.
  Warning: OpenMM not available. Skipping minimization.
  Warning: OpenMM not available. Skipping minimization.
  Warning: OpenMM not available. Skipping minimization.
  Warning: OpenMM not available. Skipping minimization.
  Warning: OpenMM not available. Skipping minimization.
  Warning: OpenMM not available. Skipping minimization.
  Warning: OpenMM not available. Skipping minimization.
  Warning: OpenMM not available. Skipping minimization.
  Warning: OpenMM not available. Skipping minimization.
  Warning: OpenMM not available. Skipping minimization.
  Warning: OpenMM not available. Skipping minimization.
  Warning: OpenMM not available. Skipping minimization.
  Warning: OpenMM not available. Skipping minimization.
  Warning: OpenMM not available. Skipping minimization.
  Warning: OpenMM not available. Skipping minimization.
  Warning: OpenMM not available. Skipping minimization.
  Warning: OpenMM not available. Skipping minimization.
  Warning: OpenMM not available. Skipping minimization.
  Warning: OpenMM not available. Skipping minimization.
  Warning: OpenMM not available. Skipping minimization.
  Warning: OpenMM not available. Skipping minimization.
  Warning: OpenMM not available. Skipping minimization.
  Warning: OpenMM not available. Skipping minimization.
  Warning: OpenMM not available. Skipping minimization.
  Warning: OpenMM not available. Skipping minimization.
  Warning: OpenMM not available. Skipping minimization.
  Warning: OpenMM not available. Skipping minimization.
  Warning: OpenMM not available. Skipping minimization.
  Warning: OpenMM not available. Skipping minimization.
  Warning: OpenMM not available. Skipping minimization.
  Warning: OpenMM not available. Skipping minimization.
  Warning: OpenMM not available. Skipping minimization.
  Warning: OpenMM not available. Skipping minimization.
  Warning: OpenMM not available. Skipping minimization.
  Warning: OpenMM not available. Skipping minimization.
  Warning: OpenMM not available. Skipping minimization.
  Warning: OpenMM not available. Skipping minimization.
  Warning: OpenMM not available. Skipping minimization.
  Warning: OpenMM not available. Skipping minimization.
  Warning: OpenMM not available. Skipping minimization.
  Warning: OpenMM not available. Skipping minimization.
  Warning: OpenMM not available. Skipping minimization.
  Warning: OpenMM not available. Skipping minimization.Post-hoc translation:  24%|██▍       | 24/100 [00:08<00:24,  3.15it/s]Post-hoc translation:  25%|██▌       | 25/100 [00:08<00:23,  3.19it/s]Post-hoc translation:  26%|██▌       | 26/100 [00:08<00:21,  3.40it/s]
  Warning: OpenMM not available. Skipping minimization.
  Warning: OpenMM not available. Skipping minimization.
  Warning: OpenMM not available. Skipping minimization.
  Warning: OpenMM not available. Skipping minimization.
  Warning: OpenMM not available. Skipping minimization.
  Warning: OpenMM not available. Skipping minimization.
  Warning: OpenMM not available. Skipping minimization.
  Warning: OpenMM not available. Skipping minimization.
  Warning: OpenMM not available. Skipping minimization.
  Warning: OpenMM not available. Skipping minimization.
  Warning: OpenMM not available. Skipping minimization.
  Warning: OpenMM not available. Skipping minimization.
  Warning: OpenMM not available. Skipping minimization.
  Warning: OpenMM not available. Skipping minimization.
  Warning: OpenMM not available. Skipping minimization.
  Warning: OpenMM not available. Skipping minimization.
  Warning: OpenMM not available. Skipping minimization.
  Warning: OpenMM not available. Skipping minimization.
  Warning: OpenMM not available. Skipping minimization.
  Warning: OpenMM not available. Skipping minimization.
  Warning: OpenMM not available. Skipping minimization.
  Warning: OpenMM not available. Skipping minimization.
  Warning: OpenMM not available. Skipping minimization.
  Warning: OpenMM not available. Skipping minimization.
  Warning: OpenMM not available. Skipping minimization.
  Warning: OpenMM not available. Skipping minimization.
  Warning: OpenMM not available. Skipping minimization.
  Warning: OpenMM not available. Skipping minimization.
  Warning: OpenMM not available. Skipping minimization.
  Warning: OpenMM not available. Skipping minimization.
  Warning: OpenMM not available. Skipping minimization.
  Warning: OpenMM not available. Skipping minimization.
  Warning: OpenMM not available. Skipping minimization.
  Warning: OpenMM not available. Skipping minimization.
  Warning: OpenMM not available. Skipping minimization.
  Warning: OpenMM not available. Skipping minimization.
  Warning: OpenMM not available. Skipping minimization.
  Warning: OpenMM not available. Skipping minimization.
  Warning: OpenMM not available. Skipping minimization.
  Warning: OpenMM not available. Skipping minimization.
  Warning: OpenMM not available. Skipping minimization.
  Warning: OpenMM not available. Skipping minimization.
  Warning: OpenMM not available. Skipping minimization.
  Warning: OpenMM not available. Skipping minimization.
  Warning: OpenMM not available. Skipping minimization.
  Warning: OpenMM not available. Skipping minimization.
  Warning: OpenMM not available. Skipping minimization.
  Warning: OpenMM not available. Skipping minimization.
  Warning: OpenMM not available. Skipping minimization.
  Warning: OpenMM not available. Skipping minimization.
  Warning: OpenMM not available. Skipping minimization.
  Warning: OpenMM not available. Skipping minimization.
  Warning: OpenMM not available. Skipping minimization.
  Warning: OpenMM not available. Skipping minimization.
  Warning: OpenMM not available. Skipping minimization.
  Warning: OpenMM not available. Skipping minimization.
  Warning: OpenMM not available. Skipping minimization.
  Warning: OpenMM not available. Skipping minimization.
  Warning: OpenMM not available. Skipping minimization.
  Warning: OpenMM not available. Skipping minimization.
  Warning: OpenMM not available. Skipping minimization.
  Warning: OpenMM not available. Skipping minimization.
  Warning: OpenMM not available. Skipping minimization.
  Warning: OpenMM not available. Skipping minimization.
  Warning: OpenMM not available. Skipping minimization.
  Warning: OpenMM not available. Skipping minimization.
  Warning: OpenMM not available. Skipping minimization.
  Warning: OpenMM not available. Skipping minimization.
  Warning: OpenMM not available. Skipping minimization.
  Warning: OpenMM not available. Skipping minimization.
  Warning: OpenMM not available. Skipping minimization.
  Warning: OpenMM not available. Skipping minimization.
  Warning: OpenMM not available. Skipping minimization.
  Warning: OpenMM not available. Skipping minimization.
  Warning: OpenMM not available. Skipping minimization.
  Warning: OpenMM not available. Skipping minimization.
  Warning: OpenMM not available. Skipping minimization.
  Warning: OpenMM not available. Skipping minimization.
  Warning: OpenMM not available. Skipping minimization.
  Warning: OpenMM not available. Skipping minimization.
  Warning: OpenMM not available. Skipping minimization.
  Warning: OpenMM not available. Skipping minimization.
  Warning: OpenMM not available. Skipping minimization.
  Warning: OpenMM not available. Skipping minimization.
  Warning: OpenMM not available. Skipping minimization.
  Warning: OpenMM not available. Skipping minimization.
  Warning: OpenMM not available. Skipping minimization.
  Warning: OpenMM not available. Skipping minimization.
  Warning: OpenMM not available. Skipping minimization.
  Warning: OpenMM not available. Skipping minimization.
  Warning: OpenMM not available. Skipping minimization.
  Warning: OpenMM not available. Skipping minimization.
  Warning: OpenMM not available. Skipping minimization.
  Warning: OpenMM not available. Skipping minimization.
  Warning: OpenMM not available. Skipping minimization.
  Warning: OpenMM not available. Skipping minimization.
  Warning: OpenMM not available. Skipping minimization.
  Warning: OpenMM not available. Skipping minimization.
  Warning: OpenMM not available. Skipping minimization.
  Warning: OpenMM not available. Skipping minimization.
  Warning: OpenMM not available. Skipping minimization.
  Warning: OpenMM not available. Skipping minimization.
  Warning: OpenMM not available. Skipping minimization.
  Warning: OpenMM not available. Skipping minimization.
  Warning: OpenMM not available. Skipping minimization.
  Warning: OpenMM not available. Skipping minimization.
  Warning: OpenMM not available. Skipping minimization.
  Warning: OpenMM not available. Skipping minimization.
  Warning: OpenMM not available. Skipping minimization.
  Warning: OpenMM not available. Skipping minimization.
  Warning: OpenMM not available. Skipping minimization.
  Warning: OpenMM not available. Skipping minimization.
  Warning: OpenMM not available. Skipping minimization.
  Warning: OpenMM not available. Skipping minimization.
  Warning: OpenMM not available. Skipping minimization.
  Warning: OpenMM not available. Skipping minimization.
  Warning: OpenMM not available. Skipping minimization.
  Warning: OpenMM not available. Skipping minimization.
  Warning: OpenMM not available. Skipping minimization.
  Warning: OpenMM not available. Skipping minimization.
  Warning: OpenMM not available. Skipping minimization.
  Warning: OpenMM not available. Skipping minimization.
  Warning: OpenMM not available. Skipping minimization.
  Warning: OpenMM not available. Skipping minimization.
  Warning: OpenMM not available. Skipping minimization.
  Warning: OpenMM not available. Skipping minimization.
  Warning: OpenMM not available. Skipping minimization.
  Warning: OpenMM not available. Skipping minimization.
  Warning: OpenMM not available. Skipping minimization.
  Warning: OpenMM not available. Skipping minimization.
  Warning: OpenMM not available. Skipping minimization.
  Warning: OpenMM not available. Skipping minimization.
  Warning: OpenMM not available. Skipping minimization.
  Warning: OpenMM not available. Skipping minimization.
  Warning: OpenMM not available. Skipping minimization.
  Warning: OpenMM not available. Skipping minimization.
  Warning: OpenMM not available. Skipping minimization.
  Warning: OpenMM not available. Skipping minimization.
  Warning: OpenMM not available. Skipping minimization.
  Warning: OpenMM not available. Skipping minimization.
  Warning: OpenMM not available. Skipping minimization.
  Warning: OpenMM not available. Skipping minimization.
  Warning: OpenMM not available. Skipping minimization.
  Warning: OpenMM not available. Skipping minimization.
  Warning: OpenMM not available. Skipping minimization.
  Warning: OpenMM not available. Skipping minimization.
  Warning: OpenMM not available. Skipping minimization.Post-hoc translation:  27%|██▋       | 27/100 [00:08<00:22,  3.30it/s]Post-hoc translation:  28%|██▊       | 28/100 [00:09<00:19,  3.74it/s]Post-hoc translation:  29%|██▉       | 29/100 [00:09<00:16,  4.33it/s]Post-hoc translation:  30%|███       | 30/100 [00:09<00:13,  5.05it/s]
  Warning: OpenMM not available. Skipping minimization.
  Warning: OpenMM not available. Skipping minimization.
  Warning: OpenMM not available. Skipping minimization.
  Warning: OpenMM not available. Skipping minimization.
  Warning: OpenMM not available. Skipping minimization.
  Warning: OpenMM not available. Skipping minimization.
  Warning: OpenMM not available. Skipping minimization.
  Warning: OpenMM not available. Skipping minimization.
  Warning: OpenMM not available. Skipping minimization.
  Warning: OpenMM not available. Skipping minimization.
  Warning: OpenMM not available. Skipping minimization.
  Warning: OpenMM not available. Skipping minimization.
  Warning: OpenMM not available. Skipping minimization.
  Warning: OpenMM not available. Skipping minimization.
  Warning: OpenMM not available. Skipping minimization.
  Warning: OpenMM not available. Skipping minimization.
  Warning: OpenMM not available. Skipping minimization.
  Warning: OpenMM not available. Skipping minimization.
  Warning: OpenMM not available. Skipping minimization.
  Warning: OpenMM not available. Skipping minimization.
  Warning: OpenMM not available. Skipping minimization.
  Warning: OpenMM not available. Skipping minimization.
  Warning: OpenMM not available. Skipping minimization.
  Warning: OpenMM not available. Skipping minimization.
  Warning: OpenMM not available. Skipping minimization.
  Warning: OpenMM not available. Skipping minimization.
  Warning: OpenMM not available. Skipping minimization.
  Warning: OpenMM not available. Skipping minimization.
  Warning: OpenMM not available. Skipping minimization.
  Warning: OpenMM not available. Skipping minimization.
  Warning: OpenMM not available. Skipping minimization.
  Warning: OpenMM not available. Skipping minimization.
  Warning: OpenMM not available. Skipping minimization.
  Warning: OpenMM not available. Skipping minimization.
  Warning: OpenMM not available. Skipping minimization.
  Warning: OpenMM not available. Skipping minimization.
  Warning: OpenMM not available. Skipping minimization.
  Warning: OpenMM not available. Skipping minimization.
  Warning: OpenMM not available. Skipping minimization.
  Warning: OpenMM not available. Skipping minimization.
  Warning: OpenMM not available. Skipping minimization.
  Warning: OpenMM not available. Skipping minimization.
  Warning: OpenMM not available. Skipping minimization.
  Warning: OpenMM not available. Skipping minimization.
  Warning: OpenMM not available. Skipping minimization.
  Warning: OpenMM not available. Skipping minimization.
  Warning: OpenMM not available. Skipping minimization.
  Warning: OpenMM not available. Skipping minimization.
  Warning: OpenMM not available. Skipping minimization.
  Warning: OpenMM not available. Skipping minimization.
  Warning: OpenMM not available. Skipping minimization.
  Warning: OpenMM not available. Skipping minimization.
  Warning: OpenMM not available. Skipping minimization.
  Warning: OpenMM not available. Skipping minimization.
  Warning: OpenMM not available. Skipping minimization.
  Warning: OpenMM not available. Skipping minimization.
  Warning: OpenMM not available. Skipping minimization.
  Warning: OpenMM not available. Skipping minimization.
  Warning: OpenMM not available. Skipping minimization.
  Warning: OpenMM not available. Skipping minimization.
  Warning: OpenMM not available. Skipping minimization.
  Warning: OpenMM not available. Skipping minimization.
  Warning: OpenMM not available. Skipping minimization.
  Warning: OpenMM not available. Skipping minimization.
  Warning: OpenMM not available. Skipping minimization.
  Warning: OpenMM not available. Skipping minimization.
  Warning: OpenMM not available. Skipping minimization.
  Warning: OpenMM not available. Skipping minimization.
  Warning: OpenMM not available. Skipping minimization.
  Warning: OpenMM not available. Skipping minimization.
  Warning: OpenMM not available. Skipping minimization.
  Warning: OpenMM not available. Skipping minimization.
  Warning: OpenMM not available. Skipping minimization.
  Warning: OpenMM not available. Skipping minimization.
  Warning: OpenMM not available. Skipping minimization.
  Warning: OpenMM not available. Skipping minimization.
  Warning: OpenMM not available. Skipping minimization.
  Warning: OpenMM not available. Skipping minimization.
  Warning: OpenMM not available. Skipping minimization.
  Warning: OpenMM not available. Skipping minimization.
  Warning: OpenMM not available. Skipping minimization.
  Warning: OpenMM not available. Skipping minimization.
  Warning: OpenMM not available. Skipping minimization.
  Warning: OpenMM not available. Skipping minimization.
  Warning: OpenMM not available. Skipping minimization.
  Warning: OpenMM not available. Skipping minimization.
  Warning: OpenMM not available. Skipping minimization.
  Warning: OpenMM not available. Skipping minimization.
  Warning: OpenMM not available. Skipping minimization.
  Warning: OpenMM not available. Skipping minimization.
  Warning: OpenMM not available. Skipping minimization.
  Warning: OpenMM not available. Skipping minimization.
  Warning: OpenMM not available. Skipping minimization.
  Warning: OpenMM not available. Skipping minimization.
  Warning: OpenMM not available. Skipping minimization.
  Warning: OpenMM not available. Skipping minimization.
  Warning: OpenMM not available. Skipping minimization.
  Warning: OpenMM not available. Skipping minimization.
  Warning: OpenMM not available. Skipping minimization.
  Warning: OpenMM not available. Skipping minimization.
  Warning: OpenMM not available. Skipping minimization.
  Warning: OpenMM not available. Skipping minimization.
  Warning: OpenMM not available. Skipping minimization.
  Warning: OpenMM not available. Skipping minimization.
  Warning: OpenMM not available. Skipping minimization.
  Warning: OpenMM not available. Skipping minimization.
  Warning: OpenMM not available. Skipping minimization.
  Warning: OpenMM not available. Skipping minimization.
  Warning: OpenMM not available. Skipping minimization.
  Warning: OpenMM not available. Skipping minimization.
  Warning: OpenMM not available. Skipping minimization.
  Warning: OpenMM not available. Skipping minimization.
  Warning: OpenMM not available. Skipping minimization.
  Warning: OpenMM not available. Skipping minimization.
  Warning: OpenMM not available. Skipping minimization.
  Warning: OpenMM not available. Skipping minimization.
  Warning: OpenMM not available. Skipping minimization.
  Warning: OpenMM not available. Skipping minimization.
  Warning: OpenMM not available. Skipping minimization.
  Warning: OpenMM not available. Skipping minimization.
  Warning: OpenMM not available. Skipping minimization.
  Warning: OpenMM not available. Skipping minimization.
  Warning: OpenMM not available. Skipping minimization.
  Warning: OpenMM not available. Skipping minimization.
  Warning: OpenMM not available. Skipping minimization.
  Warning: OpenMM not available. Skipping minimization.
  Warning: OpenMM not available. Skipping minimization.
  Warning: OpenMM not available. Skipping minimization.
  Warning: OpenMM not available. Skipping minimization.
  Warning: OpenMM not available. Skipping minimization.
  Warning: OpenMM not available. Skipping minimization.
  Warning: OpenMM not available. Skipping minimization.
  Warning: OpenMM not available. Skipping minimization.
  Warning: OpenMM not available. Skipping minimization.
  Warning: OpenMM not available. Skipping minimization.
  Warning: OpenMM not available. Skipping minimization.
  Warning: OpenMM not available. Skipping minimization.
  Warning: OpenMM not available. Skipping minimization.
  Warning: OpenMM not available. Skipping minimization.
  Warning: OpenMM not available. Skipping minimization.
  Warning: OpenMM not available. Skipping minimization.
  Warning: OpenMM not available. Skipping minimization.
  Warning: OpenMM not available. Skipping minimization.
  Warning: OpenMM not available. Skipping minimization.
  Warning: OpenMM not available. Skipping minimization.
  Warning: OpenMM not available. Skipping minimization.
  Warning: OpenMM not available. Skipping minimization.Post-hoc translation:  31%|███       | 31/100 [00:09<00:11,  5.81it/s]Post-hoc translation:  32%|███▏      | 32/100 [00:09<00:15,  4.35it/s]Post-hoc translation:  33%|███▎      | 33/100 [00:10<00:16,  4.06it/s]
  Warning: OpenMM not available. Skipping minimization.
  Warning: OpenMM not available. Skipping minimization.
  Warning: OpenMM not available. Skipping minimization.
  Warning: OpenMM not available. Skipping minimization.
  Warning: OpenMM not available. Skipping minimization.
  Warning: OpenMM not available. Skipping minimization.
  Warning: OpenMM not available. Skipping minimization.
  Warning: OpenMM not available. Skipping minimization.
  Warning: OpenMM not available. Skipping minimization.
  Warning: OpenMM not available. Skipping minimization.
  Warning: OpenMM not available. Skipping minimization.
  Warning: OpenMM not available. Skipping minimization.
  Warning: OpenMM not available. Skipping minimization.
  Warning: OpenMM not available. Skipping minimization.
  Warning: OpenMM not available. Skipping minimization.
  Warning: OpenMM not available. Skipping minimization.
  Warning: OpenMM not available. Skipping minimization.
  Warning: OpenMM not available. Skipping minimization.
  Warning: OpenMM not available. Skipping minimization.
  Warning: OpenMM not available. Skipping minimization.
  Warning: OpenMM not available. Skipping minimization.
  Warning: OpenMM not available. Skipping minimization.
  Warning: OpenMM not available. Skipping minimization.
  Warning: OpenMM not available. Skipping minimization.
  Warning: OpenMM not available. Skipping minimization.
  Warning: OpenMM not available. Skipping minimization.
  Warning: OpenMM not available. Skipping minimization.
  Warning: OpenMM not available. Skipping minimization.
  Warning: OpenMM not available. Skipping minimization.
  Warning: OpenMM not available. Skipping minimization.
  Warning: OpenMM not available. Skipping minimization.
  Warning: OpenMM not available. Skipping minimization.
  Warning: OpenMM not available. Skipping minimization.
  Warning: OpenMM not available. Skipping minimization.
  Warning: OpenMM not available. Skipping minimization.
  Warning: OpenMM not available. Skipping minimization.
  Warning: OpenMM not available. Skipping minimization.
  Warning: OpenMM not available. Skipping minimization.
  Warning: OpenMM not available. Skipping minimization.
  Warning: OpenMM not available. Skipping minimization.
  Warning: OpenMM not available. Skipping minimization.
  Warning: OpenMM not available. Skipping minimization.
  Warning: OpenMM not available. Skipping minimization.
  Warning: OpenMM not available. Skipping minimization.
  Warning: OpenMM not available. Skipping minimization.
  Warning: OpenMM not available. Skipping minimization.
  Warning: OpenMM not available. Skipping minimization.
  Warning: OpenMM not available. Skipping minimization.
  Warning: OpenMM not available. Skipping minimization.
  Warning: OpenMM not available. Skipping minimization.
  Warning: OpenMM not available. Skipping minimization.
  Warning: OpenMM not available. Skipping minimization.
  Warning: OpenMM not available. Skipping minimization.
  Warning: OpenMM not available. Skipping minimization.
  Warning: OpenMM not available. Skipping minimization.
  Warning: OpenMM not available. Skipping minimization.
  Warning: OpenMM not available. Skipping minimization.
  Warning: OpenMM not available. Skipping minimization.
  Warning: OpenMM not available. Skipping minimization.
  Warning: OpenMM not available. Skipping minimization.
  Warning: OpenMM not available. Skipping minimization.
  Warning: OpenMM not available. Skipping minimization.
  Warning: OpenMM not available. Skipping minimization.
  Warning: OpenMM not available. Skipping minimization.
  Warning: OpenMM not available. Skipping minimization.
  Warning: OpenMM not available. Skipping minimization.
  Warning: OpenMM not available. Skipping minimization.
  Warning: OpenMM not available. Skipping minimization.
  Warning: OpenMM not available. Skipping minimization.
  Warning: OpenMM not available. Skipping minimization.
  Warning: OpenMM not available. Skipping minimization.
  Warning: OpenMM not available. Skipping minimization.
  Warning: OpenMM not available. Skipping minimization.
  Warning: OpenMM not available. Skipping minimization.
  Warning: OpenMM not available. Skipping minimization.
  Warning: OpenMM not available. Skipping minimization.
  Warning: OpenMM not available. Skipping minimization.
  Warning: OpenMM not available. Skipping minimization.
  Warning: OpenMM not available. Skipping minimization.
  Warning: OpenMM not available. Skipping minimization.
  Warning: OpenMM not available. Skipping minimization.
  Warning: OpenMM not available. Skipping minimization.
  Warning: OpenMM not available. Skipping minimization.
  Warning: OpenMM not available. Skipping minimization.
  Warning: OpenMM not available. Skipping minimization.
  Warning: OpenMM not available. Skipping minimization.
  Warning: OpenMM not available. Skipping minimization.
  Warning: OpenMM not available. Skipping minimization.
  Warning: OpenMM not available. Skipping minimization.
  Warning: OpenMM not available. Skipping minimization.
  Warning: OpenMM not available. Skipping minimization.
  Warning: OpenMM not available. Skipping minimization.
  Warning: OpenMM not available. Skipping minimization.
  Warning: OpenMM not available. Skipping minimization.
  Warning: OpenMM not available. Skipping minimization.
  Warning: OpenMM not available. Skipping minimization.
  Warning: OpenMM not available. Skipping minimization.
  Warning: OpenMM not available. Skipping minimization.
  Warning: OpenMM not available. Skipping minimization.
  Warning: OpenMM not available. Skipping minimization.
  Warning: OpenMM not available. Skipping minimization.
  Warning: OpenMM not available. Skipping minimization.
  Warning: OpenMM not available. Skipping minimization.
  Warning: OpenMM not available. Skipping minimization.
  Warning: OpenMM not available. Skipping minimization.
  Warning: OpenMM not available. Skipping minimization.
  Warning: OpenMM not available. Skipping minimization.
  Warning: OpenMM not available. Skipping minimization.
  Warning: OpenMM not available. Skipping minimization.
  Warning: OpenMM not available. Skipping minimization.
  Warning: OpenMM not available. Skipping minimization.
  Warning: OpenMM not available. Skipping minimization.
  Warning: OpenMM not available. Skipping minimization.
  Warning: OpenMM not available. Skipping minimization.
  Warning: OpenMM not available. Skipping minimization.
  Warning: OpenMM not available. Skipping minimization.
  Warning: OpenMM not available. Skipping minimization.
  Warning: OpenMM not available. Skipping minimization.
  Warning: OpenMM not available. Skipping minimization.
  Warning: OpenMM not available. Skipping minimization.
  Warning: OpenMM not available. Skipping minimization.
  Warning: OpenMM not available. Skipping minimization.
  Warning: OpenMM not available. Skipping minimization.
  Warning: OpenMM not available. Skipping minimization.
  Warning: OpenMM not available. Skipping minimization.
  Warning: OpenMM not available. Skipping minimization.
  Warning: OpenMM not available. Skipping minimization.
  Warning: OpenMM not available. Skipping minimization.
  Warning: OpenMM not available. Skipping minimization.
  Warning: OpenMM not available. Skipping minimization.
  Warning: OpenMM not available. Skipping minimization.
  Warning: OpenMM not available. Skipping minimization.
  Warning: OpenMM not available. Skipping minimization.
  Warning: OpenMM not available. Skipping minimization.
  Warning: OpenMM not available. Skipping minimization.
  Warning: OpenMM not available. Skipping minimization.
  Warning: OpenMM not available. Skipping minimization.
  Warning: OpenMM not available. Skipping minimization.
  Warning: OpenMM not available. Skipping minimization.
  Warning: OpenMM not available. Skipping minimization.
  Warning: OpenMM not available. Skipping minimization.
  Warning: OpenMM not available. Skipping minimization.
  Warning: OpenMM not available. Skipping minimization.
  Warning: OpenMM not available. Skipping minimization.
  Warning: OpenMM not available. Skipping minimization.
  Warning: OpenMM not available. Skipping minimization.
  Warning: OpenMM not available. Skipping minimization.Post-hoc translation:  34%|███▍      | 34/100 [00:10<00:17,  3.79it/s]Post-hoc translation:  35%|███▌      | 35/100 [00:10<00:14,  4.56it/s]Post-hoc translation:  36%|███▌      | 36/100 [00:10<00:16,  3.97it/s]
  Warning: OpenMM not available. Skipping minimization.
  Warning: OpenMM not available. Skipping minimization.
  Warning: OpenMM not available. Skipping minimization.
  Warning: OpenMM not available. Skipping minimization.
  Warning: OpenMM not available. Skipping minimization.
  Warning: OpenMM not available. Skipping minimization.
  Warning: OpenMM not available. Skipping minimization.
  Warning: OpenMM not available. Skipping minimization.
  Warning: OpenMM not available. Skipping minimization.
  Warning: OpenMM not available. Skipping minimization.
  Warning: OpenMM not available. Skipping minimization.
  Warning: OpenMM not available. Skipping minimization.
  Warning: OpenMM not available. Skipping minimization.
  Warning: OpenMM not available. Skipping minimization.
  Warning: OpenMM not available. Skipping minimization.
  Warning: OpenMM not available. Skipping minimization.
  Warning: OpenMM not available. Skipping minimization.
  Warning: OpenMM not available. Skipping minimization.
  Warning: OpenMM not available. Skipping minimization.
  Warning: OpenMM not available. Skipping minimization.
  Warning: OpenMM not available. Skipping minimization.
  Warning: OpenMM not available. Skipping minimization.
  Warning: OpenMM not available. Skipping minimization.
  Warning: OpenMM not available. Skipping minimization.
  Warning: OpenMM not available. Skipping minimization.
  Warning: OpenMM not available. Skipping minimization.
  Warning: OpenMM not available. Skipping minimization.
  Warning: OpenMM not available. Skipping minimization.
  Warning: OpenMM not available. Skipping minimization.
  Warning: OpenMM not available. Skipping minimization.
  Warning: OpenMM not available. Skipping minimization.
  Warning: OpenMM not available. Skipping minimization.
  Warning: OpenMM not available. Skipping minimization.
  Warning: OpenMM not available. Skipping minimization.
  Warning: OpenMM not available. Skipping minimization.
  Warning: OpenMM not available. Skipping minimization.
  Warning: OpenMM not available. Skipping minimization.
  Warning: OpenMM not available. Skipping minimization.
  Warning: OpenMM not available. Skipping minimization.
  Warning: OpenMM not available. Skipping minimization.
  Warning: OpenMM not available. Skipping minimization.
  Warning: OpenMM not available. Skipping minimization.
  Warning: OpenMM not available. Skipping minimization.
  Warning: OpenMM not available. Skipping minimization.
  Warning: OpenMM not available. Skipping minimization.
  Warning: OpenMM not available. Skipping minimization.
  Warning: OpenMM not available. Skipping minimization.
  Warning: OpenMM not available. Skipping minimization.
  Warning: OpenMM not available. Skipping minimization.
  Warning: OpenMM not available. Skipping minimization.
  Warning: OpenMM not available. Skipping minimization.
  Warning: OpenMM not available. Skipping minimization.
  Warning: OpenMM not available. Skipping minimization.
  Warning: OpenMM not available. Skipping minimization.
  Warning: OpenMM not available. Skipping minimization.
  Warning: OpenMM not available. Skipping minimization.
  Warning: OpenMM not available. Skipping minimization.
  Warning: OpenMM not available. Skipping minimization.
  Warning: OpenMM not available. Skipping minimization.
  Warning: OpenMM not available. Skipping minimization.
  Warning: OpenMM not available. Skipping minimization.
  Warning: OpenMM not available. Skipping minimization.
  Warning: OpenMM not available. Skipping minimization.
  Warning: OpenMM not available. Skipping minimization.
  Warning: OpenMM not available. Skipping minimization.
  Warning: OpenMM not available. Skipping minimization.
  Warning: OpenMM not available. Skipping minimization.
  Warning: OpenMM not available. Skipping minimization.
  Warning: OpenMM not available. Skipping minimization.
  Warning: OpenMM not available. Skipping minimization.
  Warning: OpenMM not available. Skipping minimization.
  Warning: OpenMM not available. Skipping minimization.
  Warning: OpenMM not available. Skipping minimization.
  Warning: OpenMM not available. Skipping minimization.
  Warning: OpenMM not available. Skipping minimization.
  Warning: OpenMM not available. Skipping minimization.
  Warning: OpenMM not available. Skipping minimization.
  Warning: OpenMM not available. Skipping minimization.
  Warning: OpenMM not available. Skipping minimization.
  Warning: OpenMM not available. Skipping minimization.
  Warning: OpenMM not available. Skipping minimization.
  Warning: OpenMM not available. Skipping minimization.
  Warning: OpenMM not available. Skipping minimization.
  Warning: OpenMM not available. Skipping minimization.
  Warning: OpenMM not available. Skipping minimization.
  Warning: OpenMM not available. Skipping minimization.
  Warning: OpenMM not available. Skipping minimization.
  Warning: OpenMM not available. Skipping minimization.
  Warning: OpenMM not available. Skipping minimization.
  Warning: OpenMM not available. Skipping minimization.
  Warning: OpenMM not available. Skipping minimization.
  Warning: OpenMM not available. Skipping minimization.
  Warning: OpenMM not available. Skipping minimization.
  Warning: OpenMM not available. Skipping minimization.
  Warning: OpenMM not available. Skipping minimization.
  Warning: OpenMM not available. Skipping minimization.
  Warning: OpenMM not available. Skipping minimization.
  Warning: OpenMM not available. Skipping minimization.
  Warning: OpenMM not available. Skipping minimization.
  Warning: OpenMM not available. Skipping minimization.
  Warning: OpenMM not available. Skipping minimization.
  Warning: OpenMM not available. Skipping minimization.
  Warning: OpenMM not available. Skipping minimization.
  Warning: OpenMM not available. Skipping minimization.
  Warning: OpenMM not available. Skipping minimization.
  Warning: OpenMM not available. Skipping minimization.
  Warning: OpenMM not available. Skipping minimization.
  Warning: OpenMM not available. Skipping minimization.
  Warning: OpenMM not available. Skipping minimization.
  Warning: OpenMM not available. Skipping minimization.
  Warning: OpenMM not available. Skipping minimization.
  Warning: OpenMM not available. Skipping minimization.
  Warning: OpenMM not available. Skipping minimization.
  Warning: OpenMM not available. Skipping minimization.
  Warning: OpenMM not available. Skipping minimization.
  Warning: OpenMM not available. Skipping minimization.
  Warning: OpenMM not available. Skipping minimization.
  Warning: OpenMM not available. Skipping minimization.
  Warning: OpenMM not available. Skipping minimization.
  Warning: OpenMM not available. Skipping minimization.
  Warning: OpenMM not available. Skipping minimization.
  Warning: OpenMM not available. Skipping minimization.
  Warning: OpenMM not available. Skipping minimization.
  Warning: OpenMM not available. Skipping minimization.
  Warning: OpenMM not available. Skipping minimization.
  Warning: OpenMM not available. Skipping minimization.
  Warning: OpenMM not available. Skipping minimization.
  Warning: OpenMM not available. Skipping minimization.
  Warning: OpenMM not available. Skipping minimization.
  Warning: OpenMM not available. Skipping minimization.
  Warning: OpenMM not available. Skipping minimization.
  Warning: OpenMM not available. Skipping minimization.
  Warning: OpenMM not available. Skipping minimization.
  Warning: OpenMM not available. Skipping minimization.
  Warning: OpenMM not available. Skipping minimization.
  Warning: OpenMM not available. Skipping minimization.
  Warning: OpenMM not available. Skipping minimization.
  Warning: OpenMM not available. Skipping minimization.
  Warning: OpenMM not available. Skipping minimization.
  Warning: OpenMM not available. Skipping minimization.
  Warning: OpenMM not available. Skipping minimization.
  Warning: OpenMM not available. Skipping minimization.
  Warning: OpenMM not available. Skipping minimization.
  Warning: OpenMM not available. Skipping minimization.
  Warning: OpenMM not available. Skipping minimization.
  Warning: OpenMM not available. Skipping minimization.
  Warning: OpenMM not available. Skipping minimization.Post-hoc translation:  37%|███▋      | 37/100 [00:11<00:15,  3.97it/s]Post-hoc translation:  38%|███▊      | 38/100 [00:11<00:14,  4.37it/s]Post-hoc translation:  39%|███▉      | 39/100 [00:11<00:20,  2.93it/s]Post-hoc translation:  40%|████      | 40/100 [00:12<00:24,  2.41it/s]
  Warning: OpenMM not available. Skipping minimization.
  Warning: OpenMM not available. Skipping minimization.
  Warning: OpenMM not available. Skipping minimization.
  Warning: OpenMM not available. Skipping minimization.
  Warning: OpenMM not available. Skipping minimization.
  Warning: OpenMM not available. Skipping minimization.
  Warning: OpenMM not available. Skipping minimization.
  Warning: OpenMM not available. Skipping minimization.
  Warning: OpenMM not available. Skipping minimization.
  Warning: OpenMM not available. Skipping minimization.
  Warning: OpenMM not available. Skipping minimization.
  Warning: OpenMM not available. Skipping minimization.
  Warning: OpenMM not available. Skipping minimization.
  Warning: OpenMM not available. Skipping minimization.
  Warning: OpenMM not available. Skipping minimization.
  Warning: OpenMM not available. Skipping minimization.
  Warning: OpenMM not available. Skipping minimization.
  Warning: OpenMM not available. Skipping minimization.
  Warning: OpenMM not available. Skipping minimization.
  Warning: OpenMM not available. Skipping minimization.
  Warning: OpenMM not available. Skipping minimization.
  Warning: OpenMM not available. Skipping minimization.
  Warning: OpenMM not available. Skipping minimization.
  Warning: OpenMM not available. Skipping minimization.
  Warning: OpenMM not available. Skipping minimization.
  Warning: OpenMM not available. Skipping minimization.
  Warning: OpenMM not available. Skipping minimization.
  Warning: OpenMM not available. Skipping minimization.
  Warning: OpenMM not available. Skipping minimization.
  Warning: OpenMM not available. Skipping minimization.
  Warning: OpenMM not available. Skipping minimization.
  Warning: OpenMM not available. Skipping minimization.
  Warning: OpenMM not available. Skipping minimization.
  Warning: OpenMM not available. Skipping minimization.
  Warning: OpenMM not available. Skipping minimization.
  Warning: OpenMM not available. Skipping minimization.
  Warning: OpenMM not available. Skipping minimization.
  Warning: OpenMM not available. Skipping minimization.
  Warning: OpenMM not available. Skipping minimization.
  Warning: OpenMM not available. Skipping minimization.
  Warning: OpenMM not available. Skipping minimization.
  Warning: OpenMM not available. Skipping minimization.
  Warning: OpenMM not available. Skipping minimization.
  Warning: OpenMM not available. Skipping minimization.
  Warning: OpenMM not available. Skipping minimization.
  Warning: OpenMM not available. Skipping minimization.
  Warning: OpenMM not available. Skipping minimization.
  Warning: OpenMM not available. Skipping minimization.
  Warning: OpenMM not available. Skipping minimization.
  Warning: OpenMM not available. Skipping minimization.
  Warning: OpenMM not available. Skipping minimization.
  Warning: OpenMM not available. Skipping minimization.
  Warning: OpenMM not available. Skipping minimization.
  Warning: OpenMM not available. Skipping minimization.
  Warning: OpenMM not available. Skipping minimization.
  Warning: OpenMM not available. Skipping minimization.
  Warning: OpenMM not available. Skipping minimization.
  Warning: OpenMM not available. Skipping minimization.
  Warning: OpenMM not available. Skipping minimization.
  Warning: OpenMM not available. Skipping minimization.
  Warning: OpenMM not available. Skipping minimization.
  Warning: OpenMM not available. Skipping minimization.
  Warning: OpenMM not available. Skipping minimization.
  Warning: OpenMM not available. Skipping minimization.
  Warning: OpenMM not available. Skipping minimization.
  Warning: OpenMM not available. Skipping minimization.
  Warning: OpenMM not available. Skipping minimization.
  Warning: OpenMM not available. Skipping minimization.
  Warning: OpenMM not available. Skipping minimization.
  Warning: OpenMM not available. Skipping minimization.
  Warning: OpenMM not available. Skipping minimization.
  Warning: OpenMM not available. Skipping minimization.
  Warning: OpenMM not available. Skipping minimization.
  Warning: OpenMM not available. Skipping minimization.
  Warning: OpenMM not available. Skipping minimization.
  Warning: OpenMM not available. Skipping minimization.
  Warning: OpenMM not available. Skipping minimization.
  Warning: OpenMM not available. Skipping minimization.
  Warning: OpenMM not available. Skipping minimization.
  Warning: OpenMM not available. Skipping minimization.
  Warning: OpenMM not available. Skipping minimization.
  Warning: OpenMM not available. Skipping minimization.
  Warning: OpenMM not available. Skipping minimization.
  Warning: OpenMM not available. Skipping minimization.
  Warning: OpenMM not available. Skipping minimization.
  Warning: OpenMM not available. Skipping minimization.
  Warning: OpenMM not available. Skipping minimization.
  Warning: OpenMM not available. Skipping minimization.
  Warning: OpenMM not available. Skipping minimization.
  Warning: OpenMM not available. Skipping minimization.
  Warning: OpenMM not available. Skipping minimization.
  Warning: OpenMM not available. Skipping minimization.
  Warning: OpenMM not available. Skipping minimization.
  Warning: OpenMM not available. Skipping minimization.
  Warning: OpenMM not available. Skipping minimization.
  Warning: OpenMM not available. Skipping minimization.
  Warning: OpenMM not available. Skipping minimization.
  Warning: OpenMM not available. Skipping minimization.
  Warning: OpenMM not available. Skipping minimization.
  Warning: OpenMM not available. Skipping minimization.
  Warning: OpenMM not available. Skipping minimization.
  Warning: OpenMM not available. Skipping minimization.
  Warning: OpenMM not available. Skipping minimization.
  Warning: OpenMM not available. Skipping minimization.
  Warning: OpenMM not available. Skipping minimization.
  Warning: OpenMM not available. Skipping minimization.
  Warning: OpenMM not available. Skipping minimization.
  Warning: OpenMM not available. Skipping minimization.
  Warning: OpenMM not available. Skipping minimization.
  Warning: OpenMM not available. Skipping minimization.
  Warning: OpenMM not available. Skipping minimization.
  Warning: OpenMM not available. Skipping minimization.
  Warning: OpenMM not available. Skipping minimization.
  Warning: OpenMM not available. Skipping minimization.
  Warning: OpenMM not available. Skipping minimization.
  Warning: OpenMM not available. Skipping minimization.
  Warning: OpenMM not available. Skipping minimization.
  Warning: OpenMM not available. Skipping minimization.
  Warning: OpenMM not available. Skipping minimization.
  Warning: OpenMM not available. Skipping minimization.
  Warning: OpenMM not available. Skipping minimization.
  Warning: OpenMM not available. Skipping minimization.
  Warning: OpenMM not available. Skipping minimization.
  Warning: OpenMM not available. Skipping minimization.
  Warning: OpenMM not available. Skipping minimization.
  Warning: OpenMM not available. Skipping minimization.
  Warning: OpenMM not available. Skipping minimization.
  Warning: OpenMM not available. Skipping minimization.
  Warning: OpenMM not available. Skipping minimization.
  Warning: OpenMM not available. Skipping minimization.
  Warning: OpenMM not available. Skipping minimization.
  Warning: OpenMM not available. Skipping minimization.
  Warning: OpenMM not available. Skipping minimization.
  Warning: OpenMM not available. Skipping minimization.
  Warning: OpenMM not available. Skipping minimization.
  Warning: OpenMM not available. Skipping minimization.
  Warning: OpenMM not available. Skipping minimization.
  Warning: OpenMM not available. Skipping minimization.
  Warning: OpenMM not available. Skipping minimization.
  Warning: OpenMM not available. Skipping minimization.
  Warning: OpenMM not available. Skipping minimization.
  Warning: OpenMM not available. Skipping minimization.
  Warning: OpenMM not available. Skipping minimization.
  Warning: OpenMM not available. Skipping minimization.
  Warning: OpenMM not available. Skipping minimization.
  Warning: OpenMM not available. Skipping minimization.
  Warning: OpenMM not available. Skipping minimization.Post-hoc translation:  41%|████      | 41/100 [00:12<00:18,  3.11it/s]Post-hoc translation:  42%|████▏     | 42/100 [00:12<00:18,  3.14it/s]Post-hoc translation:  43%|████▎     | 43/100 [00:13<00:16,  3.42it/s]Post-hoc translation:  44%|████▍     | 44/100 [00:13<00:17,  3.22it/s]
  Warning: OpenMM not available. Skipping minimization.
  Warning: OpenMM not available. Skipping minimization.
  Warning: OpenMM not available. Skipping minimization.
  Warning: OpenMM not available. Skipping minimization.
  Warning: OpenMM not available. Skipping minimization.
  Warning: OpenMM not available. Skipping minimization.
  Warning: OpenMM not available. Skipping minimization.
  Warning: OpenMM not available. Skipping minimization.
  Warning: OpenMM not available. Skipping minimization.
  Warning: OpenMM not available. Skipping minimization.
  Warning: OpenMM not available. Skipping minimization.
  Warning: OpenMM not available. Skipping minimization.
  Warning: OpenMM not available. Skipping minimization.
  Warning: OpenMM not available. Skipping minimization.
  Warning: OpenMM not available. Skipping minimization.
  Warning: OpenMM not available. Skipping minimization.
  Warning: OpenMM not available. Skipping minimization.
  Warning: OpenMM not available. Skipping minimization.
  Warning: OpenMM not available. Skipping minimization.
  Warning: OpenMM not available. Skipping minimization.
  Warning: OpenMM not available. Skipping minimization.
  Warning: OpenMM not available. Skipping minimization.
  Warning: OpenMM not available. Skipping minimization.
  Warning: OpenMM not available. Skipping minimization.
  Warning: OpenMM not available. Skipping minimization.
  Warning: OpenMM not available. Skipping minimization.
  Warning: OpenMM not available. Skipping minimization.
  Warning: OpenMM not available. Skipping minimization.
  Warning: OpenMM not available. Skipping minimization.
  Warning: OpenMM not available. Skipping minimization.
  Warning: OpenMM not available. Skipping minimization.
  Warning: OpenMM not available. Skipping minimization.
  Warning: OpenMM not available. Skipping minimization.
  Warning: OpenMM not available. Skipping minimization.
  Warning: OpenMM not available. Skipping minimization.
  Warning: OpenMM not available. Skipping minimization.
  Warning: OpenMM not available. Skipping minimization.
  Warning: OpenMM not available. Skipping minimization.
  Warning: OpenMM not available. Skipping minimization.
  Warning: OpenMM not available. Skipping minimization.
  Warning: OpenMM not available. Skipping minimization.
  Warning: OpenMM not available. Skipping minimization.
  Warning: OpenMM not available. Skipping minimization.
  Warning: OpenMM not available. Skipping minimization.
  Warning: OpenMM not available. Skipping minimization.
  Warning: OpenMM not available. Skipping minimization.
  Warning: OpenMM not available. Skipping minimization.
  Warning: OpenMM not available. Skipping minimization.
  Warning: OpenMM not available. Skipping minimization.
  Warning: OpenMM not available. Skipping minimization.
  Warning: OpenMM not available. Skipping minimization.
  Warning: OpenMM not available. Skipping minimization.
  Warning: OpenMM not available. Skipping minimization.
  Warning: OpenMM not available. Skipping minimization.
  Warning: OpenMM not available. Skipping minimization.
  Warning: OpenMM not available. Skipping minimization.
  Warning: OpenMM not available. Skipping minimization.
  Warning: OpenMM not available. Skipping minimization.
  Warning: OpenMM not available. Skipping minimization.
  Warning: OpenMM not available. Skipping minimization.
  Warning: OpenMM not available. Skipping minimization.
  Warning: OpenMM not available. Skipping minimization.
  Warning: OpenMM not available. Skipping minimization.
  Warning: OpenMM not available. Skipping minimization.
  Warning: OpenMM not available. Skipping minimization.
  Warning: OpenMM not available. Skipping minimization.
  Warning: OpenMM not available. Skipping minimization.
  Warning: OpenMM not available. Skipping minimization.
  Warning: OpenMM not available. Skipping minimization.
  Warning: OpenMM not available. Skipping minimization.
  Warning: OpenMM not available. Skipping minimization.
  Warning: OpenMM not available. Skipping minimization.
  Warning: OpenMM not available. Skipping minimization.
  Warning: OpenMM not available. Skipping minimization.
  Warning: OpenMM not available. Skipping minimization.
  Warning: OpenMM not available. Skipping minimization.
  Warning: OpenMM not available. Skipping minimization.
  Warning: OpenMM not available. Skipping minimization.
  Warning: OpenMM not available. Skipping minimization.
  Warning: OpenMM not available. Skipping minimization.
  Warning: OpenMM not available. Skipping minimization.
  Warning: OpenMM not available. Skipping minimization.
  Warning: OpenMM not available. Skipping minimization.
  Warning: OpenMM not available. Skipping minimization.
  Warning: OpenMM not available. Skipping minimization.
  Warning: OpenMM not available. Skipping minimization.
  Warning: OpenMM not available. Skipping minimization.
  Warning: OpenMM not available. Skipping minimization.
  Warning: OpenMM not available. Skipping minimization.
  Warning: OpenMM not available. Skipping minimization.
  Warning: OpenMM not available. Skipping minimization.
  Warning: OpenMM not available. Skipping minimization.
  Warning: OpenMM not available. Skipping minimization.
  Warning: OpenMM not available. Skipping minimization.
  Warning: OpenMM not available. Skipping minimization.
  Warning: OpenMM not available. Skipping minimization.
  Warning: OpenMM not available. Skipping minimization.
  Warning: OpenMM not available. Skipping minimization.
  Warning: OpenMM not available. Skipping minimization.
  Warning: OpenMM not available. Skipping minimization.
  Warning: OpenMM not available. Skipping minimization.
  Warning: OpenMM not available. Skipping minimization.
  Warning: OpenMM not available. Skipping minimization.
  Warning: OpenMM not available. Skipping minimization.
  Warning: OpenMM not available. Skipping minimization.
  Warning: OpenMM not available. Skipping minimization.
  Warning: OpenMM not available. Skipping minimization.
  Warning: OpenMM not available. Skipping minimization.
  Warning: OpenMM not available. Skipping minimization.
  Warning: OpenMM not available. Skipping minimization.
  Warning: OpenMM not available. Skipping minimization.
  Warning: OpenMM not available. Skipping minimization.
  Warning: OpenMM not available. Skipping minimization.
  Warning: OpenMM not available. Skipping minimization.
  Warning: OpenMM not available. Skipping minimization.
  Warning: OpenMM not available. Skipping minimization.
  Warning: OpenMM not available. Skipping minimization.
  Warning: OpenMM not available. Skipping minimization.
  Warning: OpenMM not available. Skipping minimization.
  Warning: OpenMM not available. Skipping minimization.
  Warning: OpenMM not available. Skipping minimization.
  Warning: OpenMM not available. Skipping minimization.
  Warning: OpenMM not available. Skipping minimization.
  Warning: OpenMM not available. Skipping minimization.
  Warning: OpenMM not available. Skipping minimization.
  Warning: OpenMM not available. Skipping minimization.
  Warning: OpenMM not available. Skipping minimization.
  Warning: OpenMM not available. Skipping minimization.
  Warning: OpenMM not available. Skipping minimization.
  Warning: OpenMM not available. Skipping minimization.
  Warning: OpenMM not available. Skipping minimization.
  Warning: OpenMM not available. Skipping minimization.
  Warning: OpenMM not available. Skipping minimization.
  Warning: OpenMM not available. Skipping minimization.
  Warning: OpenMM not available. Skipping minimization.
  Warning: OpenMM not available. Skipping minimization.
  Warning: OpenMM not available. Skipping minimization.
  Warning: OpenMM not available. Skipping minimization.
  Warning: OpenMM not available. Skipping minimization.
  Warning: OpenMM not available. Skipping minimization.
  Warning: OpenMM not available. Skipping minimization.
  Warning: OpenMM not available. Skipping minimization.
  Warning: OpenMM not available. Skipping minimization.
  Warning: OpenMM not available. Skipping minimization.
  Warning: OpenMM not available. Skipping minimization.
  Warning: OpenMM not available. Skipping minimization.
  Warning: OpenMM not available. Skipping minimization.Post-hoc translation:  45%|████▌     | 45/100 [00:13<00:15,  3.60it/s]Post-hoc translation:  46%|████▌     | 46/100 [00:14<00:15,  3.56it/s]Post-hoc translation:  47%|████▋     | 47/100 [00:14<00:13,  4.01it/s]
  Warning: OpenMM not available. Skipping minimization.
  Warning: OpenMM not available. Skipping minimization.
  Warning: OpenMM not available. Skipping minimization.
  Warning: OpenMM not available. Skipping minimization.
  Warning: OpenMM not available. Skipping minimization.
  Warning: OpenMM not available. Skipping minimization.
  Warning: OpenMM not available. Skipping minimization.
  Warning: OpenMM not available. Skipping minimization.
  Warning: OpenMM not available. Skipping minimization.
  Warning: OpenMM not available. Skipping minimization.
  Warning: OpenMM not available. Skipping minimization.
  Warning: OpenMM not available. Skipping minimization.
  Warning: OpenMM not available. Skipping minimization.
  Warning: OpenMM not available. Skipping minimization.
  Warning: OpenMM not available. Skipping minimization.
  Warning: OpenMM not available. Skipping minimization.
  Warning: OpenMM not available. Skipping minimization.
  Warning: OpenMM not available. Skipping minimization.
  Warning: OpenMM not available. Skipping minimization.
  Warning: OpenMM not available. Skipping minimization.
  Warning: OpenMM not available. Skipping minimization.
  Warning: OpenMM not available. Skipping minimization.
  Warning: OpenMM not available. Skipping minimization.
  Warning: OpenMM not available. Skipping minimization.
  Warning: OpenMM not available. Skipping minimization.
  Warning: OpenMM not available. Skipping minimization.
  Warning: OpenMM not available. Skipping minimization.
  Warning: OpenMM not available. Skipping minimization.
  Warning: OpenMM not available. Skipping minimization.
  Warning: OpenMM not available. Skipping minimization.
  Warning: OpenMM not available. Skipping minimization.
  Warning: OpenMM not available. Skipping minimization.
  Warning: OpenMM not available. Skipping minimization.
  Warning: OpenMM not available. Skipping minimization.
  Warning: OpenMM not available. Skipping minimization.
  Warning: OpenMM not available. Skipping minimization.
  Warning: OpenMM not available. Skipping minimization.
  Warning: OpenMM not available. Skipping minimization.
  Warning: OpenMM not available. Skipping minimization.
  Warning: OpenMM not available. Skipping minimization.
  Warning: OpenMM not available. Skipping minimization.
  Warning: OpenMM not available. Skipping minimization.
  Warning: OpenMM not available. Skipping minimization.
  Warning: OpenMM not available. Skipping minimization.
  Warning: OpenMM not available. Skipping minimization.
  Warning: OpenMM not available. Skipping minimization.
  Warning: OpenMM not available. Skipping minimization.
  Warning: OpenMM not available. Skipping minimization.
  Warning: OpenMM not available. Skipping minimization.
  Warning: OpenMM not available. Skipping minimization.
  Warning: OpenMM not available. Skipping minimization.
  Warning: OpenMM not available. Skipping minimization.
  Warning: OpenMM not available. Skipping minimization.
  Warning: OpenMM not available. Skipping minimization.
  Warning: OpenMM not available. Skipping minimization.
  Warning: OpenMM not available. Skipping minimization.
  Warning: OpenMM not available. Skipping minimization.
  Warning: OpenMM not available. Skipping minimization.
  Warning: OpenMM not available. Skipping minimization.
  Warning: OpenMM not available. Skipping minimization.
  Warning: OpenMM not available. Skipping minimization.
  Warning: OpenMM not available. Skipping minimization.
  Warning: OpenMM not available. Skipping minimization.
  Warning: OpenMM not available. Skipping minimization.
  Warning: OpenMM not available. Skipping minimization.
  Warning: OpenMM not available. Skipping minimization.
  Warning: OpenMM not available. Skipping minimization.
  Warning: OpenMM not available. Skipping minimization.
  Warning: OpenMM not available. Skipping minimization.
  Warning: OpenMM not available. Skipping minimization.
  Warning: OpenMM not available. Skipping minimization.
  Warning: OpenMM not available. Skipping minimization.
  Warning: OpenMM not available. Skipping minimization.
  Warning: OpenMM not available. Skipping minimization.
  Warning: OpenMM not available. Skipping minimization.
  Warning: OpenMM not available. Skipping minimization.
  Warning: OpenMM not available. Skipping minimization.
  Warning: OpenMM not available. Skipping minimization.
  Warning: OpenMM not available. Skipping minimization.
  Warning: OpenMM not available. Skipping minimization.
  Warning: OpenMM not available. Skipping minimization.
  Warning: OpenMM not available. Skipping minimization.
  Warning: OpenMM not available. Skipping minimization.
  Warning: OpenMM not available. Skipping minimization.
  Warning: OpenMM not available. Skipping minimization.
  Warning: OpenMM not available. Skipping minimization.
  Warning: OpenMM not available. Skipping minimization.
  Warning: OpenMM not available. Skipping minimization.
  Warning: OpenMM not available. Skipping minimization.
  Warning: OpenMM not available. Skipping minimization.
  Warning: OpenMM not available. Skipping minimization.
  Warning: OpenMM not available. Skipping minimization.
  Warning: OpenMM not available. Skipping minimization.
  Warning: OpenMM not available. Skipping minimization.
  Warning: OpenMM not available. Skipping minimization.
  Warning: OpenMM not available. Skipping minimization.
  Warning: OpenMM not available. Skipping minimization.
  Warning: OpenMM not available. Skipping minimization.
  Warning: OpenMM not available. Skipping minimization.
  Warning: OpenMM not available. Skipping minimization.
  Warning: OpenMM not available. Skipping minimization.
  Warning: OpenMM not available. Skipping minimization.
  Warning: OpenMM not available. Skipping minimization.
  Warning: OpenMM not available. Skipping minimization.
  Warning: OpenMM not available. Skipping minimization.
  Warning: OpenMM not available. Skipping minimization.
  Warning: OpenMM not available. Skipping minimization.
  Warning: OpenMM not available. Skipping minimization.
  Warning: OpenMM not available. Skipping minimization.
  Warning: OpenMM not available. Skipping minimization.
  Warning: OpenMM not available. Skipping minimization.
  Warning: OpenMM not available. Skipping minimization.
  Warning: OpenMM not available. Skipping minimization.
  Warning: OpenMM not available. Skipping minimization.
  Warning: OpenMM not available. Skipping minimization.
  Warning: OpenMM not available. Skipping minimization.
  Warning: OpenMM not available. Skipping minimization.
  Warning: OpenMM not available. Skipping minimization.
  Warning: OpenMM not available. Skipping minimization.
  Warning: OpenMM not available. Skipping minimization.
  Warning: OpenMM not available. Skipping minimization.
  Warning: OpenMM not available. Skipping minimization.
  Warning: OpenMM not available. Skipping minimization.
  Warning: OpenMM not available. Skipping minimization.
  Warning: OpenMM not available. Skipping minimization.
  Warning: OpenMM not available. Skipping minimization.
  Warning: OpenMM not available. Skipping minimization.
  Warning: OpenMM not available. Skipping minimization.
  Warning: OpenMM not available. Skipping minimization.
  Warning: OpenMM not available. Skipping minimization.
  Warning: OpenMM not available. Skipping minimization.
  Warning: OpenMM not available. Skipping minimization.
  Warning: OpenMM not available. Skipping minimization.
  Warning: OpenMM not available. Skipping minimization.
  Warning: OpenMM not available. Skipping minimization.
  Warning: OpenMM not available. Skipping minimization.
  Warning: OpenMM not available. Skipping minimization.
  Warning: OpenMM not available. Skipping minimization.
  Warning: OpenMM not available. Skipping minimization.
  Warning: OpenMM not available. Skipping minimization.
  Warning: OpenMM not available. Skipping minimization.
  Warning: OpenMM not available. Skipping minimization.
  Warning: OpenMM not available. Skipping minimization.
  Warning: OpenMM not available. Skipping minimization.
  Warning: OpenMM not available. Skipping minimization.
  Warning: OpenMM not available. Skipping minimization.
  Warning: OpenMM not available. Skipping minimization.Post-hoc translation:  48%|████▊     | 48/100 [00:14<00:13,  3.87it/s]Post-hoc translation:  49%|████▉     | 49/100 [00:14<00:14,  3.64it/s]Post-hoc translation:  50%|█████     | 50/100 [00:15<00:21,  2.37it/s]
  Warning: OpenMM not available. Skipping minimization.
  Warning: OpenMM not available. Skipping minimization.
  Warning: OpenMM not available. Skipping minimization.
  Warning: OpenMM not available. Skipping minimization.
  Warning: OpenMM not available. Skipping minimization.
  Warning: OpenMM not available. Skipping minimization.
  Warning: OpenMM not available. Skipping minimization.
  Warning: OpenMM not available. Skipping minimization.
  Warning: OpenMM not available. Skipping minimization.
  Warning: OpenMM not available. Skipping minimization.
  Warning: OpenMM not available. Skipping minimization.
  Warning: OpenMM not available. Skipping minimization.
  Warning: OpenMM not available. Skipping minimization.
  Warning: OpenMM not available. Skipping minimization.
  Warning: OpenMM not available. Skipping minimization.
  Warning: OpenMM not available. Skipping minimization.
  Warning: OpenMM not available. Skipping minimization.
  Warning: OpenMM not available. Skipping minimization.
  Warning: OpenMM not available. Skipping minimization.
  Warning: OpenMM not available. Skipping minimization.
  Warning: OpenMM not available. Skipping minimization.
  Warning: OpenMM not available. Skipping minimization.
  Warning: OpenMM not available. Skipping minimization.
  Warning: OpenMM not available. Skipping minimization.
  Warning: OpenMM not available. Skipping minimization.
  Warning: OpenMM not available. Skipping minimization.
  Warning: OpenMM not available. Skipping minimization.
  Warning: OpenMM not available. Skipping minimization.
  Warning: OpenMM not available. Skipping minimization.
  Warning: OpenMM not available. Skipping minimization.
  Warning: OpenMM not available. Skipping minimization.
  Warning: OpenMM not available. Skipping minimization.
  Warning: OpenMM not available. Skipping minimization.
  Warning: OpenMM not available. Skipping minimization.
  Warning: OpenMM not available. Skipping minimization.
  Warning: OpenMM not available. Skipping minimization.
  Warning: OpenMM not available. Skipping minimization.
  Warning: OpenMM not available. Skipping minimization.
  Warning: OpenMM not available. Skipping minimization.
  Warning: OpenMM not available. Skipping minimization.
  Warning: OpenMM not available. Skipping minimization.
  Warning: OpenMM not available. Skipping minimization.
  Warning: OpenMM not available. Skipping minimization.
  Warning: OpenMM not available. Skipping minimization.
  Warning: OpenMM not available. Skipping minimization.
  Warning: OpenMM not available. Skipping minimization.
  Warning: OpenMM not available. Skipping minimization.
  Warning: OpenMM not available. Skipping minimization.
  Warning: OpenMM not available. Skipping minimization.
  Warning: OpenMM not available. Skipping minimization.
  Warning: OpenMM not available. Skipping minimization.
  Warning: OpenMM not available. Skipping minimization.
  Warning: OpenMM not available. Skipping minimization.
  Warning: OpenMM not available. Skipping minimization.
  Warning: OpenMM not available. Skipping minimization.
  Warning: OpenMM not available. Skipping minimization.
  Warning: OpenMM not available. Skipping minimization.
  Warning: OpenMM not available. Skipping minimization.
  Warning: OpenMM not available. Skipping minimization.
  Warning: OpenMM not available. Skipping minimization.
  Warning: OpenMM not available. Skipping minimization.
  Warning: OpenMM not available. Skipping minimization.
  Warning: OpenMM not available. Skipping minimization.
  Warning: OpenMM not available. Skipping minimization.
  Warning: OpenMM not available. Skipping minimization.
  Warning: OpenMM not available. Skipping minimization.
  Warning: OpenMM not available. Skipping minimization.
  Warning: OpenMM not available. Skipping minimization.
  Warning: OpenMM not available. Skipping minimization.
  Warning: OpenMM not available. Skipping minimization.
  Warning: OpenMM not available. Skipping minimization.
  Warning: OpenMM not available. Skipping minimization.
  Warning: OpenMM not available. Skipping minimization.
  Warning: OpenMM not available. Skipping minimization.
  Warning: OpenMM not available. Skipping minimization.
  Warning: OpenMM not available. Skipping minimization.
  Warning: OpenMM not available. Skipping minimization.
  Warning: OpenMM not available. Skipping minimization.
  Warning: OpenMM not available. Skipping minimization.
  Warning: OpenMM not available. Skipping minimization.
  Warning: OpenMM not available. Skipping minimization.
  Warning: OpenMM not available. Skipping minimization.
  Warning: OpenMM not available. Skipping minimization.
  Warning: OpenMM not available. Skipping minimization.
  Warning: OpenMM not available. Skipping minimization.
  Warning: OpenMM not available. Skipping minimization.
  Warning: OpenMM not available. Skipping minimization.
  Warning: OpenMM not available. Skipping minimization.
  Warning: OpenMM not available. Skipping minimization.
  Warning: OpenMM not available. Skipping minimization.
  Warning: OpenMM not available. Skipping minimization.
  Warning: OpenMM not available. Skipping minimization.
  Warning: OpenMM not available. Skipping minimization.
  Warning: OpenMM not available. Skipping minimization.
  Warning: OpenMM not available. Skipping minimization.
  Warning: OpenMM not available. Skipping minimization.
  Warning: OpenMM not available. Skipping minimization.
  Warning: OpenMM not available. Skipping minimization.
  Warning: OpenMM not available. Skipping minimization.
  Warning: OpenMM not available. Skipping minimization.
  Warning: OpenMM not available. Skipping minimization.
  Warning: OpenMM not available. Skipping minimization.
  Warning: OpenMM not available. Skipping minimization.
  Warning: OpenMM not available. Skipping minimization.
  Warning: OpenMM not available. Skipping minimization.
  Warning: OpenMM not available. Skipping minimization.
  Warning: OpenMM not available. Skipping minimization.
  Warning: OpenMM not available. Skipping minimization.
  Warning: OpenMM not available. Skipping minimization.
  Warning: OpenMM not available. Skipping minimization.
  Warning: OpenMM not available. Skipping minimization.
  Warning: OpenMM not available. Skipping minimization.
  Warning: OpenMM not available. Skipping minimization.
  Warning: OpenMM not available. Skipping minimization.
  Warning: OpenMM not available. Skipping minimization.
  Warning: OpenMM not available. Skipping minimization.
  Warning: OpenMM not available. Skipping minimization.
  Warning: OpenMM not available. Skipping minimization.
  Warning: OpenMM not available. Skipping minimization.
  Warning: OpenMM not available. Skipping minimization.
  Warning: OpenMM not available. Skipping minimization.
  Warning: OpenMM not available. Skipping minimization.
  Warning: OpenMM not available. Skipping minimization.
  Warning: OpenMM not available. Skipping minimization.
  Warning: OpenMM not available. Skipping minimization.
  Warning: OpenMM not available. Skipping minimization.
  Warning: OpenMM not available. Skipping minimization.
  Warning: OpenMM not available. Skipping minimization.
  Warning: OpenMM not available. Skipping minimization.
  Warning: OpenMM not available. Skipping minimization.
  Warning: OpenMM not available. Skipping minimization.
  Warning: OpenMM not available. Skipping minimization.
  Warning: OpenMM not available. Skipping minimization.
  Warning: OpenMM not available. Skipping minimization.
  Warning: OpenMM not available. Skipping minimization.
  Warning: OpenMM not available. Skipping minimization.
  Warning: OpenMM not available. Skipping minimization.
  Warning: OpenMM not available. Skipping minimization.
  Warning: OpenMM not available. Skipping minimization.
  Warning: OpenMM not available. Skipping minimization.
  Warning: OpenMM not available. Skipping minimization.
  Warning: OpenMM not available. Skipping minimization.
  Warning: OpenMM not available. Skipping minimization.
  Warning: OpenMM not available. Skipping minimization.
  Warning: OpenMM not available. Skipping minimization.
  Warning: OpenMM not available. Skipping minimization.
  Warning: OpenMM not available. Skipping minimization.Post-hoc translation:  51%|█████     | 51/100 [00:15<00:18,  2.58it/s]Post-hoc translation:  52%|█████▏    | 52/100 [00:16<00:14,  3.22it/s]Post-hoc translation:  53%|█████▎    | 53/100 [00:16<00:16,  2.82it/s]
  Warning: OpenMM not available. Skipping minimization.
  Warning: OpenMM not available. Skipping minimization.
  Warning: OpenMM not available. Skipping minimization.
  Warning: OpenMM not available. Skipping minimization.
  Warning: OpenMM not available. Skipping minimization.
  Warning: OpenMM not available. Skipping minimization.
  Warning: OpenMM not available. Skipping minimization.
  Warning: OpenMM not available. Skipping minimization.
  Warning: OpenMM not available. Skipping minimization.
  Warning: OpenMM not available. Skipping minimization.
  Warning: OpenMM not available. Skipping minimization.
  Warning: OpenMM not available. Skipping minimization.
  Warning: OpenMM not available. Skipping minimization.
  Warning: OpenMM not available. Skipping minimization.
  Warning: OpenMM not available. Skipping minimization.
  Warning: OpenMM not available. Skipping minimization.
  Warning: OpenMM not available. Skipping minimization.
  Warning: OpenMM not available. Skipping minimization.
  Warning: OpenMM not available. Skipping minimization.
  Warning: OpenMM not available. Skipping minimization.
  Warning: OpenMM not available. Skipping minimization.
  Warning: OpenMM not available. Skipping minimization.
  Warning: OpenMM not available. Skipping minimization.
  Warning: OpenMM not available. Skipping minimization.
  Warning: OpenMM not available. Skipping minimization.
  Warning: OpenMM not available. Skipping minimization.
  Warning: OpenMM not available. Skipping minimization.
  Warning: OpenMM not available. Skipping minimization.
  Warning: OpenMM not available. Skipping minimization.
  Warning: OpenMM not available. Skipping minimization.
  Warning: OpenMM not available. Skipping minimization.
  Warning: OpenMM not available. Skipping minimization.
  Warning: OpenMM not available. Skipping minimization.
  Warning: OpenMM not available. Skipping minimization.
  Warning: OpenMM not available. Skipping minimization.
  Warning: OpenMM not available. Skipping minimization.
  Warning: OpenMM not available. Skipping minimization.
  Warning: OpenMM not available. Skipping minimization.
  Warning: OpenMM not available. Skipping minimization.
  Warning: OpenMM not available. Skipping minimization.
  Warning: OpenMM not available. Skipping minimization.
  Warning: OpenMM not available. Skipping minimization.
  Warning: OpenMM not available. Skipping minimization.
  Warning: OpenMM not available. Skipping minimization.
  Warning: OpenMM not available. Skipping minimization.
  Warning: OpenMM not available. Skipping minimization.
  Warning: OpenMM not available. Skipping minimization.
  Warning: OpenMM not available. Skipping minimization.
  Warning: OpenMM not available. Skipping minimization.
  Warning: OpenMM not available. Skipping minimization.
  Warning: OpenMM not available. Skipping minimization.
  Warning: OpenMM not available. Skipping minimization.
  Warning: OpenMM not available. Skipping minimization.
  Warning: OpenMM not available. Skipping minimization.
  Warning: OpenMM not available. Skipping minimization.
  Warning: OpenMM not available. Skipping minimization.
  Warning: OpenMM not available. Skipping minimization.
  Warning: OpenMM not available. Skipping minimization.
  Warning: OpenMM not available. Skipping minimization.
  Warning: OpenMM not available. Skipping minimization.
  Warning: OpenMM not available. Skipping minimization.
  Warning: OpenMM not available. Skipping minimization.
  Warning: OpenMM not available. Skipping minimization.
  Warning: OpenMM not available. Skipping minimization.
  Warning: OpenMM not available. Skipping minimization.
  Warning: OpenMM not available. Skipping minimization.
  Warning: OpenMM not available. Skipping minimization.
  Warning: OpenMM not available. Skipping minimization.
  Warning: OpenMM not available. Skipping minimization.
  Warning: OpenMM not available. Skipping minimization.
  Warning: OpenMM not available. Skipping minimization.
  Warning: OpenMM not available. Skipping minimization.
  Warning: OpenMM not available. Skipping minimization.
  Warning: OpenMM not available. Skipping minimization.
  Warning: OpenMM not available. Skipping minimization.
  Warning: OpenMM not available. Skipping minimization.
  Warning: OpenMM not available. Skipping minimization.
  Warning: OpenMM not available. Skipping minimization.
  Warning: OpenMM not available. Skipping minimization.
  Warning: OpenMM not available. Skipping minimization.
  Warning: OpenMM not available. Skipping minimization.
  Warning: OpenMM not available. Skipping minimization.
  Warning: OpenMM not available. Skipping minimization.
  Warning: OpenMM not available. Skipping minimization.
  Warning: OpenMM not available. Skipping minimization.
  Warning: OpenMM not available. Skipping minimization.
  Warning: OpenMM not available. Skipping minimization.
  Warning: OpenMM not available. Skipping minimization.
  Warning: OpenMM not available. Skipping minimization.
  Warning: OpenMM not available. Skipping minimization.
  Warning: OpenMM not available. Skipping minimization.
  Warning: OpenMM not available. Skipping minimization.
  Warning: OpenMM not available. Skipping minimization.
  Warning: OpenMM not available. Skipping minimization.
  Warning: OpenMM not available. Skipping minimization.
  Warning: OpenMM not available. Skipping minimization.
  Warning: OpenMM not available. Skipping minimization.
  Warning: OpenMM not available. Skipping minimization.
  Warning: OpenMM not available. Skipping minimization.
  Warning: OpenMM not available. Skipping minimization.
  Warning: OpenMM not available. Skipping minimization.
  Warning: OpenMM not available. Skipping minimization.
  Warning: OpenMM not available. Skipping minimization.
  Warning: OpenMM not available. Skipping minimization.
  Warning: OpenMM not available. Skipping minimization.
  Warning: OpenMM not available. Skipping minimization.
  Warning: OpenMM not available. Skipping minimization.
  Warning: OpenMM not available. Skipping minimization.
  Warning: OpenMM not available. Skipping minimization.
  Warning: OpenMM not available. Skipping minimization.
  Warning: OpenMM not available. Skipping minimization.
  Warning: OpenMM not available. Skipping minimization.
  Warning: OpenMM not available. Skipping minimization.
  Warning: OpenMM not available. Skipping minimization.
  Warning: OpenMM not available. Skipping minimization.
  Warning: OpenMM not available. Skipping minimization.
  Warning: OpenMM not available. Skipping minimization.
  Warning: OpenMM not available. Skipping minimization.
  Warning: OpenMM not available. Skipping minimization.
  Warning: OpenMM not available. Skipping minimization.
  Warning: OpenMM not available. Skipping minimization.
  Warning: OpenMM not available. Skipping minimization.
  Warning: OpenMM not available. Skipping minimization.
  Warning: OpenMM not available. Skipping minimization.
  Warning: OpenMM not available. Skipping minimization.
  Warning: OpenMM not available. Skipping minimization.
  Warning: OpenMM not available. Skipping minimization.
  Warning: OpenMM not available. Skipping minimization.
  Warning: OpenMM not available. Skipping minimization.
  Warning: OpenMM not available. Skipping minimization.
  Warning: OpenMM not available. Skipping minimization.
  Warning: OpenMM not available. Skipping minimization.
  Warning: OpenMM not available. Skipping minimization.
  Warning: OpenMM not available. Skipping minimization.
  Warning: OpenMM not available. Skipping minimization.
  Warning: OpenMM not available. Skipping minimization.
  Warning: OpenMM not available. Skipping minimization.
  Warning: OpenMM not available. Skipping minimization.
  Warning: OpenMM not available. Skipping minimization.
  Warning: OpenMM not available. Skipping minimization.
  Warning: OpenMM not available. Skipping minimization.
  Warning: OpenMM not available. Skipping minimization.
  Warning: OpenMM not available. Skipping minimization.
  Warning: OpenMM not available. Skipping minimization.
  Warning: OpenMM not available. Skipping minimization.
  Warning: OpenMM not available. Skipping minimization.
  Warning: OpenMM not available. Skipping minimization.Post-hoc translation:  54%|█████▍    | 54/100 [00:16<00:17,  2.62it/s]Post-hoc translation:  55%|█████▌    | 55/100 [00:17<00:15,  2.82it/s]Post-hoc translation:  56%|█████▌    | 56/100 [00:17<00:15,  2.88it/s]Post-hoc translation:  57%|█████▋    | 57/100 [00:17<00:13,  3.17it/s]
  Warning: OpenMM not available. Skipping minimization.
  Warning: OpenMM not available. Skipping minimization.
  Warning: OpenMM not available. Skipping minimization.
  Warning: OpenMM not available. Skipping minimization.
  Warning: OpenMM not available. Skipping minimization.
  Warning: OpenMM not available. Skipping minimization.
  Warning: OpenMM not available. Skipping minimization.
  Warning: OpenMM not available. Skipping minimization.
  Warning: OpenMM not available. Skipping minimization.
  Warning: OpenMM not available. Skipping minimization.
  Warning: OpenMM not available. Skipping minimization.
  Warning: OpenMM not available. Skipping minimization.
  Warning: OpenMM not available. Skipping minimization.
  Warning: OpenMM not available. Skipping minimization.
  Warning: OpenMM not available. Skipping minimization.
  Warning: OpenMM not available. Skipping minimization.
  Warning: OpenMM not available. Skipping minimization.
  Warning: OpenMM not available. Skipping minimization.
  Warning: OpenMM not available. Skipping minimization.
  Warning: OpenMM not available. Skipping minimization.
  Warning: OpenMM not available. Skipping minimization.
  Warning: OpenMM not available. Skipping minimization.
  Warning: OpenMM not available. Skipping minimization.
  Warning: OpenMM not available. Skipping minimization.
  Warning: OpenMM not available. Skipping minimization.
  Warning: OpenMM not available. Skipping minimization.
  Warning: OpenMM not available. Skipping minimization.
  Warning: OpenMM not available. Skipping minimization.
  Warning: OpenMM not available. Skipping minimization.
  Warning: OpenMM not available. Skipping minimization.
  Warning: OpenMM not available. Skipping minimization.
  Warning: OpenMM not available. Skipping minimization.
  Warning: OpenMM not available. Skipping minimization.
  Warning: OpenMM not available. Skipping minimization.
  Warning: OpenMM not available. Skipping minimization.
  Warning: OpenMM not available. Skipping minimization.
  Warning: OpenMM not available. Skipping minimization.
  Warning: OpenMM not available. Skipping minimization.
  Warning: OpenMM not available. Skipping minimization.
  Warning: OpenMM not available. Skipping minimization.
  Warning: OpenMM not available. Skipping minimization.
  Warning: OpenMM not available. Skipping minimization.
  Warning: OpenMM not available. Skipping minimization.
  Warning: OpenMM not available. Skipping minimization.
  Warning: OpenMM not available. Skipping minimization.
  Warning: OpenMM not available. Skipping minimization.
  Warning: OpenMM not available. Skipping minimization.
  Warning: OpenMM not available. Skipping minimization.
  Warning: OpenMM not available. Skipping minimization.
  Warning: OpenMM not available. Skipping minimization.
  Warning: OpenMM not available. Skipping minimization.
  Warning: OpenMM not available. Skipping minimization.
  Warning: OpenMM not available. Skipping minimization.
  Warning: OpenMM not available. Skipping minimization.
  Warning: OpenMM not available. Skipping minimization.
  Warning: OpenMM not available. Skipping minimization.
  Warning: OpenMM not available. Skipping minimization.
  Warning: OpenMM not available. Skipping minimization.
  Warning: OpenMM not available. Skipping minimization.
  Warning: OpenMM not available. Skipping minimization.
  Warning: OpenMM not available. Skipping minimization.
  Warning: OpenMM not available. Skipping minimization.
  Warning: OpenMM not available. Skipping minimization.
  Warning: OpenMM not available. Skipping minimization.
  Warning: OpenMM not available. Skipping minimization.
  Warning: OpenMM not available. Skipping minimization.
  Warning: OpenMM not available. Skipping minimization.
  Warning: OpenMM not available. Skipping minimization.
  Warning: OpenMM not available. Skipping minimization.
  Warning: OpenMM not available. Skipping minimization.
  Warning: OpenMM not available. Skipping minimization.
  Warning: OpenMM not available. Skipping minimization.
  Warning: OpenMM not available. Skipping minimization.
  Warning: OpenMM not available. Skipping minimization.
  Warning: OpenMM not available. Skipping minimization.
  Warning: OpenMM not available. Skipping minimization.
  Warning: OpenMM not available. Skipping minimization.
  Warning: OpenMM not available. Skipping minimization.
  Warning: OpenMM not available. Skipping minimization.
  Warning: OpenMM not available. Skipping minimization.
  Warning: OpenMM not available. Skipping minimization.
  Warning: OpenMM not available. Skipping minimization.
  Warning: OpenMM not available. Skipping minimization.
  Warning: OpenMM not available. Skipping minimization.
  Warning: OpenMM not available. Skipping minimization.
  Warning: OpenMM not available. Skipping minimization.
  Warning: OpenMM not available. Skipping minimization.
  Warning: OpenMM not available. Skipping minimization.
  Warning: OpenMM not available. Skipping minimization.
  Warning: OpenMM not available. Skipping minimization.
  Warning: OpenMM not available. Skipping minimization.
  Warning: OpenMM not available. Skipping minimization.
  Warning: OpenMM not available. Skipping minimization.
  Warning: OpenMM not available. Skipping minimization.
  Warning: OpenMM not available. Skipping minimization.
  Warning: OpenMM not available. Skipping minimization.
  Warning: OpenMM not available. Skipping minimization.
  Warning: OpenMM not available. Skipping minimization.
  Warning: OpenMM not available. Skipping minimization.
  Warning: OpenMM not available. Skipping minimization.
  Warning: OpenMM not available. Skipping minimization.
  Warning: OpenMM not available. Skipping minimization.
  Warning: OpenMM not available. Skipping minimization.
  Warning: OpenMM not available. Skipping minimization.
  Warning: OpenMM not available. Skipping minimization.
  Warning: OpenMM not available. Skipping minimization.
  Warning: OpenMM not available. Skipping minimization.
  Warning: OpenMM not available. Skipping minimization.
  Warning: OpenMM not available. Skipping minimization.
  Warning: OpenMM not available. Skipping minimization.
  Warning: OpenMM not available. Skipping minimization.
  Warning: OpenMM not available. Skipping minimization.
  Warning: OpenMM not available. Skipping minimization.
  Warning: OpenMM not available. Skipping minimization.
  Warning: OpenMM not available. Skipping minimization.
  Warning: OpenMM not available. Skipping minimization.
  Warning: OpenMM not available. Skipping minimization.
  Warning: OpenMM not available. Skipping minimization.
  Warning: OpenMM not available. Skipping minimization.
  Warning: OpenMM not available. Skipping minimization.
  Warning: OpenMM not available. Skipping minimization.
  Warning: OpenMM not available. Skipping minimization.
  Warning: OpenMM not available. Skipping minimization.
  Warning: OpenMM not available. Skipping minimization.
  Warning: OpenMM not available. Skipping minimization.
  Warning: OpenMM not available. Skipping minimization.
  Warning: OpenMM not available. Skipping minimization.
  Warning: OpenMM not available. Skipping minimization.
  Warning: OpenMM not available. Skipping minimization.
  Warning: OpenMM not available. Skipping minimization.
  Warning: OpenMM not available. Skipping minimization.
  Warning: OpenMM not available. Skipping minimization.
  Warning: OpenMM not available. Skipping minimization.
  Warning: OpenMM not available. Skipping minimization.
  Warning: OpenMM not available. Skipping minimization.
  Warning: OpenMM not available. Skipping minimization.
  Warning: OpenMM not available. Skipping minimization.
  Warning: OpenMM not available. Skipping minimization.
  Warning: OpenMM not available. Skipping minimization.
  Warning: OpenMM not available. Skipping minimization.
  Warning: OpenMM not available. Skipping minimization.
  Warning: OpenMM not available. Skipping minimization.
  Warning: OpenMM not available. Skipping minimization.
  Warning: OpenMM not available. Skipping minimization.
  Warning: OpenMM not available. Skipping minimization.
  Warning: OpenMM not available. Skipping minimization.
  Warning: OpenMM not available. Skipping minimization.Post-hoc translation:  58%|█████▊    | 58/100 [00:17<00:10,  3.97it/s]Post-hoc translation:  59%|█████▉    | 59/100 [00:18<00:10,  4.05it/s]Post-hoc translation:  60%|██████    | 60/100 [00:18<00:10,  3.71it/s]
  Warning: OpenMM not available. Skipping minimization.
  Warning: OpenMM not available. Skipping minimization.
  Warning: OpenMM not available. Skipping minimization.
  Warning: OpenMM not available. Skipping minimization.
  Warning: OpenMM not available. Skipping minimization.
  Warning: OpenMM not available. Skipping minimization.
  Warning: OpenMM not available. Skipping minimization.
  Warning: OpenMM not available. Skipping minimization.
  Warning: OpenMM not available. Skipping minimization.
  Warning: OpenMM not available. Skipping minimization.
  Warning: OpenMM not available. Skipping minimization.
  Warning: OpenMM not available. Skipping minimization.
  Warning: OpenMM not available. Skipping minimization.
  Warning: OpenMM not available. Skipping minimization.
  Warning: OpenMM not available. Skipping minimization.
  Warning: OpenMM not available. Skipping minimization.
  Warning: OpenMM not available. Skipping minimization.
  Warning: OpenMM not available. Skipping minimization.
  Warning: OpenMM not available. Skipping minimization.
  Warning: OpenMM not available. Skipping minimization.
  Warning: OpenMM not available. Skipping minimization.
  Warning: OpenMM not available. Skipping minimization.
  Warning: OpenMM not available. Skipping minimization.
  Warning: OpenMM not available. Skipping minimization.
  Warning: OpenMM not available. Skipping minimization.
  Warning: OpenMM not available. Skipping minimization.
  Warning: OpenMM not available. Skipping minimization.
  Warning: OpenMM not available. Skipping minimization.
  Warning: OpenMM not available. Skipping minimization.
  Warning: OpenMM not available. Skipping minimization.
  Warning: OpenMM not available. Skipping minimization.
  Warning: OpenMM not available. Skipping minimization.
  Warning: OpenMM not available. Skipping minimization.
  Warning: OpenMM not available. Skipping minimization.
  Warning: OpenMM not available. Skipping minimization.
  Warning: OpenMM not available. Skipping minimization.
  Warning: OpenMM not available. Skipping minimization.
  Warning: OpenMM not available. Skipping minimization.
  Warning: OpenMM not available. Skipping minimization.
  Warning: OpenMM not available. Skipping minimization.
  Warning: OpenMM not available. Skipping minimization.
  Warning: OpenMM not available. Skipping minimization.
  Warning: OpenMM not available. Skipping minimization.
  Warning: OpenMM not available. Skipping minimization.
  Warning: OpenMM not available. Skipping minimization.
  Warning: OpenMM not available. Skipping minimization.
  Warning: OpenMM not available. Skipping minimization.
  Warning: OpenMM not available. Skipping minimization.
  Warning: OpenMM not available. Skipping minimization.
  Warning: OpenMM not available. Skipping minimization.
  Warning: OpenMM not available. Skipping minimization.
  Warning: OpenMM not available. Skipping minimization.
  Warning: OpenMM not available. Skipping minimization.
  Warning: OpenMM not available. Skipping minimization.
  Warning: OpenMM not available. Skipping minimization.
  Warning: OpenMM not available. Skipping minimization.
  Warning: OpenMM not available. Skipping minimization.
  Warning: OpenMM not available. Skipping minimization.
  Warning: OpenMM not available. Skipping minimization.
  Warning: OpenMM not available. Skipping minimization.
  Warning: OpenMM not available. Skipping minimization.
  Warning: OpenMM not available. Skipping minimization.
  Warning: OpenMM not available. Skipping minimization.
  Warning: OpenMM not available. Skipping minimization.
  Warning: OpenMM not available. Skipping minimization.
  Warning: OpenMM not available. Skipping minimization.
  Warning: OpenMM not available. Skipping minimization.
  Warning: OpenMM not available. Skipping minimization.
  Warning: OpenMM not available. Skipping minimization.
  Warning: OpenMM not available. Skipping minimization.
  Warning: OpenMM not available. Skipping minimization.
  Warning: OpenMM not available. Skipping minimization.
  Warning: OpenMM not available. Skipping minimization.
  Warning: OpenMM not available. Skipping minimization.
  Warning: OpenMM not available. Skipping minimization.
  Warning: OpenMM not available. Skipping minimization.
  Warning: OpenMM not available. Skipping minimization.
  Warning: OpenMM not available. Skipping minimization.
  Warning: OpenMM not available. Skipping minimization.
  Warning: OpenMM not available. Skipping minimization.
  Warning: OpenMM not available. Skipping minimization.
  Warning: OpenMM not available. Skipping minimization.
  Warning: OpenMM not available. Skipping minimization.
  Warning: OpenMM not available. Skipping minimization.
  Warning: OpenMM not available. Skipping minimization.
  Warning: OpenMM not available. Skipping minimization.
  Warning: OpenMM not available. Skipping minimization.
  Warning: OpenMM not available. Skipping minimization.
  Warning: OpenMM not available. Skipping minimization.
  Warning: OpenMM not available. Skipping minimization.
  Warning: OpenMM not available. Skipping minimization.
  Warning: OpenMM not available. Skipping minimization.
  Warning: OpenMM not available. Skipping minimization.
  Warning: OpenMM not available. Skipping minimization.
  Warning: OpenMM not available. Skipping minimization.
  Warning: OpenMM not available. Skipping minimization.
  Warning: OpenMM not available. Skipping minimization.
  Warning: OpenMM not available. Skipping minimization.
  Warning: OpenMM not available. Skipping minimization.
  Warning: OpenMM not available. Skipping minimization.
  Warning: OpenMM not available. Skipping minimization.
  Warning: OpenMM not available. Skipping minimization.
  Warning: OpenMM not available. Skipping minimization.
  Warning: OpenMM not available. Skipping minimization.
  Warning: OpenMM not available. Skipping minimization.
  Warning: OpenMM not available. Skipping minimization.
  Warning: OpenMM not available. Skipping minimization.
  Warning: OpenMM not available. Skipping minimization.
  Warning: OpenMM not available. Skipping minimization.
  Warning: OpenMM not available. Skipping minimization.
  Warning: OpenMM not available. Skipping minimization.
  Warning: OpenMM not available. Skipping minimization.
  Warning: OpenMM not available. Skipping minimization.
  Warning: OpenMM not available. Skipping minimization.
  Warning: OpenMM not available. Skipping minimization.
  Warning: OpenMM not available. Skipping minimization.
  Warning: OpenMM not available. Skipping minimization.
  Warning: OpenMM not available. Skipping minimization.
  Warning: OpenMM not available. Skipping minimization.
  Warning: OpenMM not available. Skipping minimization.
  Warning: OpenMM not available. Skipping minimization.
  Warning: OpenMM not available. Skipping minimization.
  Warning: OpenMM not available. Skipping minimization.
  Warning: OpenMM not available. Skipping minimization.
  Warning: OpenMM not available. Skipping minimization.
  Warning: OpenMM not available. Skipping minimization.
  Warning: OpenMM not available. Skipping minimization.
  Warning: OpenMM not available. Skipping minimization.
  Warning: OpenMM not available. Skipping minimization.
  Warning: OpenMM not available. Skipping minimization.
  Warning: OpenMM not available. Skipping minimization.
  Warning: OpenMM not available. Skipping minimization.
  Warning: OpenMM not available. Skipping minimization.
  Warning: OpenMM not available. Skipping minimization.
  Warning: OpenMM not available. Skipping minimization.
  Warning: OpenMM not available. Skipping minimization.
  Warning: OpenMM not available. Skipping minimization.
  Warning: OpenMM not available. Skipping minimization.
  Warning: OpenMM not available. Skipping minimization.
  Warning: OpenMM not available. Skipping minimization.
  Warning: OpenMM not available. Skipping minimization.
  Warning: OpenMM not available. Skipping minimization.
  Warning: OpenMM not available. Skipping minimization.
  Warning: OpenMM not available. Skipping minimization.
  Warning: OpenMM not available. Skipping minimization.
  Warning: OpenMM not available. Skipping minimization.
  Warning: OpenMM not available. Skipping minimization.Post-hoc translation:  61%|██████    | 61/100 [00:19<00:17,  2.18it/s]Post-hoc translation:  62%|██████▏   | 62/100 [00:19<00:16,  2.30it/s]Post-hoc translation:  63%|██████▎   | 63/100 [00:20<00:15,  2.39it/s]
  Warning: OpenMM not available. Skipping minimization.
  Warning: OpenMM not available. Skipping minimization.
  Warning: OpenMM not available. Skipping minimization.
  Warning: OpenMM not available. Skipping minimization.
  Warning: OpenMM not available. Skipping minimization.
  Warning: OpenMM not available. Skipping minimization.
  Warning: OpenMM not available. Skipping minimization.
  Warning: OpenMM not available. Skipping minimization.
  Warning: OpenMM not available. Skipping minimization.
  Warning: OpenMM not available. Skipping minimization.
  Warning: OpenMM not available. Skipping minimization.
  Warning: OpenMM not available. Skipping minimization.
  Warning: OpenMM not available. Skipping minimization.
  Warning: OpenMM not available. Skipping minimization.
  Warning: OpenMM not available. Skipping minimization.
  Warning: OpenMM not available. Skipping minimization.
  Warning: OpenMM not available. Skipping minimization.
  Warning: OpenMM not available. Skipping minimization.
  Warning: OpenMM not available. Skipping minimization.
  Warning: OpenMM not available. Skipping minimization.
  Warning: OpenMM not available. Skipping minimization.
  Warning: OpenMM not available. Skipping minimization.
  Warning: OpenMM not available. Skipping minimization.
  Warning: OpenMM not available. Skipping minimization.
  Warning: OpenMM not available. Skipping minimization.
  Warning: OpenMM not available. Skipping minimization.
  Warning: OpenMM not available. Skipping minimization.
  Warning: OpenMM not available. Skipping minimization.
  Warning: OpenMM not available. Skipping minimization.
  Warning: OpenMM not available. Skipping minimization.
  Warning: OpenMM not available. Skipping minimization.
  Warning: OpenMM not available. Skipping minimization.
  Warning: OpenMM not available. Skipping minimization.
  Warning: OpenMM not available. Skipping minimization.
  Warning: OpenMM not available. Skipping minimization.
  Warning: OpenMM not available. Skipping minimization.
  Warning: OpenMM not available. Skipping minimization.
  Warning: OpenMM not available. Skipping minimization.
  Warning: OpenMM not available. Skipping minimization.
  Warning: OpenMM not available. Skipping minimization.
  Warning: OpenMM not available. Skipping minimization.
  Warning: OpenMM not available. Skipping minimization.
  Warning: OpenMM not available. Skipping minimization.
  Warning: OpenMM not available. Skipping minimization.
  Warning: OpenMM not available. Skipping minimization.
  Warning: OpenMM not available. Skipping minimization.
  Warning: OpenMM not available. Skipping minimization.
  Warning: OpenMM not available. Skipping minimization.
  Warning: OpenMM not available. Skipping minimization.
  Warning: OpenMM not available. Skipping minimization.
  Warning: OpenMM not available. Skipping minimization.
  Warning: OpenMM not available. Skipping minimization.
  Warning: OpenMM not available. Skipping minimization.
  Warning: OpenMM not available. Skipping minimization.
  Warning: OpenMM not available. Skipping minimization.
  Warning: OpenMM not available. Skipping minimization.
  Warning: OpenMM not available. Skipping minimization.
  Warning: OpenMM not available. Skipping minimization.
  Warning: OpenMM not available. Skipping minimization.
  Warning: OpenMM not available. Skipping minimization.
  Warning: OpenMM not available. Skipping minimization.
  Warning: OpenMM not available. Skipping minimization.
  Warning: OpenMM not available. Skipping minimization.
  Warning: OpenMM not available. Skipping minimization.
  Warning: OpenMM not available. Skipping minimization.
  Warning: OpenMM not available. Skipping minimization.
  Warning: OpenMM not available. Skipping minimization.
  Warning: OpenMM not available. Skipping minimization.
  Warning: OpenMM not available. Skipping minimization.
  Warning: OpenMM not available. Skipping minimization.
  Warning: OpenMM not available. Skipping minimization.
  Warning: OpenMM not available. Skipping minimization.
  Warning: OpenMM not available. Skipping minimization.
  Warning: OpenMM not available. Skipping minimization.
  Warning: OpenMM not available. Skipping minimization.
  Warning: OpenMM not available. Skipping minimization.
  Warning: OpenMM not available. Skipping minimization.
  Warning: OpenMM not available. Skipping minimization.
  Warning: OpenMM not available. Skipping minimization.
  Warning: OpenMM not available. Skipping minimization.
  Warning: OpenMM not available. Skipping minimization.
  Warning: OpenMM not available. Skipping minimization.
  Warning: OpenMM not available. Skipping minimization.
  Warning: OpenMM not available. Skipping minimization.
  Warning: OpenMM not available. Skipping minimization.
  Warning: OpenMM not available. Skipping minimization.
  Warning: OpenMM not available. Skipping minimization.
  Warning: OpenMM not available. Skipping minimization.
  Warning: OpenMM not available. Skipping minimization.
  Warning: OpenMM not available. Skipping minimization.
  Warning: OpenMM not available. Skipping minimization.
  Warning: OpenMM not available. Skipping minimization.
  Warning: OpenMM not available. Skipping minimization.
  Warning: OpenMM not available. Skipping minimization.
  Warning: OpenMM not available. Skipping minimization.
  Warning: OpenMM not available. Skipping minimization.
  Warning: OpenMM not available. Skipping minimization.
  Warning: OpenMM not available. Skipping minimization.
  Warning: OpenMM not available. Skipping minimization.
  Warning: OpenMM not available. Skipping minimization.
  Warning: OpenMM not available. Skipping minimization.
  Warning: OpenMM not available. Skipping minimization.
  Warning: OpenMM not available. Skipping minimization.
  Warning: OpenMM not available. Skipping minimization.
  Warning: OpenMM not available. Skipping minimization.
  Warning: OpenMM not available. Skipping minimization.
  Warning: OpenMM not available. Skipping minimization.
  Warning: OpenMM not available. Skipping minimization.
  Warning: OpenMM not available. Skipping minimization.
  Warning: OpenMM not available. Skipping minimization.
  Warning: OpenMM not available. Skipping minimization.
  Warning: OpenMM not available. Skipping minimization.
  Warning: OpenMM not available. Skipping minimization.
  Warning: OpenMM not available. Skipping minimization.
  Warning: OpenMM not available. Skipping minimization.
  Warning: OpenMM not available. Skipping minimization.
  Warning: OpenMM not available. Skipping minimization.
  Warning: OpenMM not available. Skipping minimization.
  Warning: OpenMM not available. Skipping minimization.
  Warning: OpenMM not available. Skipping minimization.
  Warning: OpenMM not available. Skipping minimization.
  Warning: OpenMM not available. Skipping minimization.
  Warning: OpenMM not available. Skipping minimization.
  Warning: OpenMM not available. Skipping minimization.
  Warning: OpenMM not available. Skipping minimization.
  Warning: OpenMM not available. Skipping minimization.
  Warning: OpenMM not available. Skipping minimization.
  Warning: OpenMM not available. Skipping minimization.
  Warning: OpenMM not available. Skipping minimization.
  Warning: OpenMM not available. Skipping minimization.
  Warning: OpenMM not available. Skipping minimization.
  Warning: OpenMM not available. Skipping minimization.
  Warning: OpenMM not available. Skipping minimization.
  Warning: OpenMM not available. Skipping minimization.
  Warning: OpenMM not available. Skipping minimization.
  Warning: OpenMM not available. Skipping minimization.
  Warning: OpenMM not available. Skipping minimization.
  Warning: OpenMM not available. Skipping minimization.
  Warning: OpenMM not available. Skipping minimization.
  Warning: OpenMM not available. Skipping minimization.
  Warning: OpenMM not available. Skipping minimization.
  Warning: OpenMM not available. Skipping minimization.
  Warning: OpenMM not available. Skipping minimization.
  Warning: OpenMM not available. Skipping minimization.
  Warning: OpenMM not available. Skipping minimization.
  Warning: OpenMM not available. Skipping minimization.
  Warning: OpenMM not available. Skipping minimization.Post-hoc translation:  64%|██████▍   | 64/100 [00:20<00:14,  2.41it/s]Post-hoc translation:  65%|██████▌   | 65/100 [00:20<00:11,  2.93it/s]Post-hoc translation:  66%|██████▌   | 66/100 [00:20<00:10,  3.10it/s]Post-hoc translation:  67%|██████▋   | 67/100 [00:21<00:11,  2.85it/s]
  Warning: OpenMM not available. Skipping minimization.
  Warning: OpenMM not available. Skipping minimization.
  Warning: OpenMM not available. Skipping minimization.
  Warning: OpenMM not available. Skipping minimization.
  Warning: OpenMM not available. Skipping minimization.
  Warning: OpenMM not available. Skipping minimization.
  Warning: OpenMM not available. Skipping minimization.
  Warning: OpenMM not available. Skipping minimization.
  Warning: OpenMM not available. Skipping minimization.
  Warning: OpenMM not available. Skipping minimization.
  Warning: OpenMM not available. Skipping minimization.
  Warning: OpenMM not available. Skipping minimization.
  Warning: OpenMM not available. Skipping minimization.
  Warning: OpenMM not available. Skipping minimization.
  Warning: OpenMM not available. Skipping minimization.
  Warning: OpenMM not available. Skipping minimization.
  Warning: OpenMM not available. Skipping minimization.
  Warning: OpenMM not available. Skipping minimization.
  Warning: OpenMM not available. Skipping minimization.
  Warning: OpenMM not available. Skipping minimization.
  Warning: OpenMM not available. Skipping minimization.
  Warning: OpenMM not available. Skipping minimization.
  Warning: OpenMM not available. Skipping minimization.
  Warning: OpenMM not available. Skipping minimization.
  Warning: OpenMM not available. Skipping minimization.
  Warning: OpenMM not available. Skipping minimization.
  Warning: OpenMM not available. Skipping minimization.
  Warning: OpenMM not available. Skipping minimization.
  Warning: OpenMM not available. Skipping minimization.
  Warning: OpenMM not available. Skipping minimization.
  Warning: OpenMM not available. Skipping minimization.
  Warning: OpenMM not available. Skipping minimization.
  Warning: OpenMM not available. Skipping minimization.
  Warning: OpenMM not available. Skipping minimization.
  Warning: OpenMM not available. Skipping minimization.
  Warning: OpenMM not available. Skipping minimization.
  Warning: OpenMM not available. Skipping minimization.
  Warning: OpenMM not available. Skipping minimization.
  Warning: OpenMM not available. Skipping minimization.
  Warning: OpenMM not available. Skipping minimization.
  Warning: OpenMM not available. Skipping minimization.
  Warning: OpenMM not available. Skipping minimization.
  Warning: OpenMM not available. Skipping minimization.
  Warning: OpenMM not available. Skipping minimization.
  Warning: OpenMM not available. Skipping minimization.
  Warning: OpenMM not available. Skipping minimization.
  Warning: OpenMM not available. Skipping minimization.
  Warning: OpenMM not available. Skipping minimization.
  Warning: OpenMM not available. Skipping minimization.
  Warning: OpenMM not available. Skipping minimization.
  Warning: OpenMM not available. Skipping minimization.
  Warning: OpenMM not available. Skipping minimization.
  Warning: OpenMM not available. Skipping minimization.
  Warning: OpenMM not available. Skipping minimization.
  Warning: OpenMM not available. Skipping minimization.
  Warning: OpenMM not available. Skipping minimization.
  Warning: OpenMM not available. Skipping minimization.
  Warning: OpenMM not available. Skipping minimization.
  Warning: OpenMM not available. Skipping minimization.
  Warning: OpenMM not available. Skipping minimization.
  Warning: OpenMM not available. Skipping minimization.
  Warning: OpenMM not available. Skipping minimization.
  Warning: OpenMM not available. Skipping minimization.
  Warning: OpenMM not available. Skipping minimization.
  Warning: OpenMM not available. Skipping minimization.
  Warning: OpenMM not available. Skipping minimization.
  Warning: OpenMM not available. Skipping minimization.
  Warning: OpenMM not available. Skipping minimization.
  Warning: OpenMM not available. Skipping minimization.
  Warning: OpenMM not available. Skipping minimization.
  Warning: OpenMM not available. Skipping minimization.
  Warning: OpenMM not available. Skipping minimization.
  Warning: OpenMM not available. Skipping minimization.
  Warning: OpenMM not available. Skipping minimization.
  Warning: OpenMM not available. Skipping minimization.
  Warning: OpenMM not available. Skipping minimization.
  Warning: OpenMM not available. Skipping minimization.
  Warning: OpenMM not available. Skipping minimization.
  Warning: OpenMM not available. Skipping minimization.
  Warning: OpenMM not available. Skipping minimization.
  Warning: OpenMM not available. Skipping minimization.
  Warning: OpenMM not available. Skipping minimization.
  Warning: OpenMM not available. Skipping minimization.
  Warning: OpenMM not available. Skipping minimization.
  Warning: OpenMM not available. Skipping minimization.
  Warning: OpenMM not available. Skipping minimization.
  Warning: OpenMM not available. Skipping minimization.
  Warning: OpenMM not available. Skipping minimization.
  Warning: OpenMM not available. Skipping minimization.
  Warning: OpenMM not available. Skipping minimization.
  Warning: OpenMM not available. Skipping minimization.
  Warning: OpenMM not available. Skipping minimization.
  Warning: OpenMM not available. Skipping minimization.
  Warning: OpenMM not available. Skipping minimization.
  Warning: OpenMM not available. Skipping minimization.
  Warning: OpenMM not available. Skipping minimization.
  Warning: OpenMM not available. Skipping minimization.
  Warning: OpenMM not available. Skipping minimization.
  Warning: OpenMM not available. Skipping minimization.
  Warning: OpenMM not available. Skipping minimization.
  Warning: OpenMM not available. Skipping minimization.
  Warning: OpenMM not available. Skipping minimization.
  Warning: OpenMM not available. Skipping minimization.
  Warning: OpenMM not available. Skipping minimization.
  Warning: OpenMM not available. Skipping minimization.
  Warning: OpenMM not available. Skipping minimization.
  Warning: OpenMM not available. Skipping minimization.
  Warning: OpenMM not available. Skipping minimization.
  Warning: OpenMM not available. Skipping minimization.
  Warning: OpenMM not available. Skipping minimization.
  Warning: OpenMM not available. Skipping minimization.
  Warning: OpenMM not available. Skipping minimization.
  Warning: OpenMM not available. Skipping minimization.
  Warning: OpenMM not available. Skipping minimization.
  Warning: OpenMM not available. Skipping minimization.
  Warning: OpenMM not available. Skipping minimization.
  Warning: OpenMM not available. Skipping minimization.
  Warning: OpenMM not available. Skipping minimization.
  Warning: OpenMM not available. Skipping minimization.
  Warning: OpenMM not available. Skipping minimization.
  Warning: OpenMM not available. Skipping minimization.
  Warning: OpenMM not available. Skipping minimization.
  Warning: OpenMM not available. Skipping minimization.
  Warning: OpenMM not available. Skipping minimization.
  Warning: OpenMM not available. Skipping minimization.
  Warning: OpenMM not available. Skipping minimization.
  Warning: OpenMM not available. Skipping minimization.
  Warning: OpenMM not available. Skipping minimization.
  Warning: OpenMM not available. Skipping minimization.
  Warning: OpenMM not available. Skipping minimization.
  Warning: OpenMM not available. Skipping minimization.
  Warning: OpenMM not available. Skipping minimization.
  Warning: OpenMM not available. Skipping minimization.
  Warning: OpenMM not available. Skipping minimization.
  Warning: OpenMM not available. Skipping minimization.
  Warning: OpenMM not available. Skipping minimization.
  Warning: OpenMM not available. Skipping minimization.
  Warning: OpenMM not available. Skipping minimization.
  Warning: OpenMM not available. Skipping minimization.
  Warning: OpenMM not available. Skipping minimization.
  Warning: OpenMM not available. Skipping minimization.
  Warning: OpenMM not available. Skipping minimization.
  Warning: OpenMM not available. Skipping minimization.
  Warning: OpenMM not available. Skipping minimization.
  Warning: OpenMM not available. Skipping minimization.
  Warning: OpenMM not available. Skipping minimization.
  Warning: OpenMM not available. Skipping minimization.Post-hoc translation:  68%|██████▊   | 68/100 [00:21<00:11,  2.78it/s]Post-hoc translation:  69%|██████▉   | 69/100 [00:22<00:13,  2.29it/s]Post-hoc translation:  70%|███████   | 70/100 [00:22<00:12,  2.49it/s]
  Warning: OpenMM not available. Skipping minimization.
  Warning: OpenMM not available. Skipping minimization.
  Warning: OpenMM not available. Skipping minimization.
  Warning: OpenMM not available. Skipping minimization.
  Warning: OpenMM not available. Skipping minimization.
  Warning: OpenMM not available. Skipping minimization.
  Warning: OpenMM not available. Skipping minimization.
  Warning: OpenMM not available. Skipping minimization.
  Warning: OpenMM not available. Skipping minimization.
  Warning: OpenMM not available. Skipping minimization.
  Warning: OpenMM not available. Skipping minimization.
  Warning: OpenMM not available. Skipping minimization.
  Warning: OpenMM not available. Skipping minimization.
  Warning: OpenMM not available. Skipping minimization.
  Warning: OpenMM not available. Skipping minimization.
  Warning: OpenMM not available. Skipping minimization.
  Warning: OpenMM not available. Skipping minimization.
  Warning: OpenMM not available. Skipping minimization.
  Warning: OpenMM not available. Skipping minimization.
  Warning: OpenMM not available. Skipping minimization.
  Warning: OpenMM not available. Skipping minimization.
  Warning: OpenMM not available. Skipping minimization.
  Warning: OpenMM not available. Skipping minimization.
  Warning: OpenMM not available. Skipping minimization.
  Warning: OpenMM not available. Skipping minimization.
  Warning: OpenMM not available. Skipping minimization.
  Warning: OpenMM not available. Skipping minimization.
  Warning: OpenMM not available. Skipping minimization.
  Warning: OpenMM not available. Skipping minimization.
  Warning: OpenMM not available. Skipping minimization.
  Warning: OpenMM not available. Skipping minimization.
  Warning: OpenMM not available. Skipping minimization.
  Warning: OpenMM not available. Skipping minimization.
  Warning: OpenMM not available. Skipping minimization.
  Warning: OpenMM not available. Skipping minimization.
  Warning: OpenMM not available. Skipping minimization.
  Warning: OpenMM not available. Skipping minimization.
  Warning: OpenMM not available. Skipping minimization.
  Warning: OpenMM not available. Skipping minimization.
  Warning: OpenMM not available. Skipping minimization.
  Warning: OpenMM not available. Skipping minimization.
  Warning: OpenMM not available. Skipping minimization.
  Warning: OpenMM not available. Skipping minimization.
  Warning: OpenMM not available. Skipping minimization.
  Warning: OpenMM not available. Skipping minimization.
  Warning: OpenMM not available. Skipping minimization.
  Warning: OpenMM not available. Skipping minimization.
  Warning: OpenMM not available. Skipping minimization.
  Warning: OpenMM not available. Skipping minimization.
  Warning: OpenMM not available. Skipping minimization.
  Warning: OpenMM not available. Skipping minimization.
  Warning: OpenMM not available. Skipping minimization.
  Warning: OpenMM not available. Skipping minimization.
  Warning: OpenMM not available. Skipping minimization.
  Warning: OpenMM not available. Skipping minimization.
  Warning: OpenMM not available. Skipping minimization.
  Warning: OpenMM not available. Skipping minimization.
  Warning: OpenMM not available. Skipping minimization.
  Warning: OpenMM not available. Skipping minimization.
  Warning: OpenMM not available. Skipping minimization.
  Warning: OpenMM not available. Skipping minimization.
  Warning: OpenMM not available. Skipping minimization.
  Warning: OpenMM not available. Skipping minimization.
  Warning: OpenMM not available. Skipping minimization.
  Warning: OpenMM not available. Skipping minimization.
  Warning: OpenMM not available. Skipping minimization.
  Warning: OpenMM not available. Skipping minimization.
  Warning: OpenMM not available. Skipping minimization.
  Warning: OpenMM not available. Skipping minimization.
  Warning: OpenMM not available. Skipping minimization.
  Warning: OpenMM not available. Skipping minimization.
  Warning: OpenMM not available. Skipping minimization.
  Warning: OpenMM not available. Skipping minimization.
  Warning: OpenMM not available. Skipping minimization.
  Warning: OpenMM not available. Skipping minimization.
  Warning: OpenMM not available. Skipping minimization.
  Warning: OpenMM not available. Skipping minimization.
  Warning: OpenMM not available. Skipping minimization.
  Warning: OpenMM not available. Skipping minimization.
  Warning: OpenMM not available. Skipping minimization.
  Warning: OpenMM not available. Skipping minimization.
  Warning: OpenMM not available. Skipping minimization.
  Warning: OpenMM not available. Skipping minimization.
  Warning: OpenMM not available. Skipping minimization.
  Warning: OpenMM not available. Skipping minimization.
  Warning: OpenMM not available. Skipping minimization.
  Warning: OpenMM not available. Skipping minimization.
  Warning: OpenMM not available. Skipping minimization.
  Warning: OpenMM not available. Skipping minimization.
  Warning: OpenMM not available. Skipping minimization.
  Warning: OpenMM not available. Skipping minimization.
  Warning: OpenMM not available. Skipping minimization.
  Warning: OpenMM not available. Skipping minimization.
  Warning: OpenMM not available. Skipping minimization.
  Warning: OpenMM not available. Skipping minimization.
  Warning: OpenMM not available. Skipping minimization.
  Warning: OpenMM not available. Skipping minimization.
  Warning: OpenMM not available. Skipping minimization.
  Warning: OpenMM not available. Skipping minimization.
  Warning: OpenMM not available. Skipping minimization.
  Warning: OpenMM not available. Skipping minimization.
  Warning: OpenMM not available. Skipping minimization.
  Warning: OpenMM not available. Skipping minimization.
  Warning: OpenMM not available. Skipping minimization.
  Warning: OpenMM not available. Skipping minimization.
  Warning: OpenMM not available. Skipping minimization.
  Warning: OpenMM not available. Skipping minimization.
  Warning: OpenMM not available. Skipping minimization.
  Warning: OpenMM not available. Skipping minimization.
  Warning: OpenMM not available. Skipping minimization.
  Warning: OpenMM not available. Skipping minimization.
  Warning: OpenMM not available. Skipping minimization.
  Warning: OpenMM not available. Skipping minimization.
  Warning: OpenMM not available. Skipping minimization.
  Warning: OpenMM not available. Skipping minimization.
  Warning: OpenMM not available. Skipping minimization.
  Warning: OpenMM not available. Skipping minimization.
  Warning: OpenMM not available. Skipping minimization.
  Warning: OpenMM not available. Skipping minimization.
  Warning: OpenMM not available. Skipping minimization.
  Warning: OpenMM not available. Skipping minimization.
  Warning: OpenMM not available. Skipping minimization.
  Warning: OpenMM not available. Skipping minimization.
  Warning: OpenMM not available. Skipping minimization.
  Warning: OpenMM not available. Skipping minimization.
  Warning: OpenMM not available. Skipping minimization.
  Warning: OpenMM not available. Skipping minimization.
  Warning: OpenMM not available. Skipping minimization.
  Warning: OpenMM not available. Skipping minimization.
  Warning: OpenMM not available. Skipping minimization.
  Warning: OpenMM not available. Skipping minimization.
  Warning: OpenMM not available. Skipping minimization.
  Warning: OpenMM not available. Skipping minimization.
  Warning: OpenMM not available. Skipping minimization.
  Warning: OpenMM not available. Skipping minimization.
  Warning: OpenMM not available. Skipping minimization.
  Warning: OpenMM not available. Skipping minimization.
  Warning: OpenMM not available. Skipping minimization.
  Warning: OpenMM not available. Skipping minimization.
  Warning: OpenMM not available. Skipping minimization.
  Warning: OpenMM not available. Skipping minimization.
  Warning: OpenMM not available. Skipping minimization.
  Warning: OpenMM not available. Skipping minimization.
  Warning: OpenMM not available. Skipping minimization.
  Warning: OpenMM not available. Skipping minimization.
  Warning: OpenMM not available. Skipping minimization.
  Warning: OpenMM not available. Skipping minimization.Post-hoc translation:  71%|███████   | 71/100 [00:22<00:09,  2.90it/s]Post-hoc translation:  72%|███████▏  | 72/100 [00:23<00:08,  3.22it/s]Post-hoc translation:  73%|███████▎  | 73/100 [00:23<00:09,  2.99it/s]Post-hoc translation:  74%|███████▍  | 74/100 [00:23<00:07,  3.28it/s]
  Warning: OpenMM not available. Skipping minimization.
  Warning: OpenMM not available. Skipping minimization.
  Warning: OpenMM not available. Skipping minimization.
  Warning: OpenMM not available. Skipping minimization.
  Warning: OpenMM not available. Skipping minimization.
  Warning: OpenMM not available. Skipping minimization.
  Warning: OpenMM not available. Skipping minimization.
  Warning: OpenMM not available. Skipping minimization.
  Warning: OpenMM not available. Skipping minimization.
  Warning: OpenMM not available. Skipping minimization.
  Warning: OpenMM not available. Skipping minimization.
  Warning: OpenMM not available. Skipping minimization.
  Warning: OpenMM not available. Skipping minimization.
  Warning: OpenMM not available. Skipping minimization.
  Warning: OpenMM not available. Skipping minimization.
  Warning: OpenMM not available. Skipping minimization.
  Warning: OpenMM not available. Skipping minimization.
  Warning: OpenMM not available. Skipping minimization.
  Warning: OpenMM not available. Skipping minimization.
  Warning: OpenMM not available. Skipping minimization.
  Warning: OpenMM not available. Skipping minimization.
  Warning: OpenMM not available. Skipping minimization.
  Warning: OpenMM not available. Skipping minimization.
  Warning: OpenMM not available. Skipping minimization.
  Warning: OpenMM not available. Skipping minimization.
  Warning: OpenMM not available. Skipping minimization.
  Warning: OpenMM not available. Skipping minimization.
  Warning: OpenMM not available. Skipping minimization.
  Warning: OpenMM not available. Skipping minimization.
  Warning: OpenMM not available. Skipping minimization.
  Warning: OpenMM not available. Skipping minimization.
  Warning: OpenMM not available. Skipping minimization.
  Warning: OpenMM not available. Skipping minimization.
  Warning: OpenMM not available. Skipping minimization.
  Warning: OpenMM not available. Skipping minimization.
  Warning: OpenMM not available. Skipping minimization.
  Warning: OpenMM not available. Skipping minimization.
  Warning: OpenMM not available. Skipping minimization.
  Warning: OpenMM not available. Skipping minimization.
  Warning: OpenMM not available. Skipping minimization.
  Warning: OpenMM not available. Skipping minimization.
  Warning: OpenMM not available. Skipping minimization.
  Warning: OpenMM not available. Skipping minimization.
  Warning: OpenMM not available. Skipping minimization.
  Warning: OpenMM not available. Skipping minimization.
  Warning: OpenMM not available. Skipping minimization.
  Warning: OpenMM not available. Skipping minimization.
  Warning: OpenMM not available. Skipping minimization.
  Warning: OpenMM not available. Skipping minimization.
  Warning: OpenMM not available. Skipping minimization.
  Warning: OpenMM not available. Skipping minimization.
  Warning: OpenMM not available. Skipping minimization.
  Warning: OpenMM not available. Skipping minimization.
  Warning: OpenMM not available. Skipping minimization.
  Warning: OpenMM not available. Skipping minimization.
  Warning: OpenMM not available. Skipping minimization.
  Warning: OpenMM not available. Skipping minimization.
  Warning: OpenMM not available. Skipping minimization.
  Warning: OpenMM not available. Skipping minimization.
  Warning: OpenMM not available. Skipping minimization.
  Warning: OpenMM not available. Skipping minimization.
  Warning: OpenMM not available. Skipping minimization.
  Warning: OpenMM not available. Skipping minimization.
  Warning: OpenMM not available. Skipping minimization.
  Warning: OpenMM not available. Skipping minimization.
  Warning: OpenMM not available. Skipping minimization.
  Warning: OpenMM not available. Skipping minimization.
  Warning: OpenMM not available. Skipping minimization.
  Warning: OpenMM not available. Skipping minimization.
  Warning: OpenMM not available. Skipping minimization.
  Warning: OpenMM not available. Skipping minimization.
  Warning: OpenMM not available. Skipping minimization.
  Warning: OpenMM not available. Skipping minimization.
  Warning: OpenMM not available. Skipping minimization.
  Warning: OpenMM not available. Skipping minimization.
  Warning: OpenMM not available. Skipping minimization.
  Warning: OpenMM not available. Skipping minimization.
  Warning: OpenMM not available. Skipping minimization.
  Warning: OpenMM not available. Skipping minimization.
  Warning: OpenMM not available. Skipping minimization.
  Warning: OpenMM not available. Skipping minimization.
  Warning: OpenMM not available. Skipping minimization.
  Warning: OpenMM not available. Skipping minimization.
  Warning: OpenMM not available. Skipping minimization.
  Warning: OpenMM not available. Skipping minimization.
  Warning: OpenMM not available. Skipping minimization.
  Warning: OpenMM not available. Skipping minimization.
  Warning: OpenMM not available. Skipping minimization.
  Warning: OpenMM not available. Skipping minimization.
  Warning: OpenMM not available. Skipping minimization.
  Warning: OpenMM not available. Skipping minimization.
  Warning: OpenMM not available. Skipping minimization.
  Warning: OpenMM not available. Skipping minimization.
  Warning: OpenMM not available. Skipping minimization.
  Warning: OpenMM not available. Skipping minimization.
  Warning: OpenMM not available. Skipping minimization.
  Warning: OpenMM not available. Skipping minimization.
  Warning: OpenMM not available. Skipping minimization.
  Warning: OpenMM not available. Skipping minimization.
  Warning: OpenMM not available. Skipping minimization.
  Warning: OpenMM not available. Skipping minimization.
  Warning: OpenMM not available. Skipping minimization.
  Warning: OpenMM not available. Skipping minimization.
  Warning: OpenMM not available. Skipping minimization.
  Warning: OpenMM not available. Skipping minimization.
  Warning: OpenMM not available. Skipping minimization.
  Warning: OpenMM not available. Skipping minimization.
  Warning: OpenMM not available. Skipping minimization.
  Warning: OpenMM not available. Skipping minimization.
  Warning: OpenMM not available. Skipping minimization.
  Warning: OpenMM not available. Skipping minimization.
  Warning: OpenMM not available. Skipping minimization.
  Warning: OpenMM not available. Skipping minimization.
  Warning: OpenMM not available. Skipping minimization.
  Warning: OpenMM not available. Skipping minimization.
  Warning: OpenMM not available. Skipping minimization.
  Warning: OpenMM not available. Skipping minimization.
  Warning: OpenMM not available. Skipping minimization.
  Warning: OpenMM not available. Skipping minimization.
  Warning: OpenMM not available. Skipping minimization.
  Warning: OpenMM not available. Skipping minimization.
  Warning: OpenMM not available. Skipping minimization.
  Warning: OpenMM not available. Skipping minimization.
  Warning: OpenMM not available. Skipping minimization.
  Warning: OpenMM not available. Skipping minimization.
  Warning: OpenMM not available. Skipping minimization.
  Warning: OpenMM not available. Skipping minimization.
  Warning: OpenMM not available. Skipping minimization.
  Warning: OpenMM not available. Skipping minimization.
  Warning: OpenMM not available. Skipping minimization.
  Warning: OpenMM not available. Skipping minimization.
  Warning: OpenMM not available. Skipping minimization.
  Warning: OpenMM not available. Skipping minimization.
  Warning: OpenMM not available. Skipping minimization.
  Warning: OpenMM not available. Skipping minimization.
  Warning: OpenMM not available. Skipping minimization.
  Warning: OpenMM not available. Skipping minimization.
  Warning: OpenMM not available. Skipping minimization.
  Warning: OpenMM not available. Skipping minimization.
  Warning: OpenMM not available. Skipping minimization.
  Warning: OpenMM not available. Skipping minimization.
  Warning: OpenMM not available. Skipping minimization.
  Warning: OpenMM not available. Skipping minimization.
  Warning: OpenMM not available. Skipping minimization.
  Warning: OpenMM not available. Skipping minimization.
  Warning: OpenMM not available. Skipping minimization.
  Warning: OpenMM not available. Skipping minimization.Post-hoc translation:  75%|███████▌  | 75/100 [00:24<00:09,  2.57it/s]Post-hoc translation:  76%|███████▌  | 76/100 [00:24<00:07,  3.02it/s]Post-hoc translation:  77%|███████▋  | 77/100 [00:25<00:10,  2.20it/s]Post-hoc translation:  78%|███████▊  | 78/100 [00:25<00:09,  2.37it/s]
  Warning: OpenMM not available. Skipping minimization.
  Warning: OpenMM not available. Skipping minimization.
  Warning: OpenMM not available. Skipping minimization.
  Warning: OpenMM not available. Skipping minimization.
  Warning: OpenMM not available. Skipping minimization.
  Warning: OpenMM not available. Skipping minimization.
  Warning: OpenMM not available. Skipping minimization.
  Warning: OpenMM not available. Skipping minimization.
  Warning: OpenMM not available. Skipping minimization.
  Warning: OpenMM not available. Skipping minimization.
  Warning: OpenMM not available. Skipping minimization.
  Warning: OpenMM not available. Skipping minimization.
  Warning: OpenMM not available. Skipping minimization.
  Warning: OpenMM not available. Skipping minimization.
  Warning: OpenMM not available. Skipping minimization.
  Warning: OpenMM not available. Skipping minimization.
  Warning: OpenMM not available. Skipping minimization.
  Warning: OpenMM not available. Skipping minimization.
  Warning: OpenMM not available. Skipping minimization.
  Warning: OpenMM not available. Skipping minimization.
  Warning: OpenMM not available. Skipping minimization.
  Warning: OpenMM not available. Skipping minimization.
  Warning: OpenMM not available. Skipping minimization.
  Warning: OpenMM not available. Skipping minimization.
  Warning: OpenMM not available. Skipping minimization.
  Warning: OpenMM not available. Skipping minimization.
  Warning: OpenMM not available. Skipping minimization.
  Warning: OpenMM not available. Skipping minimization.
  Warning: OpenMM not available. Skipping minimization.
  Warning: OpenMM not available. Skipping minimization.
  Warning: OpenMM not available. Skipping minimization.
  Warning: OpenMM not available. Skipping minimization.
  Warning: OpenMM not available. Skipping minimization.
  Warning: OpenMM not available. Skipping minimization.
  Warning: OpenMM not available. Skipping minimization.
  Warning: OpenMM not available. Skipping minimization.
  Warning: OpenMM not available. Skipping minimization.
  Warning: OpenMM not available. Skipping minimization.
  Warning: OpenMM not available. Skipping minimization.
  Warning: OpenMM not available. Skipping minimization.
  Warning: OpenMM not available. Skipping minimization.
  Warning: OpenMM not available. Skipping minimization.
  Warning: OpenMM not available. Skipping minimization.
  Warning: OpenMM not available. Skipping minimization.
  Warning: OpenMM not available. Skipping minimization.
  Warning: OpenMM not available. Skipping minimization.
  Warning: OpenMM not available. Skipping minimization.
  Warning: OpenMM not available. Skipping minimization.
  Warning: OpenMM not available. Skipping minimization.
  Warning: OpenMM not available. Skipping minimization.
  Warning: OpenMM not available. Skipping minimization.
  Warning: OpenMM not available. Skipping minimization.
  Warning: OpenMM not available. Skipping minimization.
  Warning: OpenMM not available. Skipping minimization.
  Warning: OpenMM not available. Skipping minimization.
  Warning: OpenMM not available. Skipping minimization.
  Warning: OpenMM not available. Skipping minimization.
  Warning: OpenMM not available. Skipping minimization.
  Warning: OpenMM not available. Skipping minimization.
  Warning: OpenMM not available. Skipping minimization.
  Warning: OpenMM not available. Skipping minimization.
  Warning: OpenMM not available. Skipping minimization.
  Warning: OpenMM not available. Skipping minimization.
  Warning: OpenMM not available. Skipping minimization.
  Warning: OpenMM not available. Skipping minimization.
  Warning: OpenMM not available. Skipping minimization.
  Warning: OpenMM not available. Skipping minimization.
  Warning: OpenMM not available. Skipping minimization.
  Warning: OpenMM not available. Skipping minimization.
  Warning: OpenMM not available. Skipping minimization.
  Warning: OpenMM not available. Skipping minimization.
  Warning: OpenMM not available. Skipping minimization.
  Warning: OpenMM not available. Skipping minimization.
  Warning: OpenMM not available. Skipping minimization.
  Warning: OpenMM not available. Skipping minimization.
  Warning: OpenMM not available. Skipping minimization.
  Warning: OpenMM not available. Skipping minimization.
  Warning: OpenMM not available. Skipping minimization.
  Warning: OpenMM not available. Skipping minimization.
  Warning: OpenMM not available. Skipping minimization.
  Warning: OpenMM not available. Skipping minimization.
  Warning: OpenMM not available. Skipping minimization.
  Warning: OpenMM not available. Skipping minimization.
  Warning: OpenMM not available. Skipping minimization.
  Warning: OpenMM not available. Skipping minimization.
  Warning: OpenMM not available. Skipping minimization.
  Warning: OpenMM not available. Skipping minimization.
  Warning: OpenMM not available. Skipping minimization.
  Warning: OpenMM not available. Skipping minimization.
  Warning: OpenMM not available. Skipping minimization.
  Warning: OpenMM not available. Skipping minimization.
  Warning: OpenMM not available. Skipping minimization.
  Warning: OpenMM not available. Skipping minimization.
  Warning: OpenMM not available. Skipping minimization.
  Warning: OpenMM not available. Skipping minimization.
  Warning: OpenMM not available. Skipping minimization.
  Warning: OpenMM not available. Skipping minimization.
  Warning: OpenMM not available. Skipping minimization.
  Warning: OpenMM not available. Skipping minimization.
  Warning: OpenMM not available. Skipping minimization.
  Warning: OpenMM not available. Skipping minimization.
  Warning: OpenMM not available. Skipping minimization.
  Warning: OpenMM not available. Skipping minimization.
  Warning: OpenMM not available. Skipping minimization.
  Warning: OpenMM not available. Skipping minimization.
  Warning: OpenMM not available. Skipping minimization.
  Warning: OpenMM not available. Skipping minimization.
  Warning: OpenMM not available. Skipping minimization.
  Warning: OpenMM not available. Skipping minimization.
  Warning: OpenMM not available. Skipping minimization.
  Warning: OpenMM not available. Skipping minimization.
  Warning: OpenMM not available. Skipping minimization.
  Warning: OpenMM not available. Skipping minimization.
  Warning: OpenMM not available. Skipping minimization.
  Warning: OpenMM not available. Skipping minimization.
  Warning: OpenMM not available. Skipping minimization.
  Warning: OpenMM not available. Skipping minimization.
  Warning: OpenMM not available. Skipping minimization.
  Warning: OpenMM not available. Skipping minimization.
  Warning: OpenMM not available. Skipping minimization.
  Warning: OpenMM not available. Skipping minimization.
  Warning: OpenMM not available. Skipping minimization.
  Warning: OpenMM not available. Skipping minimization.
  Warning: OpenMM not available. Skipping minimization.
  Warning: OpenMM not available. Skipping minimization.
  Warning: OpenMM not available. Skipping minimization.
  Warning: OpenMM not available. Skipping minimization.
  Warning: OpenMM not available. Skipping minimization.
  Warning: OpenMM not available. Skipping minimization.
  Warning: OpenMM not available. Skipping minimization.
  Warning: OpenMM not available. Skipping minimization.
  Warning: OpenMM not available. Skipping minimization.
  Warning: OpenMM not available. Skipping minimization.
  Warning: OpenMM not available. Skipping minimization.
  Warning: OpenMM not available. Skipping minimization.
  Warning: OpenMM not available. Skipping minimization.
  Warning: OpenMM not available. Skipping minimization.
  Warning: OpenMM not available. Skipping minimization.
  Warning: OpenMM not available. Skipping minimization.
  Warning: OpenMM not available. Skipping minimization.
  Warning: OpenMM not available. Skipping minimization.
  Warning: OpenMM not available. Skipping minimization.
  Warning: OpenMM not available. Skipping minimization.
  Warning: OpenMM not available. Skipping minimization.
  Warning: OpenMM not available. Skipping minimization.
  Warning: OpenMM not available. Skipping minimization.
  Warning: OpenMM not available. Skipping minimization.Post-hoc translation:  79%|███████▉  | 79/100 [00:25<00:06,  3.03it/s]Post-hoc translation:  80%|████████  | 80/100 [00:25<00:06,  3.28it/s]Post-hoc translation:  81%|████████  | 81/100 [00:26<00:07,  2.49it/s]
  Warning: OpenMM not available. Skipping minimization.
  Warning: OpenMM not available. Skipping minimization.
  Warning: OpenMM not available. Skipping minimization.
  Warning: OpenMM not available. Skipping minimization.
  Warning: OpenMM not available. Skipping minimization.
  Warning: OpenMM not available. Skipping minimization.
  Warning: OpenMM not available. Skipping minimization.
  Warning: OpenMM not available. Skipping minimization.
  Warning: OpenMM not available. Skipping minimization.
  Warning: OpenMM not available. Skipping minimization.
  Warning: OpenMM not available. Skipping minimization.
  Warning: OpenMM not available. Skipping minimization.
  Warning: OpenMM not available. Skipping minimization.
  Warning: OpenMM not available. Skipping minimization.
  Warning: OpenMM not available. Skipping minimization.
  Warning: OpenMM not available. Skipping minimization.
  Warning: OpenMM not available. Skipping minimization.
  Warning: OpenMM not available. Skipping minimization.
  Warning: OpenMM not available. Skipping minimization.
  Warning: OpenMM not available. Skipping minimization.
  Warning: OpenMM not available. Skipping minimization.
  Warning: OpenMM not available. Skipping minimization.
  Warning: OpenMM not available. Skipping minimization.
  Warning: OpenMM not available. Skipping minimization.
  Warning: OpenMM not available. Skipping minimization.
  Warning: OpenMM not available. Skipping minimization.
  Warning: OpenMM not available. Skipping minimization.
  Warning: OpenMM not available. Skipping minimization.
  Warning: OpenMM not available. Skipping minimization.
  Warning: OpenMM not available. Skipping minimization.
  Warning: OpenMM not available. Skipping minimization.
  Warning: OpenMM not available. Skipping minimization.
  Warning: OpenMM not available. Skipping minimization.
  Warning: OpenMM not available. Skipping minimization.
  Warning: OpenMM not available. Skipping minimization.
  Warning: OpenMM not available. Skipping minimization.
  Warning: OpenMM not available. Skipping minimization.
  Warning: OpenMM not available. Skipping minimization.
  Warning: OpenMM not available. Skipping minimization.
  Warning: OpenMM not available. Skipping minimization.
  Warning: OpenMM not available. Skipping minimization.
  Warning: OpenMM not available. Skipping minimization.
  Warning: OpenMM not available. Skipping minimization.
  Warning: OpenMM not available. Skipping minimization.
  Warning: OpenMM not available. Skipping minimization.
  Warning: OpenMM not available. Skipping minimization.
  Warning: OpenMM not available. Skipping minimization.
  Warning: OpenMM not available. Skipping minimization.
  Warning: OpenMM not available. Skipping minimization.
  Warning: OpenMM not available. Skipping minimization.
  Warning: OpenMM not available. Skipping minimization.
  Warning: OpenMM not available. Skipping minimization.
  Warning: OpenMM not available. Skipping minimization.
  Warning: OpenMM not available. Skipping minimization.
  Warning: OpenMM not available. Skipping minimization.
  Warning: OpenMM not available. Skipping minimization.
  Warning: OpenMM not available. Skipping minimization.
  Warning: OpenMM not available. Skipping minimization.
  Warning: OpenMM not available. Skipping minimization.
  Warning: OpenMM not available. Skipping minimization.
  Warning: OpenMM not available. Skipping minimization.
  Warning: OpenMM not available. Skipping minimization.
  Warning: OpenMM not available. Skipping minimization.
  Warning: OpenMM not available. Skipping minimization.
  Warning: OpenMM not available. Skipping minimization.
  Warning: OpenMM not available. Skipping minimization.
  Warning: OpenMM not available. Skipping minimization.
  Warning: OpenMM not available. Skipping minimization.
  Warning: OpenMM not available. Skipping minimization.
  Warning: OpenMM not available. Skipping minimization.
  Warning: OpenMM not available. Skipping minimization.
  Warning: OpenMM not available. Skipping minimization.
  Warning: OpenMM not available. Skipping minimization.
  Warning: OpenMM not available. Skipping minimization.
  Warning: OpenMM not available. Skipping minimization.
  Warning: OpenMM not available. Skipping minimization.
  Warning: OpenMM not available. Skipping minimization.
  Warning: OpenMM not available. Skipping minimization.
  Warning: OpenMM not available. Skipping minimization.
  Warning: OpenMM not available. Skipping minimization.
  Warning: OpenMM not available. Skipping minimization.
  Warning: OpenMM not available. Skipping minimization.
  Warning: OpenMM not available. Skipping minimization.
  Warning: OpenMM not available. Skipping minimization.
  Warning: OpenMM not available. Skipping minimization.
  Warning: OpenMM not available. Skipping minimization.
  Warning: OpenMM not available. Skipping minimization.
  Warning: OpenMM not available. Skipping minimization.
  Warning: OpenMM not available. Skipping minimization.
  Warning: OpenMM not available. Skipping minimization.
  Warning: OpenMM not available. Skipping minimization.
  Warning: OpenMM not available. Skipping minimization.
  Warning: OpenMM not available. Skipping minimization.
  Warning: OpenMM not available. Skipping minimization.
  Warning: OpenMM not available. Skipping minimization.
  Warning: OpenMM not available. Skipping minimization.
  Warning: OpenMM not available. Skipping minimization.
  Warning: OpenMM not available. Skipping minimization.
  Warning: OpenMM not available. Skipping minimization.
  Warning: OpenMM not available. Skipping minimization.
  Warning: OpenMM not available. Skipping minimization.
  Warning: OpenMM not available. Skipping minimization.
  Warning: OpenMM not available. Skipping minimization.
  Warning: OpenMM not available. Skipping minimization.
  Warning: OpenMM not available. Skipping minimization.
  Warning: OpenMM not available. Skipping minimization.
  Warning: OpenMM not available. Skipping minimization.
  Warning: OpenMM not available. Skipping minimization.
  Warning: OpenMM not available. Skipping minimization.
  Warning: OpenMM not available. Skipping minimization.
  Warning: OpenMM not available. Skipping minimization.
  Warning: OpenMM not available. Skipping minimization.
  Warning: OpenMM not available. Skipping minimization.
  Warning: OpenMM not available. Skipping minimization.
  Warning: OpenMM not available. Skipping minimization.
  Warning: OpenMM not available. Skipping minimization.
  Warning: OpenMM not available. Skipping minimization.
  Warning: OpenMM not available. Skipping minimization.
  Warning: OpenMM not available. Skipping minimization.
  Warning: OpenMM not available. Skipping minimization.
  Warning: OpenMM not available. Skipping minimization.
  Warning: OpenMM not available. Skipping minimization.
  Warning: OpenMM not available. Skipping minimization.
  Warning: OpenMM not available. Skipping minimization.
  Warning: OpenMM not available. Skipping minimization.
  Warning: OpenMM not available. Skipping minimization.
  Warning: OpenMM not available. Skipping minimization.
  Warning: OpenMM not available. Skipping minimization.
  Warning: OpenMM not available. Skipping minimization.
  Warning: OpenMM not available. Skipping minimization.
  Warning: OpenMM not available. Skipping minimization.
  Warning: OpenMM not available. Skipping minimization.
  Warning: OpenMM not available. Skipping minimization.
  Warning: OpenMM not available. Skipping minimization.
  Warning: OpenMM not available. Skipping minimization.
  Warning: OpenMM not available. Skipping minimization.
  Warning: OpenMM not available. Skipping minimization.
  Warning: OpenMM not available. Skipping minimization.
  Warning: OpenMM not available. Skipping minimization.
  Warning: OpenMM not available. Skipping minimization.
  Warning: OpenMM not available. Skipping minimization.
  Warning: OpenMM not available. Skipping minimization.
  Warning: OpenMM not available. Skipping minimization.
  Warning: OpenMM not available. Skipping minimization.
  Warning: OpenMM not available. Skipping minimization.
  Warning: OpenMM not available. Skipping minimization.
  Warning: OpenMM not available. Skipping minimization.Post-hoc translation:  82%|████████▏ | 82/100 [00:26<00:05,  3.15it/s]Post-hoc translation:  83%|████████▎ | 83/100 [00:26<00:04,  3.66it/s]Post-hoc translation:  84%|████████▍ | 84/100 [00:27<00:05,  3.18it/s]
  Warning: OpenMM not available. Skipping minimization.
  Warning: OpenMM not available. Skipping minimization.
  Warning: OpenMM not available. Skipping minimization.
  Warning: OpenMM not available. Skipping minimization.
  Warning: OpenMM not available. Skipping minimization.
  Warning: OpenMM not available. Skipping minimization.
  Warning: OpenMM not available. Skipping minimization.
  Warning: OpenMM not available. Skipping minimization.
  Warning: OpenMM not available. Skipping minimization.
  Warning: OpenMM not available. Skipping minimization.
  Warning: OpenMM not available. Skipping minimization.
  Warning: OpenMM not available. Skipping minimization.
  Warning: OpenMM not available. Skipping minimization.
  Warning: OpenMM not available. Skipping minimization.
  Warning: OpenMM not available. Skipping minimization.
  Warning: OpenMM not available. Skipping minimization.
  Warning: OpenMM not available. Skipping minimization.
  Warning: OpenMM not available. Skipping minimization.
  Warning: OpenMM not available. Skipping minimization.
  Warning: OpenMM not available. Skipping minimization.
  Warning: OpenMM not available. Skipping minimization.
  Warning: OpenMM not available. Skipping minimization.
  Warning: OpenMM not available. Skipping minimization.
  Warning: OpenMM not available. Skipping minimization.
  Warning: OpenMM not available. Skipping minimization.
  Warning: OpenMM not available. Skipping minimization.
  Warning: OpenMM not available. Skipping minimization.
  Warning: OpenMM not available. Skipping minimization.
  Warning: OpenMM not available. Skipping minimization.
  Warning: OpenMM not available. Skipping minimization.
  Warning: OpenMM not available. Skipping minimization.
  Warning: OpenMM not available. Skipping minimization.
  Warning: OpenMM not available. Skipping minimization.
  Warning: OpenMM not available. Skipping minimization.
  Warning: OpenMM not available. Skipping minimization.
  Warning: OpenMM not available. Skipping minimization.
  Warning: OpenMM not available. Skipping minimization.
  Warning: OpenMM not available. Skipping minimization.
  Warning: OpenMM not available. Skipping minimization.
  Warning: OpenMM not available. Skipping minimization.
  Warning: OpenMM not available. Skipping minimization.
  Warning: OpenMM not available. Skipping minimization.
  Warning: OpenMM not available. Skipping minimization.
  Warning: OpenMM not available. Skipping minimization.
  Warning: OpenMM not available. Skipping minimization.
  Warning: OpenMM not available. Skipping minimization.
  Warning: OpenMM not available. Skipping minimization.
  Warning: OpenMM not available. Skipping minimization.
  Warning: OpenMM not available. Skipping minimization.
  Warning: OpenMM not available. Skipping minimization.
  Warning: OpenMM not available. Skipping minimization.
  Warning: OpenMM not available. Skipping minimization.
  Warning: OpenMM not available. Skipping minimization.
  Warning: OpenMM not available. Skipping minimization.
  Warning: OpenMM not available. Skipping minimization.
  Warning: OpenMM not available. Skipping minimization.
  Warning: OpenMM not available. Skipping minimization.
  Warning: OpenMM not available. Skipping minimization.
  Warning: OpenMM not available. Skipping minimization.
  Warning: OpenMM not available. Skipping minimization.
  Warning: OpenMM not available. Skipping minimization.
  Warning: OpenMM not available. Skipping minimization.
  Warning: OpenMM not available. Skipping minimization.
  Warning: OpenMM not available. Skipping minimization.
  Warning: OpenMM not available. Skipping minimization.
  Warning: OpenMM not available. Skipping minimization.
  Warning: OpenMM not available. Skipping minimization.
  Warning: OpenMM not available. Skipping minimization.
  Warning: OpenMM not available. Skipping minimization.
  Warning: OpenMM not available. Skipping minimization.
  Warning: OpenMM not available. Skipping minimization.
  Warning: OpenMM not available. Skipping minimization.
  Warning: OpenMM not available. Skipping minimization.
  Warning: OpenMM not available. Skipping minimization.
  Warning: OpenMM not available. Skipping minimization.
  Warning: OpenMM not available. Skipping minimization.
  Warning: OpenMM not available. Skipping minimization.
  Warning: OpenMM not available. Skipping minimization.
  Warning: OpenMM not available. Skipping minimization.
  Warning: OpenMM not available. Skipping minimization.
  Warning: OpenMM not available. Skipping minimization.
  Warning: OpenMM not available. Skipping minimization.
  Warning: OpenMM not available. Skipping minimization.
  Warning: OpenMM not available. Skipping minimization.
  Warning: OpenMM not available. Skipping minimization.
  Warning: OpenMM not available. Skipping minimization.
  Warning: OpenMM not available. Skipping minimization.
  Warning: OpenMM not available. Skipping minimization.
  Warning: OpenMM not available. Skipping minimization.
  Warning: OpenMM not available. Skipping minimization.
  Warning: OpenMM not available. Skipping minimization.
  Warning: OpenMM not available. Skipping minimization.
  Warning: OpenMM not available. Skipping minimization.
  Warning: OpenMM not available. Skipping minimization.
  Warning: OpenMM not available. Skipping minimization.
  Warning: OpenMM not available. Skipping minimization.
  Warning: OpenMM not available. Skipping minimization.
  Warning: OpenMM not available. Skipping minimization.
  Warning: OpenMM not available. Skipping minimization.
  Warning: OpenMM not available. Skipping minimization.
  Warning: OpenMM not available. Skipping minimization.
  Warning: OpenMM not available. Skipping minimization.
  Warning: OpenMM not available. Skipping minimization.
  Warning: OpenMM not available. Skipping minimization.
  Warning: OpenMM not available. Skipping minimization.
  Warning: OpenMM not available. Skipping minimization.
  Warning: OpenMM not available. Skipping minimization.
  Warning: OpenMM not available. Skipping minimization.
  Warning: OpenMM not available. Skipping minimization.
  Warning: OpenMM not available. Skipping minimization.
  Warning: OpenMM not available. Skipping minimization.
  Warning: OpenMM not available. Skipping minimization.
  Warning: OpenMM not available. Skipping minimization.
  Warning: OpenMM not available. Skipping minimization.
  Warning: OpenMM not available. Skipping minimization.
  Warning: OpenMM not available. Skipping minimization.
  Warning: OpenMM not available. Skipping minimization.
  Warning: OpenMM not available. Skipping minimization.
  Warning: OpenMM not available. Skipping minimization.
  Warning: OpenMM not available. Skipping minimization.
  Warning: OpenMM not available. Skipping minimization.
  Warning: OpenMM not available. Skipping minimization.
  Warning: OpenMM not available. Skipping minimization.
  Warning: OpenMM not available. Skipping minimization.
  Warning: OpenMM not available. Skipping minimization.
  Warning: OpenMM not available. Skipping minimization.
  Warning: OpenMM not available. Skipping minimization.
  Warning: OpenMM not available. Skipping minimization.
  Warning: OpenMM not available. Skipping minimization.
  Warning: OpenMM not available. Skipping minimization.
  Warning: OpenMM not available. Skipping minimization.
  Warning: OpenMM not available. Skipping minimization.
  Warning: OpenMM not available. Skipping minimization.
  Warning: OpenMM not available. Skipping minimization.
  Warning: OpenMM not available. Skipping minimization.
  Warning: OpenMM not available. Skipping minimization.
  Warning: OpenMM not available. Skipping minimization.
  Warning: OpenMM not available. Skipping minimization.
  Warning: OpenMM not available. Skipping minimization.
  Warning: OpenMM not available. Skipping minimization.
  Warning: OpenMM not available. Skipping minimization.
  Warning: OpenMM not available. Skipping minimization.
  Warning: OpenMM not available. Skipping minimization.
  Warning: OpenMM not available. Skipping minimization.
  Warning: OpenMM not available. Skipping minimization.
  Warning: OpenMM not available. Skipping minimization.
  Warning: OpenMM not available. Skipping minimization.Post-hoc translation:  85%|████████▌ | 85/100 [00:27<00:04,  3.07it/s]Post-hoc translation:  86%|████████▌ | 86/100 [00:28<00:07,  1.89it/s]Post-hoc translation:  87%|████████▋ | 87/100 [00:29<00:06,  1.89it/s]
  Warning: OpenMM not available. Skipping minimization.
  Warning: OpenMM not available. Skipping minimization.
  Warning: OpenMM not available. Skipping minimization.
  Warning: OpenMM not available. Skipping minimization.
  Warning: OpenMM not available. Skipping minimization.
  Warning: OpenMM not available. Skipping minimization.
  Warning: OpenMM not available. Skipping minimization.
  Warning: OpenMM not available. Skipping minimization.
  Warning: OpenMM not available. Skipping minimization.
  Warning: OpenMM not available. Skipping minimization.
  Warning: OpenMM not available. Skipping minimization.
  Warning: OpenMM not available. Skipping minimization.
  Warning: OpenMM not available. Skipping minimization.
  Warning: OpenMM not available. Skipping minimization.
  Warning: OpenMM not available. Skipping minimization.
  Warning: OpenMM not available. Skipping minimization.
  Warning: OpenMM not available. Skipping minimization.
  Warning: OpenMM not available. Skipping minimization.
  Warning: OpenMM not available. Skipping minimization.
  Warning: OpenMM not available. Skipping minimization.
  Warning: OpenMM not available. Skipping minimization.
  Warning: OpenMM not available. Skipping minimization.
  Warning: OpenMM not available. Skipping minimization.
  Warning: OpenMM not available. Skipping minimization.
  Warning: OpenMM not available. Skipping minimization.
  Warning: OpenMM not available. Skipping minimization.
  Warning: OpenMM not available. Skipping minimization.
  Warning: OpenMM not available. Skipping minimization.
  Warning: OpenMM not available. Skipping minimization.
  Warning: OpenMM not available. Skipping minimization.
  Warning: OpenMM not available. Skipping minimization.
  Warning: OpenMM not available. Skipping minimization.
  Warning: OpenMM not available. Skipping minimization.
  Warning: OpenMM not available. Skipping minimization.
  Warning: OpenMM not available. Skipping minimization.
  Warning: OpenMM not available. Skipping minimization.
  Warning: OpenMM not available. Skipping minimization.
  Warning: OpenMM not available. Skipping minimization.
  Warning: OpenMM not available. Skipping minimization.
  Warning: OpenMM not available. Skipping minimization.
  Warning: OpenMM not available. Skipping minimization.
  Warning: OpenMM not available. Skipping minimization.
  Warning: OpenMM not available. Skipping minimization.
  Warning: OpenMM not available. Skipping minimization.
  Warning: OpenMM not available. Skipping minimization.
  Warning: OpenMM not available. Skipping minimization.
  Warning: OpenMM not available. Skipping minimization.
  Warning: OpenMM not available. Skipping minimization.
  Warning: OpenMM not available. Skipping minimization.
  Warning: OpenMM not available. Skipping minimization.
  Warning: OpenMM not available. Skipping minimization.
  Warning: OpenMM not available. Skipping minimization.
  Warning: OpenMM not available. Skipping minimization.
  Warning: OpenMM not available. Skipping minimization.
  Warning: OpenMM not available. Skipping minimization.
  Warning: OpenMM not available. Skipping minimization.
  Warning: OpenMM not available. Skipping minimization.
  Warning: OpenMM not available. Skipping minimization.
  Warning: OpenMM not available. Skipping minimization.
  Warning: OpenMM not available. Skipping minimization.
  Warning: OpenMM not available. Skipping minimization.
  Warning: OpenMM not available. Skipping minimization.
  Warning: OpenMM not available. Skipping minimization.
  Warning: OpenMM not available. Skipping minimization.
  Warning: OpenMM not available. Skipping minimization.
  Warning: OpenMM not available. Skipping minimization.
  Warning: OpenMM not available. Skipping minimization.
  Warning: OpenMM not available. Skipping minimization.
  Warning: OpenMM not available. Skipping minimization.
  Warning: OpenMM not available. Skipping minimization.
  Warning: OpenMM not available. Skipping minimization.
  Warning: OpenMM not available. Skipping minimization.
  Warning: OpenMM not available. Skipping minimization.
  Warning: OpenMM not available. Skipping minimization.
  Warning: OpenMM not available. Skipping minimization.
  Warning: OpenMM not available. Skipping minimization.
  Warning: OpenMM not available. Skipping minimization.
  Warning: OpenMM not available. Skipping minimization.
  Warning: OpenMM not available. Skipping minimization.
  Warning: OpenMM not available. Skipping minimization.
  Warning: OpenMM not available. Skipping minimization.
  Warning: OpenMM not available. Skipping minimization.
  Warning: OpenMM not available. Skipping minimization.
  Warning: OpenMM not available. Skipping minimization.
  Warning: OpenMM not available. Skipping minimization.
  Warning: OpenMM not available. Skipping minimization.
  Warning: OpenMM not available. Skipping minimization.
  Warning: OpenMM not available. Skipping minimization.
  Warning: OpenMM not available. Skipping minimization.
  Warning: OpenMM not available. Skipping minimization.
  Warning: OpenMM not available. Skipping minimization.
  Warning: OpenMM not available. Skipping minimization.
  Warning: OpenMM not available. Skipping minimization.
  Warning: OpenMM not available. Skipping minimization.
  Warning: OpenMM not available. Skipping minimization.
  Warning: OpenMM not available. Skipping minimization.
  Warning: OpenMM not available. Skipping minimization.
  Warning: OpenMM not available. Skipping minimization.
  Warning: OpenMM not available. Skipping minimization.
  Warning: OpenMM not available. Skipping minimization.
  Warning: OpenMM not available. Skipping minimization.
  Warning: OpenMM not available. Skipping minimization.
  Warning: OpenMM not available. Skipping minimization.
  Warning: OpenMM not available. Skipping minimization.
  Warning: OpenMM not available. Skipping minimization.
  Warning: OpenMM not available. Skipping minimization.
  Warning: OpenMM not available. Skipping minimization.
  Warning: OpenMM not available. Skipping minimization.
  Warning: OpenMM not available. Skipping minimization.
  Warning: OpenMM not available. Skipping minimization.
  Warning: OpenMM not available. Skipping minimization.
  Warning: OpenMM not available. Skipping minimization.
  Warning: OpenMM not available. Skipping minimization.
  Warning: OpenMM not available. Skipping minimization.
  Warning: OpenMM not available. Skipping minimization.
  Warning: OpenMM not available. Skipping minimization.
  Warning: OpenMM not available. Skipping minimization.
  Warning: OpenMM not available. Skipping minimization.
  Warning: OpenMM not available. Skipping minimization.
  Warning: OpenMM not available. Skipping minimization.
  Warning: OpenMM not available. Skipping minimization.
  Warning: OpenMM not available. Skipping minimization.
  Warning: OpenMM not available. Skipping minimization.
  Warning: OpenMM not available. Skipping minimization.
  Warning: OpenMM not available. Skipping minimization.
  Warning: OpenMM not available. Skipping minimization.
  Warning: OpenMM not available. Skipping minimization.
  Warning: OpenMM not available. Skipping minimization.
  Warning: OpenMM not available. Skipping minimization.
  Warning: OpenMM not available. Skipping minimization.
  Warning: OpenMM not available. Skipping minimization.
  Warning: OpenMM not available. Skipping minimization.
  Warning: OpenMM not available. Skipping minimization.
  Warning: OpenMM not available. Skipping minimization.
  Warning: OpenMM not available. Skipping minimization.
  Warning: OpenMM not available. Skipping minimization.
  Warning: OpenMM not available. Skipping minimization.
  Warning: OpenMM not available. Skipping minimization.
  Warning: OpenMM not available. Skipping minimization.
  Warning: OpenMM not available. Skipping minimization.
  Warning: OpenMM not available. Skipping minimization.
  Warning: OpenMM not available. Skipping minimization.
  Warning: OpenMM not available. Skipping minimization.
  Warning: OpenMM not available. Skipping minimization.
  Warning: OpenMM not available. Skipping minimization.
  Warning: OpenMM not available. Skipping minimization.
  Warning: OpenMM not available. Skipping minimization.Post-hoc translation:  88%|████████▊ | 88/100 [00:29<00:05,  2.08it/s]Post-hoc translation:  89%|████████▉ | 89/100 [00:29<00:04,  2.35it/s]Post-hoc translation:  90%|█████████ | 90/100 [00:30<00:04,  2.43it/s]Post-hoc translation:  91%|█████████ | 91/100 [00:30<00:03,  2.46it/s]
  Warning: OpenMM not available. Skipping minimization.
  Warning: OpenMM not available. Skipping minimization.
  Warning: OpenMM not available. Skipping minimization.
  Warning: OpenMM not available. Skipping minimization.
  Warning: OpenMM not available. Skipping minimization.
  Warning: OpenMM not available. Skipping minimization.
  Warning: OpenMM not available. Skipping minimization.
  Warning: OpenMM not available. Skipping minimization.
  Warning: OpenMM not available. Skipping minimization.
  Warning: OpenMM not available. Skipping minimization.
  Warning: OpenMM not available. Skipping minimization.
  Warning: OpenMM not available. Skipping minimization.
  Warning: OpenMM not available. Skipping minimization.
  Warning: OpenMM not available. Skipping minimization.
  Warning: OpenMM not available. Skipping minimization.
  Warning: OpenMM not available. Skipping minimization.
  Warning: OpenMM not available. Skipping minimization.
  Warning: OpenMM not available. Skipping minimization.
  Warning: OpenMM not available. Skipping minimization.
  Warning: OpenMM not available. Skipping minimization.
  Warning: OpenMM not available. Skipping minimization.
  Warning: OpenMM not available. Skipping minimization.
  Warning: OpenMM not available. Skipping minimization.
  Warning: OpenMM not available. Skipping minimization.
  Warning: OpenMM not available. Skipping minimization.
  Warning: OpenMM not available. Skipping minimization.
  Warning: OpenMM not available. Skipping minimization.
  Warning: OpenMM not available. Skipping minimization.
  Warning: OpenMM not available. Skipping minimization.
  Warning: OpenMM not available. Skipping minimization.
  Warning: OpenMM not available. Skipping minimization.
  Warning: OpenMM not available. Skipping minimization.
  Warning: OpenMM not available. Skipping minimization.
  Warning: OpenMM not available. Skipping minimization.
  Warning: OpenMM not available. Skipping minimization.
  Warning: OpenMM not available. Skipping minimization.
  Warning: OpenMM not available. Skipping minimization.
  Warning: OpenMM not available. Skipping minimization.
  Warning: OpenMM not available. Skipping minimization.
  Warning: OpenMM not available. Skipping minimization.
  Warning: OpenMM not available. Skipping minimization.
  Warning: OpenMM not available. Skipping minimization.
  Warning: OpenMM not available. Skipping minimization.
  Warning: OpenMM not available. Skipping minimization.
  Warning: OpenMM not available. Skipping minimization.
  Warning: OpenMM not available. Skipping minimization.
  Warning: OpenMM not available. Skipping minimization.
  Warning: OpenMM not available. Skipping minimization.
  Warning: OpenMM not available. Skipping minimization.
  Warning: OpenMM not available. Skipping minimization.
  Warning: OpenMM not available. Skipping minimization.
  Warning: OpenMM not available. Skipping minimization.
  Warning: OpenMM not available. Skipping minimization.
  Warning: OpenMM not available. Skipping minimization.
  Warning: OpenMM not available. Skipping minimization.
  Warning: OpenMM not available. Skipping minimization.
  Warning: OpenMM not available. Skipping minimization.
  Warning: OpenMM not available. Skipping minimization.
  Warning: OpenMM not available. Skipping minimization.
  Warning: OpenMM not available. Skipping minimization.
  Warning: OpenMM not available. Skipping minimization.
  Warning: OpenMM not available. Skipping minimization.
  Warning: OpenMM not available. Skipping minimization.
  Warning: OpenMM not available. Skipping minimization.
  Warning: OpenMM not available. Skipping minimization.
  Warning: OpenMM not available. Skipping minimization.
  Warning: OpenMM not available. Skipping minimization.
  Warning: OpenMM not available. Skipping minimization.
  Warning: OpenMM not available. Skipping minimization.
  Warning: OpenMM not available. Skipping minimization.
  Warning: OpenMM not available. Skipping minimization.
  Warning: OpenMM not available. Skipping minimization.
  Warning: OpenMM not available. Skipping minimization.
  Warning: OpenMM not available. Skipping minimization.
  Warning: OpenMM not available. Skipping minimization.
  Warning: OpenMM not available. Skipping minimization.
  Warning: OpenMM not available. Skipping minimization.
  Warning: OpenMM not available. Skipping minimization.
  Warning: OpenMM not available. Skipping minimization.
  Warning: OpenMM not available. Skipping minimization.
  Warning: OpenMM not available. Skipping minimization.
  Warning: OpenMM not available. Skipping minimization.
  Warning: OpenMM not available. Skipping minimization.
  Warning: OpenMM not available. Skipping minimization.
  Warning: OpenMM not available. Skipping minimization.
  Warning: OpenMM not available. Skipping minimization.
  Warning: OpenMM not available. Skipping minimization.
  Warning: OpenMM not available. Skipping minimization.
  Warning: OpenMM not available. Skipping minimization.
  Warning: OpenMM not available. Skipping minimization.
  Warning: OpenMM not available. Skipping minimization.
  Warning: OpenMM not available. Skipping minimization.
  Warning: OpenMM not available. Skipping minimization.
  Warning: OpenMM not available. Skipping minimization.
  Warning: OpenMM not available. Skipping minimization.
  Warning: OpenMM not available. Skipping minimization.
  Warning: OpenMM not available. Skipping minimization.
  Warning: OpenMM not available. Skipping minimization.
  Warning: OpenMM not available. Skipping minimization.
  Warning: OpenMM not available. Skipping minimization.
  Warning: OpenMM not available. Skipping minimization.
  Warning: OpenMM not available. Skipping minimization.
  Warning: OpenMM not available. Skipping minimization.
  Warning: OpenMM not available. Skipping minimization.
  Warning: OpenMM not available. Skipping minimization.
  Warning: OpenMM not available. Skipping minimization.
  Warning: OpenMM not available. Skipping minimization.
  Warning: OpenMM not available. Skipping minimization.
  Warning: OpenMM not available. Skipping minimization.
  Warning: OpenMM not available. Skipping minimization.
  Warning: OpenMM not available. Skipping minimization.
  Warning: OpenMM not available. Skipping minimization.
  Warning: OpenMM not available. Skipping minimization.
  Warning: OpenMM not available. Skipping minimization.
  Warning: OpenMM not available. Skipping minimization.
  Warning: OpenMM not available. Skipping minimization.
  Warning: OpenMM not available. Skipping minimization.
  Warning: OpenMM not available. Skipping minimization.
  Warning: OpenMM not available. Skipping minimization.
  Warning: OpenMM not available. Skipping minimization.
  Warning: OpenMM not available. Skipping minimization.
  Warning: OpenMM not available. Skipping minimization.
  Warning: OpenMM not available. Skipping minimization.
  Warning: OpenMM not available. Skipping minimization.
  Warning: OpenMM not available. Skipping minimization.
  Warning: OpenMM not available. Skipping minimization.
  Warning: OpenMM not available. Skipping minimization.
  Warning: OpenMM not available. Skipping minimization.
  Warning: OpenMM not available. Skipping minimization.
  Warning: OpenMM not available. Skipping minimization.
  Warning: OpenMM not available. Skipping minimization.
  Warning: OpenMM not available. Skipping minimization.
  Warning: OpenMM not available. Skipping minimization.
  Warning: OpenMM not available. Skipping minimization.
  Warning: OpenMM not available. Skipping minimization.
  Warning: OpenMM not available. Skipping minimization.
  Warning: OpenMM not available. Skipping minimization.
  Warning: OpenMM not available. Skipping minimization.
  Warning: OpenMM not available. Skipping minimization.
  Warning: OpenMM not available. Skipping minimization.
  Warning: OpenMM not available. Skipping minimization.
  Warning: OpenMM not available. Skipping minimization.
  Warning: OpenMM not available. Skipping minimization.
  Warning: OpenMM not available. Skipping minimization.
  Warning: OpenMM not available. Skipping minimization.
  Warning: OpenMM not available. Skipping minimization.
  Warning: OpenMM not available. Skipping minimization.Post-hoc translation:  92%|█████████▏| 92/100 [00:30<00:02,  2.69it/s]Post-hoc translation:  93%|█████████▎| 93/100 [00:31<00:02,  2.52it/s]Post-hoc translation:  94%|█████████▍| 94/100 [00:31<00:02,  2.74it/s]
  Warning: OpenMM not available. Skipping minimization.
  Warning: OpenMM not available. Skipping minimization.
  Warning: OpenMM not available. Skipping minimization.
  Warning: OpenMM not available. Skipping minimization.
  Warning: OpenMM not available. Skipping minimization.
  Warning: OpenMM not available. Skipping minimization.
  Warning: OpenMM not available. Skipping minimization.
  Warning: OpenMM not available. Skipping minimization.
  Warning: OpenMM not available. Skipping minimization.
  Warning: OpenMM not available. Skipping minimization.
  Warning: OpenMM not available. Skipping minimization.
  Warning: OpenMM not available. Skipping minimization.
  Warning: OpenMM not available. Skipping minimization.
  Warning: OpenMM not available. Skipping minimization.
  Warning: OpenMM not available. Skipping minimization.
  Warning: OpenMM not available. Skipping minimization.
  Warning: OpenMM not available. Skipping minimization.
  Warning: OpenMM not available. Skipping minimization.
  Warning: OpenMM not available. Skipping minimization.
  Warning: OpenMM not available. Skipping minimization.
  Warning: OpenMM not available. Skipping minimization.
  Warning: OpenMM not available. Skipping minimization.
  Warning: OpenMM not available. Skipping minimization.
  Warning: OpenMM not available. Skipping minimization.
  Warning: OpenMM not available. Skipping minimization.
  Warning: OpenMM not available. Skipping minimization.
  Warning: OpenMM not available. Skipping minimization.
  Warning: OpenMM not available. Skipping minimization.
  Warning: OpenMM not available. Skipping minimization.
  Warning: OpenMM not available. Skipping minimization.
  Warning: OpenMM not available. Skipping minimization.
  Warning: OpenMM not available. Skipping minimization.
  Warning: OpenMM not available. Skipping minimization.
  Warning: OpenMM not available. Skipping minimization.
  Warning: OpenMM not available. Skipping minimization.
  Warning: OpenMM not available. Skipping minimization.
  Warning: OpenMM not available. Skipping minimization.
  Warning: OpenMM not available. Skipping minimization.
  Warning: OpenMM not available. Skipping minimization.
  Warning: OpenMM not available. Skipping minimization.
  Warning: OpenMM not available. Skipping minimization.
  Warning: OpenMM not available. Skipping minimization.
  Warning: OpenMM not available. Skipping minimization.
  Warning: OpenMM not available. Skipping minimization.
  Warning: OpenMM not available. Skipping minimization.
  Warning: OpenMM not available. Skipping minimization.
  Warning: OpenMM not available. Skipping minimization.
  Warning: OpenMM not available. Skipping minimization.
  Warning: OpenMM not available. Skipping minimization.
  Warning: OpenMM not available. Skipping minimization.
  Warning: OpenMM not available. Skipping minimization.
  Warning: OpenMM not available. Skipping minimization.
  Warning: OpenMM not available. Skipping minimization.
  Warning: OpenMM not available. Skipping minimization.
  Warning: OpenMM not available. Skipping minimization.
  Warning: OpenMM not available. Skipping minimization.
  Warning: OpenMM not available. Skipping minimization.
  Warning: OpenMM not available. Skipping minimization.
  Warning: OpenMM not available. Skipping minimization.
  Warning: OpenMM not available. Skipping minimization.
  Warning: OpenMM not available. Skipping minimization.
  Warning: OpenMM not available. Skipping minimization.
  Warning: OpenMM not available. Skipping minimization.
  Warning: OpenMM not available. Skipping minimization.
  Warning: OpenMM not available. Skipping minimization.
  Warning: OpenMM not available. Skipping minimization.
  Warning: OpenMM not available. Skipping minimization.
  Warning: OpenMM not available. Skipping minimization.
  Warning: OpenMM not available. Skipping minimization.
  Warning: OpenMM not available. Skipping minimization.
  Warning: OpenMM not available. Skipping minimization.
  Warning: OpenMM not available. Skipping minimization.
  Warning: OpenMM not available. Skipping minimization.
  Warning: OpenMM not available. Skipping minimization.
  Warning: OpenMM not available. Skipping minimization.
  Warning: OpenMM not available. Skipping minimization.
  Warning: OpenMM not available. Skipping minimization.
  Warning: OpenMM not available. Skipping minimization.
  Warning: OpenMM not available. Skipping minimization.
  Warning: OpenMM not available. Skipping minimization.
  Warning: OpenMM not available. Skipping minimization.
  Warning: OpenMM not available. Skipping minimization.
  Warning: OpenMM not available. Skipping minimization.
  Warning: OpenMM not available. Skipping minimization.
  Warning: OpenMM not available. Skipping minimization.
  Warning: OpenMM not available. Skipping minimization.
  Warning: OpenMM not available. Skipping minimization.
  Warning: OpenMM not available. Skipping minimization.
  Warning: OpenMM not available. Skipping minimization.
  Warning: OpenMM not available. Skipping minimization.
  Warning: OpenMM not available. Skipping minimization.
  Warning: OpenMM not available. Skipping minimization.
  Warning: OpenMM not available. Skipping minimization.
  Warning: OpenMM not available. Skipping minimization.
  Warning: OpenMM not available. Skipping minimization.
  Warning: OpenMM not available. Skipping minimization.
  Warning: OpenMM not available. Skipping minimization.
  Warning: OpenMM not available. Skipping minimization.
  Warning: OpenMM not available. Skipping minimization.
  Warning: OpenMM not available. Skipping minimization.
  Warning: OpenMM not available. Skipping minimization.
  Warning: OpenMM not available. Skipping minimization.
  Warning: OpenMM not available. Skipping minimization.
  Warning: OpenMM not available. Skipping minimization.
  Warning: OpenMM not available. Skipping minimization.
  Warning: OpenMM not available. Skipping minimization.
  Warning: OpenMM not available. Skipping minimization.
  Warning: OpenMM not available. Skipping minimization.
  Warning: OpenMM not available. Skipping minimization.
  Warning: OpenMM not available. Skipping minimization.
  Warning: OpenMM not available. Skipping minimization.
  Warning: OpenMM not available. Skipping minimization.
  Warning: OpenMM not available. Skipping minimization.
  Warning: OpenMM not available. Skipping minimization.
  Warning: OpenMM not available. Skipping minimization.
  Warning: OpenMM not available. Skipping minimization.
  Warning: OpenMM not available. Skipping minimization.
  Warning: OpenMM not available. Skipping minimization.
  Warning: OpenMM not available. Skipping minimization.
  Warning: OpenMM not available. Skipping minimization.
  Warning: OpenMM not available. Skipping minimization.
  Warning: OpenMM not available. Skipping minimization.
  Warning: OpenMM not available. Skipping minimization.
  Warning: OpenMM not available. Skipping minimization.
  Warning: OpenMM not available. Skipping minimization.
  Warning: OpenMM not available. Skipping minimization.
  Warning: OpenMM not available. Skipping minimization.
  Warning: OpenMM not available. Skipping minimization.
  Warning: OpenMM not available. Skipping minimization.
  Warning: OpenMM not available. Skipping minimization.
  Warning: OpenMM not available. Skipping minimization.
  Warning: OpenMM not available. Skipping minimization.
  Warning: OpenMM not available. Skipping minimization.
  Warning: OpenMM not available. Skipping minimization.
  Warning: OpenMM not available. Skipping minimization.
  Warning: OpenMM not available. Skipping minimization.
  Warning: OpenMM not available. Skipping minimization.
  Warning: OpenMM not available. Skipping minimization.
  Warning: OpenMM not available. Skipping minimization.
  Warning: OpenMM not available. Skipping minimization.
  Warning: OpenMM not available. Skipping minimization.
  Warning: OpenMM not available. Skipping minimization.
  Warning: OpenMM not available. Skipping minimization.
  Warning: OpenMM not available. Skipping minimization.
  Warning: OpenMM not available. Skipping minimization.
  Warning: OpenMM not available. Skipping minimization.
  Warning: OpenMM not available. Skipping minimization.Post-hoc translation:  95%|█████████▌| 95/100 [00:31<00:01,  3.41it/s]Post-hoc translation:  96%|█████████▌| 96/100 [00:32<00:01,  3.72it/s]Post-hoc translation:  97%|█████████▋| 97/100 [00:32<00:00,  4.03it/s]
  Warning: OpenMM not available. Skipping minimization.
  Warning: OpenMM not available. Skipping minimization.
  Warning: OpenMM not available. Skipping minimization.
  Warning: OpenMM not available. Skipping minimization.
  Warning: OpenMM not available. Skipping minimization.
  Warning: OpenMM not available. Skipping minimization.
  Warning: OpenMM not available. Skipping minimization.
  Warning: OpenMM not available. Skipping minimization.
  Warning: OpenMM not available. Skipping minimization.
  Warning: OpenMM not available. Skipping minimization.
  Warning: OpenMM not available. Skipping minimization.
  Warning: OpenMM not available. Skipping minimization.
  Warning: OpenMM not available. Skipping minimization.
  Warning: OpenMM not available. Skipping minimization.
  Warning: OpenMM not available. Skipping minimization.
  Warning: OpenMM not available. Skipping minimization.
  Warning: OpenMM not available. Skipping minimization.
  Warning: OpenMM not available. Skipping minimization.
  Warning: OpenMM not available. Skipping minimization.
  Warning: OpenMM not available. Skipping minimization.
  Warning: OpenMM not available. Skipping minimization.
  Warning: OpenMM not available. Skipping minimization.
  Warning: OpenMM not available. Skipping minimization.
  Warning: OpenMM not available. Skipping minimization.
  Warning: OpenMM not available. Skipping minimization.
  Warning: OpenMM not available. Skipping minimization.
  Warning: OpenMM not available. Skipping minimization.
  Warning: OpenMM not available. Skipping minimization.
  Warning: OpenMM not available. Skipping minimization.
  Warning: OpenMM not available. Skipping minimization.
  Warning: OpenMM not available. Skipping minimization.
  Warning: OpenMM not available. Skipping minimization.
  Warning: OpenMM not available. Skipping minimization.
  Warning: OpenMM not available. Skipping minimization.
  Warning: OpenMM not available. Skipping minimization.
  Warning: OpenMM not available. Skipping minimization.
  Warning: OpenMM not available. Skipping minimization.
  Warning: OpenMM not available. Skipping minimization.
  Warning: OpenMM not available. Skipping minimization.
  Warning: OpenMM not available. Skipping minimization.
  Warning: OpenMM not available. Skipping minimization.
  Warning: OpenMM not available. Skipping minimization.
  Warning: OpenMM not available. Skipping minimization.
  Warning: OpenMM not available. Skipping minimization.
  Warning: OpenMM not available. Skipping minimization.
  Warning: OpenMM not available. Skipping minimization.
  Warning: OpenMM not available. Skipping minimization.
  Warning: OpenMM not available. Skipping minimization.
  Warning: OpenMM not available. Skipping minimization.
  Warning: OpenMM not available. Skipping minimization.
  Warning: OpenMM not available. Skipping minimization.
  Warning: OpenMM not available. Skipping minimization.
  Warning: OpenMM not available. Skipping minimization.
  Warning: OpenMM not available. Skipping minimization.
  Warning: OpenMM not available. Skipping minimization.
  Warning: OpenMM not available. Skipping minimization.
  Warning: OpenMM not available. Skipping minimization.
  Warning: OpenMM not available. Skipping minimization.
  Warning: OpenMM not available. Skipping minimization.
  Warning: OpenMM not available. Skipping minimization.
  Warning: OpenMM not available. Skipping minimization.
  Warning: OpenMM not available. Skipping minimization.
  Warning: OpenMM not available. Skipping minimization.
  Warning: OpenMM not available. Skipping minimization.
  Warning: OpenMM not available. Skipping minimization.
  Warning: OpenMM not available. Skipping minimization.
  Warning: OpenMM not available. Skipping minimization.
  Warning: OpenMM not available. Skipping minimization.
  Warning: OpenMM not available. Skipping minimization.
  Warning: OpenMM not available. Skipping minimization.
  Warning: OpenMM not available. Skipping minimization.
  Warning: OpenMM not available. Skipping minimization.
  Warning: OpenMM not available. Skipping minimization.
  Warning: OpenMM not available. Skipping minimization.
  Warning: OpenMM not available. Skipping minimization.
  Warning: OpenMM not available. Skipping minimization.
  Warning: OpenMM not available. Skipping minimization.
  Warning: OpenMM not available. Skipping minimization.
  Warning: OpenMM not available. Skipping minimization.
  Warning: OpenMM not available. Skipping minimization.
  Warning: OpenMM not available. Skipping minimization.
  Warning: OpenMM not available. Skipping minimization.
  Warning: OpenMM not available. Skipping minimization.
  Warning: OpenMM not available. Skipping minimization.
  Warning: OpenMM not available. Skipping minimization.
  Warning: OpenMM not available. Skipping minimization.
  Warning: OpenMM not available. Skipping minimization.
  Warning: OpenMM not available. Skipping minimization.
  Warning: OpenMM not available. Skipping minimization.
  Warning: OpenMM not available. Skipping minimization.
  Warning: OpenMM not available. Skipping minimization.
  Warning: OpenMM not available. Skipping minimization.
  Warning: OpenMM not available. Skipping minimization.
  Warning: OpenMM not available. Skipping minimization.
  Warning: OpenMM not available. Skipping minimization.
  Warning: OpenMM not available. Skipping minimization.
  Warning: OpenMM not available. Skipping minimization.
  Warning: OpenMM not available. Skipping minimization.
  Warning: OpenMM not available. Skipping minimization.
  Warning: OpenMM not available. Skipping minimization.
  Warning: OpenMM not available. Skipping minimization.
  Warning: OpenMM not available. Skipping minimization.
  Warning: OpenMM not available. Skipping minimization.
  Warning: OpenMM not available. Skipping minimization.
  Warning: OpenMM not available. Skipping minimization.
  Warning: OpenMM not available. Skipping minimization.
  Warning: OpenMM not available. Skipping minimization.
  Warning: OpenMM not available. Skipping minimization.
  Warning: OpenMM not available. Skipping minimization.
  Warning: OpenMM not available. Skipping minimization.
  Warning: OpenMM not available. Skipping minimization.
  Warning: OpenMM not available. Skipping minimization.
  Warning: OpenMM not available. Skipping minimization.
  Warning: OpenMM not available. Skipping minimization.
  Warning: OpenMM not available. Skipping minimization.
  Warning: OpenMM not available. Skipping minimization.
  Warning: OpenMM not available. Skipping minimization.
  Warning: OpenMM not available. Skipping minimization.
  Warning: OpenMM not available. Skipping minimization.
  Warning: OpenMM not available. Skipping minimization.
  Warning: OpenMM not available. Skipping minimization.
  Warning: OpenMM not available. Skipping minimization.
  Warning: OpenMM not available. Skipping minimization.
  Warning: OpenMM not available. Skipping minimization.
  Warning: OpenMM not available. Skipping minimization.
  Warning: OpenMM not available. Skipping minimization.
  Warning: OpenMM not available. Skipping minimization.
  Warning: OpenMM not available. Skipping minimization.
  Warning: OpenMM not available. Skipping minimization.
  Warning: OpenMM not available. Skipping minimization.
  Warning: OpenMM not available. Skipping minimization.
  Warning: OpenMM not available. Skipping minimization.
  Warning: OpenMM not available. Skipping minimization.
  Warning: OpenMM not available. Skipping minimization.
  Warning: OpenMM not available. Skipping minimization.
  Warning: OpenMM not available. Skipping minimization.
  Warning: OpenMM not available. Skipping minimization.
  Warning: OpenMM not available. Skipping minimization.
  Warning: OpenMM not available. Skipping minimization.
  Warning: OpenMM not available. Skipping minimization.
  Warning: OpenMM not available. Skipping minimization.
  Warning: OpenMM not available. Skipping minimization.
  Warning: OpenMM not available. Skipping minimization.
  Warning: OpenMM not available. Skipping minimization.
  Warning: OpenMM not available. Skipping minimization.
  Warning: OpenMM not available. Skipping minimization.
  Warning: OpenMM not available. Skipping minimization.Post-hoc translation:  98%|█████████▊| 98/100 [00:32<00:00,  3.00it/s]Post-hoc translation:  99%|█████████▉| 99/100 [00:32<00:00,  3.41it/s]Post-hoc translation: 100%|██████████| 100/100 [00:33<00:00,  3.02it/s]Post-hoc translation: 100%|██████████| 100/100 [00:33<00:00,  3.00it/s]

  Warning: OpenMM not available. Skipping minimization.
  Warning: OpenMM not available. Skipping minimization.
  Warning: OpenMM not available. Skipping minimization.
  Warning: OpenMM not available. Skipping minimization.
  Warning: OpenMM not available. Skipping minimization.
  Warning: OpenMM not available. Skipping minimization.
  Warning: OpenMM not available. Skipping minimization.
  Warning: OpenMM not available. Skipping minimization.
  Warning: OpenMM not available. Skipping minimization.
  Warning: OpenMM not available. Skipping minimization.
  Warning: OpenMM not available. Skipping minimization.
  Warning: OpenMM not available. Skipping minimization.
  Warning: OpenMM not available. Skipping minimization.
  Warning: OpenMM not available. Skipping minimization.
  Warning: OpenMM not available. Skipping minimization.
  Warning: OpenMM not available. Skipping minimization.
  Warning: OpenMM not available. Skipping minimization.
  Warning: OpenMM not available. Skipping minimization.
  Warning: OpenMM not available. Skipping minimization.
  Warning: OpenMM not available. Skipping minimization.
  Warning: OpenMM not available. Skipping minimization.
  Warning: OpenMM not available. Skipping minimization.
  Warning: OpenMM not available. Skipping minimization.
  Warning: OpenMM not available. Skipping minimization.
  Warning: OpenMM not available. Skipping minimization.
  Warning: OpenMM not available. Skipping minimization.
  Warning: OpenMM not available. Skipping minimization.
  Warning: OpenMM not available. Skipping minimization.
  Warning: OpenMM not available. Skipping minimization.
  Warning: OpenMM not available. Skipping minimization.
  Warning: OpenMM not available. Skipping minimization.
  Warning: OpenMM not available. Skipping minimization.
  Warning: OpenMM not available. Skipping minimization.
  Warning: OpenMM not available. Skipping minimization.
  Warning: OpenMM not available. Skipping minimization.
  Warning: OpenMM not available. Skipping minimization.
  Warning: OpenMM not available. Skipping minimization.
  Warning: OpenMM not available. Skipping minimization.
  Warning: OpenMM not available. Skipping minimization.
  Warning: OpenMM not available. Skipping minimization.
  Warning: OpenMM not available. Skipping minimization.
  Warning: OpenMM not available. Skipping minimization.
  Warning: OpenMM not available. Skipping minimization.
  Warning: OpenMM not available. Skipping minimization.
  Warning: OpenMM not available. Skipping minimization.
  Warning: OpenMM not available. Skipping minimization.
  Warning: OpenMM not available. Skipping minimization.
  Warning: OpenMM not available. Skipping minimization.
  Warning: OpenMM not available. Skipping minimization.
  Warning: OpenMM not available. Skipping minimization.
  Warning: OpenMM not available. Skipping minimization.
  Warning: OpenMM not available. Skipping minimization.
  Warning: OpenMM not available. Skipping minimization.
  Warning: OpenMM not available. Skipping minimization.
  Warning: OpenMM not available. Skipping minimization.
  Warning: OpenMM not available. Skipping minimization.
  Warning: OpenMM not available. Skipping minimization.
  Warning: OpenMM not available. Skipping minimization.
  Warning: OpenMM not available. Skipping minimization.
  Warning: OpenMM not available. Skipping minimization.
  Warning: OpenMM not available. Skipping minimization.
  Warning: OpenMM not available. Skipping minimization.
  Warning: OpenMM not available. Skipping minimization.
  Warning: OpenMM not available. Skipping minimization.
  Warning: OpenMM not available. Skipping minimization.
  Warning: OpenMM not available. Skipping minimization.
  Warning: OpenMM not available. Skipping minimization.
  Warning: OpenMM not available. Skipping minimization.
  Warning: OpenMM not available. Skipping minimization.
  Warning: OpenMM not available. Skipping minimization.
  Warning: OpenMM not available. Skipping minimization.
  Warning: OpenMM not available. Skipping minimization.
  Warning: OpenMM not available. Skipping minimization.
  Warning: OpenMM not available. Skipping minimization.
  Warning: OpenMM not available. Skipping minimization.
  Warning: OpenMM not available. Skipping minimization.
  Warning: OpenMM not available. Skipping minimization.
  Warning: OpenMM not available. Skipping minimization.
  Warning: OpenMM not available. Skipping minimization.
  Warning: OpenMM not available. Skipping minimization.
  Warning: OpenMM not available. Skipping minimization.
  Warning: OpenMM not available. Skipping minimization.
  Warning: OpenMM not available. Skipping minimization.
  Warning: OpenMM not available. Skipping minimization.
  Warning: OpenMM not available. Skipping minimization.
  Warning: OpenMM not available. Skipping minimization.
  Warning: OpenMM not available. Skipping minimization.
  Warning: OpenMM not available. Skipping minimization.
  Warning: OpenMM not available. Skipping minimization.

============================================================
Post-hoc Translation Summary (100 pockets)
============================================================
  clashes_before_mean           : 8.008 ± 2.729
  clashes_after_mean            : 8.008 ± 2.729
  clash_reduction               : 0.000 ± 0.000

Results saved to output/posthoc_translation
