sdf_file,pocket,mol_name,initial_energy,final_energy,energy_reduction,rmsd,n_atoms_heavy,clashes_before,clashes_after,n_iterations,status,error
output/drugflow_baseline/14gs_A_rec/mol_00.sdf,14gs_A_rec,mol_00,156.1970042118084,9.370027250390837,146.82697696141756,1.085248684996904,17,5,0,-1,success,
output/drugflow_baseline/14gs_A_rec/mol_01.sdf,14gs_A_rec,mol_01,58.66508789294079,38.54232259190335,20.12276530103744,0.058123989431340096,12,1,0,-1,success,
output/drugflow_baseline/14gs_A_rec/mol_02.sdf,14gs_A_rec,mol_02,36.762458885942316,-10.575459248310555,47.337918134252874,1.5011729661271789,21,4,1,-1,success,
output/drugflow_baseline/14gs_A_rec/mol_03.sdf,14gs_A_rec,mol_03,301.9254738113665,51.528799586901854,250.39667422446462,0.3299180990283777,20,2,1,-1,success,
output/drugflow_baseline/14gs_A_rec/mol_04.sdf,14gs_A_rec,mol_04,63.111873071039724,47.15197525486965,15.959897816170077,0.08447119960894091,15,0,0,-1,success,
output/drugflow_baseline/14gs_A_rec/mol_05.sdf,14gs_A_rec,mol_05,43.32251179058172,1.252331202554359,42.07018058802736,0.4557840147234413,12,0,0,-1,success,
output/drugflow_baseline/14gs_A_rec/mol_06.sdf,14gs_A_rec,mol_06,98.56393375163968,31.300941679117944,67.26299207252174,0.2405704561804504,15,0,2,-1,success,
output/drugflow_baseline/14gs_A_rec/mol_07.sdf,14gs_A_rec,mol_07,133.8190798518059,30.62247548721394,103.19660436459196,0.24487278232756254,12,0,0,-1,success,
output/drugflow_baseline/14gs_A_rec/mol_08.sdf,14gs_A_rec,mol_08,51.81158320770645,2.681398982084703,49.13018422562175,0.9199056330420882,13,0,0,-1,success,
output/drugflow_baseline/14gs_A_rec/mol_09.sdf,14gs_A_rec,mol_09,,,,,0,0,0,0,error,Can't kekulize mol.  Unkekulized atoms: 3 6 7 8 9 11 13 15 16 17 18 21 24 25 26
output/drugflow_baseline/1a2g_A_rec/mol_00.sdf,1a2g_A_rec,mol_00,13.564949508633768,-3.5843059506377832,17.14925545927155,0.04776710252064852,6,0,0,-1,success,
output/drugflow_baseline/1a2g_A_rec/mol_01.sdf,1a2g_A_rec,mol_01,84.1137045444381,49.28012134438907,34.83358320004902,0.38447531867756796,19,1,3,-1,success,
output/drugflow_baseline/1a2g_A_rec/mol_02.sdf,1a2g_A_rec,mol_02,13.512511826046131,4.674166263468882,8.83834556257725,0.04703670459223542,8,0,1,-1,success,
output/drugflow_baseline/1a2g_A_rec/mol_03.sdf,1a2g_A_rec,mol_03,319.76641196451743,115.88944583986125,203.87696612465618,0.6108197504193487,27,7,0,-1,success,
output/drugflow_baseline/1a2g_A_rec/mol_04.sdf,1a2g_A_rec,mol_04,10042.82526614711,22.657021975940413,10020.168244171171,1.4108066961906154,17,18,0,-1,success,
output/drugflow_baseline/1a2g_A_rec/mol_05.sdf,1a2g_A_rec,mol_05,230.8174017063842,51.14375736522379,179.6736443411604,0.339405505477018,14,2,0,-1,success,
output/drugflow_baseline/1a2g_A_rec/mol_06.sdf,1a2g_A_rec,mol_06,,,,,0,0,0,0,error,Can't kekulize mol.  Unkekulized atoms: 0 2 3 5 6 7 8 9 10
output/drugflow_baseline/1a2g_A_rec/mol_07.sdf,1a2g_A_rec,mol_07,,,,,0,0,0,0,error,"Explicit valence for atom # 25 C, 5, is greater than permitted"
output/drugflow_baseline/1a2g_A_rec/mol_08.sdf,1a2g_A_rec,mol_08,10.709201306527778,5.713261105443669,4.9959402010841085,0.030361121966351913,7,0,0,-1,success,
output/drugflow_baseline/1a2g_A_rec/mol_09.sdf,1a2g_A_rec,mol_09,15.442683097186935,4.674166263467374,10.768516833719561,0.04795331839141053,8,0,1,-1,success,
output/drugflow_baseline/1afs_A_rec/mol_00.sdf,1afs_A_rec,mol_00,197.68973308011593,97.41844890836016,100.27128417175577,0.39001165551752737,18,6,2,-1,success,
output/drugflow_baseline/1afs_A_rec/mol_01.sdf,1afs_A_rec,mol_01,,,,,0,0,0,0,error,Can't kekulize mol.  Unkekulized atoms: 0 5 6 8 13 14 16 18 19 20 21
output/drugflow_baseline/1afs_A_rec/mol_02.sdf,1afs_A_rec,mol_02,159.96175162612002,84.7312710230517,75.23048060306832,1.083974929608183,17,9,1,-1,success,
output/drugflow_baseline/1afs_A_rec/mol_03.sdf,1afs_A_rec,mol_03,,,,,0,0,0,0,error,Can't kekulize mol.  Unkekulized atoms: 1 4 6 9 11 18 19 21 23
output/drugflow_baseline/1afs_A_rec/mol_04.sdf,1afs_A_rec,mol_04,231.36586508320943,77.3843176069791,153.98154747623033,0.6514162897820817,27,13,1,-1,success,
output/drugflow_baseline/1afs_A_rec/mol_05.sdf,1afs_A_rec,mol_05,293.7156640160107,109.6918365980147,184.023827417996,1.22192541705088,22,19,0,-1,success,
output/drugflow_baseline/1afs_A_rec/mol_06.sdf,1afs_A_rec,mol_06,129.73815429874207,55.87029180851572,73.86786249022636,0.695221627946664,19,1,1,-1,success,
output/drugflow_baseline/1afs_A_rec/mol_07.sdf,1afs_A_rec,mol_07,128.55050781008458,77.76379112846378,50.7867166816208,0.3630120021278223,17,9,3,-1,success,
output/drugflow_baseline/1afs_A_rec/mol_08.sdf,1afs_A_rec,mol_08,,,,,0,0,0,0,error,"Explicit valence for atom # 10 O, 3, is greater than permitted"
output/drugflow_baseline/1afs_A_rec/mol_09.sdf,1afs_A_rec,mol_09,204.30043235173332,87.13299021992694,117.16744213180638,0.6024444095035288,13,7,2,-1,success,
output/drugflow_baseline/1ai4_A_rec/mol_00.sdf,1ai4_A_rec,mol_00,588.7525527541125,101.75525959887254,486.9972931552399,0.692869819424558,25,9,2,-1,success,
output/drugflow_baseline/1ai4_A_rec/mol_01.sdf,1ai4_A_rec,mol_01,60.95105588332638,13.569862128654146,47.38119375467224,1.3103033315902426,13,3,0,-1,success,
output/drugflow_baseline/1ai4_A_rec/mol_02.sdf,1ai4_A_rec,mol_02,8.876169783881828,-14.715529575351223,23.59169935923305,0.13625602618846952,13,2,0,-1,success,
output/drugflow_baseline/1ai4_A_rec/mol_03.sdf,1ai4_A_rec,mol_03,254.5768952771943,27.72367547912919,226.8532197980651,1.3137002140923677,20,10,1,-1,success,
output/drugflow_baseline/1ai4_A_rec/mol_04.sdf,1ai4_A_rec,mol_04,,,,,0,0,0,0,error,"Explicit valence for atom # 23 N, 4, is greater than permitted"
output/drugflow_baseline/1ai4_A_rec/mol_05.sdf,1ai4_A_rec,mol_05,551.1464604178616,101.91986493447016,449.2265954833914,0.4558406193777378,28,11,2,-1,success,
output/drugflow_baseline/1ai4_A_rec/mol_06.sdf,1ai4_A_rec,mol_06,75.41990182302399,20.948249766918323,54.47165205610567,0.18702782264944232,12,3,2,-1,success,
output/drugflow_baseline/1ai4_A_rec/mol_07.sdf,1ai4_A_rec,mol_07,78.4613718330555,46.6421410706484,31.819230762407095,0.20914652407571377,13,2,2,-1,success,
output/drugflow_baseline/1ai4_A_rec/mol_08.sdf,1ai4_A_rec,mol_08,-92.91978606481902,-115.15178954456289,22.232003479743867,0.08415593398421668,15,0,0,-1,success,
output/drugflow_baseline/1ai4_A_rec/mol_09.sdf,1ai4_A_rec,mol_09,74.66892462769073,23.703154129108732,50.965770498581996,0.42394338455742225,16,4,1,-1,success,
output/drugflow_baseline/1coy_A_rec/mol_00.sdf,1coy_A_rec,mol_00,157.8461624544855,92.32839629351838,65.51776616096711,0.14258656074796372,21,5,0,-1,success,
output/drugflow_baseline/1coy_A_rec/mol_01.sdf,1coy_A_rec,mol_01,,,,,0,0,0,0,error,"Explicit valence for atom # 3 C, 5, is greater than permitted"
output/drugflow_baseline/1coy_A_rec/mol_02.sdf,1coy_A_rec,mol_02,179.74588402767435,68.69631318858706,111.0495708390873,0.5560071000998974,20,3,0,-1,success,
output/drugflow_baseline/1coy_A_rec/mol_03.sdf,1coy_A_rec,mol_03,592.7257993895333,79.91510130800863,512.8106980815247,0.21063131911895475,20,17,0,-1,success,
output/drugflow_baseline/1coy_A_rec/mol_04.sdf,1coy_A_rec,mol_04,555.8911879017085,127.42961879824632,428.4615691034621,0.7575325030115689,23,28,1,-1,success,
output/drugflow_baseline/1coy_A_rec/mol_05.sdf,1coy_A_rec,mol_05,16.667045596482982,-23.94100737780383,40.608052974286814,0.3343872346884718,16,0,1,-1,success,
output/drugflow_baseline/1coy_A_rec/mol_06.sdf,1coy_A_rec,mol_06,97.21765349722507,34.95633629718977,62.2613172000353,0.5693769984633698,16,1,0,-1,success,
output/drugflow_baseline/1coy_A_rec/mol_07.sdf,1coy_A_rec,mol_07,3680.097019227889,114.33746055711367,3565.7595586707757,0.44750234559771124,20,28,0,-1,success,
output/drugflow_baseline/1coy_A_rec/mol_08.sdf,1coy_A_rec,mol_08,769.544394986654,133.983205547748,635.561189438906,0.23174624770059396,23,29,3,-1,success,
output/drugflow_baseline/1coy_A_rec/mol_09.sdf,1coy_A_rec,mol_09,272.6706011043039,146.48965093448268,126.18095016982122,0.17676232738637734,24,24,0,-1,success,
output/drugflow_baseline/1d7j_A_rec/mol_00.sdf,1d7j_A_rec,mol_00,263.16282925614775,53.91430976804283,209.24851948810493,1.3574434542377678,23,11,3,-1,success,
output/drugflow_baseline/1d7j_A_rec/mol_01.sdf,1d7j_A_rec,mol_01,119.35659073183106,-50.50214908868735,169.8587398205184,0.6264682723491514,20,7,0,-1,success,
output/drugflow_baseline/1d7j_A_rec/mol_02.sdf,1d7j_A_rec,mol_02,73.31625582615507,29.8224917757718,43.49376405038327,0.2952704412392563,21,2,1,-1,success,
output/drugflow_baseline/1d7j_A_rec/mol_03.sdf,1d7j_A_rec,mol_03,168.7743345989636,16.606406017903677,152.16792858105993,0.7395253981339235,26,10,1,-1,success,
output/drugflow_baseline/1d7j_A_rec/mol_04.sdf,1d7j_A_rec,mol_04,120.36288586436794,6.900146612734762,113.46273925163318,1.644930629636047,28,4,1,-1,success,
output/drugflow_baseline/1d7j_A_rec/mol_05.sdf,1d7j_A_rec,mol_05,439.7461022935829,89.02181699644945,350.72428529713346,1.4887673382613829,28,9,1,-1,success,
output/drugflow_baseline/1d7j_A_rec/mol_06.sdf,1d7j_A_rec,mol_06,936.5607010396704,-7.952124948782154,944.5128259884526,1.7377737019115098,21,7,0,-1,success,
output/drugflow_baseline/1d7j_A_rec/mol_07.sdf,1d7j_A_rec,mol_07,71.39835819378995,27.697108897081243,43.7012492967087,0.23192946500682363,16,8,0,-1,success,
output/drugflow_baseline/1d7j_A_rec/mol_08.sdf,1d7j_A_rec,mol_08,406.4875679518302,96.92831699009133,309.5592509617389,1.0073132198376729,37,15,0,-1,success,
output/drugflow_baseline/1d7j_A_rec/mol_09.sdf,1d7j_A_rec,mol_09,1095.5330773134863,4.559504877652785,1090.9735724358334,0.7792809781884118,29,13,3,-1,success,
output/drugflow_baseline/1djy_A_rec/mol_00.sdf,1djy_A_rec,mol_00,60.056572564312205,17.245576257955577,42.81099630635663,2.0289450219238097,10,0,4,-1,success,
output/drugflow_baseline/1djy_A_rec/mol_01.sdf,1djy_A_rec,mol_01,557.1254642896854,109.04922107231124,448.07624321737416,1.1778128105550245,41,25,3,-1,success,
output/drugflow_baseline/1djy_A_rec/mol_02.sdf,1djy_A_rec,mol_02,540.3447667059451,46.80590705308103,493.53885965286406,1.0891546674323302,28,13,8,-1,success,
output/drugflow_baseline/1djy_A_rec/mol_03.sdf,1djy_A_rec,mol_03,456.8356853554688,126.07573115608871,330.7599541993801,0.7874327045314988,30,16,2,-1,success,
output/drugflow_baseline/1djy_A_rec/mol_04.sdf,1djy_A_rec,mol_04,,,,,0,0,0,0,error,"Explicit valence for atom # 5 C, 5, is greater than permitted"
output/drugflow_baseline/1djy_A_rec/mol_05.sdf,1djy_A_rec,mol_05,335.43399870835975,70.11496126360389,265.31903744475585,1.474604392304063,27,13,3,-1,success,
output/drugflow_baseline/1djy_A_rec/mol_06.sdf,1djy_A_rec,mol_06,5.80178643407379,-161.21279260502487,167.01457903909866,0.5726693262815415,24,6,0,-1,success,
output/drugflow_baseline/1djy_A_rec/mol_07.sdf,1djy_A_rec,mol_07,,,,,0,0,0,0,error,Can't kekulize mol.  Unkekulized atoms: 0 3 5 6 7 9 13 16 17 20
output/drugflow_baseline/1djy_A_rec/mol_08.sdf,1djy_A_rec,mol_08,318.9202825254865,31.705659903410954,287.2146226220756,0.772365206896729,16,3,0,-1,success,
output/drugflow_baseline/1djy_A_rec/mol_09.sdf,1djy_A_rec,mol_09,50.81575250270457,-156.47536997987734,207.2911224825819,1.015883065332444,18,6,3,-1,success,
output/drugflow_baseline/1dxo_C_rec/mol_00.sdf,1dxo_C_rec,mol_00,122.47376318765208,48.73792778812242,73.73583539952966,0.6626237440006112,18,0,0,-1,success,
output/drugflow_baseline/1dxo_C_rec/mol_01.sdf,1dxo_C_rec,mol_01,83.2350209504727,47.429188819221295,35.80583213125141,1.3575558416950457,17,1,2,-1,success,
output/drugflow_baseline/1dxo_C_rec/mol_02.sdf,1dxo_C_rec,mol_02,155.37111058997505,23.465362736934303,131.90574785304074,0.2899594427425278,21,1,0,-1,success,
output/drugflow_baseline/1dxo_C_rec/mol_03.sdf,1dxo_C_rec,mol_03,134.79213414479364,57.608816487844024,77.18331765694961,0.5298464857334082,21,10,3,-1,success,
output/drugflow_baseline/1dxo_C_rec/mol_04.sdf,1dxo_C_rec,mol_04,128.83356106397287,-5.716683037787444,134.5502441017603,1.3660563250231488,18,2,3,-1,success,
output/drugflow_baseline/1dxo_C_rec/mol_05.sdf,1dxo_C_rec,mol_05,,,,,0,0,0,0,error,Can't kekulize mol.  Unkekulized atoms: 0 1 2 3 6 7 9 11 12 15 16 18 19
output/drugflow_baseline/1dxo_C_rec/mol_06.sdf,1dxo_C_rec,mol_06,169.0659343807409,68.4868445184353,100.57908986230561,0.31468444253643385,20,3,1,-1,success,
output/drugflow_baseline/1dxo_C_rec/mol_07.sdf,1dxo_C_rec,mol_07,91.59619040872177,61.285745346217396,30.31044506250437,0.19922440059712596,17,0,0,-1,success,
output/drugflow_baseline/1dxo_C_rec/mol_08.sdf,1dxo_C_rec,mol_08,120.19205808460144,61.293412565702425,58.898645518899016,0.3916899379175482,18,3,0,-1,success,
output/drugflow_baseline/1dxo_C_rec/mol_09.sdf,1dxo_C_rec,mol_09,525.4797625295571,17.267886159877584,508.2118763696795,0.2451125104308975,17,5,1,-1,success,
output/drugflow_baseline/1e8h_A_rec/mol_00.sdf,1e8h_A_rec,mol_00,22.016911912182195,-393.2659982964694,415.2829102086516,3.32910094801008,27,2,4,-1,success,
output/drugflow_baseline/1e8h_A_rec/mol_01.sdf,1e8h_A_rec,mol_01,6.822196089471092,-103.95257635214276,110.77477244161385,0.6567710705158583,25,1,2,-1,success,
output/drugflow_baseline/1e8h_A_rec/mol_02.sdf,1e8h_A_rec,mol_02,-141.3217766691927,-203.92430195642189,62.602525287229184,0.6308775033903565,27,2,1,-1,success,
output/drugflow_baseline/1e8h_A_rec/mol_03.sdf,1e8h_A_rec,mol_03,-294.0193023794351,-464.72653769669466,170.70723531725957,1.0132552721098738,26,1,5,-1,success,
output/drugflow_baseline/1e8h_A_rec/mol_04.sdf,1e8h_A_rec,mol_04,33742.80451882871,-361.9209614853985,34104.725480314104,1.374937008493997,31,14,1,-1,success,
output/drugflow_baseline/1e8h_A_rec/mol_05.sdf,1e8h_A_rec,mol_05,35.254131047846045,-211.80511746270264,247.05924851054868,1.0708224140940232,27,5,2,-1,success,
output/drugflow_baseline/1e8h_A_rec/mol_06.sdf,1e8h_A_rec,mol_06,-187.25165156108335,-313.46893729958276,126.21728573849941,1.1451141924474646,26,7,3,-1,success,
output/drugflow_baseline/1e8h_A_rec/mol_07.sdf,1e8h_A_rec,mol_07,-55.126473876955444,-136.3721898270238,81.24571595006834,1.433572174502588,23,1,2,-1,success,
output/drugflow_baseline/1e8h_A_rec/mol_08.sdf,1e8h_A_rec,mol_08,94.61412833826171,-166.96557156730032,261.57969990556205,0.8253926109976354,29,1,4,-1,success,
output/drugflow_baseline/1e8h_A_rec/mol_09.sdf,1e8h_A_rec,mol_09,4999.158878933643,-271.9019607327673,5271.06083966641,0.8642533576946386,27,6,1,-1,success,
output/drugflow_baseline/1fmc_B_rec/mol_00.sdf,1fmc_B_rec,mol_00,188.92808322938282,131.85483659619547,57.07324663318735,0.3799375989289627,25,5,0,-1,success,
output/drugflow_baseline/1fmc_B_rec/mol_01.sdf,1fmc_B_rec,mol_01,336.97147526218845,19.18886507352903,317.7826101886594,1.8060601469902233,25,7,0,-1,success,
output/drugflow_baseline/1fmc_B_rec/mol_02.sdf,1fmc_B_rec,mol_02,356.0237306562961,11.350290877964657,344.67343977833144,2.6999845756527066,21,4,0,-1,success,
output/drugflow_baseline/1fmc_B_rec/mol_03.sdf,1fmc_B_rec,mol_03,155.82323450243686,72.65507527704342,83.16815922539344,1.0194103189950785,24,2,0,-1,success,
output/drugflow_baseline/1fmc_B_rec/mol_04.sdf,1fmc_B_rec,mol_04,280.30456175877396,-10.585578665544524,290.8901404243185,0.6345203119250644,25,10,0,-1,success,
output/drugflow_baseline/1fmc_B_rec/mol_05.sdf,1fmc_B_rec,mol_05,62.82927718580557,-3.227134646956319,66.0564118327619,0.603748646455757,25,3,0,-1,success,
output/drugflow_baseline/1fmc_B_rec/mol_06.sdf,1fmc_B_rec,mol_06,157.3519951125834,90.94020904528386,66.41178606729954,0.4506026026917258,25,7,0,-1,success,
output/drugflow_baseline/1fmc_B_rec/mol_07.sdf,1fmc_B_rec,mol_07,258.2906105025879,141.87476382472227,116.41584667786566,0.707335958190322,27,11,0,-1,success,
output/drugflow_baseline/1fmc_B_rec/mol_08.sdf,1fmc_B_rec,mol_08,-12.134212342402193,-106.02037699633567,93.88616465393348,0.6023141807305064,21,1,0,-1,success,
output/drugflow_baseline/1fmc_B_rec/mol_09.sdf,1fmc_B_rec,mol_09,122.24493074865175,52.253624190866915,69.99130655778484,0.7575003110167697,25,7,1,-1,success,
output/drugflow_baseline/1gg5_A_rec/mol_00.sdf,1gg5_A_rec,mol_00,,,,,0,0,0,0,error,Can't kekulize mol.  Unkekulized atoms: 3 4 5 6 7 8 10 12 14 15 16 17 18
output/drugflow_baseline/1gg5_A_rec/mol_01.sdf,1gg5_A_rec,mol_01,69.82041202699787,48.192719836365384,21.627692190632487,0.8718521518580076,13,0,0,-1,success,
output/drugflow_baseline/1gg5_A_rec/mol_02.sdf,1gg5_A_rec,mol_02,387.8646427593396,158.67222203866277,229.1924207206768,1.2045204978248958,33,7,0,-1,success,
output/drugflow_baseline/1gg5_A_rec/mol_03.sdf,1gg5_A_rec,mol_03,144.1125612606903,30.82490175415932,113.28765950653099,0.8881167422839971,17,2,1,-1,success,
output/drugflow_baseline/1gg5_A_rec/mol_04.sdf,1gg5_A_rec,mol_04,77.86780760352205,57.416714081217755,20.451093522304298,0.139066370304411,17,2,2,-1,success,
output/drugflow_baseline/1gg5_A_rec/mol_05.sdf,1gg5_A_rec,mol_05,237.47845432284421,121.1798739331811,116.29858038966312,0.5364665774903696,28,3,3,-1,success,
output/drugflow_baseline/1gg5_A_rec/mol_06.sdf,1gg5_A_rec,mol_06,219.99610513977737,26.461799337468463,193.5343058023089,0.3132165513525437,16,1,0,-1,success,
output/drugflow_baseline/1gg5_A_rec/mol_07.sdf,1gg5_A_rec,mol_07,124.4022000424141,53.10361076115494,71.29858928125915,0.9407945802493002,16,2,0,-1,success,
output/drugflow_baseline/1gg5_A_rec/mol_08.sdf,1gg5_A_rec,mol_08,,,,,0,0,0,0,error,Can't kekulize mol.  Unkekulized atoms: 0 1 2 3 5 8 13 15 16 18 19
output/drugflow_baseline/1gg5_A_rec/mol_09.sdf,1gg5_A_rec,mol_09,214.75949889507666,106.36136190180333,108.39813699327333,0.8093425907120955,25,6,0,-1,success,
output/drugflow_baseline/1h0i_A_rec/mol_00.sdf,1h0i_A_rec,mol_00,372.229729687337,119.19798089027353,253.03174879706347,1.2582173809055999,31,11,3,-1,success,
output/drugflow_baseline/1h0i_A_rec/mol_01.sdf,1h0i_A_rec,mol_01,746.3087914514033,242.86402936214643,503.44476208925687,1.4970501519092974,41,21,8,-1,success,
output/drugflow_baseline/1h0i_A_rec/mol_02.sdf,1h0i_A_rec,mol_02,286.8998234698154,81.74596079079397,205.15386267902142,1.150974526642166,31,3,1,-1,success,
output/drugflow_baseline/1h0i_A_rec/mol_03.sdf,1h0i_A_rec,mol_03,449.5302974111163,190.55289883598817,258.9773985751281,1.0718497026512463,32,9,2,-1,success,
output/drugflow_baseline/1h0i_A_rec/mol_04.sdf,1h0i_A_rec,mol_04,534.8032339817994,51.222656848562686,483.5805771332367,1.2446458757802332,38,9,3,-1,success,
output/drugflow_baseline/1h0i_A_rec/mol_05.sdf,1h0i_A_rec,mol_05,843.2764469490826,162.76989091057825,680.5065560385043,0.8961975272186502,36,9,12,-1,success,
output/drugflow_baseline/1h0i_A_rec/mol_06.sdf,1h0i_A_rec,mol_06,341.77489680990766,149.70150784655715,192.0733889633505,0.9901155811930531,35,9,2,-1,success,
output/drugflow_baseline/1h0i_A_rec/mol_07.sdf,1h0i_A_rec,mol_07,541.9015161819885,89.95903931686917,451.9424768651194,1.4863732004635941,33,3,1,-1,success,
output/drugflow_baseline/1h0i_A_rec/mol_08.sdf,1h0i_A_rec,mol_08,2492.621888682072,-36.32152547100375,2528.943414153076,1.317104727326494,39,10,10,-1,success,
output/drugflow_baseline/1h0i_A_rec/mol_09.sdf,1h0i_A_rec,mol_09,426.25602127371747,168.94527108068553,257.31075019303194,1.1365969268682612,37,9,2,-1,success,
output/drugflow_baseline/1h36_A_rec/mol_00.sdf,1h36_A_rec,mol_00,,,,,0,0,0,0,error,Can't kekulize mol.  Unkekulized atoms: 13 16 21 24 38
output/drugflow_baseline/1h36_A_rec/mol_01.sdf,1h36_A_rec,mol_01,219.9511682939824,108.52957622076882,111.42159207321357,0.8897915207991617,32,3,0,-1,success,
output/drugflow_baseline/1h36_A_rec/mol_02.sdf,1h36_A_rec,mol_02,153.10982654472394,9.027259872535772,144.08256667218816,1.0272611169632997,33,5,1,-1,success,
output/drugflow_baseline/1h36_A_rec/mol_03.sdf,1h36_A_rec,mol_03,157.5271013191366,99.58337658855078,57.943724730585814,1.2464627983923382,31,4,0,-1,success,
output/drugflow_baseline/1h36_A_rec/mol_04.sdf,1h36_A_rec,mol_04,608.3725550081972,25.47675111144821,582.8958038967489,1.3323031403132055,39,9,2,-1,success,
output/drugflow_baseline/1h36_A_rec/mol_05.sdf,1h36_A_rec,mol_05,271.836348242165,35.95958425307998,235.87676398908502,1.9038501594828028,36,15,1,-1,success,
output/drugflow_baseline/1h36_A_rec/mol_06.sdf,1h36_A_rec,mol_06,157.8703514262417,26.90095834738396,130.96939307885776,1.7310067277948817,31,6,1,-1,success,
output/drugflow_baseline/1h36_A_rec/mol_07.sdf,1h36_A_rec,mol_07,198.00027566179594,-20.91908205030924,218.91935771210518,1.456730808436874,35,7,1,-1,success,
output/drugflow_baseline/1h36_A_rec/mol_08.sdf,1h36_A_rec,mol_08,400.56007293971163,55.69475214816298,344.86532079154864,1.0789500864319148,33,11,0,-1,success,
output/drugflow_baseline/1h36_A_rec/mol_09.sdf,1h36_A_rec,mol_09,170.75752739177273,52.427138146679326,118.3303892450934,0.6219490823200943,33,5,0,-1,success,
output/drugflow_baseline/1jn2_P_rec/mol_00.sdf,1jn2_P_rec,mol_00,,,,,0,0,0,0,error,Can't kekulize mol.  Unkekulized atoms: 2 5 7 10 13 20 24
output/drugflow_baseline/1jn2_P_rec/mol_01.sdf,1jn2_P_rec,mol_01,251.0840882001004,115.74190669076665,135.34218150933376,0.8497230267321105,23,12,3,-1,success,
output/drugflow_baseline/1jn2_P_rec/mol_02.sdf,1jn2_P_rec,mol_02,195.39638621427937,85.0526468866745,110.34373932760488,1.036422333303054,11,10,3,-1,success,
output/drugflow_baseline/1jn2_P_rec/mol_03.sdf,1jn2_P_rec,mol_03,158.31520276125894,81.349989864966,76.96521289629294,0.8272185274851183,13,5,1,-1,success,
output/drugflow_baseline/1jn2_P_rec/mol_04.sdf,1jn2_P_rec,mol_04,417.96791832749796,158.24756567177846,259.72035265571947,2.3665836574776384,37,18,2,-1,success,
output/drugflow_baseline/1jn2_P_rec/mol_05.sdf,1jn2_P_rec,mol_05,254.29962931440895,26.82882924527516,227.4708000691338,0.38477771477344946,11,8,2,-1,success,
output/drugflow_baseline/1jn2_P_rec/mol_06.sdf,1jn2_P_rec,mol_06,86.0776541786792,-27.088460076866113,113.16611425554531,0.30763650447247126,22,3,1,-1,success,
output/drugflow_baseline/1jn2_P_rec/mol_07.sdf,1jn2_P_rec,mol_07,155.36133323382205,78.78492931409285,76.5764039197292,1.7469751008713392,18,8,4,-1,success,
output/drugflow_baseline/1jn2_P_rec/mol_08.sdf,1jn2_P_rec,mol_08,124.21673947916013,62.537477556096945,61.67926192306318,1.1788922317262702,11,6,2,-1,success,
output/drugflow_baseline/1jn2_P_rec/mol_09.sdf,1jn2_P_rec,mol_09,218.6177935062118,53.291888904155044,165.32590460205677,0.8959196849879264,19,8,2,-1,success,
output/drugflow_baseline/1k9t_A_rec/mol_00.sdf,1k9t_A_rec,mol_00,947.4617278790148,78.81628753711061,868.6454403419042,0.4143556372339256,14,6,2,-1,success,
output/drugflow_baseline/1k9t_A_rec/mol_01.sdf,1k9t_A_rec,mol_01,121.0373441150675,81.72806125441645,39.30928286065105,0.7969176909376761,12,1,1,-1,success,
output/drugflow_baseline/1k9t_A_rec/mol_02.sdf,1k9t_A_rec,mol_02,235.24177848235382,60.58510209553387,174.65667638681995,0.7989115574988832,24,8,0,-1,success,
output/drugflow_baseline/1k9t_A_rec/mol_03.sdf,1k9t_A_rec,mol_03,86.32899222166334,60.43452716351473,25.89446505814861,0.2775153476660386,10,1,1,-1,success,
output/drugflow_baseline/1k9t_A_rec/mol_04.sdf,1k9t_A_rec,mol_04,167.440088138695,125.93754199781453,41.502546140880455,0.7555716811351176,19,0,0,-1,success,
output/drugflow_baseline/1k9t_A_rec/mol_05.sdf,1k9t_A_rec,mol_05,1429.0227311511183,22.33683199120702,1406.6858991599113,1.7901862511965485,11,12,0,-1,success,
output/drugflow_baseline/1k9t_A_rec/mol_06.sdf,1k9t_A_rec,mol_06,1298.3626981128223,66.23728389128156,1232.1254142215407,0.635619024047798,13,3,0,-1,success,
output/drugflow_baseline/1k9t_A_rec/mol_07.sdf,1k9t_A_rec,mol_07,108.601893457357,84.31355032015355,24.28834313720344,0.3255116679879538,12,1,1,-1,success,
output/drugflow_baseline/1k9t_A_rec/mol_08.sdf,1k9t_A_rec,mol_08,110.72008911442146,78.31759590911749,32.40249320530397,1.25258595400921,11,0,3,-1,success,
output/drugflow_baseline/1k9t_A_rec/mol_09.sdf,1k9t_A_rec,mol_09,-6.949079663018944,-34.220102790015,27.271023126996056,0.6129878333654043,7,2,0,-1,success,
output/drugflow_baseline/1l3l_A_rec/mol_00.sdf,1l3l_A_rec,mol_00,108.02814276709793,34.57976189561455,73.44838087148338,0.7402320746700168,19,5,0,-1,success,
output/drugflow_baseline/1l3l_A_rec/mol_01.sdf,1l3l_A_rec,mol_01,629.0307574771548,125.84132260084118,503.1894348763136,1.331169063215491,33,21,0,-1,success,
output/drugflow_baseline/1l3l_A_rec/mol_02.sdf,1l3l_A_rec,mol_02,262.815069625141,111.22688497718994,151.58818464795107,0.2299616186069451,23,11,0,-1,success,
output/drugflow_baseline/1l3l_A_rec/mol_03.sdf,1l3l_A_rec,mol_03,,,,,0,0,0,0,error,Can't kekulize mol.  Unkekulized atoms: 0 1 2 3 6 7 8 9 11 12 13 14 15 16 17
output/drugflow_baseline/1l3l_A_rec/mol_04.sdf,1l3l_A_rec,mol_04,401.5467058010105,110.68897593203674,290.85772986897376,1.3529195229045916,31,7,0,-1,success,
output/drugflow_baseline/1l3l_A_rec/mol_05.sdf,1l3l_A_rec,mol_05,,,,,0,0,0,0,error,Can't kekulize mol.  Unkekulized atoms: 0 2 4 7 8 9 15 16 17
output/drugflow_baseline/1l3l_A_rec/mol_06.sdf,1l3l_A_rec,mol_06,115.38943041152211,84.76343363708796,30.625996774434157,0.20381498558067115,19,2,0,-1,success,
output/drugflow_baseline/1l3l_A_rec/mol_07.sdf,1l3l_A_rec,mol_07,205.05954924186423,83.49008663209747,121.56946260976676,0.43873021839122656,24,1,0,-1,success,
output/drugflow_baseline/1l3l_A_rec/mol_08.sdf,1l3l_A_rec,mol_08,140.51617651649656,46.73429389589465,93.7818826206019,0.4474551574800958,20,5,3,-1,success,
output/drugflow_baseline/1l3l_A_rec/mol_09.sdf,1l3l_A_rec,mol_09,67.81074235730452,37.552121399945236,30.258620957359284,0.29998404164306314,18,2,1,-1,success,
output/drugflow_baseline/1phk_A_rec/mol_00.sdf,1phk_A_rec,mol_00,217.15209357142083,-181.39027338601576,398.54236695743657,1.5156173394095054,28,1,5,-1,success,
output/drugflow_baseline/1phk_A_rec/mol_01.sdf,1phk_A_rec,mol_01,-116.93265104119834,-247.44831354417113,130.5156625029728,0.832757628294255,29,3,3,-1,success,
output/drugflow_baseline/1phk_A_rec/mol_02.sdf,1phk_A_rec,mol_02,497.45965712932207,-606.0616095922767,1103.5212667215987,1.3783823861552906,31,8,1,-1,success,
output/drugflow_baseline/1phk_A_rec/mol_03.sdf,1phk_A_rec,mol_03,-244.14369078134823,-380.11289677927095,135.96920599792273,1.9137999226972504,31,2,4,-1,success,
output/drugflow_baseline/1phk_A_rec/mol_04.sdf,1phk_A_rec,mol_04,-46.51159865622398,-438.3570895730545,391.8454909168305,2.7131372293645026,35,6,6,-1,success,
output/drugflow_baseline/1phk_A_rec/mol_05.sdf,1phk_A_rec,mol_05,,,,,0,0,0,0,error,"Explicit valence for atom # 22 P, 6, is greater than permitted"
output/drugflow_baseline/1phk_A_rec/mol_06.sdf,1phk_A_rec,mol_06,-141.5820444173447,-315.0121754619078,173.43013104456313,1.237722629636394,29,5,2,-1,success,
output/drugflow_baseline/1phk_A_rec/mol_07.sdf,1phk_A_rec,mol_07,-85.92793373759886,-304.1953337371884,218.26739999958951,1.1838182585458714,30,3,5,-1,success,
output/drugflow_baseline/1phk_A_rec/mol_08.sdf,1phk_A_rec,mol_08,-303.52260053167925,-471.8752946352316,168.35269410355238,0.8524755660489176,31,0,3,-1,success,
output/drugflow_baseline/1phk_A_rec/mol_09.sdf,1phk_A_rec,mol_09,,,,,0,0,0,0,error,Can't kekulize mol.  Unkekulized atoms: 0 17 18
output/drugflow_baseline/1r1h_A_rec/mol_00.sdf,1r1h_A_rec,mol_00,192.30706853121202,-42.06976762302506,234.37683615423708,2.026566770964106,26,7,1,-1,success,
output/drugflow_baseline/1r1h_A_rec/mol_01.sdf,1r1h_A_rec,mol_01,874.0645353494394,14.130135184509424,859.93440016493,0.5111519390159205,23,5,0,-1,success,
output/drugflow_baseline/1r1h_A_rec/mol_02.sdf,1r1h_A_rec,mol_02,629.8479097947277,107.90851494433309,521.9393948503946,2.438771145063509,23,3,0,-1,success,
output/drugflow_baseline/1r1h_A_rec/mol_03.sdf,1r1h_A_rec,mol_03,89.11219255196386,-42.69516180311625,131.80735435508012,0.9373919563460578,31,3,2,-1,success,
output/drugflow_baseline/1r1h_A_rec/mol_04.sdf,1r1h_A_rec,mol_04,232.04198175487463,64.51908254577212,167.5228992091025,1.3974328045681912,27,2,2,-1,success,
output/drugflow_baseline/1r1h_A_rec/mol_05.sdf,1r1h_A_rec,mol_05,145.78087582152537,48.16018726694274,97.62068855458263,1.2264539169956166,24,3,1,-1,success,
output/drugflow_baseline/1r1h_A_rec/mol_06.sdf,1r1h_A_rec,mol_06,725.5421003489797,109.66065201866309,615.8814483303166,1.4039592733418098,37,12,3,-1,success,
output/drugflow_baseline/1r1h_A_rec/mol_07.sdf,1r1h_A_rec,mol_07,324.51345630900585,81.19645399476764,243.3170023142382,0.770051552354513,29,7,3,-1,success,
output/drugflow_baseline/1r1h_A_rec/mol_08.sdf,1r1h_A_rec,mol_08,141.16013898962208,73.21064333769934,67.94949565192275,0.45787168170671205,23,7,3,-1,success,
output/drugflow_baseline/1r1h_A_rec/mol_09.sdf,1r1h_A_rec,mol_09,222.5016457371298,24.885238352047804,197.616407385082,0.7766794452152639,35,6,0,-1,success,
output/drugflow_baseline/1rs9_A_rec/mol_00.sdf,1rs9_A_rec,mol_00,82.8777616062832,43.5849889204101,39.2927726858731,0.47289674783728336,26,2,0,-1,success,
output/drugflow_baseline/1rs9_A_rec/mol_01.sdf,1rs9_A_rec,mol_01,144.67589377188688,30.615940865993885,114.059952905893,1.0245502337292631,30,6,0,-1,success,
output/drugflow_baseline/1rs9_A_rec/mol_02.sdf,1rs9_A_rec,mol_02,179.66915193969146,97.30125281121008,82.36789912848138,0.823780510860775,25,7,1,-1,success,
output/drugflow_baseline/1rs9_A_rec/mol_03.sdf,1rs9_A_rec,mol_03,258.9801330393933,-24.962388399696408,283.9425214390897,1.3728208810692992,20,8,2,-1,success,
output/drugflow_baseline/1rs9_A_rec/mol_04.sdf,1rs9_A_rec,mol_04,,,,,0,0,0,0,error,Can't kekulize mol.  Unkekulized atoms: 0 1 2 3 4 5 6 7 10 12 13 16 19 21 25 26 29 30 32 34 36 38
output/drugflow_baseline/1rs9_A_rec/mol_05.sdf,1rs9_A_rec,mol_05,154.27900012605238,15.013465421359887,139.2655347046925,0.4245316175552528,18,9,3,-1,success,
output/drugflow_baseline/1rs9_A_rec/mol_06.sdf,1rs9_A_rec,mol_06,69.70236877103463,-3.152303406828234,72.85467217786287,0.8808871494629181,18,6,0,-1,success,
output/drugflow_baseline/1rs9_A_rec/mol_07.sdf,1rs9_A_rec,mol_07,100.5727809396971,58.24827817441559,42.32450276528151,0.5981896357692985,19,0,0,-1,success,
output/drugflow_baseline/1rs9_A_rec/mol_08.sdf,1rs9_A_rec,mol_08,293.57493115021225,-25.499925931945914,319.0748570821582,1.018349664496322,22,6,0,-1,success,
output/drugflow_baseline/1rs9_A_rec/mol_09.sdf,1rs9_A_rec,mol_09,185.71967766813646,132.90082437771042,52.818853290426034,0.9559868477091117,25,0,0,-1,success,
output/drugflow_baseline/1umd_B_rec/mol_00.sdf,1umd_B_rec,mol_00,-10.34296154472409,-320.6275353426242,310.28457379790007,0.667671657566751,27,14,0,-1,success,
output/drugflow_baseline/1umd_B_rec/mol_01.sdf,1umd_B_rec,mol_01,-99.0882024611607,-319.11030919979555,220.02210673863485,1.2253735869712548,28,4,1,-1,success,
output/drugflow_baseline/1umd_B_rec/mol_02.sdf,1umd_B_rec,mol_02,,,,,0,0,0,0,error,"Explicit valence for atom # 2 O, 3, is greater than permitted"
output/drugflow_baseline/1umd_B_rec/mol_03.sdf,1umd_B_rec,mol_03,,,,,0,0,0,0,error,Can't kekulize mol.  Unkekulized atoms: 4 6 9 15 21
output/drugflow_baseline/1umd_B_rec/mol_04.sdf,1umd_B_rec,mol_04,5340.774708234581,-410.60312204526167,5751.377830279843,2.2939240394699074,38,31,4,-1,success,
output/drugflow_baseline/1umd_B_rec/mol_05.sdf,1umd_B_rec,mol_05,,,,,0,0,0,0,error,Can't kekulize mol.  Unkekulized atoms: 1 3 4 5 10 16 18 25 26 27 29
output/drugflow_baseline/1umd_B_rec/mol_06.sdf,1umd_B_rec,mol_06,,,,,0,0,0,0,error,"Explicit valence for atom # 7 N, 6, is greater than permitted"
output/drugflow_baseline/1umd_B_rec/mol_07.sdf,1umd_B_rec,mol_07,,,,,0,0,0,0,error,"Explicit valence for atom # 2 N, 4, is greater than permitted"
output/drugflow_baseline/1umd_B_rec/mol_08.sdf,1umd_B_rec,mol_08,-225.26092893130505,-457.0753867116546,231.81445778034953,1.2977535587600522,29,6,3,-1,success,
output/drugflow_baseline/1umd_B_rec/mol_09.sdf,1umd_B_rec,mol_09,-104.36547756317685,-449.09371071057507,344.7282331473982,0.6637472823505149,27,8,2,-1,success,
output/drugflow_baseline/2azy_A_rec/mol_00.sdf,2azy_A_rec,mol_00,175.8627043522933,139.31464830457685,36.54805604771644,0.6963472603739673,18,3,0,-1,success,
output/drugflow_baseline/2azy_A_rec/mol_01.sdf,2azy_A_rec,mol_01,,,,,0,0,0,0,error,"Explicit valence for atom # 16 Cl, 2, is greater than permitted"
output/drugflow_baseline/2azy_A_rec/mol_02.sdf,2azy_A_rec,mol_02,115.04250001823843,62.380068706837875,52.66243131140055,0.4943878630310353,21,3,0,-1,success,
output/drugflow_baseline/2azy_A_rec/mol_03.sdf,2azy_A_rec,mol_03,213.65351545922903,104.21079768533559,109.44271777389343,0.850434675605193,23,2,0,-1,success,
output/drugflow_baseline/2azy_A_rec/mol_04.sdf,2azy_A_rec,mol_04,-25.859127400079487,-113.9001983711419,88.04107097106241,0.7033100184361117,22,4,0,-1,success,
output/drugflow_baseline/2azy_A_rec/mol_05.sdf,2azy_A_rec,mol_05,135.75323266639805,73.49587425294496,62.25735841345309,0.45519436494373383,20,2,0,-1,success,
output/drugflow_baseline/2azy_A_rec/mol_06.sdf,2azy_A_rec,mol_06,97.4090147905836,25.48733280439225,71.92168198619135,0.9106897880685312,19,4,0,-1,success,
output/drugflow_baseline/2azy_A_rec/mol_07.sdf,2azy_A_rec,mol_07,70.83733045147402,24.849406020944812,45.987924430529205,0.4905575527937226,18,2,0,-1,success,
output/drugflow_baseline/2azy_A_rec/mol_08.sdf,2azy_A_rec,mol_08,155.80933392251953,72.10090657131818,83.70842735120135,0.7003946117929954,22,6,2,-1,success,
output/drugflow_baseline/2azy_A_rec/mol_09.sdf,2azy_A_rec,mol_09,163.01162652579393,79.1677080690677,83.84391845672623,0.6680492502172198,21,1,0,-1,success,
output/drugflow_baseline/2cy0_A_rec/mol_00.sdf,2cy0_A_rec,mol_00,,,,,0,0,0,0,error,Can't kekulize mol.  Unkekulized atoms: 5 6 8 9 11 15 17
output/drugflow_baseline/2cy0_A_rec/mol_01.sdf,2cy0_A_rec,mol_01,146.48380388690686,31.11071446065418,115.37308942625268,1.1617997886390419,19,6,0,-1,success,
output/drugflow_baseline/2cy0_A_rec/mol_02.sdf,2cy0_A_rec,mol_02,543.5505892858926,92.4575675129057,451.09302177298684,0.5738238826246324,27,14,4,-1,success,
output/drugflow_baseline/2cy0_A_rec/mol_03.sdf,2cy0_A_rec,mol_03,4.359401170249846,-25.63204466407766,29.991445834327507,0.20959224175309207,14,1,0,-1,success,
output/drugflow_baseline/2cy0_A_rec/mol_04.sdf,2cy0_A_rec,mol_04,28474.62618515321,119.75189360090566,28354.874291552303,0.6727220257067442,28,40,0,-1,success,
output/drugflow_baseline/2cy0_A_rec/mol_05.sdf,2cy0_A_rec,mol_05,180.53927321675033,41.60855497372227,138.93071824302805,0.2526150220144989,20,2,0,-1,success,
output/drugflow_baseline/2cy0_A_rec/mol_06.sdf,2cy0_A_rec,mol_06,50.327564928845234,-1.7378512437008524,52.06541617254609,0.22576803705116952,11,0,0,-1,success,
output/drugflow_baseline/2cy0_A_rec/mol_07.sdf,2cy0_A_rec,mol_07,80.96411822801016,44.7469962557054,36.21712197230477,0.3849738327424855,15,4,2,-1,success,
output/drugflow_baseline/2cy0_A_rec/mol_08.sdf,2cy0_A_rec,mol_08,2472.6595978749983,116.07860664632977,2356.5809912286686,0.7957917249522699,28,25,3,-1,success,
output/drugflow_baseline/2cy0_A_rec/mol_09.sdf,2cy0_A_rec,mol_09,87.21508167516524,55.35011858539846,31.864963089766775,0.09696970521519992,11,1,0,-1,success,
output/drugflow_baseline/2e24_A_rec/mol_00.sdf,2e24_A_rec,mol_00,-45.580940915257784,-96.49485931542702,50.91391840016924,0.7204483066599847,9,0,3,-1,success,
output/drugflow_baseline/2e24_A_rec/mol_01.sdf,2e24_A_rec,mol_01,,,,,0,0,0,0,error,"Explicit valence for atom # 5 O, 3, is greater than permitted"
output/drugflow_baseline/2e24_A_rec/mol_02.sdf,2e24_A_rec,mol_02,84.48188763656913,12.16911845679515,72.31276917977398,1.412191480483034,11,3,5,-1,success,
output/drugflow_baseline/2e24_A_rec/mol_03.sdf,2e24_A_rec,mol_03,88.50623246692298,-73.30834781711218,161.81458028403517,0.4080480911706607,15,5,0,-1,success,
output/drugflow_baseline/2e24_A_rec/mol_04.sdf,2e24_A_rec,mol_04,131.48914606473213,-25.227904712979395,156.7170507777115,0.5343369472893746,21,6,3,-1,success,
output/drugflow_baseline/2e24_A_rec/mol_05.sdf,2e24_A_rec,mol_05,115.26249237540193,26.528412401255263,88.73407997414667,0.8254660310988122,10,4,1,-1,success,
output/drugflow_baseline/2e24_A_rec/mol_06.sdf,2e24_A_rec,mol_06,-54.40209374096732,-115.80521610390119,61.40312236293387,0.27915654345192037,9,1,1,-1,success,
output/drugflow_baseline/2e24_A_rec/mol_07.sdf,2e24_A_rec,mol_07,118.25503853188556,12.342868317413775,105.91217021447179,0.4067623182542443,16,6,3,-1,success,
output/drugflow_baseline/2e24_A_rec/mol_08.sdf,2e24_A_rec,mol_08,970.8982113465382,14.942785916382824,955.9554254301554,0.7368721903516694,23,21,3,-1,success,
output/drugflow_baseline/2e24_A_rec/mol_09.sdf,2e24_A_rec,mol_09,21.57473813946735,-64.01281340756289,85.58755154703024,1.2783823044041838,16,3,5,-1,success,
output/drugflow_baseline/2e6d_A_rec/mol_00.sdf,2e6d_A_rec,mol_00,43.05905550620284,24.965144156037,18.09391135016584,0.24476896801039572,6,0,0,-1,success,
output/drugflow_baseline/2e6d_A_rec/mol_01.sdf,2e6d_A_rec,mol_01,522.1500468704056,124.25467715421523,397.8953697161904,0.6206307332471056,23,12,5,-1,success,
output/drugflow_baseline/2e6d_A_rec/mol_02.sdf,2e6d_A_rec,mol_02,-1.7462421252478322,-91.66719100025158,89.92094887500375,1.4076259559292117,10,1,9,-1,success,
output/drugflow_baseline/2e6d_A_rec/mol_03.sdf,2e6d_A_rec,mol_03,107.3904245116176,-25.724835327460838,133.11525983907842,0.6280968996404739,9,2,0,-1,success,
output/drugflow_baseline/2e6d_A_rec/mol_04.sdf,2e6d_A_rec,mol_04,-19.04638751410864,-51.72707001736922,32.680682503260584,0.5767454138151112,7,0,3,-1,success,
output/drugflow_baseline/2e6d_A_rec/mol_05.sdf,2e6d_A_rec,mol_05,36.51677563523148,9.941705770769143,26.57506986446234,0.2668660347281216,5,1,1,-1,success,
output/drugflow_baseline/2e6d_A_rec/mol_06.sdf,2e6d_A_rec,mol_06,48.69103424580085,19.463926833605015,29.227107412195835,0.567084992767324,12,1,1,-1,success,
output/drugflow_baseline/2e6d_A_rec/mol_07.sdf,2e6d_A_rec,mol_07,349.2926675052485,56.65692761573279,292.6357398895157,1.4111037822928718,23,11,3,-1,success,
output/drugflow_baseline/2e6d_A_rec/mol_08.sdf,2e6d_A_rec,mol_08,17.366006881022365,-18.024235344998583,35.390242226020945,0.4485827537954461,10,0,0,-1,success,
output/drugflow_baseline/2e6d_A_rec/mol_09.sdf,2e6d_A_rec,mol_09,3560.427862009354,-1.100287113822553,3561.5281491231767,2.1032975287900224,14,3,5,-1,success,
output/drugflow_baseline/2f2c_B_rec/mol_00.sdf,2f2c_B_rec,mol_00,,,,,0,0,0,0,error,Can't kekulize mol.  Unkekulized atoms: 1 5 11 12 13 14 15 17 20
output/drugflow_baseline/2f2c_B_rec/mol_01.sdf,2f2c_B_rec,mol_01,17.669508012097545,-38.95810584749325,56.627613859590795,0.17332116126550293,21,1,0,-1,success,
output/drugflow_baseline/2f2c_B_rec/mol_02.sdf,2f2c_B_rec,mol_02,,,,,0,0,0,0,error,Can't kekulize mol.  Unkekulized atoms: 0 2 5 7 9 10 13
output/drugflow_baseline/2f2c_B_rec/mol_03.sdf,2f2c_B_rec,mol_03,358.0726392021552,197.82482897110535,160.24781023104984,0.7266922045256151,33,4,0,-1,success,
output/drugflow_baseline/2f2c_B_rec/mol_04.sdf,2f2c_B_rec,mol_04,213.29464963656014,119.6702248620005,93.62442477455964,0.8101490174015359,34,5,1,-1,success,
output/drugflow_baseline/2f2c_B_rec/mol_05.sdf,2f2c_B_rec,mol_05,,,,,30,0,0,0,error,"Pre-condition Violation
	bad params pointer
	Violation occurred on line 79 in file Code/ForceField/UFF/AngleBend.cpp
	Failed Expression: at2Params
	RDKIT: 2026.03.1
	BOOST: 1_85
"
output/drugflow_baseline/2f2c_B_rec/mol_06.sdf,2f2c_B_rec,mol_06,185.5253453929708,86.45669274889774,99.06865264407305,0.44649634062181043,20,0,0,-1,success,
output/drugflow_baseline/2f2c_B_rec/mol_07.sdf,2f2c_B_rec,mol_07,150.38866484491922,114.0599858633735,36.32867898154572,0.22749839025110083,22,3,0,-1,success,
output/drugflow_baseline/2f2c_B_rec/mol_08.sdf,2f2c_B_rec,mol_08,77.62176389246794,59.864932863732186,17.756831028735753,0.18964777055252938,18,0,0,-1,success,
output/drugflow_baseline/2f2c_B_rec/mol_09.sdf,2f2c_B_rec,mol_09,89.55186937657504,68.77853989865552,20.773329477919518,0.2057443655917685,19,1,1,-1,success,
output/drugflow_baseline/2gns_A_rec/mol_00.sdf,2gns_A_rec,mol_00,144.0953913080094,59.29775388472723,84.79763742328217,0.8779518646897582,26,4,0,-1,success,
output/drugflow_baseline/2gns_A_rec/mol_01.sdf,2gns_A_rec,mol_01,115.8707845081245,74.70955390228613,41.16123060583837,0.33917464395757996,22,4,1,-1,success,
output/drugflow_baseline/2gns_A_rec/mol_02.sdf,2gns_A_rec,mol_02,52.432181154021805,9.27154697253371,43.16063418148809,0.18204530552763293,12,1,0,-1,success,
output/drugflow_baseline/2gns_A_rec/mol_03.sdf,2gns_A_rec,mol_03,,,,,0,0,0,0,error,Can't kekulize mol.  Unkekulized atoms: 1 6 12 15 23
output/drugflow_baseline/2gns_A_rec/mol_04.sdf,2gns_A_rec,mol_04,,,,,0,0,0,0,error,Can't kekulize mol.  Unkekulized atoms: 1 3 8 12 13
output/drugflow_baseline/2gns_A_rec/mol_05.sdf,2gns_A_rec,mol_05,42.05960497595868,-0.9958954705004786,43.055500446459156,0.7897205041076549,13,1,0,-1,success,
output/drugflow_baseline/2gns_A_rec/mol_06.sdf,2gns_A_rec,mol_06,131.38696392919823,66.07053483670745,65.31642909249078,0.9453397914292226,20,2,2,-1,success,
output/drugflow_baseline/2gns_A_rec/mol_07.sdf,2gns_A_rec,mol_07,24.01216517721809,7.904019151568863,16.108146025649226,0.2312871551048303,12,0,0,-1,success,
output/drugflow_baseline/2gns_A_rec/mol_08.sdf,2gns_A_rec,mol_08,50.59737435159429,29.004509658535653,21.592864693058637,0.12518541518117138,13,0,0,-1,success,
output/drugflow_baseline/2gns_A_rec/mol_09.sdf,2gns_A_rec,mol_09,236.71224250889506,26.88988288457195,209.8223596243231,0.5432032818270505,10,7,0,-1,success,
output/drugflow_baseline/2hcj_B_rec/mol_00.sdf,2hcj_B_rec,mol_00,-193.09168667415082,-330.5915266258474,137.49983995169657,1.3527964532218602,28,3,2,-1,success,
output/drugflow_baseline/2hcj_B_rec/mol_01.sdf,2hcj_B_rec,mol_01,2773.7481804026793,-305.81750843089117,3079.5656888335707,2.001489679007959,24,1,4,-1,success,
output/drugflow_baseline/2hcj_B_rec/mol_02.sdf,2hcj_B_rec,mol_02,-151.3712769394469,-384.6383332125835,233.26705627313663,1.671198064776958,28,4,2,-1,success,
output/drugflow_baseline/2hcj_B_rec/mol_03.sdf,2hcj_B_rec,mol_03,-200.63647815120606,-346.7368359733829,146.10035782217682,2.2556608375904705,21,5,0,-1,success,
output/drugflow_baseline/2hcj_B_rec/mol_04.sdf,2hcj_B_rec,mol_04,,,,,0,0,0,0,error,"Explicit valence for atom # 14 O, 3, is greater than permitted"
output/drugflow_baseline/2hcj_B_rec/mol_05.sdf,2hcj_B_rec,mol_05,,,,,0,0,0,0,error,"Explicit valence for atom # 16 O, 3, is greater than permitted"
output/drugflow_baseline/2hcj_B_rec/mol_06.sdf,2hcj_B_rec,mol_06,310.94087493522863,-286.2647334623225,597.2056083975511,1.1283610609108992,28,5,4,-1,success,
output/drugflow_baseline/2hcj_B_rec/mol_07.sdf,2hcj_B_rec,mol_07,4312.784071892489,-249.11415754777587,4561.898229440265,1.642121193885315,18,6,1,-1,success,
output/drugflow_baseline/2hcj_B_rec/mol_08.sdf,2hcj_B_rec,mol_08,990.8193769713774,-131.92485600381605,1122.7442329751934,1.385233131757069,16,0,0,-1,success,
output/drugflow_baseline/2hcj_B_rec/mol_09.sdf,2hcj_B_rec,mol_09,219.4832244141476,-236.26801177039638,455.751236184544,1.5175847202747497,25,0,1,-1,success,
output/drugflow_baseline/2jjg_A_rec/mol_00.sdf,2jjg_A_rec,mol_00,285.43588524780955,-1.2694875798478482,286.7053728276574,0.38760146264520157,14,7,1,-1,success,
output/drugflow_baseline/2jjg_A_rec/mol_01.sdf,2jjg_A_rec,mol_01,337.71437411976177,35.50199378739903,302.2123803323627,1.3663377213624828,11,0,0,-1,success,
output/drugflow_baseline/2jjg_A_rec/mol_02.sdf,2jjg_A_rec,mol_02,373.49388649005584,35.75484799464758,337.7390384954083,1.335332365821739,11,1,1,-1,success,
output/drugflow_baseline/2jjg_A_rec/mol_03.sdf,2jjg_A_rec,mol_03,663.8561625070132,56.471767034101596,607.3843954729116,1.1675530214373677,30,6,4,-1,success,
output/drugflow_baseline/2jjg_A_rec/mol_04.sdf,2jjg_A_rec,mol_04,-61.14368965160439,-165.84739713914036,104.70370748753597,0.7080769267637016,16,8,1,-1,success,
output/drugflow_baseline/2jjg_A_rec/mol_05.sdf,2jjg_A_rec,mol_05,68.97392089810563,-35.83915568426505,104.81307658237068,0.4242953317891735,12,0,0,-1,success,
output/drugflow_baseline/2jjg_A_rec/mol_06.sdf,2jjg_A_rec,mol_06,-29.552984021868262,-85.57741846235632,56.02443444048806,0.7081368747604719,15,0,0,-1,success,
output/drugflow_baseline/2jjg_A_rec/mol_07.sdf,2jjg_A_rec,mol_07,,,,,0,0,0,0,error,Can't kekulize mol.  Unkekulized atoms: 0 3 5 6 8 10 11 12 15 16 17 19 21 22
output/drugflow_baseline/2jjg_A_rec/mol_08.sdf,2jjg_A_rec,mol_08,-48.111540334415565,-184.05825724839093,135.94671691397537,0.6725211566802181,14,0,3,-1,success,
output/drugflow_baseline/2jjg_A_rec/mol_09.sdf,2jjg_A_rec,mol_09,98.54245386927032,1.4736382707156919,97.06881559855462,0.2334686250040531,12,0,0,-1,success,
output/drugflow_baseline/2pc8_A_rec/mol_00.sdf,2pc8_A_rec,mol_00,49.00701018363281,-25.21974694586861,74.22675712950142,0.3587520535202576,13,5,0,-1,success,
output/drugflow_baseline/2pc8_A_rec/mol_01.sdf,2pc8_A_rec,mol_01,,,,,0,0,0,0,error,"Explicit valence for atom # 0 O, 3, is greater than permitted"
output/drugflow_baseline/2pc8_A_rec/mol_02.sdf,2pc8_A_rec,mol_02,250.95815041150271,-50.02583186960468,300.9839822811074,0.3607473975292952,17,9,0,-1,success,
output/drugflow_baseline/2pc8_A_rec/mol_03.sdf,2pc8_A_rec,mol_03,325.22079371015553,51.75161027674779,273.46918343340775,0.8952166180269816,24,8,4,-1,success,
output/drugflow_baseline/2pc8_A_rec/mol_04.sdf,2pc8_A_rec,mol_04,29.780625135006254,-1.515169983730824,31.29579511873708,0.46518521095263726,10,1,1,-1,success,
output/drugflow_baseline/2pc8_A_rec/mol_05.sdf,2pc8_A_rec,mol_05,11396.199575976418,53.21857474927741,11342.981001227141,1.2265428385688275,31,48,1,-1,success,
output/drugflow_baseline/2pc8_A_rec/mol_06.sdf,2pc8_A_rec,mol_06,158.2935530732789,82.25051056132794,76.04304251195096,0.20470823443079575,14,0,0,-1,success,
output/drugflow_baseline/2pc8_A_rec/mol_07.sdf,2pc8_A_rec,mol_07,,,,,0,0,0,0,error,Can't kekulize mol.  Unkekulized atoms: 3 5 11 12 21
output/drugflow_baseline/2pc8_A_rec/mol_08.sdf,2pc8_A_rec,mol_08,405.4423185169585,36.79951058621096,368.64280793074755,0.7473051602771413,20,11,2,-1,success,
output/drugflow_baseline/2pc8_A_rec/mol_09.sdf,2pc8_A_rec,mol_09,841.5160330973613,50.89562459030628,790.620408507055,1.497591077025552,13,7,1,-1,success,
output/drugflow_baseline/2pqw_A_rec/mol_00.sdf,2pqw_A_rec,mol_00,74.9841159340759,39.09949719619003,35.88461873788587,0.4603553142204028,18,0,0,-1,success,
output/drugflow_baseline/2pqw_A_rec/mol_01.sdf,2pqw_A_rec,mol_01,46.0790612734196,-7.239946935650783,53.31900820907038,0.4965601431785227,9,5,0,-1,success,
output/drugflow_baseline/2pqw_A_rec/mol_02.sdf,2pqw_A_rec,mol_02,116.48987392516514,7.0410999357304735,109.44877398943467,0.39666274630686843,10,3,0,-1,success,
output/drugflow_baseline/2pqw_A_rec/mol_03.sdf,2pqw_A_rec,mol_03,235.18271876484437,28.719099285809843,206.46361947903452,0.38249693988945377,10,1,0,-1,success,
output/drugflow_baseline/2pqw_A_rec/mol_04.sdf,2pqw_A_rec,mol_04,20.479731777357706,-5.685281332816569,26.165013110174275,0.36023035259339825,9,1,0,-1,success,
output/drugflow_baseline/2pqw_A_rec/mol_05.sdf,2pqw_A_rec,mol_05,-93.15620618390497,-140.25141710905095,47.09521092514598,0.9296982935616965,12,4,0,-1,success,
output/drugflow_baseline/2pqw_A_rec/mol_06.sdf,2pqw_A_rec,mol_06,44.58633918441247,4.855747961015144,39.730591223397326,0.7568977064967658,10,2,0,-1,success,
output/drugflow_baseline/2pqw_A_rec/mol_07.sdf,2pqw_A_rec,mol_07,153.31685933972824,25.868902695095752,127.44795664463248,0.5551083019802059,11,0,0,-1,success,
output/drugflow_baseline/2pqw_A_rec/mol_08.sdf,2pqw_A_rec,mol_08,-81.64257108424039,-121.97715892623553,40.334587841995145,0.32831906854098397,11,0,0,-1,success,
output/drugflow_baseline/2pqw_A_rec/mol_09.sdf,2pqw_A_rec,mol_09,32.34269467264713,2.664638974920096,29.678055697727032,0.38758045743842956,9,1,0,-1,success,
output/drugflow_baseline/2rhy_A_rec/mol_00.sdf,2rhy_A_rec,mol_00,494.16236512038904,28.506805845486777,465.65555927490226,0.6097059347915491,6,7,0,-1,success,
output/drugflow_baseline/2rhy_A_rec/mol_01.sdf,2rhy_A_rec,mol_01,197.98145455314102,-9.058331166677752,207.03978571981878,0.6097442745057989,10,4,0,-1,success,
output/drugflow_baseline/2rhy_A_rec/mol_02.sdf,2rhy_A_rec,mol_02,6169.822818341681,13.688691069857345,6156.134127271824,0.7957036096072411,11,23,0,-1,success,
output/drugflow_baseline/2rhy_A_rec/mol_03.sdf,2rhy_A_rec,mol_03,,,,,0,0,0,0,error,"Explicit valence for atom # 3 C, 5, is greater than permitted"
output/drugflow_baseline/2rhy_A_rec/mol_04.sdf,2rhy_A_rec,mol_04,86.48796865677721,-24.704876181841552,111.19284483861877,1.3375794548373725,12,0,1,-1,success,
output/drugflow_baseline/2rhy_A_rec/mol_05.sdf,2rhy_A_rec,mol_05,624.1447254244815,105.36543897021826,518.7792864542632,1.3088836070334116,18,0,0,-1,success,
output/drugflow_baseline/2rhy_A_rec/mol_06.sdf,2rhy_A_rec,mol_06,73.09184574853577,16.626404523244236,56.46544122529154,1.0376325506105086,13,2,1,-1,success,
output/drugflow_baseline/2rhy_A_rec/mol_07.sdf,2rhy_A_rec,mol_07,186.1208815498955,86.73649613298085,99.38438541691465,0.6005321854123244,25,1,1,-1,success,
output/drugflow_baseline/2rhy_A_rec/mol_08.sdf,2rhy_A_rec,mol_08,49.55825166816982,25.92965215492989,23.628599513239926,0.41513165222172627,7,3,0,-1,success,
output/drugflow_baseline/2rhy_A_rec/mol_09.sdf,2rhy_A_rec,mol_09,124.05456380831578,-32.96943338595848,157.02399719427427,0.2540002528273394,9,0,0,-1,success,
output/drugflow_baseline/2rma_A_rec/mol_00.sdf,2rma_A_rec,mol_00,285.14083631524363,73.4830088385192,211.65782747672444,2.4218381777100455,25,7,0,-1,success,
output/drugflow_baseline/2rma_A_rec/mol_01.sdf,2rma_A_rec,mol_01,313.92546156575315,18.35186616337394,295.5735954023792,0.9436805034102081,26,5,3,-1,success,
output/drugflow_baseline/2rma_A_rec/mol_02.sdf,2rma_A_rec,mol_02,17.505767501477422,-75.43052812275391,92.93629562423133,0.33813807443114763,27,0,1,-1,success,
output/drugflow_baseline/2rma_A_rec/mol_03.sdf,2rma_A_rec,mol_03,250.05950095820964,1.8374629213273193,248.2220380368823,0.8804163674360005,27,5,5,-1,success,
output/drugflow_baseline/2rma_A_rec/mol_04.sdf,2rma_A_rec,mol_04,-22.756597278755535,-140.1264772960288,117.36988001727327,0.5539387244890385,20,0,2,-1,success,
output/drugflow_baseline/2rma_A_rec/mol_05.sdf,2rma_A_rec,mol_05,138.60853513136738,-41.31766545207785,179.92620058344522,2.2754758922240987,21,9,5,-1,success,
output/drugflow_baseline/2rma_A_rec/mol_06.sdf,2rma_A_rec,mol_06,153.63143920755908,10.191635186220303,143.43980402133877,1.2061685199109096,20,8,2,-1,success,
output/drugflow_baseline/2rma_A_rec/mol_07.sdf,2rma_A_rec,mol_07,193.2471168301775,-310.9954879869326,504.2426048171101,0.7774096489217592,21,11,3,-1,success,
output/drugflow_baseline/2rma_A_rec/mol_08.sdf,2rma_A_rec,mol_08,96.40779562529241,22.56910978409677,73.83868584119564,0.6878661809302196,21,2,2,-1,success,
output/drugflow_baseline/2rma_A_rec/mol_09.sdf,2rma_A_rec,mol_09,257.80152304202437,33.871108570114444,223.93041447190993,2.3022757745415565,24,4,2,-1,success,
output/drugflow_baseline/2v3r_A_rec/mol_00.sdf,2v3r_A_rec,mol_00,274.4411301156166,28.223137119827907,246.2179929957887,2.0265728330113832,25,5,1,-1,success,
output/drugflow_baseline/2v3r_A_rec/mol_01.sdf,2v3r_A_rec,mol_01,324.6522270327538,146.2785917174638,178.37363531529,0.7929292170023298,29,8,3,-1,success,
output/drugflow_baseline/2v3r_A_rec/mol_02.sdf,2v3r_A_rec,mol_02,170.8284682011148,71.49941206853075,99.32905613258404,1.2219746721104399,20,2,2,-1,success,
output/drugflow_baseline/2v3r_A_rec/mol_03.sdf,2v3r_A_rec,mol_03,186.94317104956716,142.83068149901388,44.11248955055328,1.2377161340791667,18,2,5,-1,success,
output/drugflow_baseline/2v3r_A_rec/mol_04.sdf,2v3r_A_rec,mol_04,197.43036013988018,85.34983172627699,112.08052841360319,0.27329504567591545,33,13,6,-1,success,
output/drugflow_baseline/2v3r_A_rec/mol_05.sdf,2v3r_A_rec,mol_05,162.48787907351198,110.74385994658101,51.744019126930965,0.619336281962352,18,4,3,-1,success,
output/drugflow_baseline/2v3r_A_rec/mol_06.sdf,2v3r_A_rec,mol_06,227.31371580081515,143.5505270831428,83.76318871767234,0.35011277991336476,26,5,2,-1,success,
output/drugflow_baseline/2v3r_A_rec/mol_07.sdf,2v3r_A_rec,mol_07,-46.84738437560011,-113.01233743158275,66.16495305598264,0.8964800884639389,17,4,3,-1,success,
output/drugflow_baseline/2v3r_A_rec/mol_08.sdf,2v3r_A_rec,mol_08,274.1963363938458,88.19433906953752,186.00199732430826,0.6852308344214829,19,3,0,-1,success,
output/drugflow_baseline/2v3r_A_rec/mol_09.sdf,2v3r_A_rec,mol_09,430.8948211104458,97.16249115096272,333.7323299594831,0.966285968814167,23,3,0,-1,success,
output/drugflow_baseline/2z3h_A_rec/mol_00.sdf,2z3h_A_rec,mol_00,107.16102637879524,38.1434373546338,69.01758902416145,1.0471100899635866,19,0,1,-1,success,
output/drugflow_baseline/2z3h_A_rec/mol_01.sdf,2z3h_A_rec,mol_01,262.0942955091402,-6.654088095640063,268.74838360478026,1.005574094516824,20,9,3,-1,success,
output/drugflow_baseline/2z3h_A_rec/mol_02.sdf,2z3h_A_rec,mol_02,,,,,0,0,0,0,error,Can't kekulize mol.  Unkekulized atoms: 7 11 15 17 20
output/drugflow_baseline/2z3h_A_rec/mol_03.sdf,2z3h_A_rec,mol_03,-6.7692485751476426,-85.85909529319301,79.08984671804537,0.8214334086320559,15,4,1,-1,success,
output/drugflow_baseline/2z3h_A_rec/mol_04.sdf,2z3h_A_rec,mol_04,327.547612557546,106.12546387643279,221.42214868111324,0.5298867255765178,22,3,0,-1,success,
output/drugflow_baseline/2z3h_A_rec/mol_05.sdf,2z3h_A_rec,mol_05,173.6475460818163,38.184988055508406,135.4625580263079,0.9787645490720901,20,8,1,-1,success,
output/drugflow_baseline/2z3h_A_rec/mol_06.sdf,2z3h_A_rec,mol_06,16.498568806325196,-13.257235127848594,29.75580393417379,0.35727303596224097,18,0,0,-1,success,
output/drugflow_baseline/2z3h_A_rec/mol_07.sdf,2z3h_A_rec,mol_07,928.2860588409361,-52.135535540833885,980.42159438177,0.8153210728555708,18,17,0,-1,success,
output/drugflow_baseline/2z3h_A_rec/mol_08.sdf,2z3h_A_rec,mol_08,61.167626701329745,-61.4137643972784,122.58139109860815,0.7563991540645243,16,8,0,-1,success,
output/drugflow_baseline/2z3h_A_rec/mol_09.sdf,2z3h_A_rec,mol_09,-9.244170007528616,-84.2403278357625,74.99615782823389,0.6249198717726446,15,2,3,-1,success,
output/drugflow_baseline/2zen_A_rec/mol_00.sdf,2zen_A_rec,mol_00,,,,,0,0,0,0,error,Can't kekulize mol.  Unkekulized atoms: 0 8 10 15 18 21 28
output/drugflow_baseline/2zen_A_rec/mol_01.sdf,2zen_A_rec,mol_01,51.62286012371652,25.793008061428008,25.829852062288513,0.8895220714356114,10,2,1,-1,success,
output/drugflow_baseline/2zen_A_rec/mol_02.sdf,2zen_A_rec,mol_02,129.32404724167964,64.93312634399257,64.39092089768707,1.0878762893819338,10,6,2,-1,success,
output/drugflow_baseline/2zen_A_rec/mol_03.sdf,2zen_A_rec,mol_03,329.5092897742171,217.14997177997714,112.35931799423997,0.3483674263938865,19,0,0,-1,success,
output/drugflow_baseline/2zen_A_rec/mol_04.sdf,2zen_A_rec,mol_04,29.07761538777883,3.8113622046510955,25.266253183127734,0.9491514586755446,9,1,3,-1,success,
output/drugflow_baseline/2zen_A_rec/mol_05.sdf,2zen_A_rec,mol_05,253.2655562244891,112.78824659371756,140.47730963077154,1.3095251892381286,22,5,2,-1,success,
output/drugflow_baseline/2zen_A_rec/mol_06.sdf,2zen_A_rec,mol_06,89.09426411758137,14.2749322433356,74.81933187424578,1.2917482625024095,16,3,0,-1,success,
output/drugflow_baseline/2zen_A_rec/mol_07.sdf,2zen_A_rec,mol_07,84.78989661264715,39.596839390160056,45.1930572224871,1.0387074028852696,9,4,5,-1,success,
output/drugflow_baseline/2zen_A_rec/mol_08.sdf,2zen_A_rec,mol_08,,,,,0,0,0,0,error,Can't kekulize mol.  Unkekulized atoms: 5 6 11 15 17
output/drugflow_baseline/2zen_A_rec/mol_09.sdf,2zen_A_rec,mol_09,-49.760336458227215,-113.56219716220292,63.801860703975706,0.5813503403690482,11,1,3,-1,success,
output/drugflow_baseline/3af2_A_rec/mol_00.sdf,3af2_A_rec,mol_00,-60.49265766040671,-144.2872170567801,83.79455939637339,1.524566517360389,21,4,3,-1,success,
output/drugflow_baseline/3af2_A_rec/mol_01.sdf,3af2_A_rec,mol_01,-368.31166169348785,-651.0735100267304,282.7618483332426,0.6440778794122474,30,6,2,-1,success,
output/drugflow_baseline/3af2_A_rec/mol_02.sdf,3af2_A_rec,mol_02,,,,,0,0,0,0,error,Can't kekulize mol.  Unkekulized atoms: 0 12 16 22
output/drugflow_baseline/3af2_A_rec/mol_03.sdf,3af2_A_rec,mol_03,,,,,0,0,0,0,error,Can't kekulize mol.  Unkekulized atoms: 6 7 8 11 16 22 30 32 40
output/drugflow_baseline/3af2_A_rec/mol_04.sdf,3af2_A_rec,mol_04,,,,,0,0,0,0,error,Can't kekulize mol.  Unkekulized atoms: 2 4 8 10 25
output/drugflow_baseline/3af2_A_rec/mol_05.sdf,3af2_A_rec,mol_05,525.6965074140593,-302.68669224341056,828.3831996574698,0.9070973251983072,29,7,2,-1,success,
output/drugflow_baseline/3af2_A_rec/mol_06.sdf,3af2_A_rec,mol_06,-207.48987136395596,-404.55748842747624,197.0676170635203,1.3129091436815952,29,3,7,-1,success,
output/drugflow_baseline/3af2_A_rec/mol_07.sdf,3af2_A_rec,mol_07,,,,,0,0,0,0,error,Can't kekulize mol.  Unkekulized atoms: 4 6 7 11 19 20 22
output/drugflow_baseline/3af2_A_rec/mol_08.sdf,3af2_A_rec,mol_08,,,,,0,0,0,0,error,"Explicit valence for atom # 0 O, 3, is greater than permitted"
output/drugflow_baseline/3af2_A_rec/mol_09.sdf,3af2_A_rec,mol_09,-20.090820335256865,-361.2280680038008,341.1372476685439,2.506660593085674,27,3,3,-1,success,
output/drugflow_baseline/3b6h_A_rec/mol_00.sdf,3b6h_A_rec,mol_00,39.08558449299529,15.675605758813894,23.409978734181394,0.46625509352954064,15,2,0,-1,success,
output/drugflow_baseline/3b6h_A_rec/mol_01.sdf,3b6h_A_rec,mol_01,142.77408216050037,56.4582379918878,86.31584416861257,1.8519764482309444,17,3,0,-1,success,
output/drugflow_baseline/3b6h_A_rec/mol_02.sdf,3b6h_A_rec,mol_02,69.59182455272284,54.76646535694654,14.8253591957763,0.18719706583245932,14,0,0,-1,success,
output/drugflow_baseline/3b6h_A_rec/mol_03.sdf,3b6h_A_rec,mol_03,282.60702579185823,149.83283716183553,132.7741886300227,0.3679915527771203,34,5,0,-1,success,
output/drugflow_baseline/3b6h_A_rec/mol_04.sdf,3b6h_A_rec,mol_04,,,,,0,0,0,0,error,Can't kekulize mol.  Unkekulized atoms: 0 1 4 5 6 9 13 14 19
output/drugflow_baseline/3b6h_A_rec/mol_05.sdf,3b6h_A_rec,mol_05,128.26107852723354,54.32288913729756,73.93818938993599,0.74009273650333,16,0,0,-1,success,
output/drugflow_baseline/3b6h_A_rec/mol_06.sdf,3b6h_A_rec,mol_06,200.66919834092852,126.72829257122805,73.94090576970046,0.19171411362133362,24,4,1,-1,success,
output/drugflow_baseline/3b6h_A_rec/mol_07.sdf,3b6h_A_rec,mol_07,216.86814776897108,95.08958878406318,121.7785589849079,1.3418736588115763,26,6,2,-1,success,
output/drugflow_baseline/3b6h_A_rec/mol_08.sdf,3b6h_A_rec,mol_08,217.1320665127906,63.05271624422634,154.07935026856427,0.48203121788719955,19,1,0,-1,success,
output/drugflow_baseline/3b6h_A_rec/mol_09.sdf,3b6h_A_rec,mol_09,72.9522502414381,28.158703400373597,44.7935468410645,0.4038385226614031,15,2,0,-1,success,
output/drugflow_baseline/3chc_B_rec/mol_00.sdf,3chc_B_rec,mol_00,14836.639696344648,-11.08665612619069,14847.726352470838,1.3087673504983668,21,37,0,-1,success,
output/drugflow_baseline/3chc_B_rec/mol_01.sdf,3chc_B_rec,mol_01,,,,,0,0,0,0,error,Can't kekulize mol.  Unkekulized atoms: 2 7 9 10 12
output/drugflow_baseline/3chc_B_rec/mol_02.sdf,3chc_B_rec,mol_02,143.4408811751709,14.464772047461182,128.97610912770972,0.4392155059592901,14,0,0,-1,success,
output/drugflow_baseline/3chc_B_rec/mol_03.sdf,3chc_B_rec,mol_03,32651.473534063913,129.43209216075627,32522.041441903155,0.7793404189547514,22,23,0,-1,success,
output/drugflow_baseline/3chc_B_rec/mol_04.sdf,3chc_B_rec,mol_04,1946.342244374907,56.15879413056035,1890.1834502443467,0.2714800645972216,10,5,1,-1,success,
output/drugflow_baseline/3chc_B_rec/mol_05.sdf,3chc_B_rec,mol_05,,,,,0,0,0,0,error,"Explicit valence for atom # 13 C, 5, is greater than permitted"
output/drugflow_baseline/3chc_B_rec/mol_06.sdf,3chc_B_rec,mol_06,14.59610513306787,-24.529358099798934,39.12546323286681,0.11653820497325963,11,0,0,-1,success,
output/drugflow_baseline/3chc_B_rec/mol_07.sdf,3chc_B_rec,mol_07,212.56804473178715,67.38318904013985,145.1848556916473,0.6160137863597984,11,3,1,-1,success,
output/drugflow_baseline/3chc_B_rec/mol_08.sdf,3chc_B_rec,mol_08,,,,,0,0,0,0,error,"Explicit valence for atom # 13 C, 5, is greater than permitted"
output/drugflow_baseline/3chc_B_rec/mol_09.sdf,3chc_B_rec,mol_09,468.08915618696426,40.334692642260634,427.75446354470364,0.2854217635698124,12,14,0,-1,success,
output/drugflow_baseline/3daf_A_rec/mol_00.sdf,3daf_A_rec,mol_00,307.9550532586407,39.29094697650018,268.66410628214055,0.9328527468944036,34,6,3,-1,success,
output/drugflow_baseline/3daf_A_rec/mol_01.sdf,3daf_A_rec,mol_01,913.0650457172181,31.352900105850686,881.7121456113674,0.9372907323994024,37,1,4,-1,success,
output/drugflow_baseline/3daf_A_rec/mol_02.sdf,3daf_A_rec,mol_02,767.1362073200578,96.71501936338771,670.4211879566701,1.0896859866037127,37,8,1,-1,success,
output/drugflow_baseline/3daf_A_rec/mol_03.sdf,3daf_A_rec,mol_03,1171.1198412831927,93.22597233210962,1077.893868951083,1.623160153215217,33,3,1,-1,success,
output/drugflow_baseline/3daf_A_rec/mol_04.sdf,3daf_A_rec,mol_04,357.98256870324565,-154.2135831830216,512.1961518862672,1.8875740054039634,35,2,2,-1,success,
output/drugflow_baseline/3daf_A_rec/mol_05.sdf,3daf_A_rec,mol_05,326.391214265309,-12.537915388440368,338.9291296537493,1.7527605909050186,33,3,2,-1,success,
output/drugflow_baseline/3daf_A_rec/mol_06.sdf,3daf_A_rec,mol_06,880.6956095890027,100.9314285453913,779.7641810436114,0.9611269453727352,33,3,1,-1,success,
output/drugflow_baseline/3daf_A_rec/mol_07.sdf,3daf_A_rec,mol_07,7753.7587839217795,108.09573199908615,7645.663051922694,6.02210584261435,31,16,0,-1,success,
output/drugflow_baseline/3daf_A_rec/mol_08.sdf,3daf_A_rec,mol_08,1149.2439577211958,10.047670596535578,1139.19628712466,1.557448144896337,36,20,4,-1,success,
output/drugflow_baseline/3daf_A_rec/mol_09.sdf,3daf_A_rec,mol_09,43.52346154310351,-150.0100959848543,193.5335575279578,0.9688294259035596,38,6,4,-1,success,
output/drugflow_baseline/3dzh_A_rec/mol_00.sdf,3dzh_A_rec,mol_00,-184.98099585166847,-396.0862192806969,211.10522342902846,2.428899061824402,39,17,1,-1,success,
output/drugflow_baseline/3dzh_A_rec/mol_01.sdf,3dzh_A_rec,mol_01,265.2448369675167,77.87355364634166,187.371283321175,1.0603133445406032,40,10,2,-1,success,
output/drugflow_baseline/3dzh_A_rec/mol_02.sdf,3dzh_A_rec,mol_02,511.41077639508785,-70.72519549933408,582.1359718944219,1.4204155889412073,31,12,1,-1,success,
output/drugflow_baseline/3dzh_A_rec/mol_03.sdf,3dzh_A_rec,mol_03,213.63781498904348,-113.41139440791427,327.04920939695774,2.987599974408012,29,4,1,-1,success,
output/drugflow_baseline/3dzh_A_rec/mol_04.sdf,3dzh_A_rec,mol_04,162.13013094111113,-238.661153008154,400.7912839492651,0.7228797674224171,37,6,4,-1,success,
output/drugflow_baseline/3dzh_A_rec/mol_05.sdf,3dzh_A_rec,mol_05,78.5816401207405,-36.45950154698575,115.04114166772625,0.5367433082754208,30,3,0,-1,success,
output/drugflow_baseline/3dzh_A_rec/mol_06.sdf,3dzh_A_rec,mol_06,241.25800478004382,17.96725458178271,223.2907501982611,1.0031974235321997,33,7,4,-1,success,
output/drugflow_baseline/3dzh_A_rec/mol_07.sdf,3dzh_A_rec,mol_07,19.33859956572482,-161.22470944785238,180.5633090135772,0.7912627931388996,31,6,1,-1,success,
output/drugflow_baseline/3dzh_A_rec/mol_08.sdf,3dzh_A_rec,mol_08,,,,,0,0,0,0,error,Can't kekulize mol.  Unkekulized atoms: 6 9 17 27 31
output/drugflow_baseline/3dzh_A_rec/mol_09.sdf,3dzh_A_rec,mol_09,556.1020911602125,10.191416623739947,545.9106745364725,2.682966623331376,38,8,1,-1,success,
output/drugflow_baseline/3ej8_A_rec/mol_00.sdf,3ej8_A_rec,mol_00,96.86189394943047,58.752632000520926,38.10926194890954,0.21756388519610714,17,0,3,-1,success,
output/drugflow_baseline/3ej8_A_rec/mol_01.sdf,3ej8_A_rec,mol_01,113.71310885325404,74.2836380636521,39.429470789601936,0.9047292961478498,11,2,1,-1,success,
output/drugflow_baseline/3ej8_A_rec/mol_02.sdf,3ej8_A_rec,mol_02,155.73307246159857,44.33864383513179,111.39442862646678,0.21536881276016043,10,0,0,-1,success,
output/drugflow_baseline/3ej8_A_rec/mol_03.sdf,3ej8_A_rec,mol_03,1283.7175769096193,97.48104541384218,1186.2365314957772,0.37227821341550865,17,8,0,-1,success,
output/drugflow_baseline/3ej8_A_rec/mol_04.sdf,3ej8_A_rec,mol_04,159.9512510115428,19.207112597085864,140.74413841445696,0.6155734084924791,18,0,0,-1,success,
output/drugflow_baseline/3ej8_A_rec/mol_05.sdf,3ej8_A_rec,mol_05,105.82361615595799,35.78941897835684,70.03419717760116,0.559020471830209,12,1,1,-1,success,
output/drugflow_baseline/3ej8_A_rec/mol_06.sdf,3ej8_A_rec,mol_06,175.11734384279487,34.02850748079836,141.0888363619965,0.23645012638840823,11,0,0,-1,success,
output/drugflow_baseline/3ej8_A_rec/mol_07.sdf,3ej8_A_rec,mol_07,,,,,0,0,0,0,error,Can't kekulize mol.  Unkekulized atoms: 0 1 3 6 13 14 16 17 19 20
output/drugflow_baseline/3ej8_A_rec/mol_08.sdf,3ej8_A_rec,mol_08,45.68739532943081,-7.498581188322284,53.18597651775309,1.5144914426240628,19,3,0,-1,success,
output/drugflow_baseline/3ej8_A_rec/mol_09.sdf,3ej8_A_rec,mol_09,107.75654926591719,45.25973164161134,62.49681762430585,0.24090766097041638,20,2,2,-1,success,
output/drugflow_baseline/3g51_A_rec/mol_00.sdf,3g51_A_rec,mol_00,-197.79612654154053,-300.4064490452395,102.610322503699,1.9413968745959882,27,4,3,-1,success,
output/drugflow_baseline/3g51_A_rec/mol_01.sdf,3g51_A_rec,mol_01,,,,,0,0,0,0,error,Can't kekulize mol.  Unkekulized atoms: 0 10 12 18 20 22 28
output/drugflow_baseline/3g51_A_rec/mol_02.sdf,3g51_A_rec,mol_02,1542.567598374615,-215.8083003467024,1758.3758987213175,2.782531312676716,24,4,2,-1,success,
output/drugflow_baseline/3g51_A_rec/mol_03.sdf,3g51_A_rec,mol_03,-168.3564162429448,-355.15910131496423,186.80268507201944,0.5385399848294227,28,4,1,-1,success,
output/drugflow_baseline/3g51_A_rec/mol_04.sdf,3g51_A_rec,mol_04,-252.11713389920183,-377.6890288325806,125.57189493337879,1.1014173694400646,25,0,1,-1,success,
output/drugflow_baseline/3g51_A_rec/mol_05.sdf,3g51_A_rec,mol_05,-245.72353965206463,-384.1418510772506,138.41831142518595,2.263386542914324,25,0,0,-1,success,
output/drugflow_baseline/3g51_A_rec/mol_06.sdf,3g51_A_rec,mol_06,-72.16087380222974,-152.4389471184975,80.27807331626776,0.855334262368806,22,1,0,-1,success,
output/drugflow_baseline/3g51_A_rec/mol_07.sdf,3g51_A_rec,mol_07,-181.44281070963874,-414.1090488191934,232.66623810955466,1.429785828245583,28,5,3,-1,success,
output/drugflow_baseline/3g51_A_rec/mol_08.sdf,3g51_A_rec,mol_08,-115.53937238105728,-240.935106583891,125.39573420283374,0.7330093847275403,29,5,2,-1,success,
output/drugflow_baseline/3g51_A_rec/mol_09.sdf,3g51_A_rec,mol_09,-49.82709725287209,-135.10546459961768,85.27836734674558,0.6329228294582891,22,4,0,-1,success,
output/drugflow_baseline/3gs6_A_rec/mol_00.sdf,3gs6_A_rec,mol_00,43.904548431136135,-154.8509416914792,198.75549012261533,1.2585350824327064,15,9,4,-1,success,
output/drugflow_baseline/3gs6_A_rec/mol_01.sdf,3gs6_A_rec,mol_01,96.48140654600041,-177.0523148308123,273.5337213768127,1.0807784161294918,17,5,4,-1,success,
output/drugflow_baseline/3gs6_A_rec/mol_02.sdf,3gs6_A_rec,mol_02,178.77343734442346,-133.27569100827614,312.0491283526996,0.410512299023045,27,12,6,-1,success,
output/drugflow_baseline/3gs6_A_rec/mol_03.sdf,3gs6_A_rec,mol_03,115.1946308172929,-10.062474681866993,125.25710549915989,1.2011639080008323,15,1,2,-1,success,
output/drugflow_baseline/3gs6_A_rec/mol_04.sdf,3gs6_A_rec,mol_04,,,,,0,0,0,0,error,Can't kekulize mol.  Unkekulized atoms: 14 15 23 30 33
output/drugflow_baseline/3gs6_A_rec/mol_05.sdf,3gs6_A_rec,mol_05,-191.75747017655362,-370.14331370885054,178.38584353229692,0.5255424514168555,23,7,3,-1,success,
output/drugflow_baseline/3gs6_A_rec/mol_06.sdf,3gs6_A_rec,mol_06,-43.30342676944883,-173.19513332525216,129.89170655580332,0.48112034002494497,17,6,0,-1,success,
output/drugflow_baseline/3gs6_A_rec/mol_07.sdf,3gs6_A_rec,mol_07,78.752671593081,-312.5993863018849,391.3520578949659,0.9806267079013877,18,2,6,-1,success,
output/drugflow_baseline/3gs6_A_rec/mol_08.sdf,3gs6_A_rec,mol_08,-40.156177533599546,-120.23184834206775,80.0756708084682,1.095759414082292,17,0,3,-1,success,
output/drugflow_baseline/3gs6_A_rec/mol_09.sdf,3gs6_A_rec,mol_09,147.81993035352318,105.7754477709085,42.04448258261468,0.3559950896796243,15,1,8,-1,success,
output/drugflow_baseline/3hy9_B_rec/mol_00.sdf,3hy9_B_rec,mol_00,98.86088004120653,58.96001149003062,39.90086855117591,1.3590039324242862,25,2,0,-1,success,
output/drugflow_baseline/3hy9_B_rec/mol_01.sdf,3hy9_B_rec,mol_01,29.874904319653282,-31.127663156276704,61.002567475929986,0.8826242066676916,17,4,0,-1,success,
output/drugflow_baseline/3hy9_B_rec/mol_02.sdf,3hy9_B_rec,mol_02,406.69333669931365,53.76105717696762,352.93227952234605,1.2656085981359955,16,2,0,-1,success,
output/drugflow_baseline/3hy9_B_rec/mol_03.sdf,3hy9_B_rec,mol_03,55.27455617032062,-38.63592685260998,93.9104830229306,0.6537141620283291,16,5,1,-1,success,
output/drugflow_baseline/3hy9_B_rec/mol_04.sdf,3hy9_B_rec,mol_04,149.22200387506714,50.2263399864685,98.99566388859864,1.0534442157063617,20,1,2,-1,success,
output/drugflow_baseline/3hy9_B_rec/mol_05.sdf,3hy9_B_rec,mol_05,,,,,22,0,0,0,error,"Pre-condition Violation
	bad params pointer
	Violation occurred on line 79 in file Code/ForceField/UFF/AngleBend.cpp
	Failed Expression: at2Params
	RDKIT: 2026.03.1
	BOOST: 1_85
"
output/drugflow_baseline/3hy9_B_rec/mol_06.sdf,3hy9_B_rec,mol_06,102.1276696125493,68.31308301228364,33.814586600265656,0.4381450531439152,18,1,0,-1,success,
output/drugflow_baseline/3hy9_B_rec/mol_07.sdf,3hy9_B_rec,mol_07,58.027820715403266,-19.127863535738346,77.15568425114161,0.5658945459698647,18,3,1,-1,success,
output/drugflow_baseline/3hy9_B_rec/mol_08.sdf,3hy9_B_rec,mol_08,206.40487822063298,37.85153829303089,168.55333992760208,1.5080568754219463,36,9,2,-1,success,
output/drugflow_baseline/3hy9_B_rec/mol_09.sdf,3hy9_B_rec,mol_09,233.35198729160484,48.64248925555738,184.70949803604748,1.493886272967392,29,4,2,-1,success,
output/drugflow_baseline/3jyh_A_rec/mol_00.sdf,3jyh_A_rec,mol_00,,,,,0,0,0,0,error,"Explicit valence for atom # 23 C, 5, is greater than permitted"
output/drugflow_baseline/3jyh_A_rec/mol_01.sdf,3jyh_A_rec,mol_01,295.7647099218659,76.25982888601906,219.50488103584684,0.8170062850695811,21,15,1,-1,success,
output/drugflow_baseline/3jyh_A_rec/mol_02.sdf,3jyh_A_rec,mol_02,112.94209588177037,34.02312366136897,78.9189722204014,0.41897953547292444,18,13,2,-1,success,
output/drugflow_baseline/3jyh_A_rec/mol_03.sdf,3jyh_A_rec,mol_03,114.49881830265412,57.967877877052146,56.53094042560197,0.6782378145254913,11,1,3,-1,success,
output/drugflow_baseline/3jyh_A_rec/mol_04.sdf,3jyh_A_rec,mol_04,,,,,0,0,0,0,error,"Explicit valence for atom # 10 C, 5, is greater than permitted"
output/drugflow_baseline/3jyh_A_rec/mol_05.sdf,3jyh_A_rec,mol_05,276.67360323047757,85.03461000285496,191.63899322762262,0.16437797788818162,16,8,0,-1,success,
output/drugflow_baseline/3jyh_A_rec/mol_06.sdf,3jyh_A_rec,mol_06,140.49084432399496,28.806469118327538,111.68437520566742,0.3629499064943266,18,12,1,-1,success,
output/drugflow_baseline/3jyh_A_rec/mol_07.sdf,3jyh_A_rec,mol_07,157.53175729443944,53.17036422757045,104.361393066869,0.6083929218734975,12,9,1,-1,success,
output/drugflow_baseline/3jyh_A_rec/mol_08.sdf,3jyh_A_rec,mol_08,,,,,0,0,0,0,error,"Explicit valence for atom # 11 C, 5, is greater than permitted"
output/drugflow_baseline/3jyh_A_rec/mol_09.sdf,3jyh_A_rec,mol_09,140.33466194947704,74.136366510524,66.19829543895304,0.840471627708336,14,3,0,-1,success,
output/drugflow_baseline/3kc1_A_rec/mol_00.sdf,3kc1_A_rec,mol_00,321.04719971703605,10.970979139782756,310.0762205772533,0.9501545101331852,23,5,2,-1,success,
output/drugflow_baseline/3kc1_A_rec/mol_01.sdf,3kc1_A_rec,mol_01,-157.08454874100153,-283.3010654660923,126.2165167250908,1.4794099802262106,16,1,3,-1,success,
output/drugflow_baseline/3kc1_A_rec/mol_02.sdf,3kc1_A_rec,mol_02,-30.07784546955466,-122.0360419611805,91.95819649162584,0.6660989010803705,16,0,2,-1,success,
output/drugflow_baseline/3kc1_A_rec/mol_03.sdf,3kc1_A_rec,mol_03,,,,,0,0,0,0,error,Can't kekulize mol.  Unkekulized atoms: 1 5 8 11
output/drugflow_baseline/3kc1_A_rec/mol_04.sdf,3kc1_A_rec,mol_04,30.300072332873413,-106.001073282577,136.30114561545042,1.1348528336577255,18,5,0,-1,success,
output/drugflow_baseline/3kc1_A_rec/mol_05.sdf,3kc1_A_rec,mol_05,529.2228889706099,-4.7079229132493055,533.9308118838592,1.1816965695232495,38,5,1,-1,success,
output/drugflow_baseline/3kc1_A_rec/mol_06.sdf,3kc1_A_rec,mol_06,,,,,0,0,0,0,error,Can't kekulize mol.  Unkekulized atoms: 0 2 5 6 9
output/drugflow_baseline/3kc1_A_rec/mol_07.sdf,3kc1_A_rec,mol_07,88.7827265229318,-14.135944780636562,102.91867130356836,1.7931809213038088,18,1,0,-1,success,
output/drugflow_baseline/3kc1_A_rec/mol_08.sdf,3kc1_A_rec,mol_08,-50.923466731002925,-128.86056990839154,77.93710317738862,1.0322702225761047,18,1,0,-1,success,
output/drugflow_baseline/3kc1_A_rec/mol_09.sdf,3kc1_A_rec,mol_09,178.35109810575884,2.9252345197556853,175.42586358600315,0.7170051640334334,19,9,6,-1,success,
output/drugflow_baseline/3l3n_A_rec/mol_00.sdf,3l3n_A_rec,mol_00,149.1232335837408,81.17920352857573,67.94403005516509,0.4336168760094241,19,6,1,-1,success,
output/drugflow_baseline/3l3n_A_rec/mol_01.sdf,3l3n_A_rec,mol_01,118.3016441264593,-41.20731296981084,159.50895709627014,0.8701039002842202,16,1,0,-1,success,
output/drugflow_baseline/3l3n_A_rec/mol_02.sdf,3l3n_A_rec,mol_02,,,,,0,0,0,0,error,"Explicit valence for atom # 13 C, 5, is greater than permitted"
output/drugflow_baseline/3l3n_A_rec/mol_03.sdf,3l3n_A_rec,mol_03,,,,,0,0,0,0,error,"Explicit valence for atom # 11 C, 5, is greater than permitted"
output/drugflow_baseline/3l3n_A_rec/mol_04.sdf,3l3n_A_rec,mol_04,303.31283369078875,-68.78339189446942,372.09622558525814,1.4742627252948621,21,17,0,-1,success,
output/drugflow_baseline/3l3n_A_rec/mol_05.sdf,3l3n_A_rec,mol_05,223.5355550479056,-30.55776002539451,254.09331507330012,0.5804764808119083,11,0,0,-1,success,
output/drugflow_baseline/3l3n_A_rec/mol_06.sdf,3l3n_A_rec,mol_06,89.69038587118357,15.279434145464869,74.41095172571869,0.6012559192586214,10,0,1,-1,success,
output/drugflow_baseline/3l3n_A_rec/mol_07.sdf,3l3n_A_rec,mol_07,220.33683953840983,-8.266608691810815,228.60344823022064,0.5241166021681639,11,4,1,-1,success,
output/drugflow_baseline/3l3n_A_rec/mol_08.sdf,3l3n_A_rec,mol_08,,,,,0,0,0,0,error,"Explicit valence for atom # 0 C, 5, is greater than permitted"
output/drugflow_baseline/3l3n_A_rec/mol_09.sdf,3l3n_A_rec,mol_09,717.39377368918,17.384248179076614,700.0095255101033,0.2648704713337554,22,4,0,-1,success,
output/drugflow_baseline/3li4_A_rec/mol_00.sdf,3li4_A_rec,mol_00,320.69804720944114,161.57401931627498,159.12402789316616,0.7461789457862312,24,6,4,-1,success,
output/drugflow_baseline/3li4_A_rec/mol_01.sdf,3li4_A_rec,mol_01,322.2515335066697,50.16398366794836,272.0875498387214,1.3012512371273806,30,6,0,-1,success,
output/drugflow_baseline/3li4_A_rec/mol_02.sdf,3li4_A_rec,mol_02,607.3454313542047,178.54934293651758,428.79608841768714,0.3347459295758506,29,18,2,-1,success,
output/drugflow_baseline/3li4_A_rec/mol_03.sdf,3li4_A_rec,mol_03,280.1032447166497,37.16152954644368,242.94171517020604,0.8023640233158232,17,3,0,-1,success,
output/drugflow_baseline/3li4_A_rec/mol_04.sdf,3li4_A_rec,mol_04,397.7900967073993,42.18498566874009,355.60511103865923,0.5115589207849094,24,4,2,-1,success,
output/drugflow_baseline/3li4_A_rec/mol_05.sdf,3li4_A_rec,mol_05,2436.4508562091046,57.46184588623933,2378.9890103228654,0.6848369186271082,27,9,2,-1,success,
output/drugflow_baseline/3li4_A_rec/mol_06.sdf,3li4_A_rec,mol_06,669.3870142717215,57.748412091730025,611.6386021799914,0.46055057758975887,18,11,2,-1,success,
output/drugflow_baseline/3li4_A_rec/mol_07.sdf,3li4_A_rec,mol_07,162.4795777811798,79.68015225587817,82.79942552530164,0.29516239017654855,15,4,2,-1,success,
output/drugflow_baseline/3li4_A_rec/mol_08.sdf,3li4_A_rec,mol_08,118.70112465393973,-33.34887083868097,152.0499954926207,1.2136377719110063,17,8,3,-1,success,
output/drugflow_baseline/3li4_A_rec/mol_09.sdf,3li4_A_rec,mol_09,224.0059830686877,156.03199451687976,67.97398855180793,0.36258068067879895,22,5,1,-1,success,
output/drugflow_baseline/3nfb_A_rec/mol_00.sdf,3nfb_A_rec,mol_00,153.7851551301189,62.67940458505583,91.10575054506307,0.6699302672137754,20,6,2,-1,success,
output/drugflow_baseline/3nfb_A_rec/mol_01.sdf,3nfb_A_rec,mol_01,76.70303345550951,-24.512716580714375,101.21575003622388,0.9608096801309416,18,5,4,-1,success,
output/drugflow_baseline/3nfb_A_rec/mol_02.sdf,3nfb_A_rec,mol_02,122.59703903132204,51.57566798553724,71.0213710457848,1.1925902470608245,20,2,3,-1,success,
output/drugflow_baseline/3nfb_A_rec/mol_03.sdf,3nfb_A_rec,mol_03,29.825289205563763,-100.28620246635244,130.1114916719162,0.5421245053819104,25,4,0,-1,success,
output/drugflow_baseline/3nfb_A_rec/mol_04.sdf,3nfb_A_rec,mol_04,162.19919508591778,-31.99944618495293,194.19864127087072,0.7676379886042494,20,7,0,-1,success,
output/drugflow_baseline/3nfb_A_rec/mol_05.sdf,3nfb_A_rec,mol_05,137.043304814127,-2.529243334990248,139.57254814911724,1.680313871816757,22,8,2,-1,success,
output/drugflow_baseline/3nfb_A_rec/mol_06.sdf,3nfb_A_rec,mol_06,72.81612617321869,2.8290360278501367,69.98709014536855,0.9685831683414569,20,6,1,-1,success,
output/drugflow_baseline/3nfb_A_rec/mol_07.sdf,3nfb_A_rec,mol_07,172.3156435410619,-1.5894294554686965,173.90507299653058,2.5647572797883127,21,4,1,-1,success,
output/drugflow_baseline/3nfb_A_rec/mol_08.sdf,3nfb_A_rec,mol_08,-25.279408110598624,-129.97212262642543,104.69271451582681,0.666974291454627,19,2,2,-1,success,
output/drugflow_baseline/3nfb_A_rec/mol_09.sdf,3nfb_A_rec,mol_09,140.75002220976825,41.70292434329479,99.04709786647345,1.0281008054804044,24,9,0,-1,success,
output/drugflow_baseline/3o96_A_rec/mol_00.sdf,3o96_A_rec,mol_00,301.7054130618505,78.85051000566902,222.85490305618146,0.604593021238562,34,13,1,-1,success,
output/drugflow_baseline/3o96_A_rec/mol_01.sdf,3o96_A_rec,mol_01,222.21293482488966,119.85481379599153,102.35812102889813,0.8250375898495076,34,5,0,-1,success,
output/drugflow_baseline/3o96_A_rec/mol_02.sdf,3o96_A_rec,mol_02,254.22076959296396,107.9714088847212,146.24936070824276,0.8215284225351785,37,4,0,-1,success,
output/drugflow_baseline/3o96_A_rec/mol_03.sdf,3o96_A_rec,mol_03,169.46609858058846,55.47067359860498,113.99542498198349,1.0575504933736852,33,8,1,-1,success,
output/drugflow_baseline/3o96_A_rec/mol_04.sdf,3o96_A_rec,mol_04,,,,,0,0,0,0,error,Can't kekulize mol.  Unkekulized atoms: 1 9 23 25 27
output/drugflow_baseline/3o96_A_rec/mol_05.sdf,3o96_A_rec,mol_05,196.00787662140314,120.15073081485806,75.85714580654508,0.7498208785292285,32,2,0,-1,success,
output/drugflow_baseline/3o96_A_rec/mol_06.sdf,3o96_A_rec,mol_06,363.539560251157,73.38436280535242,290.15519744580456,0.7236304656384241,32,6,0,-1,success,
output/drugflow_baseline/3o96_A_rec/mol_07.sdf,3o96_A_rec,mol_07,226.940175422685,113.40356844729699,113.53660697538801,0.5428552241941409,35,0,0,-1,success,
output/drugflow_baseline/3o96_A_rec/mol_08.sdf,3o96_A_rec,mol_08,188.40215504059478,32.46341336079108,155.93874167980368,0.7175762817581467,33,3,0,-1,success,
output/drugflow_baseline/3o96_A_rec/mol_09.sdf,3o96_A_rec,mol_09,152.69861634065074,29.798660468470374,122.89995587218037,0.5644205496404355,31,0,0,-1,success,
output/drugflow_baseline/3pdh_A_rec/mol_00.sdf,3pdh_A_rec,mol_00,52.2367076729884,30.525360261307938,21.711347411680464,0.47339443845608314,14,2,0,-1,success,
output/drugflow_baseline/3pdh_A_rec/mol_01.sdf,3pdh_A_rec,mol_01,301.3572011203709,161.5853596542897,139.7718414660812,0.8988367261399568,27,5,2,-1,success,
output/drugflow_baseline/3pdh_A_rec/mol_02.sdf,3pdh_A_rec,mol_02,128.22299419623647,-87.57694021441179,215.79993441064826,0.496504277880705,30,6,0,-1,success,
output/drugflow_baseline/3pdh_A_rec/mol_03.sdf,3pdh_A_rec,mol_03,87.67303816999345,28.528573364701536,59.14446480529191,0.7303050403731215,18,2,4,-1,success,
output/drugflow_baseline/3pdh_A_rec/mol_04.sdf,3pdh_A_rec,mol_04,223.7412412574842,103.1554991765017,120.5857420809825,0.717577218807038,28,6,0,-1,success,
output/drugflow_baseline/3pdh_A_rec/mol_05.sdf,3pdh_A_rec,mol_05,274.56969979357535,115.02570956228422,159.54399023129113,1.0145055714562776,26,7,0,-1,success,
output/drugflow_baseline/3pdh_A_rec/mol_06.sdf,3pdh_A_rec,mol_06,277.19227065578434,146.49980063883444,130.6924700169499,1.0328955361973988,23,3,1,-1,success,
output/drugflow_baseline/3pdh_A_rec/mol_07.sdf,3pdh_A_rec,mol_07,47.53126149320826,23.393721873308813,24.13753961989945,0.15567907474730974,15,0,0,-1,success,
output/drugflow_baseline/3pdh_A_rec/mol_08.sdf,3pdh_A_rec,mol_08,59.22662289918139,19.520475303936557,39.706147595244836,0.2271960924738797,17,0,0,-1,success,
output/drugflow_baseline/3pdh_A_rec/mol_09.sdf,3pdh_A_rec,mol_09,236.81311021735252,-42.14644069723681,278.95955091458933,1.011669946791602,37,20,3,-1,success,
output/drugflow_baseline/3pnm_A_rec/mol_00.sdf,3pnm_A_rec,mol_00,30.227672420233546,9.852825830477215,20.37484658975633,0.4452631903029318,5,0,1,-1,success,
output/drugflow_baseline/3pnm_A_rec/mol_01.sdf,3pnm_A_rec,mol_01,,,,,0,0,0,0,error,"Explicit valence for atom # 7 N, 4, is greater than permitted"
output/drugflow_baseline/3pnm_A_rec/mol_02.sdf,3pnm_A_rec,mol_02,69.18990826491844,12.399561416277699,56.790346848640745,0.6678057201887777,6,1,0,-1,success,
output/drugflow_baseline/3pnm_A_rec/mol_03.sdf,3pnm_A_rec,mol_03,,,,,0,0,0,0,error,"Explicit valence for atom # 5 C, 5, is greater than permitted"
output/drugflow_baseline/3pnm_A_rec/mol_04.sdf,3pnm_A_rec,mol_04,15.912950662857092,-29.81711579024605,45.73006645310314,0.6876202021581416,6,2,1,-1,success,
output/drugflow_baseline/3pnm_A_rec/mol_05.sdf,3pnm_A_rec,mol_05,,,,,0,0,0,0,error,"Explicit valence for atom # 10 F, 2, is greater than permitted"
output/drugflow_baseline/3pnm_A_rec/mol_06.sdf,3pnm_A_rec,mol_06,24.409802648801637,9.85282583047725,14.556976818324387,0.47736972203171635,5,0,1,-1,success,
output/drugflow_baseline/3pnm_A_rec/mol_07.sdf,3pnm_A_rec,mol_07,1122.852474558647,144.1875770591153,978.6648974995317,0.5376711670094647,16,10,4,-1,success,
output/drugflow_baseline/3pnm_A_rec/mol_08.sdf,3pnm_A_rec,mol_08,147.20365276125284,65.0913500653738,82.11230269587904,0.212877895064576,10,1,0,-1,success,
output/drugflow_baseline/3pnm_A_rec/mol_09.sdf,3pnm_A_rec,mol_09,,,,,0,0,0,0,error,"Explicit valence for atom # 4 C, 5, is greater than permitted"
output/drugflow_baseline/3tym_A_rec/mol_00.sdf,3tym_A_rec,mol_00,85.65099515428818,-104.47593724080119,190.12693239508937,0.9359896885706184,19,7,0,-1,success,
output/drugflow_baseline/3tym_A_rec/mol_01.sdf,3tym_A_rec,mol_01,77.16307036152206,-45.45893769586643,122.62200805738848,0.6423399582786918,24,4,2,-1,success,
output/drugflow_baseline/3tym_A_rec/mol_02.sdf,3tym_A_rec,mol_02,128.56494124545213,20.854831945746035,107.71010929970609,0.7912094736145379,20,4,1,-1,success,
output/drugflow_baseline/3tym_A_rec/mol_03.sdf,3tym_A_rec,mol_03,9.247238487709595,-94.81558214406888,104.06282063177848,2.133954737418839,25,5,3,-1,success,
output/drugflow_baseline/3tym_A_rec/mol_04.sdf,3tym_A_rec,mol_04,311.7113549140343,27.011857342887502,284.6994975711468,0.9812656379362003,23,6,0,-1,success,
output/drugflow_baseline/3tym_A_rec/mol_05.sdf,3tym_A_rec,mol_05,194.63936545426122,65.47220492041828,129.16716053384295,3.149859985187467,27,7,0,-1,success,
output/drugflow_baseline/3tym_A_rec/mol_06.sdf,3tym_A_rec,mol_06,140.56367877589588,37.05137584236627,103.51230293352961,1.0756723381175728,28,1,1,-1,success,
output/drugflow_baseline/3tym_A_rec/mol_07.sdf,3tym_A_rec,mol_07,881.5072315386193,159.21062188590355,722.2966096527157,0.5176427912825523,37,12,0,-1,success,
output/drugflow_baseline/3tym_A_rec/mol_08.sdf,3tym_A_rec,mol_08,196.1339401151556,44.28040828586559,151.85353182929003,1.2123337844648243,23,9,0,-1,success,
output/drugflow_baseline/3tym_A_rec/mol_09.sdf,3tym_A_rec,mol_09,210.81336773928712,87.10311511220286,123.71025262708426,1.2214159279523227,28,5,0,-1,success,
output/drugflow_baseline/3u5y_B_rec/mol_00.sdf,3u5y_B_rec,mol_00,202.77126722148566,136.37307604932198,66.39819117216368,1.0394069820251406,24,8,3,-1,success,
output/drugflow_baseline/3u5y_B_rec/mol_01.sdf,3u5y_B_rec,mol_01,221.968335603671,94.86114274319439,127.1071928604766,0.5715838848790914,24,12,1,-1,success,
output/drugflow_baseline/3u5y_B_rec/mol_02.sdf,3u5y_B_rec,mol_02,344.11152224640216,94.42566327476666,249.6858589716355,0.5557982217570828,27,18,2,-1,success,
output/drugflow_baseline/3u5y_B_rec/mol_03.sdf,3u5y_B_rec,mol_03,501.06003930495115,78.03900112064771,423.02103818430345,0.991867411178012,20,18,0,-1,success,
output/drugflow_baseline/3u5y_B_rec/mol_04.sdf,3u5y_B_rec,mol_04,532.6440641296523,95.86673505481858,436.7773290748337,0.5396912967425016,22,15,3,-1,success,
output/drugflow_baseline/3u5y_B_rec/mol_05.sdf,3u5y_B_rec,mol_05,297.4338003006492,95.1727371990296,202.26106310161958,0.5286249598407665,23,5,0,-1,success,
output/drugflow_baseline/3u5y_B_rec/mol_06.sdf,3u5y_B_rec,mol_06,588.9009045240082,97.6615174763378,491.2393870476704,0.49443565391316113,26,9,2,-1,success,
output/drugflow_baseline/3u5y_B_rec/mol_07.sdf,3u5y_B_rec,mol_07,211.25955605348645,93.32994356564248,117.92961248784397,0.42092985763591745,25,9,2,-1,success,
output/drugflow_baseline/3u5y_B_rec/mol_08.sdf,3u5y_B_rec,mol_08,290.6502548738305,154.58900046351238,136.0612544103181,1.345026394863041,23,2,2,-1,success,
output/drugflow_baseline/3u5y_B_rec/mol_09.sdf,3u5y_B_rec,mol_09,292.9562900508202,113.75500354600558,179.20128650481462,0.5291501366005112,21,6,1,-1,success,
output/drugflow_baseline/3u9f_C_rec/mol_00.sdf,3u9f_C_rec,mol_00,-4.860210799449263,-82.96275557433447,78.1025447748852,0.32587466899634787,16,5,0,-1,success,
output/drugflow_baseline/3u9f_C_rec/mol_01.sdf,3u9f_C_rec,mol_01,223.61977205209809,64.15997635948109,159.45979569261698,0.701157805649821,23,15,0,-1,success,
output/drugflow_baseline/3u9f_C_rec/mol_02.sdf,3u9f_C_rec,mol_02,305.8056551854438,55.365306067507305,250.4403491179365,0.4420778920382445,18,6,0,-1,success,
output/drugflow_baseline/3u9f_C_rec/mol_03.sdf,3u9f_C_rec,mol_03,639.7141688300842,110.81223647947331,528.9019323506109,1.9729403616061052,28,16,0,-1,success,
output/drugflow_baseline/3u9f_C_rec/mol_04.sdf,3u9f_C_rec,mol_04,,,,,0,0,0,0,error,Can't kekulize mol.  Unkekulized atoms: 2 3 5 6 14 19 23
output/drugflow_baseline/3u9f_C_rec/mol_05.sdf,3u9f_C_rec,mol_05,119.09890888115103,58.527402367409024,60.57150651374201,0.4581110591417661,17,4,0,-1,success,
output/drugflow_baseline/3u9f_C_rec/mol_06.sdf,3u9f_C_rec,mol_06,251.8488104586541,96.53236680641174,155.31644365224236,0.7498717329126219,34,20,6,-1,success,
output/drugflow_baseline/3u9f_C_rec/mol_07.sdf,3u9f_C_rec,mol_07,439.93294708273083,128.10120758810402,311.83173949462685,0.4382013401010958,25,16,1,-1,success,
output/drugflow_baseline/3u9f_C_rec/mol_08.sdf,3u9f_C_rec,mol_08,61.61421359681218,24.278412028391063,37.33580156842112,0.41262151840223216,18,1,1,-1,success,
output/drugflow_baseline/3u9f_C_rec/mol_09.sdf,3u9f_C_rec,mol_09,52.52430166031977,5.55912338921399,46.965178271105785,0.25584483046789935,17,0,0,-1,success,
output/drugflow_baseline/3v4t_A_rec/mol_00.sdf,3v4t_A_rec,mol_00,174.21557590327717,49.97482547647507,124.2407504268021,0.5294036147499616,22,6,1,-1,success,
output/drugflow_baseline/3v4t_A_rec/mol_01.sdf,3v4t_A_rec,mol_01,306.40362746762816,-132.26751967839132,438.6711471460195,2.2862440729639575,28,15,9,-1,success,
output/drugflow_baseline/3v4t_A_rec/mol_02.sdf,3v4t_A_rec,mol_02,-190.63530131754368,-389.86221867366356,199.22691735611988,1.484827174089185,26,8,10,-1,success,
output/drugflow_baseline/3v4t_A_rec/mol_03.sdf,3v4t_A_rec,mol_03,-98.15572181296454,-272.48855724302354,174.332835430059,0.6306406870565956,24,4,5,-1,success,
output/drugflow_baseline/3v4t_A_rec/mol_04.sdf,3v4t_A_rec,mol_04,6.79886345318684,-154.05147371020266,160.8503371633895,0.21598914410546408,22,9,1,-1,success,
output/drugflow_baseline/3v4t_A_rec/mol_05.sdf,3v4t_A_rec,mol_05,-54.23541887875081,-368.1252998892278,313.889881010477,1.4906528281064817,22,6,3,-1,success,
output/drugflow_baseline/3v4t_A_rec/mol_06.sdf,3v4t_A_rec,mol_06,,,,,0,0,0,0,error,"Explicit valence for atom # 15 O, 3, is greater than permitted"
output/drugflow_baseline/3v4t_A_rec/mol_07.sdf,3v4t_A_rec,mol_07,-21.73675472246824,-109.58965316532117,87.85289844285293,0.5148196493170748,19,3,2,-1,success,
output/drugflow_baseline/3v4t_A_rec/mol_08.sdf,3v4t_A_rec,mol_08,-360.597280288257,-755.9950309407915,395.39775065253446,1.294029784612997,25,11,5,-1,success,
output/drugflow_baseline/3v4t_A_rec/mol_09.sdf,3v4t_A_rec,mol_09,883.3414861234414,-108.31685950758055,991.658345631022,0.8610129898704616,20,7,2,-1,success,
output/drugflow_baseline/3w83_B_rec/mol_00.sdf,3w83_B_rec,mol_00,34.523300916659565,24.965144156030615,9.55815676062895,0.16622818623886274,6,0,0,-1,success,
output/drugflow_baseline/3w83_B_rec/mol_01.sdf,3w83_B_rec,mol_01,1122.8822060973152,116.30488292676966,1006.5773231705456,0.7359800732378756,18,17,4,-1,success,
output/drugflow_baseline/3w83_B_rec/mol_02.sdf,3w83_B_rec,mol_02,1099.9475046059754,106.04733992017177,993.9001646858036,0.8444188430463927,20,23,7,-1,success,
output/drugflow_baseline/3w83_B_rec/mol_03.sdf,3w83_B_rec,mol_03,282.0462971107487,-14.54872404046268,296.59502115121137,0.32821838849084944,21,12,4,-1,success,
output/drugflow_baseline/3w83_B_rec/mol_04.sdf,3w83_B_rec,mol_04,18.762571753091187,-18.602564061466932,37.365135814558116,1.1642965092509323,8,4,3,-1,success,
output/drugflow_baseline/3w83_B_rec/mol_05.sdf,3w83_B_rec,mol_05,29.473355216477692,-13.656999399118737,43.13035461559643,0.7413768624598939,14,2,0,-1,success,
output/drugflow_baseline/3w83_B_rec/mol_06.sdf,3w83_B_rec,mol_06,360.5379620661166,-11.732348025935778,372.2703100920524,0.30202236805710775,18,6,3,-1,success,
output/drugflow_baseline/3w83_B_rec/mol_07.sdf,3w83_B_rec,mol_07,21.86060981710961,-11.524720916381796,33.3853307334914,0.2274261237587994,12,0,0,-1,success,
output/drugflow_baseline/3w83_B_rec/mol_08.sdf,3w83_B_rec,mol_08,169.85640816278868,55.606366668096726,114.25004149469196,1.0858087210219034,15,3,1,-1,success,
output/drugflow_baseline/3w83_B_rec/mol_09.sdf,3w83_B_rec,mol_09,720.6117214878604,41.34531313020842,679.266408357652,0.8559430267311123,13,9,0,-1,success,
output/drugflow_baseline/4aaw_A_rec/mol_00.sdf,4aaw_A_rec,mol_00,111.50029489255684,5.994807478318975,105.50548741423786,0.637568295917198,12,4,0,-1,success,
output/drugflow_baseline/4aaw_A_rec/mol_01.sdf,4aaw_A_rec,mol_01,93.94116635891055,13.191127713496629,80.75003864541392,0.20991657626690774,13,0,0,-1,success,
output/drugflow_baseline/4aaw_A_rec/mol_02.sdf,4aaw_A_rec,mol_02,62.43736378689552,-10.081955916853511,72.51931970374903,0.9462436276104831,10,1,0,-1,success,
output/drugflow_baseline/4aaw_A_rec/mol_03.sdf,4aaw_A_rec,mol_03,34.5585584463863,18.25246975138859,16.30608869499771,0.22489626801832777,10,2,1,-1,success,
output/drugflow_baseline/4aaw_A_rec/mol_04.sdf,4aaw_A_rec,mol_04,122.1454010784041,84.92887264994751,37.2165284284566,0.3669450089333437,23,0,0,-1,success,
output/drugflow_baseline/4aaw_A_rec/mol_05.sdf,4aaw_A_rec,mol_05,146.59602936245227,53.34397423632323,93.25205512612905,0.3782011406359946,27,11,0,-1,success,
output/drugflow_baseline/4aaw_A_rec/mol_06.sdf,4aaw_A_rec,mol_06,45.04793241947574,-20.65621198508372,65.70414440455946,0.2248474231628106,10,2,1,-1,success,
output/drugflow_baseline/4aaw_A_rec/mol_07.sdf,4aaw_A_rec,mol_07,,,,,0,0,0,0,error,Can't kekulize mol.  Unkekulized atoms: 0 3 4 5 7 8 12
output/drugflow_baseline/4aaw_A_rec/mol_08.sdf,4aaw_A_rec,mol_08,160.28576926099646,-13.104023404674445,173.3897926656709,0.5927683938022785,18,6,0,-1,success,
output/drugflow_baseline/4aaw_A_rec/mol_09.sdf,4aaw_A_rec,mol_09,116.58397815695865,91.24286382907454,25.341114327884114,0.356438504778023,12,4,0,-1,success,
output/drugflow_baseline/4aua_A_rec/mol_00.sdf,4aua_A_rec,mol_00,100.92344531942135,46.28028740111349,54.64315791830786,0.9299850579410237,32,2,0,-1,success,
output/drugflow_baseline/4aua_A_rec/mol_01.sdf,4aua_A_rec,mol_01,36.81032929306016,-1.596602679295172,38.40693197235533,0.43348871084819496,15,0,0,-1,success,
output/drugflow_baseline/4aua_A_rec/mol_02.sdf,4aua_A_rec,mol_02,,,,,0,0,0,0,error,Can't kekulize mol.  Unkekulized atoms: 3 10 12 24 25
output/drugflow_baseline/4aua_A_rec/mol_03.sdf,4aua_A_rec,mol_03,59.261729540862476,-17.90784639557298,77.16957593643545,0.9219179015514622,17,0,1,-1,success,
output/drugflow_baseline/4aua_A_rec/mol_04.sdf,4aua_A_rec,mol_04,31.1447432189341,5.479954904017919,25.66478831491618,0.4200020347999634,15,1,0,-1,success,
output/drugflow_baseline/4aua_A_rec/mol_05.sdf,4aua_A_rec,mol_05,,,,,0,0,0,0,error,Can't kekulize mol.  Unkekulized atoms: 1 5 18
output/drugflow_baseline/4aua_A_rec/mol_06.sdf,4aua_A_rec,mol_06,59.27793249212819,11.072812392431256,48.20512009969693,0.596953756185771,16,3,0,-1,success,
output/drugflow_baseline/4aua_A_rec/mol_07.sdf,4aua_A_rec,mol_07,202.14156663466036,63.20795329709526,138.9336133375651,0.5883769137649176,17,5,2,-1,success,
output/drugflow_baseline/4aua_A_rec/mol_08.sdf,4aua_A_rec,mol_08,247.64019935229504,153.9384334157574,93.70176593653764,0.4320583406993374,29,4,0,-1,success,
output/drugflow_baseline/4aua_A_rec/mol_09.sdf,4aua_A_rec,mol_09,11.016292350920295,-73.76419320406913,84.78048555498943,0.97190086519841,20,0,1,-1,success,
output/drugflow_baseline/4azf_A_rec/mol_00.sdf,4azf_A_rec,mol_00,410.8905580532385,40.455163220378466,370.4353948328601,1.3329902369478033,30,11,0,-1,success,
output/drugflow_baseline/4azf_A_rec/mol_01.sdf,4azf_A_rec,mol_01,144.4250634414701,64.13468861964861,80.29037482182147,1.2575747140312104,22,6,2,-1,success,
output/drugflow_baseline/4azf_A_rec/mol_02.sdf,4azf_A_rec,mol_02,,,,,0,0,0,0,error,Can't kekulize mol.  Unkekulized atoms: 0 4 5 8 9 13 14 15 17 19 21
output/drugflow_baseline/4azf_A_rec/mol_03.sdf,4azf_A_rec,mol_03,75.69612777835276,46.98367270513579,28.712455073216972,0.10045146319042259,19,0,1,-1,success,
output/drugflow_baseline/4azf_A_rec/mol_04.sdf,4azf_A_rec,mol_04,171.10266192141086,86.47964998074505,84.6230119406658,0.2266961286809955,22,3,1,-1,success,
output/drugflow_baseline/4azf_A_rec/mol_05.sdf,4azf_A_rec,mol_05,93.27259491170366,50.31620629261253,42.956388619091136,0.46229227147426394,26,5,0,-1,success,
output/drugflow_baseline/4azf_A_rec/mol_06.sdf,4azf_A_rec,mol_06,-7.281590406426574,-121.09695180057336,113.81536139414679,0.7375304589609302,27,2,0,-1,success,
output/drugflow_baseline/4azf_A_rec/mol_07.sdf,4azf_A_rec,mol_07,11.914466642323507,-15.887169882601246,27.801636524924753,0.8080154857362073,17,0,0,-1,success,
output/drugflow_baseline/4azf_A_rec/mol_08.sdf,4azf_A_rec,mol_08,117.68169837251091,13.707853003853659,103.97384536865725,0.9830915162752537,18,2,0,-1,success,
output/drugflow_baseline/4azf_A_rec/mol_09.sdf,4azf_A_rec,mol_09,18.09289012665233,-18.230700627238093,36.32359075389042,1.2382582036999434,18,0,0,-1,success,
output/drugflow_baseline/4bel_A_rec/mol_00.sdf,4bel_A_rec,mol_00,606.6789515112281,-108.96675260389102,715.6457041151191,2.784406031986477,31,9,2,-1,success,
output/drugflow_baseline/4bel_A_rec/mol_01.sdf,4bel_A_rec,mol_01,941.0764785183354,-6.895139582560372,947.9716181008957,1.7802347217158072,33,9,2,-1,success,
output/drugflow_baseline/4bel_A_rec/mol_02.sdf,4bel_A_rec,mol_02,,,,,0,0,0,0,error,"Explicit valence for atom # 18 N, 4, is greater than permitted"
output/drugflow_baseline/4bel_A_rec/mol_03.sdf,4bel_A_rec,mol_03,,,,,0,0,0,0,error,Can't kekulize mol.  Unkekulized atoms: 24 25 30 31 35
output/drugflow_baseline/4bel_A_rec/mol_04.sdf,4bel_A_rec,mol_04,172.7232695260988,70.5931207126369,102.13014881346189,0.6560267506550506,38,7,1,-1,success,
output/drugflow_baseline/4bel_A_rec/mol_05.sdf,4bel_A_rec,mol_05,268.9572478567779,-14.443344686316664,283.40059254309455,1.7074911320058102,38,10,1,-1,success,
output/drugflow_baseline/4bel_A_rec/mol_06.sdf,4bel_A_rec,mol_06,709.6084635507011,12.474570039215994,697.1338935114851,3.5144491669590385,30,9,0,-1,success,
output/drugflow_baseline/4bel_A_rec/mol_07.sdf,4bel_A_rec,mol_07,485.7790445528201,27.894150853196486,457.8848936996236,1.3402115779772104,33,11,2,-1,success,
output/drugflow_baseline/4bel_A_rec/mol_08.sdf,4bel_A_rec,mol_08,255.23986614425877,56.32476507501259,198.9151010692462,0.7854725997415803,34,5,1,-1,success,
output/drugflow_baseline/4bel_A_rec/mol_09.sdf,4bel_A_rec,mol_09,298.4524516396417,17.537062340721874,280.9153892989198,0.9389174444994699,34,12,3,-1,success,
output/drugflow_baseline/4d7o_A_rec/mol_00.sdf,4d7o_A_rec,mol_00,75.1949140851403,-58.64882712338309,133.8437412085234,1.8812958947178204,26,1,3,-1,success,
output/drugflow_baseline/4d7o_A_rec/mol_01.sdf,4d7o_A_rec,mol_01,323.24649344753004,,,,28,1,0,0,error,Cannot create force field for minimization
output/drugflow_baseline/4d7o_A_rec/mol_02.sdf,4d7o_A_rec,mol_02,423.07581382965066,111.19704649139177,311.87876733825885,0.6852526518456176,35,13,3,-1,success,
output/drugflow_baseline/4d7o_A_rec/mol_03.sdf,4d7o_A_rec,mol_03,119.4703292231186,5.905966158400156,113.56436306471844,1.4278023806285012,24,6,3,-1,success,
output/drugflow_baseline/4d7o_A_rec/mol_04.sdf,4d7o_A_rec,mol_04,661.9143888775448,123.49654610372924,538.4178427738156,0.6075970520145293,32,13,0,-1,success,
output/drugflow_baseline/4d7o_A_rec/mol_05.sdf,4d7o_A_rec,mol_05,165.79205454604144,28.745397532108846,137.0466570139326,1.5505067288891963,26,2,1,-1,success,
output/drugflow_baseline/4d7o_A_rec/mol_06.sdf,4d7o_A_rec,mol_06,293.6753469587063,165.0670321547253,128.60831480398102,1.1689019716783822,38,3,2,-1,success,
output/drugflow_baseline/4d7o_A_rec/mol_07.sdf,4d7o_A_rec,mol_07,243.99740505948398,100.33572960183432,143.66167545764966,1.1641020103881197,26,8,3,-1,success,
output/drugflow_baseline/4d7o_A_rec/mol_08.sdf,4d7o_A_rec,mol_08,213.8332569296557,89.57778408677828,124.25547284287742,0.44327950693942103,30,5,1,-1,success,
output/drugflow_baseline/4d7o_A_rec/mol_09.sdf,4d7o_A_rec,mol_09,,,,,0,0,0,0,error,Can't kekulize mol.  Unkekulized atoms: 6 10 12 21 27
output/drugflow_baseline/4f1m_A_rec/mol_00.sdf,4f1m_A_rec,mol_00,420.2353688046822,-387.64224898861323,807.8776177932955,0.9461110629687075,31,4,3,-1,success,
output/drugflow_baseline/4f1m_A_rec/mol_01.sdf,4f1m_A_rec,mol_01,,,,,0,0,0,0,error,"Explicit valence for atom # 17 O, 3, is greater than permitted"
output/drugflow_baseline/4f1m_A_rec/mol_02.sdf,4f1m_A_rec,mol_02,526.1303720737092,-232.3429585025323,758.4733305762414,1.3440425393549265,28,2,3,-1,success,
output/drugflow_baseline/4f1m_A_rec/mol_03.sdf,4f1m_A_rec,mol_03,-213.45801076162002,-587.9935040245988,374.5354932629788,0.9480229077085268,29,1,0,-1,success,
output/drugflow_baseline/4f1m_A_rec/mol_04.sdf,4f1m_A_rec,mol_04,-348.01087271723003,-487.1185866052196,139.10771388798958,1.601517802717955,31,5,1,-1,success,
output/drugflow_baseline/4f1m_A_rec/mol_05.sdf,4f1m_A_rec,mol_05,-359.4437563306939,-490.3512871279519,130.907530797258,2.510403121628218,31,1,4,-1,success,
output/drugflow_baseline/4f1m_A_rec/mol_06.sdf,4f1m_A_rec,mol_06,,,,,0,0,0,0,error,Can't kekulize mol.  Unkekulized atoms: 3 7 8 12 13 14 15
output/drugflow_baseline/4f1m_A_rec/mol_07.sdf,4f1m_A_rec,mol_07,-72.35344739098514,-344.48816003433086,272.1347126433457,0.7582235715249488,24,1,1,-1,success,
output/drugflow_baseline/4f1m_A_rec/mol_08.sdf,4f1m_A_rec,mol_08,-316.21128390827636,-524.8078765943701,208.59659268609374,3.1709890730654693,32,2,3,-1,success,
output/drugflow_baseline/4f1m_A_rec/mol_09.sdf,4f1m_A_rec,mol_09,-66.04220289369445,-221.9108193202376,155.86861642654316,1.2988993223881826,19,2,4,-1,success,
output/drugflow_baseline/4g3d_B_rec/mol_00.sdf,4g3d_B_rec,mol_00,24.33588007857273,-57.973718192348294,82.30959827092101,0.22024650574107227,18,0,4,-1,success,
output/drugflow_baseline/4g3d_B_rec/mol_01.sdf,4g3d_B_rec,mol_01,198.56897960922873,-12.957268932682986,211.5262485419117,0.8358802843832859,33,8,1,-1,success,
output/drugflow_baseline/4g3d_B_rec/mol_02.sdf,4g3d_B_rec,mol_02,194.3787056343776,27.785266528201085,166.59343910617653,0.8612123698660087,25,2,1,-1,success,
output/drugflow_baseline/4g3d_B_rec/mol_03.sdf,4g3d_B_rec,mol_03,258.09216027686153,2.8205716705800654,255.27158860628145,1.2911326870514344,39,7,2,-1,success,
output/drugflow_baseline/4g3d_B_rec/mol_04.sdf,4g3d_B_rec,mol_04,24.007648016305488,-26.51062981200673,50.51827782831222,0.23155794979720523,23,2,2,-1,success,
output/drugflow_baseline/4g3d_B_rec/mol_05.sdf,4g3d_B_rec,mol_05,123.55512696093378,65.73100358013555,57.82412338079823,0.7800665556389843,26,4,0,-1,success,
output/drugflow_baseline/4g3d_B_rec/mol_06.sdf,4g3d_B_rec,mol_06,,,,,0,0,0,0,error,Can't kekulize mol.  Unkekulized atoms: 0 1 3 7 12 13 14 24
output/drugflow_baseline/4g3d_B_rec/mol_07.sdf,4g3d_B_rec,mol_07,,,,,0,0,0,0,error,Can't kekulize mol.  Unkekulized atoms: 0 2 3 9 10 11 13 14 17 19 26 28 29 31 32 35
output/drugflow_baseline/4g3d_B_rec/mol_08.sdf,4g3d_B_rec,mol_08,,,,,0,0,0,0,error,Can't kekulize mol.  Unkekulized atoms: 6 8 17 28 29
output/drugflow_baseline/4g3d_B_rec/mol_09.sdf,4g3d_B_rec,mol_09,51.179377790607944,5.97688573008114,45.20249206052681,0.6030639993086001,23,5,0,-1,success,
output/drugflow_baseline/4gvd_A_rec/mol_00.sdf,4gvd_A_rec,mol_00,90.99631500889927,59.922624398068756,31.073690610830518,1.0097106202228845,12,1,2,-1,success,
output/drugflow_baseline/4gvd_A_rec/mol_01.sdf,4gvd_A_rec,mol_01,1564.1573904226093,27.21271955192355,1536.9446708706857,0.486436831919022,13,0,0,-1,success,
output/drugflow_baseline/4gvd_A_rec/mol_02.sdf,4gvd_A_rec,mol_02,56.09114309389688,10.99227063307077,45.098872460826115,0.2545868331365873,12,3,0,-1,success,
output/drugflow_baseline/4gvd_A_rec/mol_03.sdf,4gvd_A_rec,mol_03,255.56550554683895,74.57134517191312,180.99416037492583,1.3116847793538295,14,5,1,-1,success,
output/drugflow_baseline/4gvd_A_rec/mol_04.sdf,4gvd_A_rec,mol_04,53.8865882317788,1.3234149254339513,52.56317330634485,0.6168520961448014,13,4,0,-1,success,
output/drugflow_baseline/4gvd_A_rec/mol_05.sdf,4gvd_A_rec,mol_05,105.49173338460157,25.87770789010475,79.61402549449681,0.24401867883031206,13,8,1,-1,success,
output/drugflow_baseline/4gvd_A_rec/mol_06.sdf,4gvd_A_rec,mol_06,436.5613897235644,104.84577980706541,331.715609916499,0.6414833491774636,17,8,1,-1,success,
output/drugflow_baseline/4gvd_A_rec/mol_07.sdf,4gvd_A_rec,mol_07,106.42061953472789,71.19421502428389,35.226404510444,0.1077095652659454,14,2,0,-1,success,
output/drugflow_baseline/4gvd_A_rec/mol_08.sdf,4gvd_A_rec,mol_08,346.25770728793066,3.5741059852429995,342.68360130268763,0.32671491571146277,12,1,1,-1,success,
output/drugflow_baseline/4gvd_A_rec/mol_09.sdf,4gvd_A_rec,mol_09,213.74770203802308,90.2931588076788,123.45454323034429,0.781713649662366,23,4,1,-1,success,
output/drugflow_baseline/4h3c_A_rec/mol_00.sdf,4h3c_A_rec,mol_00,143.2041839647084,57.8350983498915,85.3690856148169,0.6874211070195234,27,1,1,-1,success,
output/drugflow_baseline/4h3c_A_rec/mol_01.sdf,4h3c_A_rec,mol_01,,,,,0,0,0,0,error,Can't kekulize mol.  Unkekulized atoms: 12 13 15 29 44
output/drugflow_baseline/4h3c_A_rec/mol_02.sdf,4h3c_A_rec,mol_02,130.52848252054864,52.01519118718335,78.51329133336529,1.0451072761621123,28,3,2,-1,success,
output/drugflow_baseline/4h3c_A_rec/mol_03.sdf,4h3c_A_rec,mol_03,296.53180801891585,76.34015190629766,220.1916561126182,0.7590447179823776,30,5,1,-1,success,
output/drugflow_baseline/4h3c_A_rec/mol_04.sdf,4h3c_A_rec,mol_04,127.48956982639096,59.46844870547182,68.02112112091913,0.4012856731196014,23,4,1,-1,success,
output/drugflow_baseline/4h3c_A_rec/mol_05.sdf,4h3c_A_rec,mol_05,48.62906054847312,34.05760432832606,14.571456220147063,0.11372064812156205,13,0,0,-1,success,
output/drugflow_baseline/4h3c_A_rec/mol_06.sdf,4h3c_A_rec,mol_06,136.51257167406322,83.61076884342258,52.90180283064065,2.642251206397104,26,3,2,-1,success,
output/drugflow_baseline/4h3c_A_rec/mol_07.sdf,4h3c_A_rec,mol_07,36.79448056343566,14.797586460401243,21.99689410303442,0.43205383304815914,15,0,0,-1,success,
output/drugflow_baseline/4h3c_A_rec/mol_08.sdf,4h3c_A_rec,mol_08,145.03109329021956,63.88653950427099,81.14455378594857,0.4523252236656793,14,0,0,-1,success,
output/drugflow_baseline/4h3c_A_rec/mol_09.sdf,4h3c_A_rec,mol_09,4187.116077279616,130.0778046188721,4057.0382726607436,3.0028335646768696,39,23,0,-1,success,
output/drugflow_baseline/4iiy_A_rec/mol_00.sdf,4iiy_A_rec,mol_00,95.99613965724318,-45.929075532015574,141.92521518925875,0.9951877977861979,36,4,1,-1,success,
output/drugflow_baseline/4iiy_A_rec/mol_01.sdf,4iiy_A_rec,mol_01,160.4216113230067,-191.21676353019404,351.63837485320073,0.7159999222156593,26,5,2,-1,success,
output/drugflow_baseline/4iiy_A_rec/mol_02.sdf,4iiy_A_rec,mol_02,521.8634123465677,-13.620993411811984,535.4844057583797,2.024481129252068,31,7,0,-1,success,
output/drugflow_baseline/4iiy_A_rec/mol_03.sdf,4iiy_A_rec,mol_03,161.96979877524961,-356.07948554319245,518.049284318442,1.6703272922486507,31,10,0,-1,success,
output/drugflow_baseline/4iiy_A_rec/mol_04.sdf,4iiy_A_rec,mol_04,,,,,0,0,0,0,error,Can't kekulize mol.  Unkekulized atoms: 13 19
output/drugflow_baseline/4iiy_A_rec/mol_05.sdf,4iiy_A_rec,mol_05,126.04544984603322,-87.45778883809643,213.50323868412966,1.038030991770302,30,7,3,-1,success,
output/drugflow_baseline/4iiy_A_rec/mol_06.sdf,4iiy_A_rec,mol_06,458.2589273168283,-119.27372890463613,577.5326562214644,0.7656177153344205,29,4,3,-1,success,
output/drugflow_baseline/4iiy_A_rec/mol_07.sdf,4iiy_A_rec,mol_07,-53.53460638269358,-176.2348963913058,122.70029000861221,1.2564694435724382,27,2,2,-1,success,
output/drugflow_baseline/4iiy_A_rec/mol_08.sdf,4iiy_A_rec,mol_08,192.87092470608272,101.01053552580458,91.86038918027813,0.8738987404428797,30,3,1,-1,success,
output/drugflow_baseline/4iiy_A_rec/mol_09.sdf,4iiy_A_rec,mol_09,502.87723398248716,-280.46671621154263,783.3439501940297,1.123178293877584,27,5,5,-1,success,
output/drugflow_baseline/4iwq_A_rec/mol_00.sdf,4iwq_A_rec,mol_00,179.04883300416816,2.86411919116496,176.1847138130032,2.6832744870432035,41,3,0,-1,success,
output/drugflow_baseline/4iwq_A_rec/mol_01.sdf,4iwq_A_rec,mol_01,73.8800287927874,39.82517538564044,34.05485340714696,0.473600497068393,24,4,1,-1,success,
output/drugflow_baseline/4iwq_A_rec/mol_02.sdf,4iwq_A_rec,mol_02,96.1221862434003,25.583310415072134,70.53887582832816,0.5774175187759305,19,1,2,-1,success,
output/drugflow_baseline/4iwq_A_rec/mol_03.sdf,4iwq_A_rec,mol_03,201.05909468319516,110.76534509005273,90.29374959314242,0.35635694001170565,20,4,0,-1,success,
output/drugflow_baseline/4iwq_A_rec/mol_04.sdf,4iwq_A_rec,mol_04,2049.4980245192105,86.85275930993129,1962.6452652092792,1.740111366864887,42,19,0,-1,success,
output/drugflow_baseline/4iwq_A_rec/mol_05.sdf,4iwq_A_rec,mol_05,153.001516405831,109.06244698634187,43.939069419489144,0.3964833595196214,22,1,1,-1,success,
output/drugflow_baseline/4iwq_A_rec/mol_06.sdf,4iwq_A_rec,mol_06,101.28081106969375,77.15996950868151,24.12084156101224,0.2089954460971213,16,0,0,-1,success,
output/drugflow_baseline/4iwq_A_rec/mol_07.sdf,4iwq_A_rec,mol_07,90.50247185785824,43.068866155000904,47.433605702857335,0.47994019711523095,21,3,2,-1,success,
output/drugflow_baseline/4iwq_A_rec/mol_08.sdf,4iwq_A_rec,mol_08,78.05106762242616,41.41636301340598,36.63470460902018,0.3143684807683075,19,4,0,-1,success,
output/drugflow_baseline/4iwq_A_rec/mol_09.sdf,4iwq_A_rec,mol_09,,,,,0,0,0,0,error,Can't kekulize mol.  Unkekulized atoms: 0 1 2 3 4 6 8 9 13 14 16 17 20 23 24
output/drugflow_baseline/4ja8_B_rec/mol_00.sdf,4ja8_B_rec,mol_00,197.12408855169318,13.542572952297917,183.58151559939526,1.4315324769145326,31,6,0,-1,success,
output/drugflow_baseline/4ja8_B_rec/mol_01.sdf,4ja8_B_rec,mol_01,,,,,0,0,0,0,error,"Explicit valence for atom # 26 N, 4, is greater than permitted"
output/drugflow_baseline/4ja8_B_rec/mol_02.sdf,4ja8_B_rec,mol_02,150.63384308786732,77.03346636386344,73.60037672400388,0.5407855932117064,31,7,0,-1,success,
output/drugflow_baseline/4ja8_B_rec/mol_03.sdf,4ja8_B_rec,mol_03,275.859620951425,81.00290824904678,194.8567127023782,1.7818665974676713,31,10,1,-1,success,
output/drugflow_baseline/4ja8_B_rec/mol_04.sdf,4ja8_B_rec,mol_04,2976.5778262515323,43.68794441587174,2932.8898818356606,1.3525811153478664,33,13,1,-1,success,
output/drugflow_baseline/4ja8_B_rec/mol_05.sdf,4ja8_B_rec,mol_05,482.18295544025125,74.47670986189343,407.7062455783578,1.8438154436552505,45,26,2,-1,success,
output/drugflow_baseline/4ja8_B_rec/mol_06.sdf,4ja8_B_rec,mol_06,466.52996381115383,50.737658218815675,415.79230559233815,0.7562274785605667,34,14,0,-1,success,
output/drugflow_baseline/4ja8_B_rec/mol_07.sdf,4ja8_B_rec,mol_07,373.8364230485297,148.54771695728965,225.28870609124004,0.9471366849113603,34,12,0,-1,success,
output/drugflow_baseline/4ja8_B_rec/mol_08.sdf,4ja8_B_rec,mol_08,556.3692015347888,77.456118135081,478.9130833997078,3.0016609352631165,36,24,0,-1,success,
output/drugflow_baseline/4ja8_B_rec/mol_09.sdf,4ja8_B_rec,mol_09,609.1684570885617,126.35453602579017,482.81392106277156,1.930248876656799,43,24,2,-1,success,
output/drugflow_baseline/4kcq_A_rec/mol_00.sdf,4kcq_A_rec,mol_00,251.04960703343068,40.81704480249387,210.23256223093682,0.5831578398685574,30,6,4,-1,success,
output/drugflow_baseline/4kcq_A_rec/mol_01.sdf,4kcq_A_rec,mol_01,163.2474330878377,68.87949323416257,94.36793985367513,0.47063710656347013,32,3,0,-1,success,
output/drugflow_baseline/4kcq_A_rec/mol_02.sdf,4kcq_A_rec,mol_02,225.68885200022146,59.434951270125794,166.25390073009567,0.8159108808817322,22,7,0,-1,success,
output/drugflow_baseline/4kcq_A_rec/mol_03.sdf,4kcq_A_rec,mol_03,187.16812106637144,74.69083163952209,112.47728942684935,1.7022713860280025,29,5,0,-1,success,
output/drugflow_baseline/4kcq_A_rec/mol_04.sdf,4kcq_A_rec,mol_04,1328.085997321414,38.15281018016123,1289.9331871412528,0.9598271982638834,19,9,0,-1,success,
output/drugflow_baseline/4kcq_A_rec/mol_05.sdf,4kcq_A_rec,mol_05,153.34568429234696,14.63771829067841,138.70796600166855,1.523505971272516,20,6,0,-1,success,
output/drugflow_baseline/4kcq_A_rec/mol_06.sdf,4kcq_A_rec,mol_06,128.58400857705305,40.88543751104423,87.69857106600882,0.3211602698556597,22,5,0,-1,success,
output/drugflow_baseline/4kcq_A_rec/mol_07.sdf,4kcq_A_rec,mol_07,-23.942932522138747,-58.992076409594496,35.04914388745575,0.3837107518681717,24,1,0,-1,success,
output/drugflow_baseline/4kcq_A_rec/mol_08.sdf,4kcq_A_rec,mol_08,58.14928622681373,-62.40980064962217,120.5590868764359,1.4916931312405268,25,1,3,-1,success,
output/drugflow_baseline/4kcq_A_rec/mol_09.sdf,4kcq_A_rec,mol_09,536.4422017886106,106.46773656631854,429.9744652222921,0.598947093160933,26,8,0,-1,success,
output/drugflow_baseline/4keu_A_rec/mol_00.sdf,4keu_A_rec,mol_00,127.47342865454215,71.7559676336069,55.71746102093525,0.2163915275682249,28,0,0,-1,success,
output/drugflow_baseline/4keu_A_rec/mol_01.sdf,4keu_A_rec,mol_01,,,,,0,0,0,0,error,Can't kekulize mol.  Unkekulized atoms: 1 2 3 4 6 7 9 10 11 12 13 14 16 18 19 20 21 23 24 25 26
output/drugflow_baseline/4keu_A_rec/mol_02.sdf,4keu_A_rec,mol_02,28.885380787897,-14.591314636027017,43.47669542392401,0.533790793393217,13,1,0,-1,success,
output/drugflow_baseline/4keu_A_rec/mol_03.sdf,4keu_A_rec,mol_03,87.7243634699289,24.75561464310884,62.96874882682006,0.37240557138514296,12,2,1,-1,success,
output/drugflow_baseline/4keu_A_rec/mol_04.sdf,4keu_A_rec,mol_04,222.81067567667841,59.956936072437536,162.85373960424087,0.8698190249432721,24,8,5,-1,success,
output/drugflow_baseline/4keu_A_rec/mol_05.sdf,4keu_A_rec,mol_05,,,,,0,0,0,0,error,Can't kekulize mol.  Unkekulized atoms: 1 7 10 15 18 19 23 28 30 31 32
output/drugflow_baseline/4keu_A_rec/mol_06.sdf,4keu_A_rec,mol_06,122.19020501653948,80.98594573709296,41.20425927944652,0.5899568573315561,22,5,1,-1,success,
output/drugflow_baseline/4keu_A_rec/mol_07.sdf,4keu_A_rec,mol_07,914.6479533226343,73.20546037358517,841.4424929490491,0.5161339238513937,27,9,0,-1,success,
output/drugflow_baseline/4keu_A_rec/mol_08.sdf,4keu_A_rec,mol_08,,,,,0,0,0,0,error,Can't kekulize mol.  Unkekulized atoms: 3 4 5 6 8 22 26 27 31 36
output/drugflow_baseline/4keu_A_rec/mol_09.sdf,4keu_A_rec,mol_09,,,,,0,0,0,0,error,Can't kekulize mol.  Unkekulized atoms: 0 4 7 12 13 15 21 27 28
output/drugflow_baseline/4lfu_A_rec/mol_00.sdf,4lfu_A_rec,mol_00,175.61564411382398,89.88947819219334,85.72616592163064,0.8192788647573599,23,4,0,-1,success,
output/drugflow_baseline/4lfu_A_rec/mol_01.sdf,4lfu_A_rec,mol_01,85.98189549446249,-31.680233271402066,117.66212876586457,0.7622866058692304,26,2,0,-1,success,
output/drugflow_baseline/4lfu_A_rec/mol_02.sdf,4lfu_A_rec,mol_02,75.41483816052772,43.14786668801299,32.26697147251473,0.0967869857491799,20,3,0,-1,success,
output/drugflow_baseline/4lfu_A_rec/mol_03.sdf,4lfu_A_rec,mol_03,157.17560431910886,21.694520802450455,135.4810835166584,0.33427285818386504,13,3,0,-1,success,
output/drugflow_baseline/4lfu_A_rec/mol_04.sdf,4lfu_A_rec,mol_04,297.4416328248965,146.59415186885073,150.84748095604576,0.5117246880288393,18,1,0,-1,success,
output/drugflow_baseline/4lfu_A_rec/mol_05.sdf,4lfu_A_rec,mol_05,64.20826835056204,29.827326819536434,34.3809415310256,0.3382047436906554,13,0,0,-1,success,
output/drugflow_baseline/4lfu_A_rec/mol_06.sdf,4lfu_A_rec,mol_06,93.77535951214936,13.54042729520168,80.23493221694768,0.5162350767235668,12,2,0,-1,success,
output/drugflow_baseline/4lfu_A_rec/mol_07.sdf,4lfu_A_rec,mol_07,238.42065923197686,48.43091017724905,189.9897490547278,0.3554649746304668,23,12,0,-1,success,
output/drugflow_baseline/4lfu_A_rec/mol_08.sdf,4lfu_A_rec,mol_08,101.4168285495151,50.39117996591237,51.02564858360273,0.4166008823574297,13,3,0,-1,success,
output/drugflow_baseline/4lfu_A_rec/mol_09.sdf,4lfu_A_rec,mol_09,108.79662783205124,82.77334929921848,26.023278532832762,0.3494706720769716,14,4,0,-1,success,
output/drugflow_baseline/4m7t_A_rec/mol_00.sdf,4m7t_A_rec,mol_00,165.93720873381722,73.22934493552567,92.70786379829154,0.698479145188279,23,4,0,-1,success,
output/drugflow_baseline/4m7t_A_rec/mol_01.sdf,4m7t_A_rec,mol_01,150.34841308378103,48.83427236026681,101.51414072351422,3.1226550867451235,24,6,2,-1,success,
output/drugflow_baseline/4m7t_A_rec/mol_02.sdf,4m7t_A_rec,mol_02,236.79555900924942,102.21269117256432,134.5828678366851,0.9932523819314775,23,1,1,-1,success,
output/drugflow_baseline/4m7t_A_rec/mol_03.sdf,4m7t_A_rec,mol_03,218.17776624103948,29.358276826046094,188.81948941499337,0.8881297717749913,23,4,0,-1,success,
output/drugflow_baseline/4m7t_A_rec/mol_04.sdf,4m7t_A_rec,mol_04,349.0549832481439,40.973854453068,308.0811287950759,1.1225669723740985,32,7,2,-1,success,
output/drugflow_baseline/4m7t_A_rec/mol_05.sdf,4m7t_A_rec,mol_05,164.0022419526726,51.16278242159117,112.83945953108142,0.8833038994706398,22,1,1,-1,success,
output/drugflow_baseline/4m7t_A_rec/mol_06.sdf,4m7t_A_rec,mol_06,302.81499674984593,110.87117029110942,191.9438264587365,3.1216861975560564,25,6,0,-1,success,
output/drugflow_baseline/4m7t_A_rec/mol_07.sdf,4m7t_A_rec,mol_07,,,,,0,0,0,0,error,Can't kekulize mol.  Unkekulized atoms: 0 1 2 3 4 5 6 7 8 9 11 12 13 14 15 19 20 21 22 23 27 29 30 31 32 34 35
output/drugflow_baseline/4m7t_A_rec/mol_08.sdf,4m7t_A_rec,mol_08,66.02782880697652,-7.17996198875052,73.20779079572704,0.4540415140195214,27,6,2,-1,success,
output/drugflow_baseline/4m7t_A_rec/mol_09.sdf,4m7t_A_rec,mol_09,109.39542535182252,38.612618309346885,70.78280704247564,0.8497761165275978,24,1,2,-1,success,
output/drugflow_baseline/4p6p_A_rec/mol_00.sdf,4p6p_A_rec,mol_00,416.46451082513096,-22.700538606279135,439.16504943141007,0.501960065163988,25,15,3,-1,success,
output/drugflow_baseline/4p6p_A_rec/mol_01.sdf,4p6p_A_rec,mol_01,,,,,0,0,0,0,error,"Explicit valence for atom # 6 C, 5, is greater than permitted"
output/drugflow_baseline/4p6p_A_rec/mol_02.sdf,4p6p_A_rec,mol_02,4958.735308588299,172.71230876056455,4786.022999827735,0.7754830148254954,29,17,5,-1,success,
output/drugflow_baseline/4p6p_A_rec/mol_03.sdf,4p6p_A_rec,mol_03,-75.90742237698214,-177.26912271401184,101.3617003370297,0.572423632606497,12,0,0,-1,success,
output/drugflow_baseline/4p6p_A_rec/mol_04.sdf,4p6p_A_rec,mol_04,-86.42754007716347,-206.0375912288571,119.61005115169364,0.8528383805989903,12,0,1,-1,success,
output/drugflow_baseline/4p6p_A_rec/mol_05.sdf,4p6p_A_rec,mol_05,-43.93086668293109,-154.67526068490093,110.74439400196985,1.068941238598667,15,5,4,-1,success,
output/drugflow_baseline/4p6p_A_rec/mol_06.sdf,4p6p_A_rec,mol_06,734.3838170213055,107.66833376690491,626.7154832544006,0.3413399688393715,26,11,0,-1,success,
output/drugflow_baseline/4p6p_A_rec/mol_07.sdf,4p6p_A_rec,mol_07,-59.03070519879513,-165.56321005486544,106.5325048560703,0.6787030926868554,14,5,2,-1,success,
output/drugflow_baseline/4p6p_A_rec/mol_08.sdf,4p6p_A_rec,mol_08,246.7991551356717,59.183751317883434,187.61540381778826,0.6541184936599852,20,5,0,-1,success,
output/drugflow_baseline/4p6p_A_rec/mol_09.sdf,4p6p_A_rec,mol_09,963.0804563621766,17.407123484054807,945.6733328781218,0.8376366039886949,28,27,4,-1,success,
output/drugflow_baseline/4pxz_A_rec/mol_00.sdf,4pxz_A_rec,mol_00,255.01251152672268,103.4289100538164,151.58360147290628,0.7058019070535894,33,8,5,-1,success,
output/drugflow_baseline/4pxz_A_rec/mol_01.sdf,4pxz_A_rec,mol_01,,,,,0,0,0,0,error,"Explicit valence for atom # 4 N, 4, is greater than permitted"
output/drugflow_baseline/4pxz_A_rec/mol_02.sdf,4pxz_A_rec,mol_02,212.69156411229812,87.76527384659465,124.92629026570347,0.9628897589421885,31,13,0,-1,success,
output/drugflow_baseline/4pxz_A_rec/mol_03.sdf,4pxz_A_rec,mol_03,114.7238812598909,-8.466748300533574,123.19062956042447,2.2694899565597817,29,3,1,-1,success,
output/drugflow_baseline/4pxz_A_rec/mol_04.sdf,4pxz_A_rec,mol_04,109.94213142846613,39.5880171097198,70.35411431874633,1.1464019686640825,28,7,1,-1,success,
output/drugflow_baseline/4pxz_A_rec/mol_05.sdf,4pxz_A_rec,mol_05,102.87481359721221,44.76376297349639,58.11105062371582,0.25804018879851814,28,0,0,-1,success,
output/drugflow_baseline/4pxz_A_rec/mol_06.sdf,4pxz_A_rec,mol_06,87.98317673993185,-60.680506001011125,148.663682740943,0.8711038625575651,29,3,1,-1,success,
output/drugflow_baseline/4pxz_A_rec/mol_07.sdf,4pxz_A_rec,mol_07,64.10180384822633,-29.213148577598005,93.31495242582433,2.0786471736052943,27,5,4,-1,success,
output/drugflow_baseline/4pxz_A_rec/mol_08.sdf,4pxz_A_rec,mol_08,,,,,0,0,0,0,error,Can't kekulize mol.  Unkekulized atoms: 7 12 13 16 19
output/drugflow_baseline/4pxz_A_rec/mol_09.sdf,4pxz_A_rec,mol_09,,,,,0,0,0,0,error,Can't kekulize mol.  Unkekulized atoms: 3 4 12 16 22 25
output/drugflow_baseline/4q8b_B_rec/mol_00.sdf,4q8b_B_rec,mol_00,258.6493879481558,56.77647117571408,201.8729167724417,0.831057387322659,24,8,3,-1,success,
output/drugflow_baseline/4q8b_B_rec/mol_01.sdf,4q8b_B_rec,mol_01,242.28120539195373,107.86489845608976,134.416306935864,0.7488268020285731,19,2,2,-1,success,
output/drugflow_baseline/4q8b_B_rec/mol_02.sdf,4q8b_B_rec,mol_02,140.14554069192855,77.52601951008006,62.619521181848484,0.4828330512736444,23,7,0,-1,success,
output/drugflow_baseline/4q8b_B_rec/mol_03.sdf,4q8b_B_rec,mol_03,109.51504559680112,58.87487805726533,50.64016753953579,0.7667162384480972,19,2,1,-1,success,
output/drugflow_baseline/4q8b_B_rec/mol_04.sdf,4q8b_B_rec,mol_04,101.3621672030019,50.158137626546896,51.20402957645501,0.7964834959436423,16,0,2,-1,success,
output/drugflow_baseline/4q8b_B_rec/mol_05.sdf,4q8b_B_rec,mol_05,110.40889235086424,8.111761008386885,102.29713134247734,0.45647068890463627,21,1,2,-1,success,
output/drugflow_baseline/4q8b_B_rec/mol_06.sdf,4q8b_B_rec,mol_06,128.43017224003492,78.49946433321708,49.930707906817844,1.1466801499819268,21,6,2,-1,success,
output/drugflow_baseline/4q8b_B_rec/mol_07.sdf,4q8b_B_rec,mol_07,71.97776082580089,16.76720311863093,55.210557707169954,1.3979215617402674,18,4,1,-1,success,
output/drugflow_baseline/4q8b_B_rec/mol_08.sdf,4q8b_B_rec,mol_08,134.62921056875615,63.326441193263236,71.30276937549291,0.7687557063335326,23,5,0,-1,success,
output/drugflow_baseline/4q8b_B_rec/mol_09.sdf,4q8b_B_rec,mol_09,97.44450943263251,76.0809661651214,21.36354326751112,0.20569499387254464,15,0,0,-1,success,
output/drugflow_baseline/4qlk_A_rec/mol_00.sdf,4qlk_A_rec,mol_00,,,,,0,0,0,0,error,"Explicit valence for atom # 0 O, 4, is greater than permitted"
output/drugflow_baseline/4qlk_A_rec/mol_01.sdf,4qlk_A_rec,mol_01,250.01026213880837,-14.81414673219863,264.824408871007,1.202704113534932,44,9,4,-1,success,
output/drugflow_baseline/4qlk_A_rec/mol_02.sdf,4qlk_A_rec,mol_02,117.20129009313922,-167.2465781356362,284.4478682287754,2.217041426749087,34,5,3,-1,success,
output/drugflow_baseline/4qlk_A_rec/mol_03.sdf,4qlk_A_rec,mol_03,1418.6985980504478,76.55465311425255,1342.1439449361953,1.2277004928084172,33,15,1,-1,success,
output/drugflow_baseline/4qlk_A_rec/mol_04.sdf,4qlk_A_rec,mol_04,419.85172179208183,90.37625842420326,329.47546336787855,1.5615194791942355,33,7,2,-1,success,
output/drugflow_baseline/4qlk_A_rec/mol_05.sdf,4qlk_A_rec,mol_05,312.36161107168937,101.57779195217822,210.78381911951115,1.4336908176329695,36,8,3,-1,success,
output/drugflow_baseline/4qlk_A_rec/mol_06.sdf,4qlk_A_rec,mol_06,179.58480848490234,71.6534832859646,107.93132519893774,0.9389963557885936,34,3,4,-1,success,
output/drugflow_baseline/4qlk_A_rec/mol_07.sdf,4qlk_A_rec,mol_07,230.84555941531306,40.61924104149699,190.22631837381607,1.1041392872505675,33,16,3,-1,success,
output/drugflow_baseline/4qlk_A_rec/mol_08.sdf,4qlk_A_rec,mol_08,270.9432221536683,89.35077872642941,181.59244342723886,1.214179646444079,35,8,2,-1,success,
output/drugflow_baseline/4qlk_A_rec/mol_09.sdf,4qlk_A_rec,mol_09,154.97272544668866,49.67421423979107,105.29851120689759,0.4098355767280841,30,2,3,-1,success,
output/drugflow_baseline/4rlu_A_rec/mol_00.sdf,4rlu_A_rec,mol_00,270.69432532061626,74.23966543712721,196.45465988348906,1.082979815204161,23,8,4,-1,success,
output/drugflow_baseline/4rlu_A_rec/mol_01.sdf,4rlu_A_rec,mol_01,1050.5742557166595,-7.853802792846881,1058.4280585095064,0.3394945011779838,28,6,2,-1,success,
output/drugflow_baseline/4rlu_A_rec/mol_02.sdf,4rlu_A_rec,mol_02,501.51653896594394,96.20192625768905,405.3146127082549,1.294771443245674,31,15,1,-1,success,
output/drugflow_baseline/4rlu_A_rec/mol_03.sdf,4rlu_A_rec,mol_03,110.95014677252739,56.647769996117944,54.302376776409446,0.7206968076767186,23,4,0,-1,success,
output/drugflow_baseline/4rlu_A_rec/mol_04.sdf,4rlu_A_rec,mol_04,,,,,0,0,0,0,error,"Explicit valence for atom # 13 C, 5, is greater than permitted"
output/drugflow_baseline/4rlu_A_rec/mol_05.sdf,4rlu_A_rec,mol_05,,,,,0,0,0,0,error,Can't kekulize mol.  Unkekulized atoms: 3 7 8 9 13
output/drugflow_baseline/4rlu_A_rec/mol_06.sdf,4rlu_A_rec,mol_06,73.43592408316941,6.1442158296987515,67.29170825347066,0.5949687512305274,21,0,0,-1,success,
output/drugflow_baseline/4rlu_A_rec/mol_07.sdf,4rlu_A_rec,mol_07,,,,,0,0,0,0,error,"Explicit valence for atom # 18 F, 2, is greater than permitted"
output/drugflow_baseline/4rlu_A_rec/mol_08.sdf,4rlu_A_rec,mol_08,284.2144873661306,71.89975645198086,212.31473091414972,1.5576471511722876,28,9,3,-1,success,
output/drugflow_baseline/4rlu_A_rec/mol_09.sdf,4rlu_A_rec,mol_09,117.73045951360146,35.444838260290474,82.28562125331098,1.6427215677374836,16,9,1,-1,success,
output/drugflow_baseline/4rn0_B_rec/mol_00.sdf,4rn0_B_rec,mol_00,138.29416920706643,15.529727302595361,122.76444190447107,0.4802271446125401,16,2,0,-1,success,
output/drugflow_baseline/4rn0_B_rec/mol_01.sdf,4rn0_B_rec,mol_01,16.535986264584448,-0.40797996065412523,16.943966225238572,0.38149182478507393,8,3,0,-1,success,
output/drugflow_baseline/4rn0_B_rec/mol_02.sdf,4rn0_B_rec,mol_02,148.78998814001173,45.02024119647405,103.76974694353768,0.7169089683208452,9,1,0,-1,success,
output/drugflow_baseline/4rn0_B_rec/mol_03.sdf,4rn0_B_rec,mol_03,-81.85697272468585,-93.88288885287064,12.02591612818479,0.38378019181312256,11,1,0,-1,success,
output/drugflow_baseline/4rn0_B_rec/mol_04.sdf,4rn0_B_rec,mol_04,557.0354188140366,95.63125171123758,461.40416710279897,0.6739813646490693,29,8,0,-1,success,
output/drugflow_baseline/4rn0_B_rec/mol_05.sdf,4rn0_B_rec,mol_05,-50.91111410201587,-73.14538019568354,22.23426609366767,0.2772248414397439,11,1,1,-1,success,
output/drugflow_baseline/4rn0_B_rec/mol_06.sdf,4rn0_B_rec,mol_06,2070.6862954861076,84.84065621621514,1985.8456392698924,0.9109340463033062,31,17,2,-1,success,
output/drugflow_baseline/4rn0_B_rec/mol_07.sdf,4rn0_B_rec,mol_07,3.908778694337256,-26.144290450774115,30.053069145111373,0.436665041469147,9,1,0,-1,success,
output/drugflow_baseline/4rn0_B_rec/mol_08.sdf,4rn0_B_rec,mol_08,153.9287114222059,74.56588398505694,79.36282743714897,0.465442878862382,18,7,0,-1,success,
output/drugflow_baseline/4rn0_B_rec/mol_09.sdf,4rn0_B_rec,mol_09,7.123803593919062,-20.250792591381494,27.374596185300554,0.5160993130955996,9,4,0,-1,success,
output/drugflow_baseline/4rv4_A_rec/mol_00.sdf,4rv4_A_rec,mol_00,-80.98787132671987,-180.79210837587993,99.80423704916006,0.7852344734051733,20,3,3,-1,success,
output/drugflow_baseline/4rv4_A_rec/mol_01.sdf,4rv4_A_rec,mol_01,-3.7831592599380883,-182.03242459523162,178.24926533529353,1.3603396756598012,18,9,3,-1,success,
output/drugflow_baseline/4rv4_A_rec/mol_02.sdf,4rv4_A_rec,mol_02,,,,,0,0,0,0,error,Can't kekulize mol.  Unkekulized atoms: 3 4 5 8 16
output/drugflow_baseline/4rv4_A_rec/mol_03.sdf,4rv4_A_rec,mol_03,-181.76325938668498,-299.86386141801347,118.10060203132849,1.1772401374567827,19,1,2,-1,success,
output/drugflow_baseline/4rv4_A_rec/mol_04.sdf,4rv4_A_rec,mol_04,-64.52575886386225,-306.7010908673939,242.17533200353162,1.6730588939976274,19,3,3,-1,success,
output/drugflow_baseline/4rv4_A_rec/mol_05.sdf,4rv4_A_rec,mol_05,-121.08454780349433,-237.68459579260752,116.6000479891132,0.8425028338059878,29,1,3,-1,success,
output/drugflow_baseline/4rv4_A_rec/mol_06.sdf,4rv4_A_rec,mol_06,-48.89996269824138,-298.81006612500437,249.910103426763,0.6661513103051094,19,2,3,-1,success,
output/drugflow_baseline/4rv4_A_rec/mol_07.sdf,4rv4_A_rec,mol_07,570.5515999794518,-322.08122940483327,892.6328293842851,0.8491001646410287,29,19,3,-1,success,
output/drugflow_baseline/4rv4_A_rec/mol_08.sdf,4rv4_A_rec,mol_08,28.04076890751044,-151.55760301838282,179.59837192589328,0.8115688334509532,19,4,2,-1,success,
output/drugflow_baseline/4rv4_A_rec/mol_09.sdf,4rv4_A_rec,mol_09,-187.65413538708827,-303.26373186180086,115.60959647471259,3.031010882982017,19,2,2,-1,success,
output/drugflow_baseline/4tos_A_rec/mol_00.sdf,4tos_A_rec,mol_00,93.73754209053736,5.7363340683123525,88.001208022225,1.3718026892433208,34,2,0,-1,success,
output/drugflow_baseline/4tos_A_rec/mol_01.sdf,4tos_A_rec,mol_01,132.2089190609214,70.73522726010775,61.473691800813654,3.7078697190585044,33,3,2,-1,success,
output/drugflow_baseline/4tos_A_rec/mol_02.sdf,4tos_A_rec,mol_02,216.47983368816074,-61.832482251055424,278.31231593921615,1.7738968777446837,29,8,0,-1,success,
output/drugflow_baseline/4tos_A_rec/mol_03.sdf,4tos_A_rec,mol_03,85.70748186588568,21.40383151523425,64.30365035065144,0.5211128007535637,31,4,0,-1,success,
output/drugflow_baseline/4tos_A_rec/mol_04.sdf,4tos_A_rec,mol_04,259.74455461412174,34.28841124791627,225.45614336620548,0.6863879772050415,30,2,1,-1,success,
output/drugflow_baseline/4tos_A_rec/mol_05.sdf,4tos_A_rec,mol_05,2357.293693906596,54.90439675542459,2302.389297151172,1.2099265511281463,30,6,2,-1,success,
output/drugflow_baseline/4tos_A_rec/mol_06.sdf,4tos_A_rec,mol_06,138.51129741465365,24.114908382954717,114.39638903169893,0.8462156331052113,30,1,1,-1,success,
output/drugflow_baseline/4tos_A_rec/mol_07.sdf,4tos_A_rec,mol_07,-28.437477566703123,-95.29499751365731,66.85751994695418,0.6569320850684618,28,1,0,-1,success,
output/drugflow_baseline/4tos_A_rec/mol_08.sdf,4tos_A_rec,mol_08,176.81097344324027,76.65153276733226,100.15944067590802,1.1197028418474104,32,8,0,-1,success,
output/drugflow_baseline/4tos_A_rec/mol_09.sdf,4tos_A_rec,mol_09,,,,,0,0,0,0,error,Can't kekulize mol.  Unkekulized atoms: 20 28
output/drugflow_baseline/4tqr_A_rec/mol_00.sdf,4tqr_A_rec,mol_00,23.555215413351736,-3.058608144715965,26.6138235580677,0.0901397980653419,12,0,1,-1,success,
output/drugflow_baseline/4tqr_A_rec/mol_01.sdf,4tqr_A_rec,mol_01,,,,,0,0,0,0,error,Can't kekulize mol.  Unkekulized atoms: 0 3 6 12 17
output/drugflow_baseline/4tqr_A_rec/mol_02.sdf,4tqr_A_rec,mol_02,72.02640456419985,31.39295262301642,40.63345194118343,0.13130272217382263,12,1,1,-1,success,
output/drugflow_baseline/4tqr_A_rec/mol_03.sdf,4tqr_A_rec,mol_03,80.56216856577689,30.136259319442804,50.425909246334086,0.6209920589928426,12,1,1,-1,success,
output/drugflow_baseline/4tqr_A_rec/mol_04.sdf,4tqr_A_rec,mol_04,153.7023794703402,42.22099088954969,111.48138858079051,0.5474873919989756,12,0,2,-1,success,
output/drugflow_baseline/4tqr_A_rec/mol_05.sdf,4tqr_A_rec,mol_05,8.749044964269707,-24.098346150048613,32.84739111431832,0.38002545179425196,9,0,2,-1,success,
output/drugflow_baseline/4tqr_A_rec/mol_06.sdf,4tqr_A_rec,mol_06,-51.021270951209075,-85.77059743666427,34.7493264854552,0.30003009878822234,17,6,0,-1,success,
output/drugflow_baseline/4tqr_A_rec/mol_07.sdf,4tqr_A_rec,mol_07,,,,,0,0,0,0,error,Can't kekulize mol.  Unkekulized atoms: 1 8 10 11 13 15 16 18 21
output/drugflow_baseline/4tqr_A_rec/mol_08.sdf,4tqr_A_rec,mol_08,263.3108635168205,82.63309924480643,180.6777642720141,2.1645040748953885,17,0,4,-1,success,
output/drugflow_baseline/4tqr_A_rec/mol_09.sdf,4tqr_A_rec,mol_09,174.85754798076277,-25.108436510651025,199.9659844914138,0.520536448137539,18,0,1,-1,success,
output/drugflow_baseline/4u5s_A_rec/mol_00.sdf,4u5s_A_rec,mol_00,108.70269174993106,68.62871486040555,40.07397688952551,0.648891573415374,15,0,2,-1,success,
output/drugflow_baseline/4u5s_A_rec/mol_01.sdf,4u5s_A_rec,mol_01,-10.756991122274712,-41.99702930110747,31.240038178832755,0.4752054186620054,12,1,2,-1,success,
output/drugflow_baseline/4u5s_A_rec/mol_02.sdf,4u5s_A_rec,mol_02,28.18146806699521,-9.918498765646644,38.099966832641854,0.32702973321425977,13,4,0,-1,success,
output/drugflow_baseline/4u5s_A_rec/mol_03.sdf,4u5s_A_rec,mol_03,,,,,0,0,0,0,error,"Explicit valence for atom # 9 C, 5, is greater than permitted"
output/drugflow_baseline/4u5s_A_rec/mol_04.sdf,4u5s_A_rec,mol_04,236.36332584010606,46.990300506391705,189.37302533371434,0.466031830649131,14,1,0,-1,success,
output/drugflow_baseline/4u5s_A_rec/mol_05.sdf,4u5s_A_rec,mol_05,114.66794049674536,61.8735263773221,52.79441411942326,0.5241400440747077,13,2,1,-1,success,
output/drugflow_baseline/4u5s_A_rec/mol_06.sdf,4u5s_A_rec,mol_06,75.38943652750959,35.9443727320358,39.445063795473786,0.46901839585874416,13,2,1,-1,success,
output/drugflow_baseline/4u5s_A_rec/mol_07.sdf,4u5s_A_rec,mol_07,-78.8076362128226,-113.62855715604198,34.82092094321938,0.47083472875348714,14,1,0,-1,success,
output/drugflow_baseline/4u5s_A_rec/mol_08.sdf,4u5s_A_rec,mol_08,182.08707033124722,93.83237382480121,88.25469650644601,0.5406401002047913,13,1,1,-1,success,
output/drugflow_baseline/4u5s_A_rec/mol_09.sdf,4u5s_A_rec,mol_09,90.504694458227,1.930338101894062,88.57435635633293,0.80600604947181,14,6,0,-1,success,
output/drugflow_baseline/4xli_B_rec/mol_00.sdf,4xli_B_rec,mol_00,117.03700544032668,75.64040684520421,41.39659859512247,0.532542083715048,23,0,0,-1,success,
output/drugflow_baseline/4xli_B_rec/mol_01.sdf,4xli_B_rec,mol_01,,,,,0,0,0,0,error,Can't kekulize mol.  Unkekulized atoms: 9 10 12 13 15 17 18 19 22 24 25
output/drugflow_baseline/4xli_B_rec/mol_02.sdf,4xli_B_rec,mol_02,137.79740309767286,61.11825362345792,76.67914947421494,0.4266006077241279,20,0,0,-1,success,
output/drugflow_baseline/4xli_B_rec/mol_03.sdf,4xli_B_rec,mol_03,159.04845221803828,106.84279956226837,52.20565265576991,0.8523527476898624,26,2,1,-1,success,
output/drugflow_baseline/4xli_B_rec/mol_04.sdf,4xli_B_rec,mol_04,45.24048352927903,-20.466782663355183,65.70726619263422,0.8625714175395506,20,0,3,-1,success,
output/drugflow_baseline/4xli_B_rec/mol_05.sdf,4xli_B_rec,mol_05,,,,,0,0,0,0,error,Can't kekulize mol.  Unkekulized atoms: 1 4 5 7 8 9 11 12 13 15 16 17 18 20 22 23 25 26 28 30 31 32 33 36 38
output/drugflow_baseline/4xli_B_rec/mol_06.sdf,4xli_B_rec,mol_06,105.5591361944663,-14.85800300375449,120.4171391982208,0.6237136254123884,31,3,0,-1,success,
output/drugflow_baseline/4xli_B_rec/mol_07.sdf,4xli_B_rec,mol_07,79.04910479564757,52.36312061807298,26.685984177574582,0.29351768654837257,23,1,1,-1,success,
output/drugflow_baseline/4xli_B_rec/mol_08.sdf,4xli_B_rec,mol_08,138.89870032242771,80.31892467233516,58.57977565009256,0.6745303385265964,26,3,0,-1,success,
output/drugflow_baseline/4xli_B_rec/mol_09.sdf,4xli_B_rec,mol_09,101.40124249326658,2.5764512619168585,98.82479123134972,0.5047748441206158,21,3,0,-1,success,
output/drugflow_baseline/4yhj_A_rec/mol_00.sdf,4yhj_A_rec,mol_00,-83.63508333910823,-231.1572695598437,147.52218622073548,0.16721998010244496,24,1,1,-1,success,
output/drugflow_baseline/4yhj_A_rec/mol_01.sdf,4yhj_A_rec,mol_01,12.183553732362228,-166.34490359843772,178.52845733079994,2.3893450055303216,25,1,3,-1,success,
output/drugflow_baseline/4yhj_A_rec/mol_02.sdf,4yhj_A_rec,mol_02,-36.74541281581372,-201.4782965268538,164.73288371104007,0.4425860099653102,24,3,0,-1,success,
output/drugflow_baseline/4yhj_A_rec/mol_03.sdf,4yhj_A_rec,mol_03,-114.93274328880815,-206.9384379514444,92.00569466263624,0.41802169995692223,24,0,0,-1,success,
output/drugflow_baseline/4yhj_A_rec/mol_04.sdf,4yhj_A_rec,mol_04,319.9637065310591,-31.916094326248476,351.87980085730754,0.773455576887557,24,9,0,-1,success,
output/drugflow_baseline/4yhj_A_rec/mol_05.sdf,4yhj_A_rec,mol_05,161.54276176752745,9.141253955857637,152.4015078116698,1.482453548268186,24,3,1,-1,success,
output/drugflow_baseline/4yhj_A_rec/mol_06.sdf,4yhj_A_rec,mol_06,221.296269428444,-93.04566337907511,314.34193280751913,0.5233125031435937,27,4,0,-1,success,
output/drugflow_baseline/4yhj_A_rec/mol_07.sdf,4yhj_A_rec,mol_07,-32.66163526010402,-160.8200084623958,128.15837320229178,1.3075980176640987,28,1,0,-1,success,
output/drugflow_baseline/4yhj_A_rec/mol_08.sdf,4yhj_A_rec,mol_08,-57.97970028688841,-125.20523494262245,67.22553465573404,1.1557709766856232,25,5,0,-1,success,
output/drugflow_baseline/4yhj_A_rec/mol_09.sdf,4yhj_A_rec,mol_09,66.47344149805171,-12.243276216146999,78.71671771419871,1.9192101869328357,23,3,0,-1,success,
output/drugflow_baseline/4z2g_A_rec/mol_00.sdf,4z2g_A_rec,mol_00,384.0545037716453,98.78159655362919,285.2729072180161,0.6725476224092788,37,4,7,-1,success,
output/drugflow_baseline/4z2g_A_rec/mol_01.sdf,4z2g_A_rec,mol_01,406.15039944145883,112.41306461629387,293.73733482516496,1.7828552210224042,41,12,4,-1,success,
output/drugflow_baseline/4z2g_A_rec/mol_02.sdf,4z2g_A_rec,mol_02,849.8575784467189,294.41419403654163,555.4433844101773,0.7488855057478453,40,8,3,-1,success,
output/drugflow_baseline/4z2g_A_rec/mol_03.sdf,4z2g_A_rec,mol_03,643.7821527372096,197.25639052792462,446.52576220928495,0.6116417600917742,37,15,4,-1,success,
output/drugflow_baseline/4z2g_A_rec/mol_04.sdf,4z2g_A_rec,mol_04,245.6372199171734,11.287401653998913,234.34981826317448,0.8153009338049138,42,12,2,-1,success,
output/drugflow_baseline/4z2g_A_rec/mol_05.sdf,4z2g_A_rec,mol_05,577.4768907644057,255.82479123444065,321.65209952996497,0.6194558393168624,41,11,6,-1,success,
output/drugflow_baseline/4z2g_A_rec/mol_06.sdf,4z2g_A_rec,mol_06,,,,,0,0,0,0,error,"Explicit valence for atom # 23 N, 4, is greater than permitted"
output/drugflow_baseline/4z2g_A_rec/mol_07.sdf,4z2g_A_rec,mol_07,276.6184941461419,68.14752366692734,208.4709704792146,0.5298643961255435,30,4,3,-1,success,
output/drugflow_baseline/4z2g_A_rec/mol_08.sdf,4z2g_A_rec,mol_08,503.05312523276405,219.09425584152876,283.9588693912353,1.3836232602915046,45,15,5,-1,success,
output/drugflow_baseline/4z2g_A_rec/mol_09.sdf,4z2g_A_rec,mol_09,975.0248692014118,263.4829225042316,711.5419466971802,1.2122104916734593,42,9,2,-1,success,
output/drugflow_baseline/4zfa_A_rec/mol_00.sdf,4zfa_A_rec,mol_00,162.95717564252422,85.20619981407887,77.75097582844535,0.9889391972050767,26,0,1,-1,success,
output/drugflow_baseline/4zfa_A_rec/mol_01.sdf,4zfa_A_rec,mol_01,183.18082132155507,-34.76300558392847,217.94382690548355,0.722246694278844,23,3,1,-1,success,
output/drugflow_baseline/4zfa_A_rec/mol_02.sdf,4zfa_A_rec,mol_02,81.7245389855386,18.00801421271128,63.71652477282732,1.063902835611287,19,3,0,-1,success,
output/drugflow_baseline/4zfa_A_rec/mol_03.sdf,4zfa_A_rec,mol_03,,,,,0,0,0,0,error,Can't kekulize mol.  Unkekulized atoms: 2 8 13 15 16 17 21
output/drugflow_baseline/4zfa_A_rec/mol_04.sdf,4zfa_A_rec,mol_04,69.22523897962563,7.507604354731212,61.717634624894416,0.7357018331045754,18,6,0,-1,success,
output/drugflow_baseline/4zfa_A_rec/mol_05.sdf,4zfa_A_rec,mol_05,501.1327615570369,89.83068401850286,411.30207753853404,1.3369566306868852,40,6,0,-1,success,
output/drugflow_baseline/4zfa_A_rec/mol_06.sdf,4zfa_A_rec,mol_06,188.17925038394932,69.74368956292915,118.43556082102018,0.546529201807412,27,1,0,-1,success,
output/drugflow_baseline/4zfa_A_rec/mol_07.sdf,4zfa_A_rec,mol_07,1355.0814581908728,-9.951277721769237,1365.032735912642,0.4294753536734329,23,3,0,-1,success,
output/drugflow_baseline/4zfa_A_rec/mol_08.sdf,4zfa_A_rec,mol_08,,,,,0,0,0,0,error,Can't kekulize mol.  Unkekulized atoms: 3 14 19 21 23
output/drugflow_baseline/4zfa_A_rec/mol_09.sdf,4zfa_A_rec,mol_09,934.3883023302567,70.61924152508638,863.7690608051703,0.9764173876039822,27,13,1,-1,success,
output/drugflow_baseline/5aeh_A_rec/mol_00.sdf,5aeh_A_rec,mol_00,188.82611493332683,67.74998532645355,121.07612960687328,1.1833294674602564,40,2,5,-1,success,
output/drugflow_baseline/5aeh_A_rec/mol_01.sdf,5aeh_A_rec,mol_01,136.85993207244843,84.55906902989508,52.300863042553345,0.9160548317369315,24,3,0,-1,success,
output/drugflow_baseline/5aeh_A_rec/mol_02.sdf,5aeh_A_rec,mol_02,283.6623673061373,23.990534558009998,259.6718327481273,0.7758744789294245,20,2,1,-1,success,
output/drugflow_baseline/5aeh_A_rec/mol_03.sdf,5aeh_A_rec,mol_03,,,,,0,0,0,0,error,Can't kekulize mol.  Unkekulized atoms: 0 10 15 21 22
output/drugflow_baseline/5aeh_A_rec/mol_04.sdf,5aeh_A_rec,mol_04,191.68551914366003,66.90073294122789,124.78478620243214,0.5555993889738949,28,1,1,-1,success,
output/drugflow_baseline/5aeh_A_rec/mol_05.sdf,5aeh_A_rec,mol_05,100.01406221513614,6.210943664797082,93.80311855033905,0.46438244540976886,24,2,0,-1,success,
output/drugflow_baseline/5aeh_A_rec/mol_06.sdf,5aeh_A_rec,mol_06,138.66114498103377,54.37124486130426,84.28990011972951,0.3904579350265958,22,6,0,-1,success,
output/drugflow_baseline/5aeh_A_rec/mol_07.sdf,5aeh_A_rec,mol_07,200.67366086666408,73.26859082870463,127.40507003795945,0.28650765480087326,25,11,0,-1,success,
output/drugflow_baseline/5aeh_A_rec/mol_08.sdf,5aeh_A_rec,mol_08,122.68083743283405,37.46151918353783,85.21931824929622,0.35335408626654796,24,0,0,-1,success,
output/drugflow_baseline/5aeh_A_rec/mol_09.sdf,5aeh_A_rec,mol_09,151.46873289993067,36.10273821126287,115.3659946886678,0.9912337958180392,22,5,2,-1,success,
output/drugflow_baseline/5b08_A_rec/mol_00.sdf,5b08_A_rec,mol_00,127.34547231403471,33.704189721901294,93.64128259213342,0.4848772215810876,15,4,0,-1,success,
output/drugflow_baseline/5b08_A_rec/mol_01.sdf,5b08_A_rec,mol_01,,,,,0,0,0,0,error,Can't kekulize mol.  Unkekulized atoms: 1 3 11 13 28
output/drugflow_baseline/5b08_A_rec/mol_02.sdf,5b08_A_rec,mol_02,106.36696148613768,56.85820044307087,49.50876104306681,0.5577936105407983,17,0,1,-1,success,
output/drugflow_baseline/5b08_A_rec/mol_03.sdf,5b08_A_rec,mol_03,127.95799067100408,63.78926839452253,64.16872227648156,0.29736133379799445,20,3,2,-1,success,
output/drugflow_baseline/5b08_A_rec/mol_04.sdf,5b08_A_rec,mol_04,42.67980623274767,-5.1218535448556635,47.801659777603334,0.29439305531530935,18,3,0,-1,success,
output/drugflow_baseline/5b08_A_rec/mol_05.sdf,5b08_A_rec,mol_05,100.99475075607339,65.35808106459743,35.63666969147596,0.2621152850681724,16,1,1,-1,success,
output/drugflow_baseline/5b08_A_rec/mol_06.sdf,5b08_A_rec,mol_06,,,,,0,0,0,0,error,Can't kekulize mol.  Unkekulized atoms: 1 3 4 9 13 14 15 17 19 20
output/drugflow_baseline/5b08_A_rec/mol_07.sdf,5b08_A_rec,mol_07,,,,,0,0,0,0,error,"Explicit valence for atom # 9 C, 5, is greater than permitted"
output/drugflow_baseline/5b08_A_rec/mol_08.sdf,5b08_A_rec,mol_08,73.6201878199532,39.89313196835913,33.72705585159407,0.44122068484503496,15,0,0,-1,success,
output/drugflow_baseline/5b08_A_rec/mol_09.sdf,5b08_A_rec,mol_09,80.2391499324698,57.95179157498737,22.287358357482432,0.5147211645936663,15,2,1,-1,success,
output/drugflow_baseline/5bur_A_rec/mol_00.sdf,5bur_A_rec,mol_00,-233.97516480492547,-346.276701847237,112.30153704231154,1.4459973426449777,26,1,2,-1,success,
output/drugflow_baseline/5bur_A_rec/mol_01.sdf,5bur_A_rec,mol_01,-107.90854753725738,-221.14550623083494,113.23695869357756,1.4733905003571228,26,1,1,-1,success,
output/drugflow_baseline/5bur_A_rec/mol_02.sdf,5bur_A_rec,mol_02,11.045888830469977,-271.59659263851563,282.6424814689856,2.5171642239748824,27,6,1,-1,success,
output/drugflow_baseline/5bur_A_rec/mol_03.sdf,5bur_A_rec,mol_03,,,,,0,0,0,0,error,"Explicit valence for atom # 0 O, 3, is greater than permitted"
output/drugflow_baseline/5bur_A_rec/mol_04.sdf,5bur_A_rec,mol_04,-274.19716630142744,-418.13937749578054,143.9422111943531,1.9999572091534417,27,1,5,-1,success,
output/drugflow_baseline/5bur_A_rec/mol_05.sdf,5bur_A_rec,mol_05,-180.18832525270122,-332.9525210706744,152.76419581797316,1.37240585374335,25,1,1,-1,success,
output/drugflow_baseline/5bur_A_rec/mol_06.sdf,5bur_A_rec,mol_06,-162.10373394396564,-293.0077450956715,130.90401115170587,0.8412633829325059,25,4,2,-1,success,
output/drugflow_baseline/5bur_A_rec/mol_07.sdf,5bur_A_rec,mol_07,-181.48423000990704,-342.3325291025755,160.84829909266847,0.8599069673064638,25,3,3,-1,success,
output/drugflow_baseline/5bur_A_rec/mol_08.sdf,5bur_A_rec,mol_08,15.938177235256234,-356.90729133156844,372.8454685668247,2.2104791835731277,31,8,4,-1,success,
output/drugflow_baseline/5bur_A_rec/mol_09.sdf,5bur_A_rec,mol_09,,,,,0,0,0,0,error,Can't kekulize mol.  Unkekulized atoms: 3 9 14 16 17 20 21
output/drugflow_baseline/5d7n_D_rec/mol_00.sdf,5d7n_D_rec,mol_00,,,,,0,0,0,0,error,Can't kekulize mol.  Unkekulized atoms: 4 5 8 12 14 19 22
output/drugflow_baseline/5d7n_D_rec/mol_01.sdf,5d7n_D_rec,mol_01,205.93232363718562,81.66765182806691,124.26467180911871,0.4688532902487297,25,7,1,-1,success,
output/drugflow_baseline/5d7n_D_rec/mol_02.sdf,5d7n_D_rec,mol_02,227.98644347717203,86.9079006818761,141.07854279529593,1.5734095162929007,25,1,2,-1,success,
output/drugflow_baseline/5d7n_D_rec/mol_03.sdf,5d7n_D_rec,mol_03,169.73366885534045,46.46597537073282,123.26769348460763,1.1534615240147232,26,6,0,-1,success,
output/drugflow_baseline/5d7n_D_rec/mol_04.sdf,5d7n_D_rec,mol_04,416.15077734841975,-75.40822719437908,491.55900454279885,0.6433982369975035,26,6,0,-1,success,
output/drugflow_baseline/5d7n_D_rec/mol_05.sdf,5d7n_D_rec,mol_05,242.47630079971094,55.45226816064,187.02403263907092,0.9572491025083758,22,3,0,-1,success,
output/drugflow_baseline/5d7n_D_rec/mol_06.sdf,5d7n_D_rec,mol_06,564.4802465687237,12.49207788992031,551.9881686788034,0.9985685892698446,27,9,1,-1,success,
output/drugflow_baseline/5d7n_D_rec/mol_07.sdf,5d7n_D_rec,mol_07,128.0096584980905,12.92120536646236,115.08845313162813,0.8996786472895254,24,0,0,-1,success,
output/drugflow_baseline/5d7n_D_rec/mol_08.sdf,5d7n_D_rec,mol_08,,,,,0,0,0,0,error,Can't kekulize mol.  Unkekulized atoms: 5 14 19
output/drugflow_baseline/5d7n_D_rec/mol_09.sdf,5d7n_D_rec,mol_09,154.50176500914358,37.41436593001693,117.08739907912666,0.49052507800623074,31,2,0,-1,success,
output/drugflow_baseline/5i0b_A_rec/mol_00.sdf,5i0b_A_rec,mol_00,320.67274322218054,7.418528678283238,313.2542145438973,1.2747414197028624,19,1,0,-1,success,
output/drugflow_baseline/5i0b_A_rec/mol_01.sdf,5i0b_A_rec,mol_01,653.4266448625285,140.81295768715097,512.6136871753775,0.5815542549497273,31,19,0,-1,success,
output/drugflow_baseline/5i0b_A_rec/mol_02.sdf,5i0b_A_rec,mol_02,182.65837416753396,126.40439851258355,56.25397565495041,0.26421961583484505,20,0,0,-1,success,
output/drugflow_baseline/5i0b_A_rec/mol_03.sdf,5i0b_A_rec,mol_03,136.5569143350042,100.1322720089356,36.42464232606859,0.8804052951293688,17,0,0,-1,success,
output/drugflow_baseline/5i0b_A_rec/mol_04.sdf,5i0b_A_rec,mol_04,159.1516524994121,54.81642006758811,104.335232431824,0.3706689680552331,20,5,0,-1,success,
output/drugflow_baseline/5i0b_A_rec/mol_05.sdf,5i0b_A_rec,mol_05,489.2560406413503,85.3736996631646,403.8823409781857,0.544229011461999,26,6,2,-1,success,
output/drugflow_baseline/5i0b_A_rec/mol_06.sdf,5i0b_A_rec,mol_06,139.04089846084594,77.97434556047195,61.06655290037399,0.51823328589466,29,5,0,-1,success,
output/drugflow_baseline/5i0b_A_rec/mol_07.sdf,5i0b_A_rec,mol_07,399.8933202487219,92.0382951817193,307.8550250670026,1.1905429741399154,27,2,0,-1,success,
output/drugflow_baseline/5i0b_A_rec/mol_08.sdf,5i0b_A_rec,mol_08,,,,,0,0,0,0,error,Can't kekulize mol.  Unkekulized atoms: 3 8 9 13 17
output/drugflow_baseline/5i0b_A_rec/mol_09.sdf,5i0b_A_rec,mol_09,,,,,0,0,0,0,error,Can't kekulize mol.  Unkekulized atoms: 3 4 14 15 19 21 22 23 29
output/drugflow_baseline/5l1v_A_rec/mol_00.sdf,5l1v_A_rec,mol_00,145.49276745472912,-11.284858379255759,156.77762583398487,0.4259549703029055,20,6,0,-1,success,
output/drugflow_baseline/5l1v_A_rec/mol_01.sdf,5l1v_A_rec,mol_01,378.0525091504734,72.59787258559913,305.45463656487425,1.135051713896614,20,0,1,-1,success,
output/drugflow_baseline/5l1v_A_rec/mol_02.sdf,5l1v_A_rec,mol_02,162.26061306132982,49.754297104141884,112.50631595718794,0.4271166964247854,24,1,1,-1,success,
output/drugflow_baseline/5l1v_A_rec/mol_03.sdf,5l1v_A_rec,mol_03,202.53173882452325,48.859730892779474,153.67200793174376,0.4071772842921127,23,14,1,-1,success,
output/drugflow_baseline/5l1v_A_rec/mol_04.sdf,5l1v_A_rec,mol_04,27.54380928898761,-32.47833046054555,60.02213974953316,0.20146026256601726,22,6,0,-1,success,
output/drugflow_baseline/5l1v_A_rec/mol_05.sdf,5l1v_A_rec,mol_05,375.3116496193793,119.71560855337019,255.5960410660091,1.3663855895942907,21,0,0,-1,success,
output/drugflow_baseline/5l1v_A_rec/mol_06.sdf,5l1v_A_rec,mol_06,180.24164035161678,11.598131252557849,168.64350909905892,0.7982123180080969,25,4,0,-1,success,
output/drugflow_baseline/5l1v_A_rec/mol_07.sdf,5l1v_A_rec,mol_07,205.0184156844112,71.3222359812203,133.6961797031909,1.3111038500058372,25,16,0,-1,success,
output/drugflow_baseline/5l1v_A_rec/mol_08.sdf,5l1v_A_rec,mol_08,160.98190011065802,94.59054351014326,66.39135660051475,0.47391222174865183,20,4,1,-1,success,
output/drugflow_baseline/5l1v_A_rec/mol_09.sdf,5l1v_A_rec,mol_09,210.1455612758063,23.562524223999155,186.58303705180714,0.5932603829350097,23,8,0,-1,success,
output/drugflow_baseline/5liu_X_rec/mol_00.sdf,5liu_X_rec,mol_00,,,,,0,0,0,0,error,Can't kekulize mol.  Unkekulized atoms: 7 8 11 22
output/drugflow_baseline/5liu_X_rec/mol_01.sdf,5liu_X_rec,mol_01,82.838333828686,38.48247404855872,44.35585978012728,0.8098131905677806,16,1,0,-1,success,
output/drugflow_baseline/5liu_X_rec/mol_02.sdf,5liu_X_rec,mol_02,196.38715047224758,9.009463277015875,187.37768719523172,0.3119733878972804,19,3,1,-1,success,
output/drugflow_baseline/5liu_X_rec/mol_03.sdf,5liu_X_rec,mol_03,170.4160240246099,60.923120250221906,109.492903774388,0.38702979680644367,25,7,0,-1,success,
output/drugflow_baseline/5liu_X_rec/mol_04.sdf,5liu_X_rec,mol_04,119.18106401423162,36.87571599230206,82.30534802192956,0.8650308585844559,15,1,0,-1,success,
output/drugflow_baseline/5liu_X_rec/mol_05.sdf,5liu_X_rec,mol_05,112.74313869442832,43.60008124374498,69.14305745068334,0.262490882883754,17,0,0,-1,success,
output/drugflow_baseline/5liu_X_rec/mol_06.sdf,5liu_X_rec,mol_06,303.8549734030937,61.85092524841054,242.00404815468318,0.5298417174955016,20,3,1,-1,success,
output/drugflow_baseline/5liu_X_rec/mol_07.sdf,5liu_X_rec,mol_07,86.46058996305702,39.1686552803847,47.29193468267232,0.48266507921405355,18,4,0,-1,success,
output/drugflow_baseline/5liu_X_rec/mol_08.sdf,5liu_X_rec,mol_08,1476.553895038309,57.98024720361346,1418.5736478346955,0.46209431826705893,18,0,0,-1,success,
output/drugflow_baseline/5liu_X_rec/mol_09.sdf,5liu_X_rec,mol_09,-32.64285373043228,-70.72173051689826,38.07887678646598,0.6980062780707232,13,2,0,-1,success,
output/drugflow_baseline/5mgl_A_rec/mol_00.sdf,5mgl_A_rec,mol_00,192.78822980348357,92.29923735404478,100.4889924494388,0.636387641388509,18,0,0,-1,success,
output/drugflow_baseline/5mgl_A_rec/mol_01.sdf,5mgl_A_rec,mol_01,24.153797472269126,8.926958650239476,15.22683882202965,0.08545701248875798,13,2,0,-1,success,
output/drugflow_baseline/5mgl_A_rec/mol_02.sdf,5mgl_A_rec,mol_02,-67.31354712748012,-87.47987562746655,20.166328499986435,0.2327165221529967,13,0,0,-1,success,
output/drugflow_baseline/5mgl_A_rec/mol_03.sdf,5mgl_A_rec,mol_03,,,,,0,0,0,0,error,Can't kekulize mol.  Unkekulized atoms: 1 3 12
output/drugflow_baseline/5mgl_A_rec/mol_04.sdf,5mgl_A_rec,mol_04,,,,,0,0,0,0,error,Can't kekulize mol.  Unkekulized atoms: 2 9 11
output/drugflow_baseline/5mgl_A_rec/mol_05.sdf,5mgl_A_rec,mol_05,108.27850130199576,65.59848556006838,42.68001574192738,0.25026251879441436,13,0,0,-1,success,
output/drugflow_baseline/5mgl_A_rec/mol_06.sdf,5mgl_A_rec,mol_06,66.33660795307284,39.16271878175618,27.17388917131666,0.3250894896015822,15,0,1,-1,success,
output/drugflow_baseline/5mgl_A_rec/mol_07.sdf,5mgl_A_rec,mol_07,221.07545121027937,124.12836569933175,96.94708551094762,0.3617265700701789,19,4,1,-1,success,
output/drugflow_baseline/5mgl_A_rec/mol_08.sdf,5mgl_A_rec,mol_08,1200.2474854526547,59.8086649373316,1140.4388205153232,1.0990938036975972,15,5,3,-1,success,
output/drugflow_baseline/5mgl_A_rec/mol_09.sdf,5mgl_A_rec,mol_09,-0.46770415468012416,-10.530489815464652,10.062785660784527,0.06919971480912966,13,1,0,-1,success,
output/drugflow_baseline/5mma_A_rec/mol_00.sdf,5mma_A_rec,mol_00,32.37982861231071,-40.44675065446899,72.8265792667797,0.6541894779251519,19,2,2,-1,success,
output/drugflow_baseline/5mma_A_rec/mol_01.sdf,5mma_A_rec,mol_01,160.84593619918215,113.7375919800539,47.10834421912824,0.746840521567953,19,0,2,-1,success,
output/drugflow_baseline/5mma_A_rec/mol_02.sdf,5mma_A_rec,mol_02,,,,,0,0,0,0,error,Can't kekulize mol.  Unkekulized atoms: 0 1 2 3 5 10 14
output/drugflow_baseline/5mma_A_rec/mol_03.sdf,5mma_A_rec,mol_03,71.85930882670462,22.08825139289334,49.77105743381128,0.4820845116579571,19,2,0,-1,success,
output/drugflow_baseline/5mma_A_rec/mol_04.sdf,5mma_A_rec,mol_04,135.14338622016348,60.64156988050655,74.50181633965693,0.3946268383184236,17,3,0,-1,success,
output/drugflow_baseline/5mma_A_rec/mol_05.sdf,5mma_A_rec,mol_05,95.24571267680233,45.532586717082445,49.71312595971988,1.053228305682908,16,2,0,-1,success,
output/drugflow_baseline/5mma_A_rec/mol_06.sdf,5mma_A_rec,mol_06,479.17144508065286,33.556954143242415,445.61449093741044,0.556443925168336,18,4,1,-1,success,
output/drugflow_baseline/5mma_A_rec/mol_07.sdf,5mma_A_rec,mol_07,-28.895383046849656,-45.599668426778976,16.70428537992932,0.42720103979963653,15,1,2,-1,success,
output/drugflow_baseline/5mma_A_rec/mol_08.sdf,5mma_A_rec,mol_08,12227.433178920248,71.11346563665431,12156.319713283594,0.8533444702240411,23,13,1,-1,success,
output/drugflow_baseline/5mma_A_rec/mol_09.sdf,5mma_A_rec,mol_09,137.06863053231552,30.70922443058744,106.35940610172808,0.5483584143571641,17,4,0,-1,success,
output/drugflow_baseline/5ngz_A_rec/mol_00.sdf,5ngz_A_rec,mol_00,188.56307904915653,52.753060072494485,135.81001897666204,0.7173125084049777,24,10,0,-1,success,
output/drugflow_baseline/5ngz_A_rec/mol_01.sdf,5ngz_A_rec,mol_01,-7.1077485521048125,-16.89780421942451,9.790055667319699,0.07402512356893218,12,3,0,-1,success,
output/drugflow_baseline/5ngz_A_rec/mol_02.sdf,5ngz_A_rec,mol_02,-43.69440327458032,-79.2025058613379,35.50810258675758,0.3173005491087177,13,3,0,-1,success,
output/drugflow_baseline/5ngz_A_rec/mol_03.sdf,5ngz_A_rec,mol_03,70.38849872491295,41.11753629065106,29.27096243426189,0.7115144196773692,24,5,0,-1,success,
output/drugflow_baseline/5ngz_A_rec/mol_04.sdf,5ngz_A_rec,mol_04,304.60256519134464,129.56508009620933,175.0374850951353,1.0545865203164266,29,8,0,-1,success,
output/drugflow_baseline/5ngz_A_rec/mol_05.sdf,5ngz_A_rec,mol_05,194.56476342388143,139.65200279198217,54.91276063189926,1.1347146547100044,23,3,0,-1,success,
output/drugflow_baseline/5ngz_A_rec/mol_06.sdf,5ngz_A_rec,mol_06,,,,,0,0,0,0,error,Can't kekulize mol.  Unkekulized atoms: 0 1 2 4 6
output/drugflow_baseline/5ngz_A_rec/mol_07.sdf,5ngz_A_rec,mol_07,71.68963741952699,13.8158533465771,57.87378407294989,0.4326172580235042,20,4,0,-1,success,
output/drugflow_baseline/5ngz_A_rec/mol_08.sdf,5ngz_A_rec,mol_08,111.42391320746587,9.856854646226907,101.56705856123897,0.42517983640752954,13,0,0,-1,success,
output/drugflow_baseline/5ngz_A_rec/mol_09.sdf,5ngz_A_rec,mol_09,-68.76969343782949,-89.79102527615825,21.021331838328763,0.3586780620759487,13,3,1,-1,success,
output/drugflow_baseline/5q0k_A_rec/mol_00.sdf,5q0k_A_rec,mol_00,144.56032575066055,56.314874719412494,88.24545103124805,0.8189560756629818,31,8,0,-1,success,
output/drugflow_baseline/5q0k_A_rec/mol_01.sdf,5q0k_A_rec,mol_01,169.63253384627984,39.01420444053787,130.61832940574197,1.048553583618725,25,5,2,-1,success,
output/drugflow_baseline/5q0k_A_rec/mol_02.sdf,5q0k_A_rec,mol_02,361.7971656231275,62.923607452072886,298.87355817105464,1.181076658258763,25,3,0,-1,success,
output/drugflow_baseline/5q0k_A_rec/mol_03.sdf,5q0k_A_rec,mol_03,159.1660636583526,89.33564976299256,69.83041389536005,0.3251507620875132,29,1,0,-1,success,
output/drugflow_baseline/5q0k_A_rec/mol_04.sdf,5q0k_A_rec,mol_04,215.4198166845242,99.6273784367268,115.79243824779739,0.7425200115277648,30,7,0,-1,success,
output/drugflow_baseline/5q0k_A_rec/mol_05.sdf,5q0k_A_rec,mol_05,174.34850653518708,35.564640422343714,138.78386611284338,0.44199446571645656,27,12,1,-1,success,
output/drugflow_baseline/5q0k_A_rec/mol_06.sdf,5q0k_A_rec,mol_06,281.38906575499874,109.34386065399866,172.04520510100008,0.5872690261727244,33,10,0,-1,success,
output/drugflow_baseline/5q0k_A_rec/mol_07.sdf,5q0k_A_rec,mol_07,,,,,0,0,0,0,error,"Explicit valence for atom # 26 C, 5, is greater than permitted"
output/drugflow_baseline/5q0k_A_rec/mol_08.sdf,5q0k_A_rec,mol_08,,,,,0,0,0,0,error,"Explicit valence for atom # 17 Cl, 2, is greater than permitted"
output/drugflow_baseline/5q0k_A_rec/mol_09.sdf,5q0k_A_rec,mol_09,290.7415636381068,118.29786470154909,172.44369893655772,0.2627366168983404,30,10,2,-1,success,
output/drugflow_baseline/5tjn_A_rec/mol_00.sdf,5tjn_A_rec,mol_00,98.61546048131521,38.14394615454888,60.47151432676633,0.6759167535986512,13,2,1,-1,success,
output/drugflow_baseline/5tjn_A_rec/mol_01.sdf,5tjn_A_rec,mol_01,145.23888010765697,91.16255678778673,54.07632331987024,0.44238554084132486,17,2,1,-1,success,
output/drugflow_baseline/5tjn_A_rec/mol_02.sdf,5tjn_A_rec,mol_02,162.26823207118238,62.38967606357424,99.87855600760814,0.6697229801643436,21,10,0,-1,success,
output/drugflow_baseline/5tjn_A_rec/mol_03.sdf,5tjn_A_rec,mol_03,95.39096375403071,53.848369003631305,41.5425947503994,0.8857849357700741,14,4,2,-1,success,
output/drugflow_baseline/5tjn_A_rec/mol_04.sdf,5tjn_A_rec,mol_04,135.35372607205457,89.39636422933475,45.95736184271982,0.6827399971950664,21,0,2,-1,success,
output/drugflow_baseline/5tjn_A_rec/mol_05.sdf,5tjn_A_rec,mol_05,99.85353294731046,43.72306029733862,56.130472649971836,0.43816817860231105,12,2,1,-1,success,
output/drugflow_baseline/5tjn_A_rec/mol_06.sdf,5tjn_A_rec,mol_06,56.70474119754066,31.121770919042596,25.582970278498067,0.3761435489099145,12,4,0,-1,success,
output/drugflow_baseline/5tjn_A_rec/mol_07.sdf,5tjn_A_rec,mol_07,,,,,0,0,0,0,error,Can't kekulize mol.  Unkekulized atoms: 1 2 7 8 10 11 14
output/drugflow_baseline/5tjn_A_rec/mol_08.sdf,5tjn_A_rec,mol_08,95.62103554562427,49.95080725463487,45.6702282909894,1.0431375610997229,14,4,2,-1,success,
output/drugflow_baseline/5tjn_A_rec/mol_09.sdf,5tjn_A_rec,mol_09,59.307000146468525,29.805842564516542,29.501157581951983,0.49525320791706023,14,2,0,-1,success,
output/drugflow_baseline/5w2g_A_rec/mol_00.sdf,5w2g_A_rec,mol_00,,,,,0,0,0,0,error,"Explicit valence for atom # 13 O, 3, is greater than permitted"
output/drugflow_baseline/5w2g_A_rec/mol_01.sdf,5w2g_A_rec,mol_01,,,,,0,0,0,0,error,"Explicit valence for atom # 21 O, 3, is greater than permitted"
output/drugflow_baseline/5w2g_A_rec/mol_02.sdf,5w2g_A_rec,mol_02,170.48646259510096,64.0931555292375,106.39330706586345,1.0937044859025826,18,4,1,-1,success,
output/drugflow_baseline/5w2g_A_rec/mol_03.sdf,5w2g_A_rec,mol_03,-31.681678615142616,-158.83914373355773,127.15746511841512,1.5854227504948561,22,2,0,-1,success,
output/drugflow_baseline/5w2g_A_rec/mol_04.sdf,5w2g_A_rec,mol_04,-12.72996148598645,-120.1882703358602,107.45830884987375,1.8375864168823497,23,2,1,-1,success,
output/drugflow_baseline/5w2g_A_rec/mol_05.sdf,5w2g_A_rec,mol_05,127.20983882609707,81.49598675953293,45.713852066564144,0.7488139693839906,20,3,2,-1,success,
output/drugflow_baseline/5w2g_A_rec/mol_06.sdf,5w2g_A_rec,mol_06,779.1958837980136,-36.098866998177584,815.2947507961912,1.1830809353482357,24,2,1,-1,success,
output/drugflow_baseline/5w2g_A_rec/mol_07.sdf,5w2g_A_rec,mol_07,516.1530507448858,-307.69167370794116,823.844724452827,1.3562916735106367,24,1,0,-1,success,
output/drugflow_baseline/5w2g_A_rec/mol_08.sdf,5w2g_A_rec,mol_08,-55.369729295259305,-118.94117263108276,63.57144333582346,0.46580866681944494,23,1,2,-1,success,
output/drugflow_baseline/5w2g_A_rec/mol_09.sdf,5w2g_A_rec,mol_09,-22.23093575017822,-185.37501481934237,163.14407906916415,0.30424437623896017,22,2,0,-1,success,
